===== install :: npm ci :: passed =====
npm warn deprecated try-resolve@1.0.1: Package no longer supported. Contact Support at https://www.npmjs.com/support for more info.
npm warn deprecated whatwg-encoding@3.1.1: Use @exodus/bytes instead for a more spec-conformant and faster implementation
npm warn deprecated eslint@9.39.5: This version is no longer supported. Please see https://eslint.org/version-support for other options.

> case-authoring-console@0.1.0 postinstall
> node scripts/dedupe-tui-react.mjs

dedupe-tui-react: react already deduped
dedupe-tui-react: react-dom already deduped

added 577 packages, and audited 578 packages in 8s

196 packages are looking for funding
  run `npm fund` for details

1 high severity vulnerability

To address all issues, run:
  npm audit fix

Run `npm audit` for details.

===== typecheck :: npm run typecheck :: passed =====

> case-authoring-console@0.1.0 typecheck
> tsc --noEmit


===== lint :: npm run lint :: passed =====

> case-authoring-console@0.1.0 lint
> eslint .


===== style :: npm run lint:css :: passed =====

> case-authoring-console@0.1.0 lint:css
> stylelint "src/**/*.css"


===== build :: npm run build :: passed =====

> case-authoring-console@0.1.0 build
> vite build

vite v6.4.3 building for production...
transforming...
Found 1 warning while optimizing generated CSS:

[2m│   }[22m
[2m│   .rounded-\[var\(--radius-\*\)\] {[22m
[2m│[22m     border-radius: var(--radius-*);
[2m┆[22m                                 [33m[2m^--[22m Unexpected token Delim('*')[39m
[2m┆[22m
[2m│   }[22m
[2m│   .rounded-full {[22m

✓ 1924 modules transformed.
rendering chunks...
computing gzip size...
dist/index.html                           0.41 kB │ gzip:   0.27 kB
dist/assets/logo_unifique-93IbnPa1.svg    6.41 kB │ gzip:   2.78 kB
dist/assets/index-sPxBdqeO.css           29.69 kB │ gzip:   6.69 kB
dist/assets/index-Dp0yNfW3.js           671.62 kB │ gzip: 202.64 kB

(!) Some chunks are larger than 500 kB after minification. Consider:
- Using dynamic import() to code-split the application
- Use build.rollupOptions.output.manualChunks to improve chunking: https://rollupjs.org/configuration-options/#output-manualchunks
- Adjust chunk size limit for this warning via build.chunkSizeWarningLimit.
✓ built in 3.37s

===== a11y :: npm run test:a11y :: passed =====

> case-authoring-console@0.1.0 test:a11y
> playwright test --pass-with-no-tests

[WebServer] Found 1 warning while optimizing generated CSS:
[WebServer] 
[WebServer] │   }
[WebServer] │   .rounded-\[var\(--radius-\*\)\] {
[WebServer] │     border-radius: var(--radius-*);
[WebServer] ┆                                 ^-- Unexpected token Delim('*')
[WebServer] ┆
[WebServer] │   }
[WebServer] │   .rounded-full {
[WebServer] 
[WebServer] 
[WebServer] (!) Some chunks are larger than 500 kB after minification. Consider:
[WebServer] - Using dynamic import() to code-split the application
[WebServer] - Use build.rollupOptions.output.manualChunks to improve chunking: https://rollupjs.org/configuration-options/#output-manualchunks
[WebServer] - Adjust chunk size limit for this warning via build.chunkSizeWarningLimit.


===== secret-scan :: npm run secret-scan :: passed =====

> case-authoring-console@0.1.0 secret-scan
> secretlint "**/*"


===== test :: npm test :: failed =====

> case-authoring-console@0.1.0 test
> vitest run --passWithNoTests


 RUN  v4.1.11 /home/siegfriedneto/projects/servicedeskn1/frontend/app

Error: Not implemented: window.scrollTo
    at module.exports (/home/siegfriedneto/projects/servicedeskn1/frontend/app/node_modules/jsdom/lib/jsdom/browser/not-implemented.js:9:17)
    at /home/siegfriedneto/projects/servicedeskn1/frontend/app/node_modules/jsdom/lib/jsdom/browser/Window.js:960:7
    at Object.fn (file:///home/siegfriedneto/projects/servicedeskn1/frontend/app/node_modules/@tanstack/router-core/dist/esm/scroll-restoration.js:180:27)
    at RouterCore.emit (file:///home/siegfriedneto/projects/servicedeskn1/frontend/app/node_modules/@tanstack/router-core/dist/esm/router.js:178:14)
    at file:///home/siegfriedneto/projects/servicedeskn1/frontend/app/node_modules/@tanstack/react-router/dist/esm/Transitioner.js:46:25
    at settleOwner (file:///home/siegfriedneto/projects/servicedeskn1/frontend/app/node_modules/@tanstack/react-router/dist/esm/Transitioner.js:10:10)
    at file:///home/siegfriedneto/projects/servicedeskn1/frontend/app/node_modules/@tanstack/react-router/dist/esm/Matches.js:38:39
    at Object.react_stack_bottom_frame (/home/siegfriedneto/projects/servicedeskn1/frontend/app/node_modules/react-dom/cjs/react-dom-client.development.js:25989:20)
    at runWithFiberInDEV (/home/siegfriedneto/projects/servicedeskn1/frontend/app/node_modules/react-dom/cjs/react-dom-client.development.js:874:13)
    at commitHookEffectListMount (/home/siegfriedneto/projects/servicedeskn1/frontend/app/node_modules/react-dom/cjs/react-dom-client.development.js:13249:29) undefined
Error: Not implemented: window.scrollTo
    at module.exports (/home/siegfriedneto/projects/servicedeskn1/frontend/app/node_modules/jsdom/lib/jsdom/browser/not-implemented.js:9:17)
    at /home/siegfriedneto/projects/servicedeskn1/frontend/app/node_modules/jsdom/lib/jsdom/browser/Window.js:960:7
    at Object.fn (file:///home/siegfriedneto/projects/servicedeskn1/frontend/app/node_modules/@tanstack/router-core/dist/esm/scroll-restoration.js:180:27)
    at RouterCore.emit (file:///home/siegfriedneto/projects/servicedeskn1/frontend/app/node_modules/@tanstack/router-core/dist/esm/router.js:178:14)
    at file:///home/siegfriedneto/projects/servicedeskn1/frontend/app/node_modules/@tanstack/react-router/dist/esm/Transitioner.js:46:25
    at settleOwner (file:///home/siegfriedneto/projects/servicedeskn1/frontend/app/node_modules/@tanstack/react-router/dist/esm/Transitioner.js:10:10)
    at file:///home/siegfriedneto/projects/servicedeskn1/frontend/app/node_modules/@tanstack/react-router/dist/esm/Matches.js:38:39
    at Object.react_stack_bottom_frame (/home/siegfriedneto/projects/servicedeskn1/frontend/app/node_modules/react-dom/cjs/react-dom-client.development.js:25989:20)
    at runWithFiberInDEV (/home/siegfriedneto/projects/servicedeskn1/frontend/app/node_modules/react-dom/cjs/react-dom-client.development.js:874:13)
    at commitHookEffectListMount (/home/siegfriedneto/projects/servicedeskn1/frontend/app/node_modules/react-dom/cjs/react-dom-client.development.js:13249:29) undefined
Error: Not implemented: window.scrollTo
    at module.exports (/home/siegfriedneto/projects/servicedeskn1/frontend/app/node_modules/jsdom/lib/jsdom/browser/not-implemented.js:9:17)
    at /home/siegfriedneto/projects/servicedeskn1/frontend/app/node_modules/jsdom/lib/jsdom/browser/Window.js:960:7
    at Object.fn (file:///home/siegfriedneto/projects/servicedeskn1/frontend/app/node_modules/@tanstack/router-core/dist/esm/scroll-restoration.js:180:27)
    at RouterCore.emit (file:///home/siegfriedneto/projects/servicedeskn1/frontend/app/node_modules/@tanstack/router-core/dist/esm/router.js:178:14)
    at file:///home/siegfriedneto/projects/servicedeskn1/frontend/app/node_modules/@tanstack/react-router/dist/esm/Transitioner.js:46:25
    at settleOwner (file:///home/siegfriedneto/projects/servicedeskn1/frontend/app/node_modules/@tanstack/react-router/dist/esm/Transitioner.js:10:10)
    at file:///home/siegfriedneto/projects/servicedeskn1/frontend/app/node_modules/@tanstack/react-router/dist/esm/Matches.js:38:39
    at Object.react_stack_bottom_frame (/home/siegfriedneto/projects/servicedeskn1/frontend/app/node_modules/react-dom/cjs/react-dom-client.development.js:25989:20)
    at runWithFiberInDEV (/home/siegfriedneto/projects/servicedeskn1/frontend/app/node_modules/react-dom/cjs/react-dom-client.development.js:874:13)
    at commitHookEffectListMount (/home/siegfriedneto/projects/servicedeskn1/frontend/app/node_modules/react-dom/cjs/react-dom-client.development.js:13249:29) undefined
Error: Not implemented: window.scrollTo
    at module.exports (/home/siegfriedneto/projects/servicedeskn1/frontend/app/node_modules/jsdom/lib/jsdom/browser/not-implemented.js:9:17)
    at /home/siegfriedneto/projects/servicedeskn1/frontend/app/node_modules/jsdom/lib/jsdom/browser/Window.js:960:7
    at Object.fn (file:///home/siegfriedneto/projects/servicedeskn1/frontend/app/node_modules/@tanstack/router-core/dist/esm/scroll-restoration.js:180:27)
    at RouterCore.emit (file:///home/siegfriedneto/projects/servicedeskn1/frontend/app/node_modules/@tanstack/router-core/dist/esm/router.js:178:14)
    at file:///home/siegfriedneto/projects/servicedeskn1/frontend/app/node_modules/@tanstack/react-router/dist/esm/Transitioner.js:46:25
    at settleOwner (file:///home/siegfriedneto/projects/servicedeskn1/frontend/app/node_modules/@tanstack/react-router/dist/esm/Transitioner.js:10:10)
    at file:///home/siegfriedneto/projects/servicedeskn1/frontend/app/node_modules/@tanstack/react-router/dist/esm/Matches.js:38:39
    at Object.react_stack_bottom_frame (/home/siegfriedneto/projects/servicedeskn1/frontend/app/node_modules/react-dom/cjs/react-dom-client.development.js:25989:20)
    at runWithFiberInDEV (/home/siegfriedneto/projects/servicedeskn1/frontend/app/node_modules/react-dom/cjs/react-dom-client.development.js:874:13)
    at commitHookEffectListMount (/home/siegfriedneto/projects/servicedeskn1/frontend/app/node_modules/react-dom/cjs/react-dom-client.development.js:13249:29) undefined
Error: Not implemented: window.scrollTo
    at module.exports (/home/siegfriedneto/projects/servicedeskn1/frontend/app/node_modules/jsdom/lib/jsdom/browser/not-implemented.js:9:17)
    at /home/siegfriedneto/projects/servicedeskn1/frontend/app/node_modules/jsdom/lib/jsdom/browser/Window.js:960:7
    at Object.fn (file:///home/siegfriedneto/projects/servicedeskn1/frontend/app/node_modules/@tanstack/router-core/dist/esm/scroll-restoration.js:180:27)
    at RouterCore.emit (file:///home/siegfriedneto/projects/servicedeskn1/frontend/app/node_modules/@tanstack/router-core/dist/esm/router.js:178:14)
    at file:///home/siegfriedneto/projects/servicedeskn1/frontend/app/node_modules/@tanstack/react-router/dist/esm/Transitioner.js:46:25
    at settleOwner (file:///home/siegfriedneto/projects/servicedeskn1/frontend/app/node_modules/@tanstack/react-router/dist/esm/Transitioner.js:10:10)
    at file:///home/siegfriedneto/projects/servicedeskn1/frontend/app/node_modules/@tanstack/react-router/dist/esm/Matches.js:38:39
    at Object.react_stack_bottom_frame (/home/siegfriedneto/projects/servicedeskn1/frontend/app/node_modules/react-dom/cjs/react-dom-client.development.js:25989:20)
    at runWithFiberInDEV (/home/siegfriedneto/projects/servicedeskn1/frontend/app/node_modules/react-dom/cjs/react-dom-client.development.js:874:13)
    at commitHookEffectListMount (/home/siegfriedneto/projects/servicedeskn1/frontend/app/node_modules/react-dom/cjs/react-dom-client.development.js:13249:29) undefined
Error: Not implemented: window.scrollTo
    at module.exports (/home/siegfriedneto/projects/servicedeskn1/frontend/app/node_modules/jsdom/lib/jsdom/browser/not-implemented.js:9:17)
    at /home/siegfriedneto/projects/servicedeskn1/frontend/app/node_modules/jsdom/lib/jsdom/browser/Window.js:960:7
    at Object.fn (file:///home/siegfriedneto/projects/servicedeskn1/frontend/app/node_modules/@tanstack/router-core/dist/esm/scroll-restoration.js:180:27)
    at RouterCore.emit (file:///home/siegfriedneto/projects/servicedeskn1/frontend/app/node_modules/@tanstack/router-core/dist/esm/router.js:178:14)
    at file:///home/siegfriedneto/projects/servicedeskn1/frontend/app/node_modules/@tanstack/react-router/dist/esm/Transitioner.js:46:25
    at settleOwner (file:///home/siegfriedneto/projects/servicedeskn1/frontend/app/node_modules/@tanstack/react-router/dist/esm/Transitioner.js:10:10)
    at file:///home/siegfriedneto/projects/servicedeskn1/frontend/app/node_modules/@tanstack/react-router/dist/esm/Matches.js:38:39
    at Object.react_stack_bottom_frame (/home/siegfriedneto/projects/servicedeskn1/frontend/app/node_modules/react-dom/cjs/react-dom-client.development.js:25989:20)
    at runWithFiberInDEV (/home/siegfriedneto/projects/servicedeskn1/frontend/app/node_modules/react-dom/cjs/react-dom-client.development.js:874:13)
    at commitHookEffectListMount (/home/siegfriedneto/projects/servicedeskn1/frontend/app/node_modules/react-dom/cjs/react-dom-client.development.js:13249:29) undefined
Error: Not implemented: window.scrollTo
    at module.exports (/home/siegfriedneto/projects/servicedeskn1/frontend/app/node_modules/jsdom/lib/jsdom/browser/not-implemented.js:9:17)
    at /home/siegfriedneto/projects/servicedeskn1/frontend/app/node_modules/jsdom/lib/jsdom/browser/Window.js:960:7
    at Object.fn (file:///home/siegfriedneto/projects/servicedeskn1/frontend/app/node_modules/@tanstack/router-core/dist/esm/scroll-restoration.js:180:27)
    at RouterCore.emit (file:///home/siegfriedneto/projects/servicedeskn1/frontend/app/node_modules/@tanstack/router-core/dist/esm/router.js:178:14)
    at file:///home/siegfriedneto/projects/servicedeskn1/frontend/app/node_modules/@tanstack/react-router/dist/esm/Transitioner.js:46:25
    at settleOwner (file:///home/siegfriedneto/projects/servicedeskn1/frontend/app/node_modules/@tanstack/react-router/dist/esm/Transitioner.js:10:10)
    at file:///home/siegfriedneto/projects/servicedeskn1/frontend/app/node_modules/@tanstack/react-router/dist/esm/Matches.js:38:39
    at Object.react_stack_bottom_frame (/home/siegfriedneto/projects/servicedeskn1/frontend/app/node_modules/react-dom/cjs/react-dom-client.development.js:25989:20)
    at runWithFiberInDEV (/home/siegfriedneto/projects/servicedeskn1/frontend/app/node_modules/react-dom/cjs/react-dom-client.development.js:874:13)
    at commitHookEffectListMount (/home/siegfriedneto/projects/servicedeskn1/frontend/app/node_modules/react-dom/cjs/react-dom-client.development.js:13249:29) undefined
Error: Not implemented: window.scrollTo
    at module.exports (/home/siegfriedneto/projects/servicedeskn1/frontend/app/node_modules/jsdom/lib/jsdom/browser/not-implemented.js:9:17)
    at /home/siegfriedneto/projects/servicedeskn1/frontend/app/node_modules/jsdom/lib/jsdom/browser/Window.js:960:7
    at Object.fn (file:///home/siegfriedneto/projects/servicedeskn1/frontend/app/node_modules/@tanstack/router-core/dist/esm/scroll-restoration.js:180:27)
    at RouterCore.emit (file:///home/siegfriedneto/projects/servicedeskn1/frontend/app/node_modules/@tanstack/router-core/dist/esm/router.js:178:14)
    at file:///home/siegfriedneto/projects/servicedeskn1/frontend/app/node_modules/@tanstack/react-router/dist/esm/Transitioner.js:46:25
    at settleOwner (file:///home/siegfriedneto/projects/servicedeskn1/frontend/app/node_modules/@tanstack/react-router/dist/esm/Transitioner.js:10:10)
    at file:///home/siegfriedneto/projects/servicedeskn1/frontend/app/node_modules/@tanstack/react-router/dist/esm/Matches.js:38:39
    at Object.react_stack_bottom_frame (/home/siegfriedneto/projects/servicedeskn1/frontend/app/node_modules/react-dom/cjs/react-dom-client.development.js:25989:20)
    at runWithFiberInDEV (/home/siegfriedneto/projects/servicedeskn1/frontend/app/node_modules/react-dom/cjs/react-dom-client.development.js:874:13)
    at commitHookEffectListMount (/home/siegfriedneto/projects/servicedeskn1/frontend/app/node_modules/react-dom/cjs/react-dom-client.development.js:13249:29) undefined
Error: Not implemented: window.scrollTo
    at module.exports (/home/siegfriedneto/projects/servicedeskn1/frontend/app/node_modules/jsdom/lib/jsdom/browser/not-implemented.js:9:17)
    at /home/siegfriedneto/projects/servicedeskn1/frontend/app/node_modules/jsdom/lib/jsdom/browser/Window.js:960:7
    at Object.fn (file:///home/siegfriedneto/projects/servicedeskn1/frontend/app/node_modules/@tanstack/router-core/dist/esm/scroll-restoration.js:180:27)
    at RouterCore.emit (file:///home/siegfriedneto/projects/servicedeskn1/frontend/app/node_modules/@tanstack/router-core/dist/esm/router.js:178:14)
    at file:///home/siegfriedneto/projects/servicedeskn1/frontend/app/node_modules/@tanstack/react-router/dist/esm/Transitioner.js:46:25
    at settleOwner (file:///home/siegfriedneto/projects/servicedeskn1/frontend/app/node_modules/@tanstack/react-router/dist/esm/Transitioner.js:10:10)
    at file:///home/siegfriedneto/projects/servicedeskn1/frontend/app/node_modules/@tanstack/react-router/dist/esm/Matches.js:38:39
    at Object.react_stack_bottom_frame (/home/siegfriedneto/projects/servicedeskn1/frontend/app/node_modules/react-dom/cjs/react-dom-client.development.js:25989:20)
    at runWithFiberInDEV (/home/siegfriedneto/projects/servicedeskn1/frontend/app/node_modules/react-dom/cjs/react-dom-client.development.js:874:13)
    at commitHookEffectListMount (/home/siegfriedneto/projects/servicedeskn1/frontend/app/node_modules/react-dom/cjs/react-dom-client.development.js:13249:29) undefined
Error: Not implemented: window.scrollTo
    at module.exports (/home/siegfriedneto/projects/servicedeskn1/frontend/app/node_modules/jsdom/lib/jsdom/browser/not-implemented.js:9:17)
    at /home/siegfriedneto/projects/servicedeskn1/frontend/app/node_modules/jsdom/lib/jsdom/browser/Window.js:960:7
    at Object.fn (file:///home/siegfriedneto/projects/servicedeskn1/frontend/app/node_modules/@tanstack/router-core/dist/esm/scroll-restoration.js:180:27)
    at RouterCore.emit (file:///home/siegfriedneto/projects/servicedeskn1/frontend/app/node_modules/@tanstack/router-core/dist/esm/router.js:178:14)
    at file:///home/siegfriedneto/projects/servicedeskn1/frontend/app/node_modules/@tanstack/react-router/dist/esm/Transitioner.js:46:25
    at settleOwner (file:///home/siegfriedneto/projects/servicedeskn1/frontend/app/node_modules/@tanstack/react-router/dist/esm/Transitioner.js:10:10)
    at file:///home/siegfriedneto/projects/servicedeskn1/frontend/app/node_modules/@tanstack/react-router/dist/esm/Matches.js:38:39
    at Object.react_stack_bottom_frame (/home/siegfriedneto/projects/servicedeskn1/frontend/app/node_modules/react-dom/cjs/react-dom-client.development.js:25989:20)
    at runWithFiberInDEV (/home/siegfriedneto/projects/servicedeskn1/frontend/app/node_modules/react-dom/cjs/react-dom-client.development.js:874:13)
    at commitHookEffectListMount (/home/siegfriedneto/projects/servicedeskn1/frontend/app/node_modules/react-dom/cjs/react-dom-client.development.js:13249:29) undefined
Error: Not implemented: window.scrollTo
    at module.exports (/home/siegfriedneto/projects/servicedeskn1/frontend/app/node_modules/jsdom/lib/jsdom/browser/not-implemented.js:9:17)
    at /home/siegfriedneto/projects/servicedeskn1/frontend/app/node_modules/jsdom/lib/jsdom/browser/Window.js:960:7
    at Object.fn (file:///home/siegfriedneto/projects/servicedeskn1/frontend/app/node_modules/@tanstack/router-core/dist/esm/scroll-restoration.js:180:27)
    at RouterCore.emit (file:///home/siegfriedneto/projects/servicedeskn1/frontend/app/node_modules/@tanstack/router-core/dist/esm/router.js:178:14)
    at file:///home/siegfriedneto/projects/servicedeskn1/frontend/app/node_modules/@tanstack/react-router/dist/esm/Transitioner.js:46:25
    at settleOwner (file:///home/siegfriedneto/projects/servicedeskn1/frontend/app/node_modules/@tanstack/react-router/dist/esm/Transitioner.js:10:10)
    at file:///home/siegfriedneto/projects/servicedeskn1/frontend/app/node_modules/@tanstack/react-router/dist/esm/Matches.js:38:39
    at Object.react_stack_bottom_frame (/home/siegfriedneto/projects/servicedeskn1/frontend/app/node_modules/react-dom/cjs/react-dom-client.development.js:25989:20)
    at runWithFiberInDEV (/home/siegfriedneto/projects/servicedeskn1/frontend/app/node_modules/react-dom/cjs/react-dom-client.development.js:874:13)
    at commitHookEffectListMount (/home/siegfriedneto/projects/servicedeskn1/frontend/app/node_modules/react-dom/cjs/react-dom-client.development.js:13249:29) undefined
Error: Not implemented: window.scrollTo
    at module.exports (/home/siegfriedneto/projects/servicedeskn1/frontend/app/node_modules/jsdom/lib/jsdom/browser/not-implemented.js:9:17)
    at /home/siegfriedneto/projects/servicedeskn1/frontend/app/node_modules/jsdom/lib/jsdom/browser/Window.js:960:7
    at Object.fn (file:///home/siegfriedneto/projects/servicedeskn1/frontend/app/node_modules/@tanstack/router-core/dist/esm/scroll-restoration.js:180:27)
    at RouterCore.emit (file:///home/siegfriedneto/projects/servicedeskn1/frontend/app/node_modules/@tanstack/router-core/dist/esm/router.js:178:14)
    at file:///home/siegfriedneto/projects/servicedeskn1/frontend/app/node_modules/@tanstack/react-router/dist/esm/Transitioner.js:46:25
    at settleOwner (file:///home/siegfriedneto/projects/servicedeskn1/frontend/app/node_modules/@tanstack/react-router/dist/esm/Transitioner.js:10:10)
    at file:///home/siegfriedneto/projects/servicedeskn1/frontend/app/node_modules/@tanstack/react-router/dist/esm/Matches.js:38:39
    at Object.react_stack_bottom_frame (/home/siegfriedneto/projects/servicedeskn1/frontend/app/node_modules/react-dom/cjs/react-dom-client.development.js:25989:20)
    at runWithFiberInDEV (/home/siegfriedneto/projects/servicedeskn1/frontend/app/node_modules/react-dom/cjs/react-dom-client.development.js:874:13)
    at commitHookEffectListMount (/home/siegfriedneto/projects/servicedeskn1/frontend/app/node_modules/react-dom/cjs/react-dom-client.development.js:13249:29) undefined
Error: Not implemented: window.scrollTo
    at module.exports (/home/siegfriedneto/projects/servicedeskn1/frontend/app/node_modules/jsdom/lib/jsdom/browser/not-implemented.js:9:17)
    at /home/siegfriedneto/projects/servicedeskn1/frontend/app/node_modules/jsdom/lib/jsdom/browser/Window.js:960:7
    at Object.fn (file:///home/siegfriedneto/projects/servicedeskn1/frontend/app/node_modules/@tanstack/router-core/dist/esm/scroll-restoration.js:180:27)
    at RouterCore.emit (file:///home/siegfriedneto/projects/servicedeskn1/frontend/app/node_modules/@tanstack/router-core/dist/esm/router.js:178:14)
    at file:///home/siegfriedneto/projects/servicedeskn1/frontend/app/node_modules/@tanstack/react-router/dist/esm/Transitioner.js:46:25
    at settleOwner (file:///home/siegfriedneto/projects/servicedeskn1/frontend/app/node_modules/@tanstack/react-router/dist/esm/Transitioner.js:10:10)
    at file:///home/siegfriedneto/projects/servicedeskn1/frontend/app/node_modules/@tanstack/react-router/dist/esm/Matches.js:38:39
    at Object.react_stack_bottom_frame (/home/siegfriedneto/projects/servicedeskn1/frontend/app/node_modules/react-dom/cjs/react-dom-client.development.js:25989:20)
    at runWithFiberInDEV (/home/siegfriedneto/projects/servicedeskn1/frontend/app/node_modules/react-dom/cjs/react-dom-client.development.js:874:13)
    at commitHookEffectListMount (/home/siegfriedneto/projects/servicedeskn1/frontend/app/node_modules/react-dom/cjs/react-dom-client.development.js:13249:29) undefined
Error: Not implemented: window.scrollTo
    at module.exports (/home/siegfriedneto/projects/servicedeskn1/frontend/app/node_modules/jsdom/lib/jsdom/browser/not-implemented.js:9:17)
    at /home/siegfriedneto/projects/servicedeskn1/frontend/app/node_modules/jsdom/lib/jsdom/browser/Window.js:960:7
    at Object.fn (file:///home/siegfriedneto/projects/servicedeskn1/frontend/app/node_modules/@tanstack/router-core/dist/esm/scroll-restoration.js:180:27)
    at RouterCore.emit (file:///home/siegfriedneto/projects/servicedeskn1/frontend/app/node_modules/@tanstack/router-core/dist/esm/router.js:178:14)
    at file:///home/siegfriedneto/projects/servicedeskn1/frontend/app/node_modules/@tanstack/react-router/dist/esm/Transitioner.js:46:25
    at settleOwner (file:///home/siegfriedneto/projects/servicedeskn1/frontend/app/node_modules/@tanstack/react-router/dist/esm/Transitioner.js:10:10)
    at file:///home/siegfriedneto/projects/servicedeskn1/frontend/app/node_modules/@tanstack/react-router/dist/esm/Matches.js:38:39
    at Object.react_stack_bottom_frame (/home/siegfriedneto/projects/servicedeskn1/frontend/app/node_modules/react-dom/cjs/react-dom-client.development.js:25989:20)
    at runWithFiberInDEV (/home/siegfriedneto/projects/servicedeskn1/frontend/app/node_modules/react-dom/cjs/react-dom-client.development.js:874:13)
    at commitHookEffectListMount (/home/siegfriedneto/projects/servicedeskn1/frontend/app/node_modules/react-dom/cjs/react-dom-client.development.js:13249:29) undefined
Error: Not implemented: window.scrollTo
    at module.exports (/home/siegfriedneto/projects/servicedeskn1/frontend/app/node_modules/jsdom/lib/jsdom/browser/not-implemented.js:9:17)
    at /home/siegfriedneto/projects/servicedeskn1/frontend/app/node_modules/jsdom/lib/jsdom/browser/Window.js:960:7
    at Object.fn (file:///home/siegfriedneto/projects/servicedeskn1/frontend/app/node_modules/@tanstack/router-core/dist/esm/scroll-restoration.js:180:27)
    at RouterCore.emit (file:///home/siegfriedneto/projects/servicedeskn1/frontend/app/node_modules/@tanstack/router-core/dist/esm/router.js:178:14)
    at file:///home/siegfriedneto/projects/servicedeskn1/frontend/app/node_modules/@tanstack/react-router/dist/esm/Transitioner.js:46:25
    at settleOwner (file:///home/siegfriedneto/projects/servicedeskn1/frontend/app/node_modules/@tanstack/react-router/dist/esm/Transitioner.js:10:10)
    at file:///home/siegfriedneto/projects/servicedeskn1/frontend/app/node_modules/@tanstack/react-router/dist/esm/Matches.js:38:39
    at Object.react_stack_bottom_frame (/home/siegfriedneto/projects/servicedeskn1/frontend/app/node_modules/react-dom/cjs/react-dom-client.development.js:25989:20)
    at runWithFiberInDEV (/home/siegfriedneto/projects/servicedeskn1/frontend/app/node_modules/react-dom/cjs/react-dom-client.development.js:874:13)
    at commitHookEffectListMount (/home/siegfriedneto/projects/servicedeskn1/frontend/app/node_modules/react-dom/cjs/react-dom-client.development.js:13249:29) undefined
Error: Not implemented: window.scrollTo
    at module.exports (/home/siegfriedneto/projects/servicedeskn1/frontend/app/node_modules/jsdom/lib/jsdom/browser/not-implemented.js:9:17)
    at /home/siegfriedneto/projects/servicedeskn1/frontend/app/node_modules/jsdom/lib/jsdom/browser/Window.js:960:7
    at Object.fn (file:///home/siegfriedneto/projects/servicedeskn1/frontend/app/node_modules/@tanstack/router-core/dist/esm/scroll-restoration.js:180:27)
    at RouterCore.emit (file:///home/siegfriedneto/projects/servicedeskn1/frontend/app/node_modules/@tanstack/router-core/dist/esm/router.js:178:14)
    at file:///home/siegfriedneto/projects/servicedeskn1/frontend/app/node_modules/@tanstack/react-router/dist/esm/Transitioner.js:46:25
    at settleOwner (file:///home/siegfriedneto/projects/servicedeskn1/frontend/app/node_modules/@tanstack/react-router/dist/esm/Transitioner.js:10:10)
    at file:///home/siegfriedneto/projects/servicedeskn1/frontend/app/node_modules/@tanstack/react-router/dist/esm/Matches.js:38:39
    at Object.react_stack_bottom_frame (/home/siegfriedneto/projects/servicedeskn1/frontend/app/node_modules/react-dom/cjs/react-dom-client.development.js:25989:20)
    at runWithFiberInDEV (/home/siegfriedneto/projects/servicedeskn1/frontend/app/node_modules/react-dom/cjs/react-dom-client.development.js:874:13)
    at commitHookEffectListMount (/home/siegfriedneto/projects/servicedeskn1/frontend/app/node_modules/react-dom/cjs/react-dom-client.development.js:13249:29) undefined
Error: Not implemented: window.scrollTo
    at module.exports (/home/siegfriedneto/projects/servicedeskn1/frontend/app/node_modules/jsdom/lib/jsdom/browser/not-implemented.js:9:17)
    at /home/siegfriedneto/projects/servicedeskn1/frontend/app/node_modules/jsdom/lib/jsdom/browser/Window.js:960:7
    at Object.fn (file:///home/siegfriedneto/projects/servicedeskn1/frontend/app/node_modules/@tanstack/router-core/dist/esm/scroll-restoration.js:180:27)
    at RouterCore.emit (file:///home/siegfriedneto/projects/servicedeskn1/frontend/app/node_modules/@tanstack/router-core/dist/esm/router.js:178:14)
    at file:///home/siegfriedneto/projects/servicedeskn1/frontend/app/node_modules/@tanstack/react-router/dist/esm/Transitioner.js:46:25
    at settleOwner (file:///home/siegfriedneto/projects/servicedeskn1/frontend/app/node_modules/@tanstack/react-router/dist/esm/Transitioner.js:10:10)
    at file:///home/siegfriedneto/projects/servicedeskn1/frontend/app/node_modules/@tanstack/react-router/dist/esm/Matches.js:38:39
    at Object.react_stack_bottom_frame (/home/siegfriedneto/projects/servicedeskn1/frontend/app/node_modules/react-dom/cjs/react-dom-client.development.js:25989:20)
    at runWithFiberInDEV (/home/siegfriedneto/projects/servicedeskn1/frontend/app/node_modules/react-dom/cjs/react-dom-client.development.js:874:13)
    at commitHookEffectListMount (/home/siegfriedneto/projects/servicedeskn1/frontend/app/node_modules/react-dom/cjs/react-dom-client.development.js:13249:29) undefined
Error: Not implemented: window.scrollTo
    at module.exports (/home/siegfriedneto/projects/servicedeskn1/frontend/app/node_modules/jsdom/lib/jsdom/browser/not-implemented.js:9:17)
    at /home/siegfriedneto/projects/servicedeskn1/frontend/app/node_modules/jsdom/lib/jsdom/browser/Window.js:960:7
    at Object.fn (file:///home/siegfriedneto/projects/servicedeskn1/frontend/app/node_modules/@tanstack/router-core/dist/esm/scroll-restoration.js:180:27)
    at RouterCore.emit (file:///home/siegfriedneto/projects/servicedeskn1/frontend/app/node_modules/@tanstack/router-core/dist/esm/router.js:178:14)
    at file:///home/siegfriedneto/projects/servicedeskn1/frontend/app/node_modules/@tanstack/react-router/dist/esm/Transitioner.js:46:25
    at settleOwner (file:///home/siegfriedneto/projects/servicedeskn1/frontend/app/node_modules/@tanstack/react-router/dist/esm/Transitioner.js:10:10)
    at file:///home/siegfriedneto/projects/servicedeskn1/frontend/app/node_modules/@tanstack/react-router/dist/esm/Matches.js:38:39
    at Object.react_stack_bottom_frame (/home/siegfriedneto/projects/servicedeskn1/frontend/app/node_modules/react-dom/cjs/react-dom-client.development.js:25989:20)
    at runWithFiberInDEV (/home/siegfriedneto/projects/servicedeskn1/frontend/app/node_modules/react-dom/cjs/react-dom-client.development.js:874:13)
    at commitHookEffectListMount (/home/siegfriedneto/projects/servicedeskn1/frontend/app/node_modules/react-dom/cjs/react-dom-client.development.js:13249:29) undefined
Error: Not implemented: window.scrollTo
    at module.exports (/home/siegfriedneto/projects/servicedeskn1/frontend/app/node_modules/jsdom/lib/jsdom/browser/not-implemented.js:9:17)
    at /home/siegfriedneto/projects/servicedeskn1/frontend/app/node_modules/jsdom/lib/jsdom/browser/Window.js:960:7
    at Object.fn (file:///home/siegfriedneto/projects/servicedeskn1/frontend/app/node_modules/@tanstack/router-core/dist/esm/scroll-restoration.js:180:27)
    at RouterCore.emit (file:///home/siegfriedneto/projects/servicedeskn1/frontend/app/node_modules/@tanstack/router-core/dist/esm/router.js:178:14)
    at file:///home/siegfriedneto/projects/servicedeskn1/frontend/app/node_modules/@tanstack/react-router/dist/esm/Transitioner.js:46:25
    at settleOwner (file:///home/siegfriedneto/projects/servicedeskn1/frontend/app/node_modules/@tanstack/react-router/dist/esm/Transitioner.js:10:10)
    at file:///home/siegfriedneto/projects/servicedeskn1/frontend/app/node_modules/@tanstack/react-router/dist/esm/Matches.js:38:39
    at Object.react_stack_bottom_frame (/home/siegfriedneto/projects/servicedeskn1/frontend/app/node_modules/react-dom/cjs/react-dom-client.development.js:25989:20)
    at runWithFiberInDEV (/home/siegfriedneto/projects/servicedeskn1/frontend/app/node_modules/react-dom/cjs/react-dom-client.development.js:874:13)
    at commitHookEffectListMount (/home/siegfriedneto/projects/servicedeskn1/frontend/app/node_modules/react-dom/cjs/react-dom-client.development.js:13249:29) undefined
Error: Not implemented: window.scrollTo
    at module.exports (/home/siegfriedneto/projects/servicedeskn1/frontend/app/node_modules/jsdom/lib/jsdom/browser/not-implemented.js:9:17)
    at /home/siegfriedneto/projects/servicedeskn1/frontend/app/node_modules/jsdom/lib/jsdom/browser/Window.js:960:7
    at Object.fn (file:///home/siegfriedneto/projects/servicedeskn1/frontend/app/node_modules/@tanstack/router-core/dist/esm/scroll-restoration.js:180:27)
    at RouterCore.emit (file:///home/siegfriedneto/projects/servicedeskn1/frontend/app/node_modules/@tanstack/router-core/dist/esm/router.js:178:14)
    at file:///home/siegfriedneto/projects/servicedeskn1/frontend/app/node_modules/@tanstack/router-core/dist/esm/load-client.js:943:46
    at Router.batch (file:///home/siegfriedneto/projects/servicedeskn1/frontend/app/node_modules/@tanstack/store/dist/esm/atom.js:39:5)
    at file:///home/siegfriedneto/projects/servicedeskn1/frontend/app/node_modules/@tanstack/router-core/dist/esm/load-client.js:936:10
    at runClientTransaction (file:///home/siegfriedneto/projects/servicedeskn1/frontend/app/node_modules/@tanstack/router-core/dist/esm/load-client.js:902:2)
    at loadClientRoute (file:///home/siegfriedneto/projects/servicedeskn1/frontend/app/node_modules/@tanstack/router-core/dist/esm/load-client.js:1034:2)
    at RouterCore.load (file:///home/siegfriedneto/projects/servicedeskn1/frontend/app/node_modules/@tanstack/router-core/dist/esm/router.js:489:4) undefined
Error: Not implemented: window.scrollTo
    at module.exports (/home/siegfriedneto/projects/servicedeskn1/frontend/app/node_modules/jsdom/lib/jsdom/browser/not-implemented.js:9:17)
    at /home/siegfriedneto/projects/servicedeskn1/frontend/app/node_modules/jsdom/lib/jsdom/browser/Window.js:960:7
    at Object.fn (file:///home/siegfriedneto/projects/servicedeskn1/frontend/app/node_modules/@tanstack/router-core/dist/esm/scroll-restoration.js:180:27)
    at RouterCore.emit (file:///home/siegfriedneto/projects/servicedeskn1/frontend/app/node_modules/@tanstack/router-core/dist/esm/router.js:178:14)
    at file:///home/siegfriedneto/projects/servicedeskn1/frontend/app/node_modules/@tanstack/react-router/dist/esm/Transitioner.js:46:25
    at settleOwner (file:///home/siegfriedneto/projects/servicedeskn1/frontend/app/node_modules/@tanstack/react-router/dist/esm/Transitioner.js:10:10)
    at file:///home/siegfriedneto/projects/servicedeskn1/frontend/app/node_modules/@tanstack/react-router/dist/esm/Matches.js:38:39
    at Object.react_stack_bottom_frame (/home/siegfriedneto/projects/servicedeskn1/frontend/app/node_modules/react-dom/cjs/react-dom-client.development.js:25989:20)
    at runWithFiberInDEV (/home/siegfriedneto/projects/servicedeskn1/frontend/app/node_modules/react-dom/cjs/react-dom-client.development.js:874:13)
    at commitHookEffectListMount (/home/siegfriedneto/projects/servicedeskn1/frontend/app/node_modules/react-dom/cjs/react-dom-client.development.js:13249:29) undefined
Error: Not implemented: window.scrollTo
    at module.exports (/home/siegfriedneto/projects/servicedeskn1/frontend/app/node_modules/jsdom/lib/jsdom/browser/not-implemented.js:9:17)
    at /home/siegfriedneto/projects/servicedeskn1/frontend/app/node_modules/jsdom/lib/jsdom/browser/Window.js:960:7
    at Object.fn (file:///home/siegfriedneto/projects/servicedeskn1/frontend/app/node_modules/@tanstack/router-core/dist/esm/scroll-restoration.js:180:27)
    at RouterCore.emit (file:///home/siegfriedneto/projects/servicedeskn1/frontend/app/node_modules/@tanstack/router-core/dist/esm/router.js:178:14)
    at file:///home/siegfriedneto/projects/servicedeskn1/frontend/app/node_modules/@tanstack/react-router/dist/esm/Transitioner.js:46:25
    at settleOwner (file:///home/siegfriedneto/projects/servicedeskn1/frontend/app/node_modules/@tanstack/react-router/dist/esm/Transitioner.js:10:10)
    at file:///home/siegfriedneto/projects/servicedeskn1/frontend/app/node_modules/@tanstack/react-router/dist/esm/Matches.js:38:39
    at Object.react_stack_bottom_frame (/home/siegfriedneto/projects/servicedeskn1/frontend/app/node_modules/react-dom/cjs/react-dom-client.development.js:25989:20)
    at runWithFiberInDEV (/home/siegfriedneto/projects/servicedeskn1/frontend/app/node_modules/react-dom/cjs/react-dom-client.development.js:874:13)
    at commitHookEffectListMount (/home/siegfriedneto/projects/servicedeskn1/frontend/app/node_modules/react-dom/cjs/react-dom-client.development.js:13249:29) undefined
Error: Not implemented: window.scrollTo
    at module.exports (/home/siegfriedneto/projects/servicedeskn1/frontend/app/node_modules/jsdom/lib/jsdom/browser/not-implemented.js:9:17)
    at /home/siegfriedneto/projects/servicedeskn1/frontend/app/node_modules/jsdom/lib/jsdom/browser/Window.js:960:7
    at Object.fn (file:///home/siegfriedneto/projects/servicedeskn1/frontend/app/node_modules/@tanstack/router-core/dist/esm/scroll-restoration.js:180:27)
    at RouterCore.emit (file:///home/siegfriedneto/projects/servicedeskn1/frontend/app/node_modules/@tanstack/router-core/dist/esm/router.js:178:14)
    at file:///home/siegfriedneto/projects/servicedeskn1/frontend/app/node_modules/@tanstack/react-router/dist/esm/Transitioner.js:46:25
    at settleOwner (file:///home/siegfriedneto/projects/servicedeskn1/frontend/app/node_modules/@tanstack/react-router/dist/esm/Transitioner.js:10:10)
    at file:///home/siegfriedneto/projects/servicedeskn1/frontend/app/node_modules/@tanstack/react-router/dist/esm/Matches.js:38:39
    at Object.react_stack_bottom_frame (/home/siegfriedneto/projects/servicedeskn1/frontend/app/node_modules/react-dom/cjs/react-dom-client.development.js:25989:20)
    at runWithFiberInDEV (/home/siegfriedneto/projects/servicedeskn1/frontend/app/node_modules/react-dom/cjs/react-dom-client.development.js:874:13)
    at commitHookEffectListMount (/home/siegfriedneto/projects/servicedeskn1/frontend/app/node_modules/react-dom/cjs/react-dom-client.development.js:13249:29) undefined
Error: Not implemented: window.scrollTo
    at module.exports (/home/siegfriedneto/projects/servicedeskn1/frontend/app/node_modules/jsdom/lib/jsdom/browser/not-implemented.js:9:17)
    at /home/siegfriedneto/projects/servicedeskn1/frontend/app/node_modules/jsdom/lib/jsdom/browser/Window.js:960:7
    at Object.fn (file:///home/siegfriedneto/projects/servicedeskn1/frontend/app/node_modules/@tanstack/router-core/dist/esm/scroll-restoration.js:180:27)
    at RouterCore.emit (file:///home/siegfriedneto/projects/servicedeskn1/frontend/app/node_modules/@tanstack/router-core/dist/esm/router.js:178:14)
    at file:///home/siegfriedneto/projects/servicedeskn1/frontend/app/node_modules/@tanstack/react-router/dist/esm/Transitioner.js:46:25
    at settleOwner (file:///home/siegfriedneto/projects/servicedeskn1/frontend/app/node_modules/@tanstack/react-router/dist/esm/Transitioner.js:10:10)
    at file:///home/siegfriedneto/projects/servicedeskn1/frontend/app/node_modules/@tanstack/react-router/dist/esm/Matches.js:38:39
    at Object.react_stack_bottom_frame (/home/siegfriedneto/projects/servicedeskn1/frontend/app/node_modules/react-dom/cjs/react-dom-client.development.js:25989:20)
    at runWithFiberInDEV (/home/siegfriedneto/projects/servicedeskn1/frontend/app/node_modules/react-dom/cjs/react-dom-client.development.js:874:13)
    at commitHookEffectListMount (/home/siegfriedneto/projects/servicedeskn1/frontend/app/node_modules/react-dom/cjs/react-dom-client.development.js:13249:29) undefined
Error: Not implemented: window.scrollTo
    at module.exports (/home/siegfriedneto/projects/servicedeskn1/frontend/app/node_modules/jsdom/lib/jsdom/browser/not-implemented.js:9:17)
    at /home/siegfriedneto/projects/servicedeskn1/frontend/app/node_modules/jsdom/lib/jsdom/browser/Window.js:960:7
    at Object.fn (file:///home/siegfriedneto/projects/servicedeskn1/frontend/app/node_modules/@tanstack/router-core/dist/esm/scroll-restoration.js:180:27)
    at RouterCore.emit (file:///home/siegfriedneto/projects/servicedeskn1/frontend/app/node_modules/@tanstack/router-core/dist/esm/router.js:178:14)
    at file:///home/siegfriedneto/projects/servicedeskn1/frontend/app/node_modules/@tanstack/react-router/dist/esm/Transitioner.js:46:25
    at settleOwner (file:///home/siegfriedneto/projects/servicedeskn1/frontend/app/node_modules/@tanstack/react-router/dist/esm/Transitioner.js:10:10)
    at file:///home/siegfriedneto/projects/servicedeskn1/frontend/app/node_modules/@tanstack/react-router/dist/esm/Matches.js:38:39
    at Object.react_stack_bottom_frame (/home/siegfriedneto/projects/servicedeskn1/frontend/app/node_modules/react-dom/cjs/react-dom-client.development.js:25989:20)
    at runWithFiberInDEV (/home/siegfriedneto/projects/servicedeskn1/frontend/app/node_modules/react-dom/cjs/react-dom-client.development.js:874:13)
    at commitHookEffectListMount (/home/siegfriedneto/projects/servicedeskn1/frontend/app/node_modules/react-dom/cjs/react-dom-client.development.js:13249:29) undefined
Error: Not implemented: window.scrollTo
    at module.exports (/home/siegfriedneto/projects/servicedeskn1/frontend/app/node_modules/jsdom/lib/jsdom/browser/not-implemented.js:9:17)
    at /home/siegfriedneto/projects/servicedeskn1/frontend/app/node_modules/jsdom/lib/jsdom/browser/Window.js:960:7
    at Object.fn (file:///home/siegfriedneto/projects/servicedeskn1/frontend/app/node_modules/@tanstack/router-core/dist/esm/scroll-restoration.js:180:27)
    at RouterCore.emit (file:///home/siegfriedneto/projects/servicedeskn1/frontend/app/node_modules/@tanstack/router-core/dist/esm/router.js:178:14)
    at file:///home/siegfriedneto/projects/servicedeskn1/frontend/app/node_modules/@tanstack/react-router/dist/esm/Transitioner.js:46:25
    at settleOwner (file:///home/siegfriedneto/projects/servicedeskn1/frontend/app/node_modules/@tanstack/react-router/dist/esm/Transitioner.js:10:10)
    at file:///home/siegfriedneto/projects/servicedeskn1/frontend/app/node_modules/@tanstack/react-router/dist/esm/Matches.js:38:39
    at Object.react_stack_bottom_frame (/home/siegfriedneto/projects/servicedeskn1/frontend/app/node_modules/react-dom/cjs/react-dom-client.development.js:25989:20)
    at runWithFiberInDEV (/home/siegfriedneto/projects/servicedeskn1/frontend/app/node_modules/react-dom/cjs/react-dom-client.development.js:874:13)
    at commitHookEffectListMount (/home/siegfriedneto/projects/servicedeskn1/frontend/app/node_modules/react-dom/cjs/react-dom-client.development.js:13249:29) undefined
Error: Not implemented: window.scrollTo
    at module.exports (/home/siegfriedneto/projects/servicedeskn1/frontend/app/node_modules/jsdom/lib/jsdom/browser/not-implemented.js:9:17)
    at /home/siegfriedneto/projects/servicedeskn1/frontend/app/node_modules/jsdom/lib/jsdom/browser/Window.js:960:7
    at Object.fn (file:///home/siegfriedneto/projects/servicedeskn1/frontend/app/node_modules/@tanstack/router-core/dist/esm/scroll-restoration.js:180:27)
    at RouterCore.emit (file:///home/siegfriedneto/projects/servicedeskn1/frontend/app/node_modules/@tanstack/router-core/dist/esm/router.js:178:14)
    at file:///home/siegfriedneto/projects/servicedeskn1/frontend/app/node_modules/@tanstack/react-router/dist/esm/Transitioner.js:46:25
    at settleOwner (file:///home/siegfriedneto/projects/servicedeskn1/frontend/app/node_modules/@tanstack/react-router/dist/esm/Transitioner.js:10:10)
    at file:///home/siegfriedneto/projects/servicedeskn1/frontend/app/node_modules/@tanstack/react-router/dist/esm/Matches.js:38:39
    at Object.react_stack_bottom_frame (/home/siegfriedneto/projects/servicedeskn1/frontend/app/node_modules/react-dom/cjs/react-dom-client.development.js:25989:20)
    at runWithFiberInDEV (/home/siegfriedneto/projects/servicedeskn1/frontend/app/node_modules/react-dom/cjs/react-dom-client.development.js:874:13)
    at commitHookEffectListMount (/home/siegfriedneto/projects/servicedeskn1/frontend/app/node_modules/react-dom/cjs/react-dom-client.development.js:13249:29) undefined
Error: Not implemented: window.scrollTo
    at module.exports (/home/siegfriedneto/projects/servicedeskn1/frontend/app/node_modules/jsdom/lib/jsdom/browser/not-implemented.js:9:17)
    at /home/siegfriedneto/projects/servicedeskn1/frontend/app/node_modules/jsdom/lib/jsdom/browser/Window.js:960:7
    at Object.fn (file:///home/siegfriedneto/projects/servicedeskn1/frontend/app/node_modules/@tanstack/router-core/dist/esm/scroll-restoration.js:180:27)
    at RouterCore.emit (file:///home/siegfriedneto/projects/servicedeskn1/frontend/app/node_modules/@tanstack/router-core/dist/esm/router.js:178:14)
    at file:///home/siegfriedneto/projects/servicedeskn1/frontend/app/node_modules/@tanstack/react-router/dist/esm/Transitioner.js:46:25
    at settleOwner (file:///home/siegfriedneto/projects/servicedeskn1/frontend/app/node_modules/@tanstack/react-router/dist/esm/Transitioner.js:10:10)
    at file:///home/siegfriedneto/projects/servicedeskn1/frontend/app/node_modules/@tanstack/react-router/dist/esm/Matches.js:38:39
    at Object.react_stack_bottom_frame (/home/siegfriedneto/projects/servicedeskn1/frontend/app/node_modules/react-dom/cjs/react-dom-client.development.js:25989:20)
    at runWithFiberInDEV (/home/siegfriedneto/projects/servicedeskn1/frontend/app/node_modules/react-dom/cjs/react-dom-client.development.js:874:13)
    at commitHookEffectListMount (/home/siegfriedneto/projects/servicedeskn1/frontend/app/node_modules/react-dom/cjs/react-dom-client.development.js:13249:29) undefined
Error: Not implemented: window.scrollTo
    at module.exports (/home/siegfriedneto/projects/servicedeskn1/frontend/app/node_modules/jsdom/lib/jsdom/browser/not-implemented.js:9:17)
    at /home/siegfriedneto/projects/servicedeskn1/frontend/app/node_modules/jsdom/lib/jsdom/browser/Window.js:960:7
    at Object.fn (file:///home/siegfriedneto/projects/servicedeskn1/frontend/app/node_modules/@tanstack/router-core/dist/esm/scroll-restoration.js:180:27)
    at RouterCore.emit (file:///home/siegfriedneto/projects/servicedeskn1/frontend/app/node_modules/@tanstack/router-core/dist/esm/router.js:178:14)
    at file:///home/siegfriedneto/projects/servicedeskn1/frontend/app/node_modules/@tanstack/react-router/dist/esm/Transitioner.js:46:25
    at settleOwner (file:///home/siegfriedneto/projects/servicedeskn1/frontend/app/node_modules/@tanstack/react-router/dist/esm/Transitioner.js:10:10)
    at file:///home/siegfriedneto/projects/servicedeskn1/frontend/app/node_modules/@tanstack/react-router/dist/esm/Matches.js:38:39
    at Object.react_stack_bottom_frame (/home/siegfriedneto/projects/servicedeskn1/frontend/app/node_modules/react-dom/cjs/react-dom-client.development.js:25989:20)
    at runWithFiberInDEV (/home/siegfriedneto/projects/servicedeskn1/frontend/app/node_modules/react-dom/cjs/react-dom-client.development.js:874:13)
    at commitHookEffectListMount (/home/siegfriedneto/projects/servicedeskn1/frontend/app/node_modules/react-dom/cjs/react-dom-client.development.js:13249:29) undefined
Error: Not implemented: window.scrollTo
    at module.exports (/home/siegfriedneto/projects/servicedeskn1/frontend/app/node_modules/jsdom/lib/jsdom/browser/not-implemented.js:9:17)
    at /home/siegfriedneto/projects/servicedeskn1/frontend/app/node_modules/jsdom/lib/jsdom/browser/Window.js:960:7
    at Object.fn (file:///home/siegfriedneto/projects/servicedeskn1/frontend/app/node_modules/@tanstack/router-core/dist/esm/scroll-restoration.js:180:27)
    at RouterCore.emit (file:///home/siegfriedneto/projects/servicedeskn1/frontend/app/node_modules/@tanstack/router-core/dist/esm/router.js:178:14)
    at file:///home/siegfriedneto/projects/servicedeskn1/frontend/app/node_modules/@tanstack/react-router/dist/esm/Transitioner.js:46:25
    at settleOwner (file:///home/siegfriedneto/projects/servicedeskn1/frontend/app/node_modules/@tanstack/react-router/dist/esm/Transitioner.js:10:10)
    at file:///home/siegfriedneto/projects/servicedeskn1/frontend/app/node_modules/@tanstack/react-router/dist/esm/Matches.js:38:39
    at Object.react_stack_bottom_frame (/home/siegfriedneto/projects/servicedeskn1/frontend/app/node_modules/react-dom/cjs/react-dom-client.development.js:25989:20)
    at runWithFiberInDEV (/home/siegfriedneto/projects/servicedeskn1/frontend/app/node_modules/react-dom/cjs/react-dom-client.development.js:874:13)
    at commitHookEffectListMount (/home/siegfriedneto/projects/servicedeskn1/frontend/app/node_modules/react-dom/cjs/react-dom-client.development.js:13249:29) undefined
Error: Not implemented: window.scrollTo
    at module.exports (/home/siegfriedneto/projects/servicedeskn1/frontend/app/node_modules/jsdom/lib/jsdom/browser/not-implemented.js:9:17)
    at /home/siegfriedneto/projects/servicedeskn1/frontend/app/node_modules/jsdom/lib/jsdom/browser/Window.js:960:7
    at Object.fn (file:///home/siegfriedneto/projects/servicedeskn1/frontend/app/node_modules/@tanstack/router-core/dist/esm/scroll-restoration.js:180:27)
    at RouterCore.emit (file:///home/siegfriedneto/projects/servicedeskn1/frontend/app/node_modules/@tanstack/router-core/dist/esm/router.js:178:14)
    at file:///home/siegfriedneto/projects/servicedeskn1/frontend/app/node_modules/@tanstack/react-router/dist/esm/Transitioner.js:46:25
    at settleOwner (file:///home/siegfriedneto/projects/servicedeskn1/frontend/app/node_modules/@tanstack/react-router/dist/esm/Transitioner.js:10:10)
    at file:///home/siegfriedneto/projects/servicedeskn1/frontend/app/node_modules/@tanstack/react-router/dist/esm/Matches.js:38:39
    at Object.react_stack_bottom_frame (/home/siegfriedneto/projects/servicedeskn1/frontend/app/node_modules/react-dom/cjs/react-dom-client.development.js:25989:20)
    at runWithFiberInDEV (/home/siegfriedneto/projects/servicedeskn1/frontend/app/node_modules/react-dom/cjs/react-dom-client.development.js:874:13)
    at commitHookEffectListMount (/home/siegfriedneto/projects/servicedeskn1/frontend/app/node_modules/react-dom/cjs/react-dom-client.development.js:13249:29) undefined
Error: Not implemented: window.scrollTo
    at module.exports (/home/siegfriedneto/projects/servicedeskn1/frontend/app/node_modules/jsdom/lib/jsdom/browser/not-implemented.js:9:17)
    at /home/siegfriedneto/projects/servicedeskn1/frontend/app/node_modules/jsdom/lib/jsdom/browser/Window.js:960:7
    at Object.fn (file:///home/siegfriedneto/projects/servicedeskn1/frontend/app/node_modules/@tanstack/router-core/dist/esm/scroll-restoration.js:180:27)
    at RouterCore.emit (file:///home/siegfriedneto/projects/servicedeskn1/frontend/app/node_modules/@tanstack/router-core/dist/esm/router.js:178:14)
    at file:///home/siegfriedneto/projects/servicedeskn1/frontend/app/node_modules/@tanstack/react-router/dist/esm/Transitioner.js:46:25
    at settleOwner (file:///home/siegfriedneto/projects/servicedeskn1/frontend/app/node_modules/@tanstack/react-router/dist/esm/Transitioner.js:10:10)
    at file:///home/siegfriedneto/projects/servicedeskn1/frontend/app/node_modules/@tanstack/react-router/dist/esm/Matches.js:38:39
    at Object.react_stack_bottom_frame (/home/siegfriedneto/projects/servicedeskn1/frontend/app/node_modules/react-dom/cjs/react-dom-client.development.js:25989:20)
    at runWithFiberInDEV (/home/siegfriedneto/projects/servicedeskn1/frontend/app/node_modules/react-dom/cjs/react-dom-client.development.js:874:13)
    at commitHookEffectListMount (/home/siegfriedneto/projects/servicedeskn1/frontend/app/node_modules/react-dom/cjs/react-dom-client.development.js:13249:29) undefined
Error: Not implemented: window.scrollTo
    at module.exports (/home/siegfriedneto/projects/servicedeskn1/frontend/app/node_modules/jsdom/lib/jsdom/browser/not-implemented.js:9:17)
    at /home/siegfriedneto/projects/servicedeskn1/frontend/app/node_modules/jsdom/lib/jsdom/browser/Window.js:960:7
    at Object.fn (file:///home/siegfriedneto/projects/servicedeskn1/frontend/app/node_modules/@tanstack/router-core/dist/esm/scroll-restoration.js:180:27)
    at RouterCore.emit (file:///home/siegfriedneto/projects/servicedeskn1/frontend/app/node_modules/@tanstack/router-core/dist/esm/router.js:178:14)
    at file:///home/siegfriedneto/projects/servicedeskn1/frontend/app/node_modules/@tanstack/router-core/dist/esm/load-client.js:943:46
    at Router.batch (file:///home/siegfriedneto/projects/servicedeskn1/frontend/app/node_modules/@tanstack/store/dist/esm/atom.js:39:5)
    at file:///home/siegfriedneto/projects/servicedeskn1/frontend/app/node_modules/@tanstack/router-core/dist/esm/load-client.js:936:10
    at runClientTransaction (file:///home/siegfriedneto/projects/servicedeskn1/frontend/app/node_modules/@tanstack/router-core/dist/esm/load-client.js:902:2)
    at loadClientRoute (file:///home/siegfriedneto/projects/servicedeskn1/frontend/app/node_modules/@tanstack/router-core/dist/esm/load-client.js:1034:2)
    at RouterCore.load (file:///home/siegfriedneto/projects/servicedeskn1/frontend/app/node_modules/@tanstack/router-core/dist/esm/router.js:489:4) undefined
Error: Not implemented: window.scrollTo
    at module.exports (/home/siegfriedneto/projects/servicedeskn1/frontend/app/node_modules/jsdom/lib/jsdom/browser/not-implemented.js:9:17)
    at /home/siegfriedneto/projects/servicedeskn1/frontend/app/node_modules/jsdom/lib/jsdom/browser/Window.js:960:7
    at Object.fn (file:///home/siegfriedneto/projects/servicedeskn1/frontend/app/node_modules/@tanstack/router-core/dist/esm/scroll-restoration.js:180:27)
    at RouterCore.emit (file:///home/siegfriedneto/projects/servicedeskn1/frontend/app/node_modules/@tanstack/router-core/dist/esm/router.js:178:14)
    at file:///home/siegfriedneto/projects/servicedeskn1/frontend/app/node_modules/@tanstack/react-router/dist/esm/Transitioner.js:46:25
    at settleOwner (file:///home/siegfriedneto/projects/servicedeskn1/frontend/app/node_modules/@tanstack/react-router/dist/esm/Transitioner.js:10:10)
    at file:///home/siegfriedneto/projects/servicedeskn1/frontend/app/node_modules/@tanstack/react-router/dist/esm/Matches.js:38:39
    at Object.react_stack_bottom_frame (/home/siegfriedneto/projects/servicedeskn1/frontend/app/node_modules/react-dom/cjs/react-dom-client.development.js:25989:20)
    at runWithFiberInDEV (/home/siegfriedneto/projects/servicedeskn1/frontend/app/node_modules/react-dom/cjs/react-dom-client.development.js:874:13)
    at commitHookEffectListMount (/home/siegfriedneto/projects/servicedeskn1/frontend/app/node_modules/react-dom/cjs/react-dom-client.development.js:13249:29) undefined
Error: Not implemented: window.scrollTo
    at module.exports (/home/siegfriedneto/projects/servicedeskn1/frontend/app/node_modules/jsdom/lib/jsdom/browser/not-implemented.js:9:17)
    at /home/siegfriedneto/projects/servicedeskn1/frontend/app/node_modules/jsdom/lib/jsdom/browser/Window.js:960:7
    at Object.fn (file:///home/siegfriedneto/projects/servicedeskn1/frontend/app/node_modules/@tanstack/router-core/dist/esm/scroll-restoration.js:180:27)
    at RouterCore.emit (file:///home/siegfriedneto/projects/servicedeskn1/frontend/app/node_modules/@tanstack/router-core/dist/esm/router.js:178:14)
    at file:///home/siegfriedneto/projects/servicedeskn1/frontend/app/node_modules/@tanstack/react-router/dist/esm/Transitioner.js:46:25
    at settleOwner (file:///home/siegfriedneto/projects/servicedeskn1/frontend/app/node_modules/@tanstack/react-router/dist/esm/Transitioner.js:10:10)
    at file:///home/siegfriedneto/projects/servicedeskn1/frontend/app/node_modules/@tanstack/react-router/dist/esm/Matches.js:38:39
    at Object.react_stack_bottom_frame (/home/siegfriedneto/projects/servicedeskn1/frontend/app/node_modules/react-dom/cjs/react-dom-client.development.js:25989:20)
    at runWithFiberInDEV (/home/siegfriedneto/projects/servicedeskn1/frontend/app/node_modules/react-dom/cjs/react-dom-client.development.js:874:13)
    at commitHookEffectListMount (/home/siegfriedneto/projects/servicedeskn1/frontend/app/node_modules/react-dom/cjs/react-dom-client.development.js:13249:29) undefined
Error: Not implemented: window.scrollTo
    at module.exports (/home/siegfriedneto/projects/servicedeskn1/frontend/app/node_modules/jsdom/lib/jsdom/browser/not-implemented.js:9:17)
    at /home/siegfriedneto/projects/servicedeskn1/frontend/app/node_modules/jsdom/lib/jsdom/browser/Window.js:960:7
    at Object.fn (file:///home/siegfriedneto/projects/servicedeskn1/frontend/app/node_modules/@tanstack/router-core/dist/esm/scroll-restoration.js:180:27)
    at RouterCore.emit (file:///home/siegfriedneto/projects/servicedeskn1/frontend/app/node_modules/@tanstack/router-core/dist/esm/router.js:178:14)
    at file:///home/siegfriedneto/projects/servicedeskn1/frontend/app/node_modules/@tanstack/react-router/dist/esm/Transitioner.js:46:25
    at settleOwner (file:///home/siegfriedneto/projects/servicedeskn1/frontend/app/node_modules/@tanstack/react-router/dist/esm/Transitioner.js:10:10)
    at file:///home/siegfriedneto/projects/servicedeskn1/frontend/app/node_modules/@tanstack/react-router/dist/esm/Matches.js:38:39
    at Object.react_stack_bottom_frame (/home/siegfriedneto/projects/servicedeskn1/frontend/app/node_modules/react-dom/cjs/react-dom-client.development.js:25989:20)
    at runWithFiberInDEV (/home/siegfriedneto/projects/servicedeskn1/frontend/app/node_modules/react-dom/cjs/react-dom-client.development.js:874:13)
    at commitHookEffectListMount (/home/siegfriedneto/projects/servicedeskn1/frontend/app/node_modules/react-dom/cjs/react-dom-client.development.js:13249:29) undefined
Error: Not implemented: window.scrollTo
    at module.exports (/home/siegfriedneto/projects/servicedeskn1/frontend/app/node_modules/jsdom/lib/jsdom/browser/not-implemented.js:9:17)
    at /home/siegfriedneto/projects/servicedeskn1/frontend/app/node_modules/jsdom/lib/jsdom/browser/Window.js:960:7
    at Object.fn (file:///home/siegfriedneto/projects/servicedeskn1/frontend/app/node_modules/@tanstack/router-core/dist/esm/scroll-restoration.js:180:27)
    at RouterCore.emit (file:///home/siegfriedneto/projects/servicedeskn1/frontend/app/node_modules/@tanstack/router-core/dist/esm/router.js:178:14)
    at file:///home/siegfriedneto/projects/servicedeskn1/frontend/app/node_modules/@tanstack/react-router/dist/esm/Transitioner.js:46:25
    at settleOwner (file:///home/siegfriedneto/projects/servicedeskn1/frontend/app/node_modules/@tanstack/react-router/dist/esm/Transitioner.js:10:10)
    at file:///home/siegfriedneto/projects/servicedeskn1/frontend/app/node_modules/@tanstack/react-router/dist/esm/Matches.js:38:39
    at Object.react_stack_bottom_frame (/home/siegfriedneto/projects/servicedeskn1/frontend/app/node_modules/react-dom/cjs/react-dom-client.development.js:25989:20)
    at runWithFiberInDEV (/home/siegfriedneto/projects/servicedeskn1/frontend/app/node_modules/react-dom/cjs/react-dom-client.development.js:874:13)
    at commitHookEffectListMount (/home/siegfriedneto/projects/servicedeskn1/frontend/app/node_modules/react-dom/cjs/react-dom-client.development.js:13249:29) undefined
Error: Not implemented: window.scrollTo
    at module.exports (/home/siegfriedneto/projects/servicedeskn1/frontend/app/node_modules/jsdom/lib/jsdom/browser/not-implemented.js:9:17)
    at /home/siegfriedneto/projects/servicedeskn1/frontend/app/node_modules/jsdom/lib/jsdom/browser/Window.js:960:7
    at Object.fn (file:///home/siegfriedneto/projects/servicedeskn1/frontend/app/node_modules/@tanstack/router-core/dist/esm/scroll-restoration.js:180:27)
    at RouterCore.emit (file:///home/siegfriedneto/projects/servicedeskn1/frontend/app/node_modules/@tanstack/router-core/dist/esm/router.js:178:14)
    at file:///home/siegfriedneto/projects/servicedeskn1/frontend/app/node_modules/@tanstack/router-core/dist/esm/load-client.js:943:46
    at Router.batch (file:///home/siegfriedneto/projects/servicedeskn1/frontend/app/node_modules/@tanstack/store/dist/esm/atom.js:39:5)
    at file:///home/siegfriedneto/projects/servicedeskn1/frontend/app/node_modules/@tanstack/router-core/dist/esm/load-client.js:936:10
    at runClientTransaction (file:///home/siegfriedneto/projects/servicedeskn1/frontend/app/node_modules/@tanstack/router-core/dist/esm/load-client.js:902:2)
    at loadClientRoute (file:///home/siegfriedneto/projects/servicedeskn1/frontend/app/node_modules/@tanstack/router-core/dist/esm/load-client.js:1034:2)
    at RouterCore.load (file:///home/siegfriedneto/projects/servicedeskn1/frontend/app/node_modules/@tanstack/router-core/dist/esm/router.js:489:4) undefined
Error: Not implemented: window.scrollTo
    at module.exports (/home/siegfriedneto/projects/servicedeskn1/frontend/app/node_modules/jsdom/lib/jsdom/browser/not-implemented.js:9:17)
    at /home/siegfriedneto/projects/servicedeskn1/frontend/app/node_modules/jsdom/lib/jsdom/browser/Window.js:960:7
    at Object.fn (file:///home/siegfriedneto/projects/servicedeskn1/frontend/app/node_modules/@tanstack/router-core/dist/esm/scroll-restoration.js:180:27)
    at RouterCore.emit (file:///home/siegfriedneto/projects/servicedeskn1/frontend/app/node_modules/@tanstack/router-core/dist/esm/router.js:178:14)
    at file:///home/siegfriedneto/projects/servicedeskn1/frontend/app/node_modules/@tanstack/react-router/dist/esm/Transitioner.js:46:25
    at settleOwner (file:///home/siegfriedneto/projects/servicedeskn1/frontend/app/node_modules/@tanstack/react-router/dist/esm/Transitioner.js:10:10)
    at file:///home/siegfriedneto/projects/servicedeskn1/frontend/app/node_modules/@tanstack/react-router/dist/esm/Matches.js:38:39
    at Object.react_stack_bottom_frame (/home/siegfriedneto/projects/servicedeskn1/frontend/app/node_modules/react-dom/cjs/react-dom-client.development.js:25989:20)
    at runWithFiberInDEV (/home/siegfriedneto/projects/servicedeskn1/frontend/app/node_modules/react-dom/cjs/react-dom-client.development.js:874:13)
    at commitHookEffectListMount (/home/siegfriedneto/projects/servicedeskn1/frontend/app/node_modules/react-dom/cjs/react-dom-client.development.js:13249:29) undefined
Error: Not implemented: window.scrollTo
    at module.exports (/home/siegfriedneto/projects/servicedeskn1/frontend/app/node_modules/jsdom/lib/jsdom/browser/not-implemented.js:9:17)
    at /home/siegfriedneto/projects/servicedeskn1/frontend/app/node_modules/jsdom/lib/jsdom/browser/Window.js:960:7
    at Object.fn (file:///home/siegfriedneto/projects/servicedeskn1/frontend/app/node_modules/@tanstack/router-core/dist/esm/scroll-restoration.js:180:27)
    at RouterCore.emit (file:///home/siegfriedneto/projects/servicedeskn1/frontend/app/node_modules/@tanstack/router-core/dist/esm/router.js:178:14)
    at file:///home/siegfriedneto/projects/servicedeskn1/frontend/app/node_modules/@tanstack/react-router/dist/esm/Transitioner.js:46:25
    at settleOwner (file:///home/siegfriedneto/projects/servicedeskn1/frontend/app/node_modules/@tanstack/react-router/dist/esm/Transitioner.js:10:10)
    at file:///home/siegfriedneto/projects/servicedeskn1/frontend/app/node_modules/@tanstack/react-router/dist/esm/Matches.js:38:39
    at Object.react_stack_bottom_frame (/home/siegfriedneto/projects/servicedeskn1/frontend/app/node_modules/react-dom/cjs/react-dom-client.development.js:25989:20)
    at runWithFiberInDEV (/home/siegfriedneto/projects/servicedeskn1/frontend/app/node_modules/react-dom/cjs/react-dom-client.development.js:874:13)
    at commitHookEffectListMount (/home/siegfriedneto/projects/servicedeskn1/frontend/app/node_modules/react-dom/cjs/react-dom-client.development.js:13249:29) undefined
Error: Not implemented: window.scrollTo
    at module.exports (/home/siegfriedneto/projects/servicedeskn1/frontend/app/node_modules/jsdom/lib/jsdom/browser/not-implemented.js:9:17)
    at /home/siegfriedneto/projects/servicedeskn1/frontend/app/node_modules/jsdom/lib/jsdom/browser/Window.js:960:7
    at Object.fn (file:///home/siegfriedneto/projects/servicedeskn1/frontend/app/node_modules/@tanstack/router-core/dist/esm/scroll-restoration.js:180:27)
    at RouterCore.emit (file:///home/siegfriedneto/projects/servicedeskn1/frontend/app/node_modules/@tanstack/router-core/dist/esm/router.js:178:14)
    at file:///home/siegfriedneto/projects/servicedeskn1/frontend/app/node_modules/@tanstack/react-router/dist/esm/Transitioner.js:46:25
    at settleOwner (file:///home/siegfriedneto/projects/servicedeskn1/frontend/app/node_modules/@tanstack/react-router/dist/esm/Transitioner.js:10:10)
    at file:///home/siegfriedneto/projects/servicedeskn1/frontend/app/node_modules/@tanstack/react-router/dist/esm/Matches.js:38:39
    at Object.react_stack_bottom_frame (/home/siegfriedneto/projects/servicedeskn1/frontend/app/node_modules/react-dom/cjs/react-dom-client.development.js:25989:20)
    at runWithFiberInDEV (/home/siegfriedneto/projects/servicedeskn1/frontend/app/node_modules/react-dom/cjs/react-dom-client.development.js:874:13)
    at commitHookEffectListMount (/home/siegfriedneto/projects/servicedeskn1/frontend/app/node_modules/react-dom/cjs/react-dom-client.development.js:13249:29) undefined
Error: Not implemented: window.scrollTo
    at module.exports (/home/siegfriedneto/projects/servicedeskn1/frontend/app/node_modules/jsdom/lib/jsdom/browser/not-implemented.js:9:17)
    at /home/siegfriedneto/projects/servicedeskn1/frontend/app/node_modules/jsdom/lib/jsdom/browser/Window.js:960:7
    at Object.fn (file:///home/siegfriedneto/projects/servicedeskn1/frontend/app/node_modules/@tanstack/router-core/dist/esm/scroll-restoration.js:180:27)
    at RouterCore.emit (file:///home/siegfriedneto/projects/servicedeskn1/frontend/app/node_modules/@tanstack/router-core/dist/esm/router.js:178:14)
    at file:///home/siegfriedneto/projects/servicedeskn1/frontend/app/node_modules/@tanstack/react-router/dist/esm/Transitioner.js:46:25
    at settleOwner (file:///home/siegfriedneto/projects/servicedeskn1/frontend/app/node_modules/@tanstack/react-router/dist/esm/Transitioner.js:10:10)
    at file:///home/siegfriedneto/projects/servicedeskn1/frontend/app/node_modules/@tanstack/react-router/dist/esm/Matches.js:38:39
    at Object.react_stack_bottom_frame (/home/siegfriedneto/projects/servicedeskn1/frontend/app/node_modules/react-dom/cjs/react-dom-client.development.js:25989:20)
    at runWithFiberInDEV (/home/siegfriedneto/projects/servicedeskn1/frontend/app/node_modules/react-dom/cjs/react-dom-client.development.js:874:13)
    at commitHookEffectListMount (/home/siegfriedneto/projects/servicedeskn1/frontend/app/node_modules/react-dom/cjs/react-dom-client.development.js:13249:29) undefined
Error: Not implemented: window.scrollTo
    at module.exports (/home/siegfriedneto/projects/servicedeskn1/frontend/app/node_modules/jsdom/lib/jsdom/browser/not-implemented.js:9:17)
    at /home/siegfriedneto/projects/servicedeskn1/frontend/app/node_modules/jsdom/lib/jsdom/browser/Window.js:960:7
    at Object.fn (file:///home/siegfriedneto/projects/servicedeskn1/frontend/app/node_modules/@tanstack/router-core/dist/esm/scroll-restoration.js:180:27)
    at RouterCore.emit (file:///home/siegfriedneto/projects/servicedeskn1/frontend/app/node_modules/@tanstack/router-core/dist/esm/router.js:178:14)
    at file:///home/siegfriedneto/projects/servicedeskn1/frontend/app/node_modules/@tanstack/react-router/dist/esm/Transitioner.js:46:25
    at settleOwner (file:///home/siegfriedneto/projects/servicedeskn1/frontend/app/node_modules/@tanstack/react-router/dist/esm/Transitioner.js:10:10)
    at file:///home/siegfriedneto/projects/servicedeskn1/frontend/app/node_modules/@tanstack/react-router/dist/esm/Matches.js:38:39
    at Object.react_stack_bottom_frame (/home/siegfriedneto/projects/servicedeskn1/frontend/app/node_modules/react-dom/cjs/react-dom-client.development.js:25989:20)
    at runWithFiberInDEV (/home/siegfriedneto/projects/servicedeskn1/frontend/app/node_modules/react-dom/cjs/react-dom-client.development.js:874:13)
    at commitHookEffectListMount (/home/siegfriedneto/projects/servicedeskn1/frontend/app/node_modules/react-dom/cjs/react-dom-client.development.js:13249:29) undefined
Error: Not implemented: window.scrollTo
    at module.exports (/home/siegfriedneto/projects/servicedeskn1/frontend/app/node_modules/jsdom/lib/jsdom/browser/not-implemented.js:9:17)
    at /home/siegfriedneto/projects/servicedeskn1/frontend/app/node_modules/jsdom/lib/jsdom/browser/Window.js:960:7
    at Object.fn (file:///home/siegfriedneto/projects/servicedeskn1/frontend/app/node_modules/@tanstack/router-core/dist/esm/scroll-restoration.js:180:27)
    at RouterCore.emit (file:///home/siegfriedneto/projects/servicedeskn1/frontend/app/node_modules/@tanstack/router-core/dist/esm/router.js:178:14)
    at file:///home/siegfriedneto/projects/servicedeskn1/frontend/app/node_modules/@tanstack/router-core/dist/esm/load-client.js:943:46
    at Router.batch (file:///home/siegfriedneto/projects/servicedeskn1/frontend/app/node_modules/@tanstack/store/dist/esm/atom.js:39:5)
    at file:///home/siegfriedneto/projects/servicedeskn1/frontend/app/node_modules/@tanstack/router-core/dist/esm/load-client.js:936:10
    at runClientTransaction (file:///home/siegfriedneto/projects/servicedeskn1/frontend/app/node_modules/@tanstack/router-core/dist/esm/load-client.js:902:2)
    at loadClientRoute (file:///home/siegfriedneto/projects/servicedeskn1/frontend/app/node_modules/@tanstack/router-core/dist/esm/load-client.js:1034:2)
    at RouterCore.load (file:///home/siegfriedneto/projects/servicedeskn1/frontend/app/node_modules/@tanstack/router-core/dist/esm/router.js:489:4) undefined
Error: Not implemented: window.scrollTo
    at module.exports (/home/siegfriedneto/projects/servicedeskn1/frontend/app/node_modules/jsdom/lib/jsdom/browser/not-implemented.js:9:17)
    at /home/siegfriedneto/projects/servicedeskn1/frontend/app/node_modules/jsdom/lib/jsdom/browser/Window.js:960:7
    at Object.fn (file:///home/siegfriedneto/projects/servicedeskn1/frontend/app/node_modules/@tanstack/router-core/dist/esm/scroll-restoration.js:180:27)
    at RouterCore.emit (file:///home/siegfriedneto/projects/servicedeskn1/frontend/app/node_modules/@tanstack/router-core/dist/esm/router.js:178:14)
    at file:///home/siegfriedneto/projects/servicedeskn1/frontend/app/node_modules/@tanstack/react-router/dist/esm/Transitioner.js:46:25
    at settleOwner (file:///home/siegfriedneto/projects/servicedeskn1/frontend/app/node_modules/@tanstack/react-router/dist/esm/Transitioner.js:10:10)
    at file:///home/siegfriedneto/projects/servicedeskn1/frontend/app/node_modules/@tanstack/react-router/dist/esm/Matches.js:38:39
    at Object.react_stack_bottom_frame (/home/siegfriedneto/projects/servicedeskn1/frontend/app/node_modules/react-dom/cjs/react-dom-client.development.js:25989:20)
    at runWithFiberInDEV (/home/siegfriedneto/projects/servicedeskn1/frontend/app/node_modules/react-dom/cjs/react-dom-client.development.js:874:13)
    at commitHookEffectListMount (/home/siegfriedneto/projects/servicedeskn1/frontend/app/node_modules/react-dom/cjs/react-dom-client.development.js:13249:29) undefined
Error: Not implemented: window.scrollTo
    at module.exports (/home/siegfriedneto/projects/servicedeskn1/frontend/app/node_modules/jsdom/lib/jsdom/browser/not-implemented.js:9:17)
    at /home/siegfriedneto/projects/servicedeskn1/frontend/app/node_modules/jsdom/lib/jsdom/browser/Window.js:960:7
    at Object.fn (file:///home/siegfriedneto/projects/servicedeskn1/frontend/app/node_modules/@tanstack/router-core/dist/esm/scroll-restoration.js:180:27)
    at RouterCore.emit (file:///home/siegfriedneto/projects/servicedeskn1/frontend/app/node_modules/@tanstack/router-core/dist/esm/router.js:178:14)
    at file:///home/siegfriedneto/projects/servicedeskn1/frontend/app/node_modules/@tanstack/react-router/dist/esm/Transitioner.js:46:25
    at settleOwner (file:///home/siegfriedneto/projects/servicedeskn1/frontend/app/node_modules/@tanstack/react-router/dist/esm/Transitioner.js:10:10)
    at file:///home/siegfriedneto/projects/servicedeskn1/frontend/app/node_modules/@tanstack/react-router/dist/esm/Matches.js:38:39
    at Object.react_stack_bottom_frame (/home/siegfriedneto/projects/servicedeskn1/frontend/app/node_modules/react-dom/cjs/react-dom-client.development.js:25989:20)
    at runWithFiberInDEV (/home/siegfriedneto/projects/servicedeskn1/frontend/app/node_modules/react-dom/cjs/react-dom-client.development.js:874:13)
    at commitHookEffectListMount (/home/siegfriedneto/projects/servicedeskn1/frontend/app/node_modules/react-dom/cjs/react-dom-client.development.js:13249:29) undefined
Error: Not implemented: window.scrollTo
    at module.exports (/home/siegfriedneto/projects/servicedeskn1/frontend/app/node_modules/jsdom/lib/jsdom/browser/not-implemented.js:9:17)
    at /home/siegfriedneto/projects/servicedeskn1/frontend/app/node_modules/jsdom/lib/jsdom/browser/Window.js:960:7
    at Object.fn (file:///home/siegfriedneto/projects/servicedeskn1/frontend/app/node_modules/@tanstack/router-core/dist/esm/scroll-restoration.js:180:27)
    at RouterCore.emit (file:///home/siegfriedneto/projects/servicedeskn1/frontend/app/node_modules/@tanstack/router-core/dist/esm/router.js:178:14)
    at file:///home/siegfriedneto/projects/servicedeskn1/frontend/app/node_modules/@tanstack/react-router/dist/esm/Transitioner.js:46:25
    at settleOwner (file:///home/siegfriedneto/projects/servicedeskn1/frontend/app/node_modules/@tanstack/react-router/dist/esm/Transitioner.js:10:10)
    at file:///home/siegfriedneto/projects/servicedeskn1/frontend/app/node_modules/@tanstack/react-router/dist/esm/Matches.js:38:39
    at Object.react_stack_bottom_frame (/home/siegfriedneto/projects/servicedeskn1/frontend/app/node_modules/react-dom/cjs/react-dom-client.development.js:25989:20)
    at runWithFiberInDEV (/home/siegfriedneto/projects/servicedeskn1/frontend/app/node_modules/react-dom/cjs/react-dom-client.development.js:874:13)
    at commitHookEffectListMount (/home/siegfriedneto/projects/servicedeskn1/frontend/app/node_modules/react-dom/cjs/react-dom-client.development.js:13249:29) undefined
Error: Not implemented: window.scrollTo
    at module.exports (/home/siegfriedneto/projects/servicedeskn1/frontend/app/node_modules/jsdom/lib/jsdom/browser/not-implemented.js:9:17)
    at /home/siegfriedneto/projects/servicedeskn1/frontend/app/node_modules/jsdom/lib/jsdom/browser/Window.js:960:7
    at Object.fn (file:///home/siegfriedneto/projects/servicedeskn1/frontend/app/node_modules/@tanstack/router-core/dist/esm/scroll-restoration.js:180:27)
    at RouterCore.emit (file:///home/siegfriedneto/projects/servicedeskn1/frontend/app/node_modules/@tanstack/router-core/dist/esm/router.js:178:14)
    at file:///home/siegfriedneto/projects/servicedeskn1/frontend/app/node_modules/@tanstack/react-router/dist/esm/Transitioner.js:46:25
    at settleOwner (file:///home/siegfriedneto/projects/servicedeskn1/frontend/app/node_modules/@tanstack/react-router/dist/esm/Transitioner.js:10:10)
    at file:///home/siegfriedneto/projects/servicedeskn1/frontend/app/node_modules/@tanstack/react-router/dist/esm/Matches.js:38:39
    at Object.react_stack_bottom_frame (/home/siegfriedneto/projects/servicedeskn1/frontend/app/node_modules/react-dom/cjs/react-dom-client.development.js:25989:20)
    at runWithFiberInDEV (/home/siegfriedneto/projects/servicedeskn1/frontend/app/node_modules/react-dom/cjs/react-dom-client.development.js:874:13)
    at commitHookEffectListMount (/home/siegfriedneto/projects/servicedeskn1/frontend/app/node_modules/react-dom/cjs/react-dom-client.development.js:13249:29) undefined
Error: Not implemented: window.scrollTo
    at module.exports (/home/siegfriedneto/projects/servicedeskn1/frontend/app/node_modules/jsdom/lib/jsdom/browser/not-implemented.js:9:17)
    at /home/siegfriedneto/projects/servicedeskn1/frontend/app/node_modules/jsdom/lib/jsdom/browser/Window.js:960:7
    at Object.fn (file:///home/siegfriedneto/projects/servicedeskn1/frontend/app/node_modules/@tanstack/router-core/dist/esm/scroll-restoration.js:180:27)
    at RouterCore.emit (file:///home/siegfriedneto/projects/servicedeskn1/frontend/app/node_modules/@tanstack/router-core/dist/esm/router.js:178:14)
    at file:///home/siegfriedneto/projects/servicedeskn1/frontend/app/node_modules/@tanstack/react-router/dist/esm/Transitioner.js:46:25
    at settleOwner (file:///home/siegfriedneto/projects/servicedeskn1/frontend/app/node_modules/@tanstack/react-router/dist/esm/Transitioner.js:10:10)
    at file:///home/siegfriedneto/projects/servicedeskn1/frontend/app/node_modules/@tanstack/react-router/dist/esm/Matches.js:38:39
    at Object.react_stack_bottom_frame (/home/siegfriedneto/projects/servicedeskn1/frontend/app/node_modules/react-dom/cjs/react-dom-client.development.js:25989:20)
    at runWithFiberInDEV (/home/siegfriedneto/projects/servicedeskn1/frontend/app/node_modules/react-dom/cjs/react-dom-client.development.js:874:13)
    at commitHookEffectListMount (/home/siegfriedneto/projects/servicedeskn1/frontend/app/node_modules/react-dom/cjs/react-dom-client.development.js:13249:29) undefined
Error: Not implemented: window.scrollTo
    at module.exports (/home/siegfriedneto/projects/servicedeskn1/frontend/app/node_modules/jsdom/lib/jsdom/browser/not-implemented.js:9:17)
    at /home/siegfriedneto/projects/servicedeskn1/frontend/app/node_modules/jsdom/lib/jsdom/browser/Window.js:960:7
    at Object.fn (file:///home/siegfriedneto/projects/servicedeskn1/frontend/app/node_modules/@tanstack/router-core/dist/esm/scroll-restoration.js:180:27)
    at RouterCore.emit (file:///home/siegfriedneto/projects/servicedeskn1/frontend/app/node_modules/@tanstack/router-core/dist/esm/router.js:178:14)
    at file:///home/siegfriedneto/projects/servicedeskn1/frontend/app/node_modules/@tanstack/router-core/dist/esm/load-client.js:943:46
    at Router.batch (file:///home/siegfriedneto/projects/servicedeskn1/frontend/app/node_modules/@tanstack/store/dist/esm/atom.js:39:5)
    at file:///home/siegfriedneto/projects/servicedeskn1/frontend/app/node_modules/@tanstack/router-core/dist/esm/load-client.js:936:10
    at runClientTransaction (file:///home/siegfriedneto/projects/servicedeskn1/frontend/app/node_modules/@tanstack/router-core/dist/esm/load-client.js:902:2)
    at loadClientRoute (file:///home/siegfriedneto/projects/servicedeskn1/frontend/app/node_modules/@tanstack/router-core/dist/esm/load-client.js:1034:2)
    at RouterCore.load (file:///home/siegfriedneto/projects/servicedeskn1/frontend/app/node_modules/@tanstack/router-core/dist/esm/router.js:489:4) undefined
Error: Not implemented: window.scrollTo
    at module.exports (/home/siegfriedneto/projects/servicedeskn1/frontend/app/node_modules/jsdom/lib/jsdom/browser/not-implemented.js:9:17)
    at /home/siegfriedneto/projects/servicedeskn1/frontend/app/node_modules/jsdom/lib/jsdom/browser/Window.js:960:7
    at Object.fn (file:///home/siegfriedneto/projects/servicedeskn1/frontend/app/node_modules/@tanstack/router-core/dist/esm/scroll-restoration.js:180:27)
    at RouterCore.emit (file:///home/siegfriedneto/projects/servicedeskn1/frontend/app/node_modules/@tanstack/router-core/dist/esm/router.js:178:14)
    at file:///home/siegfriedneto/projects/servicedeskn1/frontend/app/node_modules/@tanstack/react-router/dist/esm/Transitioner.js:46:25
    at settleOwner (file:///home/siegfriedneto/projects/servicedeskn1/frontend/app/node_modules/@tanstack/react-router/dist/esm/Transitioner.js:10:10)
    at file:///home/siegfriedneto/projects/servicedeskn1/frontend/app/node_modules/@tanstack/react-router/dist/esm/Matches.js:38:39
    at Object.react_stack_bottom_frame (/home/siegfriedneto/projects/servicedeskn1/frontend/app/node_modules/react-dom/cjs/react-dom-client.development.js:25989:20)
    at runWithFiberInDEV (/home/siegfriedneto/projects/servicedeskn1/frontend/app/node_modules/react-dom/cjs/react-dom-client.development.js:874:13)
    at commitHookEffectListMount (/home/siegfriedneto/projects/servicedeskn1/frontend/app/node_modules/react-dom/cjs/react-dom-client.development.js:13249:29) undefined
Error: Not implemented: window.scrollTo
    at module.exports (/home/siegfriedneto/projects/servicedeskn1/frontend/app/node_modules/jsdom/lib/jsdom/browser/not-implemented.js:9:17)
    at /home/siegfriedneto/projects/servicedeskn1/frontend/app/node_modules/jsdom/lib/jsdom/browser/Window.js:960:7
    at Object.fn (file:///home/siegfriedneto/projects/servicedeskn1/frontend/app/node_modules/@tanstack/router-core/dist/esm/scroll-restoration.js:180:27)
    at RouterCore.emit (file:///home/siegfriedneto/projects/servicedeskn1/frontend/app/node_modules/@tanstack/router-core/dist/esm/router.js:178:14)
    at file:///home/siegfriedneto/projects/servicedeskn1/frontend/app/node_modules/@tanstack/react-router/dist/esm/Transitioner.js:46:25
    at settleOwner (file:///home/siegfriedneto/projects/servicedeskn1/frontend/app/node_modules/@tanstack/react-router/dist/esm/Transitioner.js:10:10)
    at file:///home/siegfriedneto/projects/servicedeskn1/frontend/app/node_modules/@tanstack/react-router/dist/esm/Matches.js:38:39
    at Object.react_stack_bottom_frame (/home/siegfriedneto/projects/servicedeskn1/frontend/app/node_modules/react-dom/cjs/react-dom-client.development.js:25989:20)
    at runWithFiberInDEV (/home/siegfriedneto/projects/servicedeskn1/frontend/app/node_modules/react-dom/cjs/react-dom-client.development.js:874:13)
    at commitHookEffectListMount (/home/siegfriedneto/projects/servicedeskn1/frontend/app/node_modules/react-dom/cjs/react-dom-client.development.js:13249:29) undefined
Error: Not implemented: window.scrollTo
    at module.exports (/home/siegfriedneto/projects/servicedeskn1/frontend/app/node_modules/jsdom/lib/jsdom/browser/not-implemented.js:9:17)
    at /home/siegfriedneto/projects/servicedeskn1/frontend/app/node_modules/jsdom/lib/jsdom/browser/Window.js:960:7
    at Object.fn (file:///home/siegfriedneto/projects/servicedeskn1/frontend/app/node_modules/@tanstack/router-core/dist/esm/scroll-restoration.js:180:27)
    at RouterCore.emit (file:///home/siegfriedneto/projects/servicedeskn1/frontend/app/node_modules/@tanstack/router-core/dist/esm/router.js:178:14)
    at file:///home/siegfriedneto/projects/servicedeskn1/frontend/app/node_modules/@tanstack/router-core/dist/esm/load-client.js:943:46
    at Router.batch (file:///home/siegfriedneto/projects/servicedeskn1/frontend/app/node_modules/@tanstack/store/dist/esm/atom.js:39:5)
    at file:///home/siegfriedneto/projects/servicedeskn1/frontend/app/node_modules/@tanstack/router-core/dist/esm/load-client.js:936:10
    at runClientTransaction (file:///home/siegfriedneto/projects/servicedeskn1/frontend/app/node_modules/@tanstack/router-core/dist/esm/load-client.js:902:2)
    at loadClientRoute (file:///home/siegfriedneto/projects/servicedeskn1/frontend/app/node_modules/@tanstack/router-core/dist/esm/load-client.js:1034:2)
    at RouterCore.load (file:///home/siegfriedneto/projects/servicedeskn1/frontend/app/node_modules/@tanstack/router-core/dist/esm/router.js:489:4) undefined
Error: Not implemented: window.scrollTo
    at module.exports (/home/siegfriedneto/projects/servicedeskn1/frontend/app/node_modules/jsdom/lib/jsdom/browser/not-implemented.js:9:17)
    at /home/siegfriedneto/projects/servicedeskn1/frontend/app/node_modules/jsdom/lib/jsdom/browser/Window.js:960:7
    at Object.fn (file:///home/siegfriedneto/projects/servicedeskn1/frontend/app/node_modules/@tanstack/router-core/dist/esm/scroll-restoration.js:180:27)
    at RouterCore.emit (file:///home/siegfriedneto/projects/servicedeskn1/frontend/app/node_modules/@tanstack/router-core/dist/esm/router.js:178:14)
    at file:///home/siegfriedneto/projects/servicedeskn1/frontend/app/node_modules/@tanstack/react-router/dist/esm/Transitioner.js:46:25
    at settleOwner (file:///home/siegfriedneto/projects/servicedeskn1/frontend/app/node_modules/@tanstack/react-router/dist/esm/Transitioner.js:10:10)
    at file:///home/siegfriedneto/projects/servicedeskn1/frontend/app/node_modules/@tanstack/react-router/dist/esm/Matches.js:38:39
    at Object.react_stack_bottom_frame (/home/siegfriedneto/projects/servicedeskn1/frontend/app/node_modules/react-dom/cjs/react-dom-client.development.js:25989:20)
    at runWithFiberInDEV (/home/siegfriedneto/projects/servicedeskn1/frontend/app/node_modules/react-dom/cjs/react-dom-client.development.js:874:13)
    at commitHookEffectListMount (/home/siegfriedneto/projects/servicedeskn1/frontend/app/node_modules/react-dom/cjs/react-dom-client.development.js:13249:29) undefined
Error: Not implemented: window.scrollTo
    at module.exports (/home/siegfriedneto/projects/servicedeskn1/frontend/app/node_modules/jsdom/lib/jsdom/browser/not-implemented.js:9:17)
    at /home/siegfriedneto/projects/servicedeskn1/frontend/app/node_modules/jsdom/lib/jsdom/browser/Window.js:960:7
    at Object.fn (file:///home/siegfriedneto/projects/servicedeskn1/frontend/app/node_modules/@tanstack/router-core/dist/esm/scroll-restoration.js:180:27)
    at RouterCore.emit (file:///home/siegfriedneto/projects/servicedeskn1/frontend/app/node_modules/@tanstack/router-core/dist/esm/router.js:178:14)
    at file:///home/siegfriedneto/projects/servicedeskn1/frontend/app/node_modules/@tanstack/react-router/dist/esm/Transitioner.js:46:25
    at settleOwner (file:///home/siegfriedneto/projects/servicedeskn1/frontend/app/node_modules/@tanstack/react-router/dist/esm/Transitioner.js:10:10)
    at file:///home/siegfriedneto/projects/servicedeskn1/frontend/app/node_modules/@tanstack/react-router/dist/esm/Matches.js:38:39
    at Object.react_stack_bottom_frame (/home/siegfriedneto/projects/servicedeskn1/frontend/app/node_modules/react-dom/cjs/react-dom-client.development.js:25989:20)
    at runWithFiberInDEV (/home/siegfriedneto/projects/servicedeskn1/frontend/app/node_modules/react-dom/cjs/react-dom-client.development.js:874:13)
    at commitHookEffectListMount (/home/siegfriedneto/projects/servicedeskn1/frontend/app/node_modules/react-dom/cjs/react-dom-client.development.js:13249:29) undefined
Error: Not implemented: window.scrollTo
    at module.exports (/home/siegfriedneto/projects/servicedeskn1/frontend/app/node_modules/jsdom/lib/jsdom/browser/not-implemented.js:9:17)
    at /home/siegfriedneto/projects/servicedeskn1/frontend/app/node_modules/jsdom/lib/jsdom/browser/Window.js:960:7
    at Object.fn (file:///home/siegfriedneto/projects/servicedeskn1/frontend/app/node_modules/@tanstack/router-core/dist/esm/scroll-restoration.js:180:27)
    at RouterCore.emit (file:///home/siegfriedneto/projects/servicedeskn1/frontend/app/node_modules/@tanstack/router-core/dist/esm/router.js:178:14)
    at file:///home/siegfriedneto/projects/servicedeskn1/frontend/app/node_modules/@tanstack/react-router/dist/esm/Transitioner.js:46:25
    at settleOwner (file:///home/siegfriedneto/projects/servicedeskn1/frontend/app/node_modules/@tanstack/react-router/dist/esm/Transitioner.js:10:10)
    at file:///home/siegfriedneto/projects/servicedeskn1/frontend/app/node_modules/@tanstack/react-router/dist/esm/Matches.js:38:39
    at Object.react_stack_bottom_frame (/home/siegfriedneto/projects/servicedeskn1/frontend/app/node_modules/react-dom/cjs/react-dom-client.development.js:25989:20)
    at runWithFiberInDEV (/home/siegfriedneto/projects/servicedeskn1/frontend/app/node_modules/react-dom/cjs/react-dom-client.development.js:874:13)
    at commitHookEffectListMount (/home/siegfriedneto/projects/servicedeskn1/frontend/app/node_modules/react-dom/cjs/react-dom-client.development.js:13249:29) undefined
Error: Not implemented: window.scrollTo
    at module.exports (/home/siegfriedneto/projects/servicedeskn1/frontend/app/node_modules/jsdom/lib/jsdom/browser/not-implemented.js:9:17)
    at /home/siegfriedneto/projects/servicedeskn1/frontend/app/node_modules/jsdom/lib/jsdom/browser/Window.js:960:7
    at Object.fn (file:///home/siegfriedneto/projects/servicedeskn1/frontend/app/node_modules/@tanstack/router-core/dist/esm/scroll-restoration.js:180:27)
    at RouterCore.emit (file:///home/siegfriedneto/projects/servicedeskn1/frontend/app/node_modules/@tanstack/router-core/dist/esm/router.js:178:14)
    at file:///home/siegfriedneto/projects/servicedeskn1/frontend/app/node_modules/@tanstack/router-core/dist/esm/load-client.js:943:46
    at Router.batch (file:///home/siegfriedneto/projects/servicedeskn1/frontend/app/node_modules/@tanstack/store/dist/esm/atom.js:39:5)
    at file:///home/siegfriedneto/projects/servicedeskn1/frontend/app/node_modules/@tanstack/router-core/dist/esm/load-client.js:936:10
    at runClientTransaction (file:///home/siegfriedneto/projects/servicedeskn1/frontend/app/node_modules/@tanstack/router-core/dist/esm/load-client.js:902:2)
    at loadClientRoute (file:///home/siegfriedneto/projects/servicedeskn1/frontend/app/node_modules/@tanstack/router-core/dist/esm/load-client.js:1034:2)
    at RouterCore.load (file:///home/siegfriedneto/projects/servicedeskn1/frontend/app/node_modules/@tanstack/router-core/dist/esm/router.js:489:4) undefined
Error: Not implemented: window.scrollTo
    at module.exports (/home/siegfriedneto/projects/servicedeskn1/frontend/app/node_modules/jsdom/lib/jsdom/browser/not-implemented.js:9:17)
    at /home/siegfriedneto/projects/servicedeskn1/frontend/app/node_modules/jsdom/lib/jsdom/browser/Window.js:960:7
    at Object.fn (file:///home/siegfriedneto/projects/servicedeskn1/frontend/app/node_modules/@tanstack/router-core/dist/esm/scroll-restoration.js:180:27)
    at RouterCore.emit (file:///home/siegfriedneto/projects/servicedeskn1/frontend/app/node_modules/@tanstack/router-core/dist/esm/router.js:178:14)
    at file:///home/siegfriedneto/projects/servicedeskn1/frontend/app/node_modules/@tanstack/react-router/dist/esm/Transitioner.js:46:25
    at settleOwner (file:///home/siegfriedneto/projects/servicedeskn1/frontend/app/node_modules/@tanstack/react-router/dist/esm/Transitioner.js:10:10)
    at file:///home/siegfriedneto/projects/servicedeskn1/frontend/app/node_modules/@tanstack/react-router/dist/esm/Matches.js:38:39
    at Object.react_stack_bottom_frame (/home/siegfriedneto/projects/servicedeskn1/frontend/app/node_modules/react-dom/cjs/react-dom-client.development.js:25989:20)
    at runWithFiberInDEV (/home/siegfriedneto/projects/servicedeskn1/frontend/app/node_modules/react-dom/cjs/react-dom-client.development.js:874:13)
    at commitHookEffectListMount (/home/siegfriedneto/projects/servicedeskn1/frontend/app/node_modules/react-dom/cjs/react-dom-client.development.js:13249:29) undefined
Error: Not implemented: window.scrollTo
    at module.exports (/home/siegfriedneto/projects/servicedeskn1/frontend/app/node_modules/jsdom/lib/jsdom/browser/not-implemented.js:9:17)
    at /home/siegfriedneto/projects/servicedeskn1/frontend/app/node_modules/jsdom/lib/jsdom/browser/Window.js:960:7
    at Object.fn (file:///home/siegfriedneto/projects/servicedeskn1/frontend/app/node_modules/@tanstack/router-core/dist/esm/scroll-restoration.js:180:27)
    at RouterCore.emit (file:///home/siegfriedneto/projects/servicedeskn1/frontend/app/node_modules/@tanstack/router-core/dist/esm/router.js:178:14)
    at file:///home/siegfriedneto/projects/servicedeskn1/frontend/app/node_modules/@tanstack/react-router/dist/esm/Transitioner.js:46:25
    at settleOwner (file:///home/siegfriedneto/projects/servicedeskn1/frontend/app/node_modules/@tanstack/react-router/dist/esm/Transitioner.js:10:10)
    at file:///home/siegfriedneto/projects/servicedeskn1/frontend/app/node_modules/@tanstack/react-router/dist/esm/Matches.js:38:39
    at Object.react_stack_bottom_frame (/home/siegfriedneto/projects/servicedeskn1/frontend/app/node_modules/react-dom/cjs/react-dom-client.development.js:25989:20)
    at runWithFiberInDEV (/home/siegfriedneto/projects/servicedeskn1/frontend/app/node_modules/react-dom/cjs/react-dom-client.development.js:874:13)
    at commitHookEffectListMount (/home/siegfriedneto/projects/servicedeskn1/frontend/app/node_modules/react-dom/cjs/react-dom-client.development.js:13249:29) undefined
Error: Not implemented: window.scrollTo
    at module.exports (/home/siegfriedneto/projects/servicedeskn1/frontend/app/node_modules/jsdom/lib/jsdom/browser/not-implemented.js:9:17)
    at /home/siegfriedneto/projects/servicedeskn1/frontend/app/node_modules/jsdom/lib/jsdom/browser/Window.js:960:7
    at Object.fn (file:///home/siegfriedneto/projects/servicedeskn1/frontend/app/node_modules/@tanstack/router-core/dist/esm/scroll-restoration.js:180:27)
    at RouterCore.emit (file:///home/siegfriedneto/projects/servicedeskn1/frontend/app/node_modules/@tanstack/router-core/dist/esm/router.js:178:14)
    at file:///home/siegfriedneto/projects/servicedeskn1/frontend/app/node_modules/@tanstack/react-router/dist/esm/Transitioner.js:46:25
    at settleOwner (file:///home/siegfriedneto/projects/servicedeskn1/frontend/app/node_modules/@tanstack/react-router/dist/esm/Transitioner.js:10:10)
    at file:///home/siegfriedneto/projects/servicedeskn1/frontend/app/node_modules/@tanstack/react-router/dist/esm/Matches.js:38:39
    at Object.react_stack_bottom_frame (/home/siegfriedneto/projects/servicedeskn1/frontend/app/node_modules/react-dom/cjs/react-dom-client.development.js:25989:20)
    at runWithFiberInDEV (/home/siegfriedneto/projects/servicedeskn1/frontend/app/node_modules/react-dom/cjs/react-dom-client.development.js:874:13)
    at commitHookEffectListMount (/home/siegfriedneto/projects/servicedeskn1/frontend/app/node_modules/react-dom/cjs/react-dom-client.development.js:13249:29) undefined
Error: Not implemented: window.scrollTo
    at module.exports (/home/siegfriedneto/projects/servicedeskn1/frontend/app/node_modules/jsdom/lib/jsdom/browser/not-implemented.js:9:17)
    at /home/siegfriedneto/projects/servicedeskn1/frontend/app/node_modules/jsdom/lib/jsdom/browser/Window.js:960:7
    at Object.fn (file:///home/siegfriedneto/projects/servicedeskn1/frontend/app/node_modules/@tanstack/router-core/dist/esm/scroll-restoration.js:180:27)
    at RouterCore.emit (file:///home/siegfriedneto/projects/servicedeskn1/frontend/app/node_modules/@tanstack/router-core/dist/esm/router.js:178:14)
    at file:///home/siegfriedneto/projects/servicedeskn1/frontend/app/node_modules/@tanstack/react-router/dist/esm/Transitioner.js:46:25
    at settleOwner (file:///home/siegfriedneto/projects/servicedeskn1/frontend/app/node_modules/@tanstack/react-router/dist/esm/Transitioner.js:10:10)
    at file:///home/siegfriedneto/projects/servicedeskn1/frontend/app/node_modules/@tanstack/react-router/dist/esm/Matches.js:38:39
    at Object.react_stack_bottom_frame (/home/siegfriedneto/projects/servicedeskn1/frontend/app/node_modules/react-dom/cjs/react-dom-client.development.js:25989:20)
    at runWithFiberInDEV (/home/siegfriedneto/projects/servicedeskn1/frontend/app/node_modules/react-dom/cjs/react-dom-client.development.js:874:13)
    at commitHookEffectListMount (/home/siegfriedneto/projects/servicedeskn1/frontend/app/node_modules/react-dom/cjs/react-dom-client.development.js:13249:29) undefined
Error: Not implemented: window.scrollTo
    at module.exports (/home/siegfriedneto/projects/servicedeskn1/frontend/app/node_modules/jsdom/lib/jsdom/browser/not-implemented.js:9:17)
    at /home/siegfriedneto/projects/servicedeskn1/frontend/app/node_modules/jsdom/lib/jsdom/browser/Window.js:960:7
    at Object.fn (file:///home/siegfriedneto/projects/servicedeskn1/frontend/app/node_modules/@tanstack/router-core/dist/esm/scroll-restoration.js:180:27)
    at RouterCore.emit (file:///home/siegfriedneto/projects/servicedeskn1/frontend/app/node_modules/@tanstack/router-core/dist/esm/router.js:178:14)
    at file:///home/siegfriedneto/projects/servicedeskn1/frontend/app/node_modules/@tanstack/router-core/dist/esm/load-client.js:943:46
    at Router.batch (file:///home/siegfriedneto/projects/servicedeskn1/frontend/app/node_modules/@tanstack/store/dist/esm/atom.js:39:5)
    at file:///home/siegfriedneto/projects/servicedeskn1/frontend/app/node_modules/@tanstack/router-core/dist/esm/load-client.js:936:10
    at runClientTransaction (file:///home/siegfriedneto/projects/servicedeskn1/frontend/app/node_modules/@tanstack/router-core/dist/esm/load-client.js:902:2)
    at loadClientRoute (file:///home/siegfriedneto/projects/servicedeskn1/frontend/app/node_modules/@tanstack/router-core/dist/esm/load-client.js:1034:2)
    at RouterCore.load (file:///home/siegfriedneto/projects/servicedeskn1/frontend/app/node_modules/@tanstack/router-core/dist/esm/router.js:489:4) undefined
Error: Not implemented: window.scrollTo
    at module.exports (/home/siegfriedneto/projects/servicedeskn1/frontend/app/node_modules/jsdom/lib/jsdom/browser/not-implemented.js:9:17)
    at /home/siegfriedneto/projects/servicedeskn1/frontend/app/node_modules/jsdom/lib/jsdom/browser/Window.js:960:7
    at Object.fn (file:///home/siegfriedneto/projects/servicedeskn1/frontend/app/node_modules/@tanstack/router-core/dist/esm/scroll-restoration.js:180:27)
    at RouterCore.emit (file:///home/siegfriedneto/projects/servicedeskn1/frontend/app/node_modules/@tanstack/router-core/dist/esm/router.js:178:14)
    at file:///home/siegfriedneto/projects/servicedeskn1/frontend/app/node_modules/@tanstack/react-router/dist/esm/Transitioner.js:46:25
    at settleOwner (file:///home/siegfriedneto/projects/servicedeskn1/frontend/app/node_modules/@tanstack/react-router/dist/esm/Transitioner.js:10:10)
    at file:///home/siegfriedneto/projects/servicedeskn1/frontend/app/node_modules/@tanstack/react-router/dist/esm/Matches.js:38:39
    at Object.react_stack_bottom_frame (/home/siegfriedneto/projects/servicedeskn1/frontend/app/node_modules/react-dom/cjs/react-dom-client.development.js:25989:20)
    at runWithFiberInDEV (/home/siegfriedneto/projects/servicedeskn1/frontend/app/node_modules/react-dom/cjs/react-dom-client.development.js:874:13)
    at commitHookEffectListMount (/home/siegfriedneto/projects/servicedeskn1/frontend/app/node_modules/react-dom/cjs/react-dom-client.development.js:13249:29) undefined
Error: Not implemented: window.scrollTo
    at module.exports (/home/siegfriedneto/projects/servicedeskn1/frontend/app/node_modules/jsdom/lib/jsdom/browser/not-implemented.js:9:17)
    at /home/siegfriedneto/projects/servicedeskn1/frontend/app/node_modules/jsdom/lib/jsdom/browser/Window.js:960:7
    at Object.fn (file:///home/siegfriedneto/projects/servicedeskn1/frontend/app/node_modules/@tanstack/router-core/dist/esm/scroll-restoration.js:180:27)
    at RouterCore.emit (file:///home/siegfriedneto/projects/servicedeskn1/frontend/app/node_modules/@tanstack/router-core/dist/esm/router.js:178:14)
    at file:///home/siegfriedneto/projects/servicedeskn1/frontend/app/node_modules/@tanstack/react-router/dist/esm/Transitioner.js:46:25
    at settleOwner (file:///home/siegfriedneto/projects/servicedeskn1/frontend/app/node_modules/@tanstack/react-router/dist/esm/Transitioner.js:10:10)
    at file:///home/siegfriedneto/projects/servicedeskn1/frontend/app/node_modules/@tanstack/react-router/dist/esm/Matches.js:38:39
    at Object.react_stack_bottom_frame (/home/siegfriedneto/projects/servicedeskn1/frontend/app/node_modules/react-dom/cjs/react-dom-client.development.js:25989:20)
    at runWithFiberInDEV (/home/siegfriedneto/projects/servicedeskn1/frontend/app/node_modules/react-dom/cjs/react-dom-client.development.js:874:13)
    at commitHookEffectListMount (/home/siegfriedneto/projects/servicedeskn1/frontend/app/node_modules/react-dom/cjs/react-dom-client.development.js:13249:29) undefined
Error: Not implemented: window.scrollTo
    at module.exports (/home/siegfriedneto/projects/servicedeskn1/frontend/app/node_modules/jsdom/lib/jsdom/browser/not-implemented.js:9:17)
    at /home/siegfriedneto/projects/servicedeskn1/frontend/app/node_modules/jsdom/lib/jsdom/browser/Window.js:960:7
    at Object.fn (file:///home/siegfriedneto/projects/servicedeskn1/frontend/app/node_modules/@tanstack/router-core/dist/esm/scroll-restoration.js:180:27)
    at RouterCore.emit (file:///home/siegfriedneto/projects/servicedeskn1/frontend/app/node_modules/@tanstack/router-core/dist/esm/router.js:178:14)
    at file:///home/siegfriedneto/projects/servicedeskn1/frontend/app/node_modules/@tanstack/react-router/dist/esm/Transitioner.js:46:25
    at settleOwner (file:///home/siegfriedneto/projects/servicedeskn1/frontend/app/node_modules/@tanstack/react-router/dist/esm/Transitioner.js:10:10)
    at file:///home/siegfriedneto/projects/servicedeskn1/frontend/app/node_modules/@tanstack/react-router/dist/esm/Matches.js:38:39
    at Object.react_stack_bottom_frame (/home/siegfriedneto/projects/servicedeskn1/frontend/app/node_modules/react-dom/cjs/react-dom-client.development.js:25989:20)
    at runWithFiberInDEV (/home/siegfriedneto/projects/servicedeskn1/frontend/app/node_modules/react-dom/cjs/react-dom-client.development.js:874:13)
    at commitHookEffectListMount (/home/siegfriedneto/projects/servicedeskn1/frontend/app/node_modules/react-dom/cjs/react-dom-client.development.js:13249:29) undefined
Error: Not implemented: window.scrollTo
    at module.exports (/home/siegfriedneto/projects/servicedeskn1/frontend/app/node_modules/jsdom/lib/jsdom/browser/not-implemented.js:9:17)
    at /home/siegfriedneto/projects/servicedeskn1/frontend/app/node_modules/jsdom/lib/jsdom/browser/Window.js:960:7
    at Object.fn (file:///home/siegfriedneto/projects/servicedeskn1/frontend/app/node_modules/@tanstack/router-core/dist/esm/scroll-restoration.js:180:27)
    at RouterCore.emit (file:///home/siegfriedneto/projects/servicedeskn1/frontend/app/node_modules/@tanstack/router-core/dist/esm/router.js:178:14)
    at file:///home/siegfriedneto/projects/servicedeskn1/frontend/app/node_modules/@tanstack/router-core/dist/esm/load-client.js:943:46
    at Router.batch (file:///home/siegfriedneto/projects/servicedeskn1/frontend/app/node_modules/@tanstack/store/dist/esm/atom.js:39:5)
    at file:///home/siegfriedneto/projects/servicedeskn1/frontend/app/node_modules/@tanstack/router-core/dist/esm/load-client.js:936:10
    at runClientTransaction (file:///home/siegfriedneto/projects/servicedeskn1/frontend/app/node_modules/@tanstack/router-core/dist/esm/load-client.js:902:2)
    at loadClientRoute (file:///home/siegfriedneto/projects/servicedeskn1/frontend/app/node_modules/@tanstack/router-core/dist/esm/load-client.js:1034:2)
    at RouterCore.load (file:///home/siegfriedneto/projects/servicedeskn1/frontend/app/node_modules/@tanstack/router-core/dist/esm/router.js:489:4) undefined
Error: Not implemented: window.scrollTo
    at module.exports (/home/siegfriedneto/projects/servicedeskn1/frontend/app/node_modules/jsdom/lib/jsdom/browser/not-implemented.js:9:17)
    at /home/siegfriedneto/projects/servicedeskn1/frontend/app/node_modules/jsdom/lib/jsdom/browser/Window.js:960:7
    at Object.fn (file:///home/siegfriedneto/projects/servicedeskn1/frontend/app/node_modules/@tanstack/router-core/dist/esm/scroll-restoration.js:180:27)
    at RouterCore.emit (file:///home/siegfriedneto/projects/servicedeskn1/frontend/app/node_modules/@tanstack/router-core/dist/esm/router.js:178:14)
    at file:///home/siegfriedneto/projects/servicedeskn1/frontend/app/node_modules/@tanstack/router-core/dist/esm/load-client.js:943:46
    at Router.batch (file:///home/siegfriedneto/projects/servicedeskn1/frontend/app/node_modules/@tanstack/store/dist/esm/atom.js:39:5)
    at file:///home/siegfriedneto/projects/servicedeskn1/frontend/app/node_modules/@tanstack/router-core/dist/esm/load-client.js:936:10
    at runClientTransaction (file:///home/siegfriedneto/projects/servicedeskn1/frontend/app/node_modules/@tanstack/router-core/dist/esm/load-client.js:902:2)
    at loadClientRoute (file:///home/siegfriedneto/projects/servicedeskn1/frontend/app/node_modules/@tanstack/router-core/dist/esm/load-client.js:1034:2)
    at RouterCore.load (file:///home/siegfriedneto/projects/servicedeskn1/frontend/app/node_modules/@tanstack/router-core/dist/esm/router.js:489:4) undefined
Error: Not implemented: window.scrollTo
    at module.exports (/home/siegfriedneto/projects/servicedeskn1/frontend/app/node_modules/jsdom/lib/jsdom/browser/not-implemented.js:9:17)
    at /home/siegfriedneto/projects/servicedeskn1/frontend/app/node_modules/jsdom/lib/jsdom/browser/Window.js:960:7
    at Object.fn (file:///home/siegfriedneto/projects/servicedeskn1/frontend/app/node_modules/@tanstack/router-core/dist/esm/scroll-restoration.js:180:27)
    at RouterCore.emit (file:///home/siegfriedneto/projects/servicedeskn1/frontend/app/node_modules/@tanstack/router-core/dist/esm/router.js:178:14)
    at file:///home/siegfriedneto/projects/servicedeskn1/frontend/app/node_modules/@tanstack/react-router/dist/esm/Transitioner.js:46:25
    at settleOwner (file:///home/siegfriedneto/projects/servicedeskn1/frontend/app/node_modules/@tanstack/react-router/dist/esm/Transitioner.js:10:10)
    at file:///home/siegfriedneto/projects/servicedeskn1/frontend/app/node_modules/@tanstack/react-router/dist/esm/Matches.js:38:39
    at Object.react_stack_bottom_frame (/home/siegfriedneto/projects/servicedeskn1/frontend/app/node_modules/react-dom/cjs/react-dom-client.development.js:25989:20)
    at runWithFiberInDEV (/home/siegfriedneto/projects/servicedeskn1/frontend/app/node_modules/react-dom/cjs/react-dom-client.development.js:874:13)
    at commitHookEffectListMount (/home/siegfriedneto/projects/servicedeskn1/frontend/app/node_modules/react-dom/cjs/react-dom-client.development.js:13249:29) undefined
Error: Not implemented: window.scrollTo
    at module.exports (/home/siegfriedneto/projects/servicedeskn1/frontend/app/node_modules/jsdom/lib/jsdom/browser/not-implemented.js:9:17)
    at /home/siegfriedneto/projects/servicedeskn1/frontend/app/node_modules/jsdom/lib/jsdom/browser/Window.js:960:7
    at Object.fn (file:///home/siegfriedneto/projects/servicedeskn1/frontend/app/node_modules/@tanstack/router-core/dist/esm/scroll-restoration.js:180:27)
    at RouterCore.emit (file:///home/siegfriedneto/projects/servicedeskn1/frontend/app/node_modules/@tanstack/router-core/dist/esm/router.js:178:14)
    at file:///home/siegfriedneto/projects/servicedeskn1/frontend/app/node_modules/@tanstack/react-router/dist/esm/Transitioner.js:46:25
    at settleOwner (file:///home/siegfriedneto/projects/servicedeskn1/frontend/app/node_modules/@tanstack/react-router/dist/esm/Transitioner.js:10:10)
    at file:///home/siegfriedneto/projects/servicedeskn1/frontend/app/node_modules/@tanstack/react-router/dist/esm/Matches.js:38:39
    at Object.react_stack_bottom_frame (/home/siegfriedneto/projects/servicedeskn1/frontend/app/node_modules/react-dom/cjs/react-dom-client.development.js:25989:20)
    at runWithFiberInDEV (/home/siegfriedneto/projects/servicedeskn1/frontend/app/node_modules/react-dom/cjs/react-dom-client.development.js:874:13)
    at commitHookEffectListMount (/home/siegfriedneto/projects/servicedeskn1/frontend/app/node_modules/react-dom/cjs/react-dom-client.development.js:13249:29) undefined
Error: Not implemented: window.scrollTo
    at module.exports (/home/siegfriedneto/projects/servicedeskn1/frontend/app/node_modules/jsdom/lib/jsdom/browser/not-implemented.js:9:17)
    at /home/siegfriedneto/projects/servicedeskn1/frontend/app/node_modules/jsdom/lib/jsdom/browser/Window.js:960:7
    at Object.fn (file:///home/siegfriedneto/projects/servicedeskn1/frontend/app/node_modules/@tanstack/router-core/dist/esm/scroll-restoration.js:180:27)
    at RouterCore.emit (file:///home/siegfriedneto/projects/servicedeskn1/frontend/app/node_modules/@tanstack/router-core/dist/esm/router.js:178:14)
    at file:///home/siegfriedneto/projects/servicedeskn1/frontend/app/node_modules/@tanstack/react-router/dist/esm/Transitioner.js:46:25
    at settleOwner (file:///home/siegfriedneto/projects/servicedeskn1/frontend/app/node_modules/@tanstack/react-router/dist/esm/Transitioner.js:10:10)
    at file:///home/siegfriedneto/projects/servicedeskn1/frontend/app/node_modules/@tanstack/react-router/dist/esm/Matches.js:38:39
    at Object.react_stack_bottom_frame (/home/siegfriedneto/projects/servicedeskn1/frontend/app/node_modules/react-dom/cjs/react-dom-client.development.js:25989:20)
    at runWithFiberInDEV (/home/siegfriedneto/projects/servicedeskn1/frontend/app/node_modules/react-dom/cjs/react-dom-client.development.js:874:13)
    at commitHookEffectListMount (/home/siegfriedneto/projects/servicedeskn1/frontend/app/node_modules/react-dom/cjs/react-dom-client.development.js:13249:29) undefined
Error: Not implemented: window.scrollTo
    at module.exports (/home/siegfriedneto/projects/servicedeskn1/frontend/app/node_modules/jsdom/lib/jsdom/browser/not-implemented.js:9:17)
    at /home/siegfriedneto/projects/servicedeskn1/frontend/app/node_modules/jsdom/lib/jsdom/browser/Window.js:960:7
    at Object.fn (file:///home/siegfriedneto/projects/servicedeskn1/frontend/app/node_modules/@tanstack/router-core/dist/esm/scroll-restoration.js:180:27)
    at RouterCore.emit (file:///home/siegfriedneto/projects/servicedeskn1/frontend/app/node_modules/@tanstack/router-core/dist/esm/router.js:178:14)
    at file:///home/siegfriedneto/projects/servicedeskn1/frontend/app/node_modules/@tanstack/react-router/dist/esm/Transitioner.js:46:25
    at settleOwner (file:///home/siegfriedneto/projects/servicedeskn1/frontend/app/node_modules/@tanstack/react-router/dist/esm/Transitioner.js:10:10)
    at file:///home/siegfriedneto/projects/servicedeskn1/frontend/app/node_modules/@tanstack/react-router/dist/esm/Matches.js:38:39
    at Object.react_stack_bottom_frame (/home/siegfriedneto/projects/servicedeskn1/frontend/app/node_modules/react-dom/cjs/react-dom-client.development.js:25989:20)
    at runWithFiberInDEV (/home/siegfriedneto/projects/servicedeskn1/frontend/app/node_modules/react-dom/cjs/react-dom-client.development.js:874:13)
    at commitHookEffectListMount (/home/siegfriedneto/projects/servicedeskn1/frontend/app/node_modules/react-dom/cjs/react-dom-client.development.js:13249:29) undefined
Error: Not implemented: window.scrollTo
    at module.exports (/home/siegfriedneto/projects/servicedeskn1/frontend/app/node_modules/jsdom/lib/jsdom/browser/not-implemented.js:9:17)
    at /home/siegfriedneto/projects/servicedeskn1/frontend/app/node_modules/jsdom/lib/jsdom/browser/Window.js:960:7
    at Object.fn (file:///home/siegfriedneto/projects/servicedeskn1/frontend/app/node_modules/@tanstack/router-core/dist/esm/scroll-restoration.js:180:27)
    at RouterCore.emit (file:///home/siegfriedneto/projects/servicedeskn1/frontend/app/node_modules/@tanstack/router-core/dist/esm/router.js:178:14)
    at file:///home/siegfriedneto/projects/servicedeskn1/frontend/app/node_modules/@tanstack/router-core/dist/esm/load-client.js:943:46
    at Router.batch (file:///home/siegfriedneto/projects/servicedeskn1/frontend/app/node_modules/@tanstack/store/dist/esm/atom.js:39:5)
    at file:///home/siegfriedneto/projects/servicedeskn1/frontend/app/node_modules/@tanstack/router-core/dist/esm/load-client.js:936:10
    at runClientTransaction (file:///home/siegfriedneto/projects/servicedeskn1/frontend/app/node_modules/@tanstack/router-core/dist/esm/load-client.js:902:2)
    at loadClientRoute (file:///home/siegfriedneto/projects/servicedeskn1/frontend/app/node_modules/@tanstack/router-core/dist/esm/load-client.js:1034:2)
    at RouterCore.load (file:///home/siegfriedneto/projects/servicedeskn1/frontend/app/node_modules/@tanstack/router-core/dist/esm/router.js:489:4) undefined
Error: Not implemented: window.scrollTo
    at module.exports (/home/siegfriedneto/projects/servicedeskn1/frontend/app/node_modules/jsdom/lib/jsdom/browser/not-implemented.js:9:17)
    at /home/siegfriedneto/projects/servicedeskn1/frontend/app/node_modules/jsdom/lib/jsdom/browser/Window.js:960:7
    at Object.fn (file:///home/siegfriedneto/projects/servicedeskn1/frontend/app/node_modules/@tanstack/router-core/dist/esm/scroll-restoration.js:180:27)
    at RouterCore.emit (file:///home/siegfriedneto/projects/servicedeskn1/frontend/app/node_modules/@tanstack/router-core/dist/esm/router.js:178:14)
    at file:///home/siegfriedneto/projects/servicedeskn1/frontend/app/node_modules/@tanstack/router-core/dist/esm/load-client.js:943:46
    at Router.batch (file:///home/siegfriedneto/projects/servicedeskn1/frontend/app/node_modules/@tanstack/store/dist/esm/atom.js:39:5)
    at file:///home/siegfriedneto/projects/servicedeskn1/frontend/app/node_modules/@tanstack/router-core/dist/esm/load-client.js:936:10
    at runClientTransaction (file:///home/siegfriedneto/projects/servicedeskn1/frontend/app/node_modules/@tanstack/router-core/dist/esm/load-client.js:902:2)
    at loadClientRoute (file:///home/siegfriedneto/projects/servicedeskn1/frontend/app/node_modules/@tanstack/router-core/dist/esm/load-client.js:1034:2)
    at RouterCore.load (file:///home/siegfriedneto/projects/servicedeskn1/frontend/app/node_modules/@tanstack/router-core/dist/esm/router.js:489:4) undefined
Error: Not implemented: window.scrollTo
    at module.exports (/home/siegfriedneto/projects/servicedeskn1/frontend/app/node_modules/jsdom/lib/jsdom/browser/not-implemented.js:9:17)
    at /home/siegfriedneto/projects/servicedeskn1/frontend/app/node_modules/jsdom/lib/jsdom/browser/Window.js:960:7
    at Object.fn (file:///home/siegfriedneto/projects/servicedeskn1/frontend/app/node_modules/@tanstack/router-core/dist/esm/scroll-restoration.js:180:27)
    at RouterCore.emit (file:///home/siegfriedneto/projects/servicedeskn1/frontend/app/node_modules/@tanstack/router-core/dist/esm/router.js:178:14)
    at file:///home/siegfriedneto/projects/servicedeskn1/frontend/app/node_modules/@tanstack/react-router/dist/esm/Transitioner.js:46:25
    at settleOwner (file:///home/siegfriedneto/projects/servicedeskn1/frontend/app/node_modules/@tanstack/react-router/dist/esm/Transitioner.js:10:10)
    at file:///home/siegfriedneto/projects/servicedeskn1/frontend/app/node_modules/@tanstack/react-router/dist/esm/Matches.js:38:39
    at Object.react_stack_bottom_frame (/home/siegfriedneto/projects/servicedeskn1/frontend/app/node_modules/react-dom/cjs/react-dom-client.development.js:25989:20)
    at runWithFiberInDEV (/home/siegfriedneto/projects/servicedeskn1/frontend/app/node_modules/react-dom/cjs/react-dom-client.development.js:874:13)
    at commitHookEffectListMount (/home/siegfriedneto/projects/servicedeskn1/frontend/app/node_modules/react-dom/cjs/react-dom-client.development.js:13249:29) undefined
Error: Not implemented: window.scrollTo
    at module.exports (/home/siegfriedneto/projects/servicedeskn1/frontend/app/node_modules/jsdom/lib/jsdom/browser/not-implemented.js:9:17)
    at /home/siegfriedneto/projects/servicedeskn1/frontend/app/node_modules/jsdom/lib/jsdom/browser/Window.js:960:7
    at Object.fn (file:///home/siegfriedneto/projects/servicedeskn1/frontend/app/node_modules/@tanstack/router-core/dist/esm/scroll-restoration.js:180:27)
    at RouterCore.emit (file:///home/siegfriedneto/projects/servicedeskn1/frontend/app/node_modules/@tanstack/router-core/dist/esm/router.js:178:14)
    at file:///home/siegfriedneto/projects/servicedeskn1/frontend/app/node_modules/@tanstack/react-router/dist/esm/Transitioner.js:46:25
    at settleOwner (file:///home/siegfriedneto/projects/servicedeskn1/frontend/app/node_modules/@tanstack/react-router/dist/esm/Transitioner.js:10:10)
    at file:///home/siegfriedneto/projects/servicedeskn1/frontend/app/node_modules/@tanstack/react-router/dist/esm/Matches.js:38:39
    at Object.react_stack_bottom_frame (/home/siegfriedneto/projects/servicedeskn1/frontend/app/node_modules/react-dom/cjs/react-dom-client.development.js:25989:20)
    at runWithFiberInDEV (/home/siegfriedneto/projects/servicedeskn1/frontend/app/node_modules/react-dom/cjs/react-dom-client.development.js:874:13)
    at commitHookEffectListMount (/home/siegfriedneto/projects/servicedeskn1/frontend/app/node_modules/react-dom/cjs/react-dom-client.development.js:13249:29) undefined
Error: Not implemented: window.scrollTo
    at module.exports (/home/siegfriedneto/projects/servicedeskn1/frontend/app/node_modules/jsdom/lib/jsdom/browser/not-implemented.js:9:17)
    at /home/siegfriedneto/projects/servicedeskn1/frontend/app/node_modules/jsdom/lib/jsdom/browser/Window.js:960:7
    at Object.fn (file:///home/siegfriedneto/projects/servicedeskn1/frontend/app/node_modules/@tanstack/router-core/dist/esm/scroll-restoration.js:180:27)
    at RouterCore.emit (file:///home/siegfriedneto/projects/servicedeskn1/frontend/app/node_modules/@tanstack/router-core/dist/esm/router.js:178:14)
    at file:///home/siegfriedneto/projects/servicedeskn1/frontend/app/node_modules/@tanstack/router-core/dist/esm/load-client.js:943:46
    at Router.batch (file:///home/siegfriedneto/projects/servicedeskn1/frontend/app/node_modules/@tanstack/store/dist/esm/atom.js:39:5)
    at file:///home/siegfriedneto/projects/servicedeskn1/frontend/app/node_modules/@tanstack/router-core/dist/esm/load-client.js:936:10
    at runClientTransaction (file:///home/siegfriedneto/projects/servicedeskn1/frontend/app/node_modules/@tanstack/router-core/dist/esm/load-client.js:902:2)
    at loadClientRoute (file:///home/siegfriedneto/projects/servicedeskn1/frontend/app/node_modules/@tanstack/router-core/dist/esm/load-client.js:1034:2)
    at RouterCore.load (file:///home/siegfriedneto/projects/servicedeskn1/frontend/app/node_modules/@tanstack/router-core/dist/esm/router.js:489:4) undefined
Error: Not implemented: window.scrollTo
    at module.exports (/home/siegfriedneto/projects/servicedeskn1/frontend/app/node_modules/jsdom/lib/jsdom/browser/not-implemented.js:9:17)
    at /home/siegfriedneto/projects/servicedeskn1/frontend/app/node_modules/jsdom/lib/jsdom/browser/Window.js:960:7
    at Object.fn (file:///home/siegfriedneto/projects/servicedeskn1/frontend/app/node_modules/@tanstack/router-core/dist/esm/scroll-restoration.js:180:27)
    at RouterCore.emit (file:///home/siegfriedneto/projects/servicedeskn1/frontend/app/node_modules/@tanstack/router-core/dist/esm/router.js:178:14)
    at file:///home/siegfriedneto/projects/servicedeskn1/frontend/app/node_modules/@tanstack/router-core/dist/esm/load-client.js:943:46
    at Router.batch (file:///home/siegfriedneto/projects/servicedeskn1/frontend/app/node_modules/@tanstack/store/dist/esm/atom.js:39:5)
    at file:///home/siegfriedneto/projects/servicedeskn1/frontend/app/node_modules/@tanstack/router-core/dist/esm/load-client.js:936:10
    at runClientTransaction (file:///home/siegfriedneto/projects/servicedeskn1/frontend/app/node_modules/@tanstack/router-core/dist/esm/load-client.js:902:2)
    at loadClientRoute (file:///home/siegfriedneto/projects/servicedeskn1/frontend/app/node_modules/@tanstack/router-core/dist/esm/load-client.js:1034:2)
    at RouterCore.load (file:///home/siegfriedneto/projects/servicedeskn1/frontend/app/node_modules/@tanstack/router-core/dist/esm/router.js:489:4) undefined
Error: Not implemented: window.scrollTo
    at module.exports (/home/siegfriedneto/projects/servicedeskn1/frontend/app/node_modules/jsdom/lib/jsdom/browser/not-implemented.js:9:17)
    at /home/siegfriedneto/projects/servicedeskn1/frontend/app/node_modules/jsdom/lib/jsdom/browser/Window.js:960:7
    at Object.fn (file:///home/siegfriedneto/projects/servicedeskn1/frontend/app/node_modules/@tanstack/router-core/dist/esm/scroll-restoration.js:180:27)
    at RouterCore.emit (file:///home/siegfriedneto/projects/servicedeskn1/frontend/app/node_modules/@tanstack/router-core/dist/esm/router.js:178:14)
    at file:///home/siegfriedneto/projects/servicedeskn1/frontend/app/node_modules/@tanstack/react-router/dist/esm/Transitioner.js:46:25
    at settleOwner (file:///home/siegfriedneto/projects/servicedeskn1/frontend/app/node_modules/@tanstack/react-router/dist/esm/Transitioner.js:10:10)
    at file:///home/siegfriedneto/projects/servicedeskn1/frontend/app/node_modules/@tanstack/react-router/dist/esm/Matches.js:38:39
    at Object.react_stack_bottom_frame (/home/siegfriedneto/projects/servicedeskn1/frontend/app/node_modules/react-dom/cjs/react-dom-client.development.js:25989:20)
    at runWithFiberInDEV (/home/siegfriedneto/projects/servicedeskn1/frontend/app/node_modules/react-dom/cjs/react-dom-client.development.js:874:13)
    at commitHookEffectListMount (/home/siegfriedneto/projects/servicedeskn1/frontend/app/node_modules/react-dom/cjs/react-dom-client.development.js:13249:29) undefined
Error: Not implemented: window.scrollTo
    at module.exports (/home/siegfriedneto/projects/servicedeskn1/frontend/app/node_modules/jsdom/lib/jsdom/browser/not-implemented.js:9:17)
    at /home/siegfriedneto/projects/servicedeskn1/frontend/app/node_modules/jsdom/lib/jsdom/browser/Window.js:960:7
    at Object.fn (file:///home/siegfriedneto/projects/servicedeskn1/frontend/app/node_modules/@tanstack/router-core/dist/esm/scroll-restoration.js:180:27)
    at RouterCore.emit (file:///home/siegfriedneto/projects/servicedeskn1/frontend/app/node_modules/@tanstack/router-core/dist/esm/router.js:178:14)
    at file:///home/siegfriedneto/projects/servicedeskn1/frontend/app/node_modules/@tanstack/react-router/dist/esm/Transitioner.js:46:25
    at settleOwner (file:///home/siegfriedneto/projects/servicedeskn1/frontend/app/node_modules/@tanstack/react-router/dist/esm/Transitioner.js:10:10)
    at file:///home/siegfriedneto/projects/servicedeskn1/frontend/app/node_modules/@tanstack/react-router/dist/esm/Matches.js:38:39
    at Object.react_stack_bottom_frame (/home/siegfriedneto/projects/servicedeskn1/frontend/app/node_modules/react-dom/cjs/react-dom-client.development.js:25989:20)
    at runWithFiberInDEV (/home/siegfriedneto/projects/servicedeskn1/frontend/app/node_modules/react-dom/cjs/react-dom-client.development.js:874:13)
    at commitHookEffectListMount (/home/siegfriedneto/projects/servicedeskn1/frontend/app/node_modules/react-dom/cjs/react-dom-client.development.js:13249:29) undefined
Error: Not implemented: window.scrollTo
    at module.exports (/home/siegfriedneto/projects/servicedeskn1/frontend/app/node_modules/jsdom/lib/jsdom/browser/not-implemented.js:9:17)
    at /home/siegfriedneto/projects/servicedeskn1/frontend/app/node_modules/jsdom/lib/jsdom/browser/Window.js:960:7
    at Object.fn (file:///home/siegfriedneto/projects/servicedeskn1/frontend/app/node_modules/@tanstack/router-core/dist/esm/scroll-restoration.js:180:27)
    at RouterCore.emit (file:///home/siegfriedneto/projects/servicedeskn1/frontend/app/node_modules/@tanstack/router-core/dist/esm/router.js:178:14)
    at file:///home/siegfriedneto/projects/servicedeskn1/frontend/app/node_modules/@tanstack/react-router/dist/esm/Transitioner.js:46:25
    at settleOwner (file:///home/siegfriedneto/projects/servicedeskn1/frontend/app/node_modules/@tanstack/react-router/dist/esm/Transitioner.js:10:10)
    at file:///home/siegfriedneto/projects/servicedeskn1/frontend/app/node_modules/@tanstack/react-router/dist/esm/Matches.js:38:39
    at Object.react_stack_bottom_frame (/home/siegfriedneto/projects/servicedeskn1/frontend/app/node_modules/react-dom/cjs/react-dom-client.development.js:25989:20)
    at runWithFiberInDEV (/home/siegfriedneto/projects/servicedeskn1/frontend/app/node_modules/react-dom/cjs/react-dom-client.development.js:874:13)
    at commitHookEffectListMount (/home/siegfriedneto/projects/servicedeskn1/frontend/app/node_modules/react-dom/cjs/react-dom-client.development.js:13249:29) undefined
Error: Not implemented: window.scrollTo
    at module.exports (/home/siegfriedneto/projects/servicedeskn1/frontend/app/node_modules/jsdom/lib/jsdom/browser/not-implemented.js:9:17)
    at /home/siegfriedneto/projects/servicedeskn1/frontend/app/node_modules/jsdom/lib/jsdom/browser/Window.js:960:7
    at Object.fn (file:///home/siegfriedneto/projects/servicedeskn1/frontend/app/node_modules/@tanstack/router-core/dist/esm/scroll-restoration.js:180:27)
    at RouterCore.emit (file:///home/siegfriedneto/projects/servicedeskn1/frontend/app/node_modules/@tanstack/router-core/dist/esm/router.js:178:14)
    at file:///home/siegfriedneto/projects/servicedeskn1/frontend/app/node_modules/@tanstack/react-router/dist/esm/Transitioner.js:46:25
    at settleOwner (file:///home/siegfriedneto/projects/servicedeskn1/frontend/app/node_modules/@tanstack/react-router/dist/esm/Transitioner.js:10:10)
    at file:///home/siegfriedneto/projects/servicedeskn1/frontend/app/node_modules/@tanstack/react-router/dist/esm/Matches.js:38:39
    at Object.react_stack_bottom_frame (/home/siegfriedneto/projects/servicedeskn1/frontend/app/node_modules/react-dom/cjs/react-dom-client.development.js:25989:20)
    at runWithFiberInDEV (/home/siegfriedneto/projects/servicedeskn1/frontend/app/node_modules/react-dom/cjs/react-dom-client.development.js:874:13)
    at commitHookEffectListMount (/home/siegfriedneto/projects/servicedeskn1/frontend/app/node_modules/react-dom/cjs/react-dom-client.development.js:13249:29) undefined
Error: Not implemented: window.scrollTo
    at module.exports (/home/siegfriedneto/projects/servicedeskn1/frontend/app/node_modules/jsdom/lib/jsdom/browser/not-implemented.js:9:17)
    at /home/siegfriedneto/projects/servicedeskn1/frontend/app/node_modules/jsdom/lib/jsdom/browser/Window.js:960:7
    at Object.fn (file:///home/siegfriedneto/projects/servicedeskn1/frontend/app/node_modules/@tanstack/router-core/dist/esm/scroll-restoration.js:180:27)
    at RouterCore.emit (file:///home/siegfriedneto/projects/servicedeskn1/frontend/app/node_modules/@tanstack/router-core/dist/esm/router.js:178:14)
    at file:///home/siegfriedneto/projects/servicedeskn1/frontend/app/node_modules/@tanstack/react-router/dist/esm/Transitioner.js:46:25
    at settleOwner (file:///home/siegfriedneto/projects/servicedeskn1/frontend/app/node_modules/@tanstack/react-router/dist/esm/Transitioner.js:10:10)
    at file:///home/siegfriedneto/projects/servicedeskn1/frontend/app/node_modules/@tanstack/react-router/dist/esm/Matches.js:38:39
    at Object.react_stack_bottom_frame (/home/siegfriedneto/projects/servicedeskn1/frontend/app/node_modules/react-dom/cjs/react-dom-client.development.js:25989:20)
    at runWithFiberInDEV (/home/siegfriedneto/projects/servicedeskn1/frontend/app/node_modules/react-dom/cjs/react-dom-client.development.js:874:13)
    at commitHookEffectListMount (/home/siegfriedneto/projects/servicedeskn1/frontend/app/node_modules/react-dom/cjs/react-dom-client.development.js:13249:29) undefined
Error: Not implemented: window.scrollTo
    at module.exports (/home/siegfriedneto/projects/servicedeskn1/frontend/app/node_modules/jsdom/lib/jsdom/browser/not-implemented.js:9:17)
    at /home/siegfriedneto/projects/servicedeskn1/frontend/app/node_modules/jsdom/lib/jsdom/browser/Window.js:960:7
    at Object.fn (file:///home/siegfriedneto/projects/servicedeskn1/frontend/app/node_modules/@tanstack/router-core/dist/esm/scroll-restoration.js:180:27)
    at RouterCore.emit (file:///home/siegfriedneto/projects/servicedeskn1/frontend/app/node_modules/@tanstack/router-core/dist/esm/router.js:178:14)
    at file:///home/siegfriedneto/projects/servicedeskn1/frontend/app/node_modules/@tanstack/router-core/dist/esm/load-client.js:943:46
    at Router.batch (file:///home/siegfriedneto/projects/servicedeskn1/frontend/app/node_modules/@tanstack/store/dist/esm/atom.js:39:5)
    at file:///home/siegfriedneto/projects/servicedeskn1/frontend/app/node_modules/@tanstack/router-core/dist/esm/load-client.js:936:10
    at runClientTransaction (file:///home/siegfriedneto/projects/servicedeskn1/frontend/app/node_modules/@tanstack/router-core/dist/esm/load-client.js:902:2)
    at loadClientRoute (file:///home/siegfriedneto/projects/servicedeskn1/frontend/app/node_modules/@tanstack/router-core/dist/esm/load-client.js:1034:2)
    at RouterCore.load (file:///home/siegfriedneto/projects/servicedeskn1/frontend/app/node_modules/@tanstack/router-core/dist/esm/router.js:489:4) undefined
Error: Not implemented: window.scrollTo
    at module.exports (/home/siegfriedneto/projects/servicedeskn1/frontend/app/node_modules/jsdom/lib/jsdom/browser/not-implemented.js:9:17)
    at /home/siegfriedneto/projects/servicedeskn1/frontend/app/node_modules/jsdom/lib/jsdom/browser/Window.js:960:7
    at Object.fn (file:///home/siegfriedneto/projects/servicedeskn1/frontend/app/node_modules/@tanstack/router-core/dist/esm/scroll-restoration.js:180:27)
    at RouterCore.emit (file:///home/siegfriedneto/projects/servicedeskn1/frontend/app/node_modules/@tanstack/router-core/dist/esm/router.js:178:14)
    at file:///home/siegfriedneto/projects/servicedeskn1/frontend/app/node_modules/@tanstack/react-router/dist/esm/Transitioner.js:46:25
    at settleOwner (file:///home/siegfriedneto/projects/servicedeskn1/frontend/app/node_modules/@tanstack/react-router/dist/esm/Transitioner.js:10:10)
    at file:///home/siegfriedneto/projects/servicedeskn1/frontend/app/node_modules/@tanstack/react-router/dist/esm/Matches.js:38:39
    at Object.react_stack_bottom_frame (/home/siegfriedneto/projects/servicedeskn1/frontend/app/node_modules/react-dom/cjs/react-dom-client.development.js:25989:20)
    at runWithFiberInDEV (/home/siegfriedneto/projects/servicedeskn1/frontend/app/node_modules/react-dom/cjs/react-dom-client.development.js:874:13)
    at commitHookEffectListMount (/home/siegfriedneto/projects/servicedeskn1/frontend/app/node_modules/react-dom/cjs/react-dom-client.development.js:13249:29) undefined
Error: Not implemented: window.scrollTo
    at module.exports (/home/siegfriedneto/projects/servicedeskn1/frontend/app/node_modules/jsdom/lib/jsdom/browser/not-implemented.js:9:17)
    at /home/siegfriedneto/projects/servicedeskn1/frontend/app/node_modules/jsdom/lib/jsdom/browser/Window.js:960:7
    at Object.fn (file:///home/siegfriedneto/projects/servicedeskn1/frontend/app/node_modules/@tanstack/router-core/dist/esm/scroll-restoration.js:180:27)
    at RouterCore.emit (file:///home/siegfriedneto/projects/servicedeskn1/frontend/app/node_modules/@tanstack/router-core/dist/esm/router.js:178:14)
    at file:///home/siegfriedneto/projects/servicedeskn1/frontend/app/node_modules/@tanstack/react-router/dist/esm/Transitioner.js:46:25
    at settleOwner (file:///home/siegfriedneto/projects/servicedeskn1/frontend/app/node_modules/@tanstack/react-router/dist/esm/Transitioner.js:10:10)
    at file:///home/siegfriedneto/projects/servicedeskn1/frontend/app/node_modules/@tanstack/react-router/dist/esm/Matches.js:38:39
    at Object.react_stack_bottom_frame (/home/siegfriedneto/projects/servicedeskn1/frontend/app/node_modules/react-dom/cjs/react-dom-client.development.js:25989:20)
    at runWithFiberInDEV (/home/siegfriedneto/projects/servicedeskn1/frontend/app/node_modules/react-dom/cjs/react-dom-client.development.js:874:13)
    at commitHookEffectListMount (/home/siegfriedneto/projects/servicedeskn1/frontend/app/node_modules/react-dom/cjs/react-dom-client.development.js:13249:29) undefined
Error: Not implemented: window.scrollTo
    at module.exports (/home/siegfriedneto/projects/servicedeskn1/frontend/app/node_modules/jsdom/lib/jsdom/browser/not-implemented.js:9:17)
    at /home/siegfriedneto/projects/servicedeskn1/frontend/app/node_modules/jsdom/lib/jsdom/browser/Window.js:960:7
    at Object.fn (file:///home/siegfriedneto/projects/servicedeskn1/frontend/app/node_modules/@tanstack/router-core/dist/esm/scroll-restoration.js:180:27)
    at RouterCore.emit (file:///home/siegfriedneto/projects/servicedeskn1/frontend/app/node_modules/@tanstack/router-core/dist/esm/router.js:178:14)
    at file:///home/siegfriedneto/projects/servicedeskn1/frontend/app/node_modules/@tanstack/react-router/dist/esm/Transitioner.js:46:25
    at settleOwner (file:///home/siegfriedneto/projects/servicedeskn1/frontend/app/node_modules/@tanstack/react-router/dist/esm/Transitioner.js:10:10)
    at file:///home/siegfriedneto/projects/servicedeskn1/frontend/app/node_modules/@tanstack/react-router/dist/esm/Matches.js:38:39
    at Object.react_stack_bottom_frame (/home/siegfriedneto/projects/servicedeskn1/frontend/app/node_modules/react-dom/cjs/react-dom-client.development.js:25989:20)
    at runWithFiberInDEV (/home/siegfriedneto/projects/servicedeskn1/frontend/app/node_modules/react-dom/cjs/react-dom-client.development.js:874:13)
    at commitHookEffectListMount (/home/siegfriedneto/projects/servicedeskn1/frontend/app/node_modules/react-dom/cjs/react-dom-client.development.js:13249:29) undefined
Error: Not implemented: window.scrollTo
    at module.exports (/home/siegfriedneto/projects/servicedeskn1/frontend/app/node_modules/jsdom/lib/jsdom/browser/not-implemented.js:9:17)
    at /home/siegfriedneto/projects/servicedeskn1/frontend/app/node_modules/jsdom/lib/jsdom/browser/Window.js:960:7
    at Object.fn (file:///home/siegfriedneto/projects/servicedeskn1/frontend/app/node_modules/@tanstack/router-core/dist/esm/scroll-restoration.js:180:27)
    at RouterCore.emit (file:///home/siegfriedneto/projects/servicedeskn1/frontend/app/node_modules/@tanstack/router-core/dist/esm/router.js:178:14)
    at file:///home/siegfriedneto/projects/servicedeskn1/frontend/app/node_modules/@tanstack/react-router/dist/esm/Transitioner.js:46:25
    at settleOwner (file:///home/siegfriedneto/projects/servicedeskn1/frontend/app/node_modules/@tanstack/react-router/dist/esm/Transitioner.js:10:10)
    at file:///home/siegfriedneto/projects/servicedeskn1/frontend/app/node_modules/@tanstack/react-router/dist/esm/Matches.js:38:39
    at Object.react_stack_bottom_frame (/home/siegfriedneto/projects/servicedeskn1/frontend/app/node_modules/react-dom/cjs/react-dom-client.development.js:25989:20)
    at runWithFiberInDEV (/home/siegfriedneto/projects/servicedeskn1/frontend/app/node_modules/react-dom/cjs/react-dom-client.development.js:874:13)
    at commitHookEffectListMount (/home/siegfriedneto/projects/servicedeskn1/frontend/app/node_modules/react-dom/cjs/react-dom-client.development.js:13249:29) undefined
Error: Not implemented: window.scrollTo
    at module.exports (/home/siegfriedneto/projects/servicedeskn1/frontend/app/node_modules/jsdom/lib/jsdom/browser/not-implemented.js:9:17)
    at /home/siegfriedneto/projects/servicedeskn1/frontend/app/node_modules/jsdom/lib/jsdom/browser/Window.js:960:7
    at Object.fn (file:///home/siegfriedneto/projects/servicedeskn1/frontend/app/node_modules/@tanstack/router-core/dist/esm/scroll-restoration.js:180:27)
    at RouterCore.emit (file:///home/siegfriedneto/projects/servicedeskn1/frontend/app/node_modules/@tanstack/router-core/dist/esm/router.js:178:14)
    at file:///home/siegfriedneto/projects/servicedeskn1/frontend/app/node_modules/@tanstack/react-router/dist/esm/Transitioner.js:46:25
    at settleOwner (file:///home/siegfriedneto/projects/servicedeskn1/frontend/app/node_modules/@tanstack/react-router/dist/esm/Transitioner.js:10:10)
    at file:///home/siegfriedneto/projects/servicedeskn1/frontend/app/node_modules/@tanstack/react-router/dist/esm/Matches.js:38:39
    at Object.react_stack_bottom_frame (/home/siegfriedneto/projects/servicedeskn1/frontend/app/node_modules/react-dom/cjs/react-dom-client.development.js:25989:20)
    at runWithFiberInDEV (/home/siegfriedneto/projects/servicedeskn1/frontend/app/node_modules/react-dom/cjs/react-dom-client.development.js:874:13)
    at commitHookEffectListMount (/home/siegfriedneto/projects/servicedeskn1/frontend/app/node_modules/react-dom/cjs/react-dom-client.development.js:13249:29) undefined
Error: Not implemented: window.scrollTo
    at module.exports (/home/siegfriedneto/projects/servicedeskn1/frontend/app/node_modules/jsdom/lib/jsdom/browser/not-implemented.js:9:17)
    at /home/siegfriedneto/projects/servicedeskn1/frontend/app/node_modules/jsdom/lib/jsdom/browser/Window.js:960:7
    at Object.fn (file:///home/siegfriedneto/projects/servicedeskn1/frontend/app/node_modules/@tanstack/router-core/dist/esm/scroll-restoration.js:180:27)
    at RouterCore.emit (file:///home/siegfriedneto/projects/servicedeskn1/frontend/app/node_modules/@tanstack/router-core/dist/esm/router.js:178:14)
    at file:///home/siegfriedneto/projects/servicedeskn1/frontend/app/node_modules/@tanstack/react-router/dist/esm/Transitioner.js:46:25
    at settleOwner (file:///home/siegfriedneto/projects/servicedeskn1/frontend/app/node_modules/@tanstack/react-router/dist/esm/Transitioner.js:10:10)
    at file:///home/siegfriedneto/projects/servicedeskn1/frontend/app/node_modules/@tanstack/react-router/dist/esm/Matches.js:38:39
    at Object.react_stack_bottom_frame (/home/siegfriedneto/projects/servicedeskn1/frontend/app/node_modules/react-dom/cjs/react-dom-client.development.js:25989:20)
    at runWithFiberInDEV (/home/siegfriedneto/projects/servicedeskn1/frontend/app/node_modules/react-dom/cjs/react-dom-client.development.js:874:13)
    at commitHookEffectListMount (/home/siegfriedneto/projects/servicedeskn1/frontend/app/node_modules/react-dom/cjs/react-dom-client.development.js:13249:29) undefined
Error: Not implemented: window.scrollTo
    at module.exports (/home/siegfriedneto/projects/servicedeskn1/frontend/app/node_modules/jsdom/lib/jsdom/browser/not-implemented.js:9:17)
    at /home/siegfriedneto/projects/servicedeskn1/frontend/app/node_modules/jsdom/lib/jsdom/browser/Window.js:960:7
    at Object.fn (file:///home/siegfriedneto/projects/servicedeskn1/frontend/app/node_modules/@tanstack/router-core/dist/esm/scroll-restoration.js:180:27)
    at RouterCore.emit (file:///home/siegfriedneto/projects/servicedeskn1/frontend/app/node_modules/@tanstack/router-core/dist/esm/router.js:178:14)
    at file:///home/siegfriedneto/projects/servicedeskn1/frontend/app/node_modules/@tanstack/router-core/dist/esm/load-client.js:943:46
    at Router.batch (file:///home/siegfriedneto/projects/servicedeskn1/frontend/app/node_modules/@tanstack/store/dist/esm/atom.js:39:5)
    at file:///home/siegfriedneto/projects/servicedeskn1/frontend/app/node_modules/@tanstack/router-core/dist/esm/load-client.js:936:10
    at runClientTransaction (file:///home/siegfriedneto/projects/servicedeskn1/frontend/app/node_modules/@tanstack/router-core/dist/esm/load-client.js:902:2)
    at loadClientRoute (file:///home/siegfriedneto/projects/servicedeskn1/frontend/app/node_modules/@tanstack/router-core/dist/esm/load-client.js:1034:2)
    at RouterCore.load (file:///home/siegfriedneto/projects/servicedeskn1/frontend/app/node_modules/@tanstack/router-core/dist/esm/router.js:489:4) undefined
Error: Not implemented: window.scrollTo
    at module.exports (/home/siegfriedneto/projects/servicedeskn1/frontend/app/node_modules/jsdom/lib/jsdom/browser/not-implemented.js:9:17)
    at /home/siegfriedneto/projects/servicedeskn1/frontend/app/node_modules/jsdom/lib/jsdom/browser/Window.js:960:7
    at Object.fn (file:///home/siegfriedneto/projects/servicedeskn1/frontend/app/node_modules/@tanstack/router-core/dist/esm/scroll-restoration.js:180:27)
    at RouterCore.emit (file:///home/siegfriedneto/projects/servicedeskn1/frontend/app/node_modules/@tanstack/router-core/dist/esm/router.js:178:14)
    at file:///home/siegfriedneto/projects/servicedeskn1/frontend/app/node_modules/@tanstack/react-router/dist/esm/Transitioner.js:46:25
    at settleOwner (file:///home/siegfriedneto/projects/servicedeskn1/frontend/app/node_modules/@tanstack/react-router/dist/esm/Transitioner.js:10:10)
    at file:///home/siegfriedneto/projects/servicedeskn1/frontend/app/node_modules/@tanstack/react-router/dist/esm/Matches.js:38:39
    at Object.react_stack_bottom_frame (/home/siegfriedneto/projects/servicedeskn1/frontend/app/node_modules/react-dom/cjs/react-dom-client.development.js:25989:20)
    at runWithFiberInDEV (/home/siegfriedneto/projects/servicedeskn1/frontend/app/node_modules/react-dom/cjs/react-dom-client.development.js:874:13)
    at commitHookEffectListMount (/home/siegfriedneto/projects/servicedeskn1/frontend/app/node_modules/react-dom/cjs/react-dom-client.development.js:13249:29) undefined
Error: Not implemented: window.scrollTo
    at module.exports (/home/siegfriedneto/projects/servicedeskn1/frontend/app/node_modules/jsdom/lib/jsdom/browser/not-implemented.js:9:17)
    at /home/siegfriedneto/projects/servicedeskn1/frontend/app/node_modules/jsdom/lib/jsdom/browser/Window.js:960:7
    at Object.fn (file:///home/siegfriedneto/projects/servicedeskn1/frontend/app/node_modules/@tanstack/router-core/dist/esm/scroll-restoration.js:180:27)
    at RouterCore.emit (file:///home/siegfriedneto/projects/servicedeskn1/frontend/app/node_modules/@tanstack/router-core/dist/esm/router.js:178:14)
    at file:///home/siegfriedneto/projects/servicedeskn1/frontend/app/node_modules/@tanstack/react-router/dist/esm/Transitioner.js:46:25
    at settleOwner (file:///home/siegfriedneto/projects/servicedeskn1/frontend/app/node_modules/@tanstack/react-router/dist/esm/Transitioner.js:10:10)
    at file:///home/siegfriedneto/projects/servicedeskn1/frontend/app/node_modules/@tanstack/react-router/dist/esm/Matches.js:38:39
    at Object.react_stack_bottom_frame (/home/siegfriedneto/projects/servicedeskn1/frontend/app/node_modules/react-dom/cjs/react-dom-client.development.js:25989:20)
    at runWithFiberInDEV (/home/siegfriedneto/projects/servicedeskn1/frontend/app/node_modules/react-dom/cjs/react-dom-client.development.js:874:13)
    at commitHookEffectListMount (/home/siegfriedneto/projects/servicedeskn1/frontend/app/node_modules/react-dom/cjs/react-dom-client.development.js:13249:29) undefined
Error: Not implemented: window.scrollTo
    at module.exports (/home/siegfriedneto/projects/servicedeskn1/frontend/app/node_modules/jsdom/lib/jsdom/browser/not-implemented.js:9:17)
    at /home/siegfriedneto/projects/servicedeskn1/frontend/app/node_modules/jsdom/lib/jsdom/browser/Window.js:960:7
    at Object.fn (file:///home/siegfriedneto/projects/servicedeskn1/frontend/app/node_modules/@tanstack/router-core/dist/esm/scroll-restoration.js:180:27)
    at RouterCore.emit (file:///home/siegfriedneto/projects/servicedeskn1/frontend/app/node_modules/@tanstack/router-core/dist/esm/router.js:178:14)
    at file:///home/siegfriedneto/projects/servicedeskn1/frontend/app/node_modules/@tanstack/react-router/dist/esm/Transitioner.js:46:25
    at settleOwner (file:///home/siegfriedneto/projects/servicedeskn1/frontend/app/node_modules/@tanstack/react-router/dist/esm/Transitioner.js:10:10)
    at file:///home/siegfriedneto/projects/servicedeskn1/frontend/app/node_modules/@tanstack/react-router/dist/esm/Matches.js:38:39
    at Object.react_stack_bottom_frame (/home/siegfriedneto/projects/servicedeskn1/frontend/app/node_modules/react-dom/cjs/react-dom-client.development.js:25989:20)
    at runWithFiberInDEV (/home/siegfriedneto/projects/servicedeskn1/frontend/app/node_modules/react-dom/cjs/react-dom-client.development.js:874:13)
    at commitHookEffectListMount (/home/siegfriedneto/projects/servicedeskn1/frontend/app/node_modules/react-dom/cjs/react-dom-client.development.js:13249:29) undefined
Error: Not implemented: window.scrollTo
    at module.exports (/home/siegfriedneto/projects/servicedeskn1/frontend/app/node_modules/jsdom/lib/jsdom/browser/not-implemented.js:9:17)
    at /home/siegfriedneto/projects/servicedeskn1/frontend/app/node_modules/jsdom/lib/jsdom/browser/Window.js:960:7
    at Object.fn (file:///home/siegfriedneto/projects/servicedeskn1/frontend/app/node_modules/@tanstack/router-core/dist/esm/scroll-restoration.js:180:27)
    at RouterCore.emit (file:///home/siegfriedneto/projects/servicedeskn1/frontend/app/node_modules/@tanstack/router-core/dist/esm/router.js:178:14)
    at file:///home/siegfriedneto/projects/servicedeskn1/frontend/app/node_modules/@tanstack/router-core/dist/esm/load-client.js:943:46
    at Router.batch (file:///home/siegfriedneto/projects/servicedeskn1/frontend/app/node_modules/@tanstack/store/dist/esm/atom.js:39:5)
    at file:///home/siegfriedneto/projects/servicedeskn1/frontend/app/node_modules/@tanstack/router-core/dist/esm/load-client.js:936:10
    at runClientTransaction (file:///home/siegfriedneto/projects/servicedeskn1/frontend/app/node_modules/@tanstack/router-core/dist/esm/load-client.js:902:2)
    at loadClientRoute (file:///home/siegfriedneto/projects/servicedeskn1/frontend/app/node_modules/@tanstack/router-core/dist/esm/load-client.js:1034:2)
    at RouterCore.load (file:///home/siegfriedneto/projects/servicedeskn1/frontend/app/node_modules/@tanstack/router-core/dist/esm/router.js:489:4) undefined
Error: Not implemented: window.scrollTo
    at module.exports (/home/siegfriedneto/projects/servicedeskn1/frontend/app/node_modules/jsdom/lib/jsdom/browser/not-implemented.js:9:17)
    at /home/siegfriedneto/projects/servicedeskn1/frontend/app/node_modules/jsdom/lib/jsdom/browser/Window.js:960:7
    at Object.fn (file:///home/siegfriedneto/projects/servicedeskn1/frontend/app/node_modules/@tanstack/router-core/dist/esm/scroll-restoration.js:180:27)
    at RouterCore.emit (file:///home/siegfriedneto/projects/servicedeskn1/frontend/app/node_modules/@tanstack/router-core/dist/esm/router.js:178:14)
    at file:///home/siegfriedneto/projects/servicedeskn1/frontend/app/node_modules/@tanstack/react-router/dist/esm/Transitioner.js:46:25
    at settleOwner (file:///home/siegfriedneto/projects/servicedeskn1/frontend/app/node_modules/@tanstack/react-router/dist/esm/Transitioner.js:10:10)
    at file:///home/siegfriedneto/projects/servicedeskn1/frontend/app/node_modules/@tanstack/react-router/dist/esm/Matches.js:38:39
    at Object.react_stack_bottom_frame (/home/siegfriedneto/projects/servicedeskn1/frontend/app/node_modules/react-dom/cjs/react-dom-client.development.js:25989:20)
    at runWithFiberInDEV (/home/siegfriedneto/projects/servicedeskn1/frontend/app/node_modules/react-dom/cjs/react-dom-client.development.js:874:13)
    at commitHookEffectListMount (/home/siegfriedneto/projects/servicedeskn1/frontend/app/node_modules/react-dom/cjs/react-dom-client.development.js:13249:29) undefined
Error: Not implemented: window.scrollTo
    at module.exports (/home/siegfriedneto/projects/servicedeskn1/frontend/app/node_modules/jsdom/lib/jsdom/browser/not-implemented.js:9:17)
    at /home/siegfriedneto/projects/servicedeskn1/frontend/app/node_modules/jsdom/lib/jsdom/browser/Window.js:960:7
    at Object.fn (file:///home/siegfriedneto/projects/servicedeskn1/frontend/app/node_modules/@tanstack/router-core/dist/esm/scroll-restoration.js:180:27)
    at RouterCore.emit (file:///home/siegfriedneto/projects/servicedeskn1/frontend/app/node_modules/@tanstack/router-core/dist/esm/router.js:178:14)
    at file:///home/siegfriedneto/projects/servicedeskn1/frontend/app/node_modules/@tanstack/react-router/dist/esm/Transitioner.js:46:25
    at settleOwner (file:///home/siegfriedneto/projects/servicedeskn1/frontend/app/node_modules/@tanstack/react-router/dist/esm/Transitioner.js:10:10)
    at file:///home/siegfriedneto/projects/servicedeskn1/frontend/app/node_modules/@tanstack/react-router/dist/esm/Matches.js:38:39
    at Object.react_stack_bottom_frame (/home/siegfriedneto/projects/servicedeskn1/frontend/app/node_modules/react-dom/cjs/react-dom-client.development.js:25989:20)
    at runWithFiberInDEV (/home/siegfriedneto/projects/servicedeskn1/frontend/app/node_modules/react-dom/cjs/react-dom-client.development.js:874:13)
    at commitHookEffectListMount (/home/siegfriedneto/projects/servicedeskn1/frontend/app/node_modules/react-dom/cjs/react-dom-client.development.js:13249:29) undefined
Error: Not implemented: window.scrollTo
    at module.exports (/home/siegfriedneto/projects/servicedeskn1/frontend/app/node_modules/jsdom/lib/jsdom/browser/not-implemented.js:9:17)
    at /home/siegfriedneto/projects/servicedeskn1/frontend/app/node_modules/jsdom/lib/jsdom/browser/Window.js:960:7
    at Object.fn (file:///home/siegfriedneto/projects/servicedeskn1/frontend/app/node_modules/@tanstack/router-core/dist/esm/scroll-restoration.js:180:27)
    at RouterCore.emit (file:///home/siegfriedneto/projects/servicedeskn1/frontend/app/node_modules/@tanstack/router-core/dist/esm/router.js:178:14)
    at file:///home/siegfriedneto/projects/servicedeskn1/frontend/app/node_modules/@tanstack/router-core/dist/esm/load-client.js:943:46
    at Router.batch (file:///home/siegfriedneto/projects/servicedeskn1/frontend/app/node_modules/@tanstack/store/dist/esm/atom.js:39:5)
    at file:///home/siegfriedneto/projects/servicedeskn1/frontend/app/node_modules/@tanstack/router-core/dist/esm/load-client.js:936:10
    at runClientTransaction (file:///home/siegfriedneto/projects/servicedeskn1/frontend/app/node_modules/@tanstack/router-core/dist/esm/load-client.js:902:2)
    at loadClientRoute (file:///home/siegfriedneto/projects/servicedeskn1/frontend/app/node_modules/@tanstack/router-core/dist/esm/load-client.js:1034:2)
    at RouterCore.load (file:///home/siegfriedneto/projects/servicedeskn1/frontend/app/node_modules/@tanstack/router-core/dist/esm/router.js:489:4) undefined
Error: Not implemented: window.scrollTo
    at module.exports (/home/siegfriedneto/projects/servicedeskn1/frontend/app/node_modules/jsdom/lib/jsdom/browser/not-implemented.js:9:17)
    at /home/siegfriedneto/projects/servicedeskn1/frontend/app/node_modules/jsdom/lib/jsdom/browser/Window.js:960:7
    at Object.fn (file:///home/siegfriedneto/projects/servicedeskn1/frontend/app/node_modules/@tanstack/router-core/dist/esm/scroll-restoration.js:180:27)
    at RouterCore.emit (file:///home/siegfriedneto/projects/servicedeskn1/frontend/app/node_modules/@tanstack/router-core/dist/esm/router.js:178:14)
    at file:///home/siegfriedneto/projects/servicedeskn1/frontend/app/node_modules/@tanstack/react-router/dist/esm/Transitioner.js:46:25
    at settleOwner (file:///home/siegfriedneto/projects/servicedeskn1/frontend/app/node_modules/@tanstack/react-router/dist/esm/Transitioner.js:10:10)
    at file:///home/siegfriedneto/projects/servicedeskn1/frontend/app/node_modules/@tanstack/react-router/dist/esm/Matches.js:38:39
    at Object.react_stack_bottom_frame (/home/siegfriedneto/projects/servicedeskn1/frontend/app/node_modules/react-dom/cjs/react-dom-client.development.js:25989:20)
    at runWithFiberInDEV (/home/siegfriedneto/projects/servicedeskn1/frontend/app/node_modules/react-dom/cjs/react-dom-client.development.js:874:13)
    at commitHookEffectListMount (/home/siegfriedneto/projects/servicedeskn1/frontend/app/node_modules/react-dom/cjs/react-dom-client.development.js:13249:29) undefined
Error: Not implemented: window.scrollTo
    at module.exports (/home/siegfriedneto/projects/servicedeskn1/frontend/app/node_modules/jsdom/lib/jsdom/browser/not-implemented.js:9:17)
    at /home/siegfriedneto/projects/servicedeskn1/frontend/app/node_modules/jsdom/lib/jsdom/browser/Window.js:960:7
    at Object.fn (file:///home/siegfriedneto/projects/servicedeskn1/frontend/app/node_modules/@tanstack/router-core/dist/esm/scroll-restoration.js:180:27)
    at RouterCore.emit (file:///home/siegfriedneto/projects/servicedeskn1/frontend/app/node_modules/@tanstack/router-core/dist/esm/router.js:178:14)
    at file:///home/siegfriedneto/projects/servicedeskn1/frontend/app/node_modules/@tanstack/router-core/dist/esm/load-client.js:943:46
    at Router.batch (file:///home/siegfriedneto/projects/servicedeskn1/frontend/app/node_modules/@tanstack/store/dist/esm/atom.js:39:5)
    at file:///home/siegfriedneto/projects/servicedeskn1/frontend/app/node_modules/@tanstack/router-core/dist/esm/load-client.js:936:10
    at runClientTransaction (file:///home/siegfriedneto/projects/servicedeskn1/frontend/app/node_modules/@tanstack/router-core/dist/esm/load-client.js:902:2)
    at loadClientRoute (file:///home/siegfriedneto/projects/servicedeskn1/frontend/app/node_modules/@tanstack/router-core/dist/esm/load-client.js:1034:2)
    at RouterCore.load (file:///home/siegfriedneto/projects/servicedeskn1/frontend/app/node_modules/@tanstack/router-core/dist/esm/router.js:489:4) undefined
Error: Not implemented: window.scrollTo
    at module.exports (/home/siegfriedneto/projects/servicedeskn1/frontend/app/node_modules/jsdom/lib/jsdom/browser/not-implemented.js:9:17)
    at /home/siegfriedneto/projects/servicedeskn1/frontend/app/node_modules/jsdom/lib/jsdom/browser/Window.js:960:7
    at Object.fn (file:///home/siegfriedneto/projects/servicedeskn1/frontend/app/node_modules/@tanstack/router-core/dist/esm/scroll-restoration.js:180:27)
    at RouterCore.emit (file:///home/siegfriedneto/projects/servicedeskn1/frontend/app/node_modules/@tanstack/router-core/dist/esm/router.js:178:14)
    at file:///home/siegfriedneto/projects/servicedeskn1/frontend/app/node_modules/@tanstack/react-router/dist/esm/Transitioner.js:46:25
    at settleOwner (file:///home/siegfriedneto/projects/servicedeskn1/frontend/app/node_modules/@tanstack/react-router/dist/esm/Transitioner.js:10:10)
    at file:///home/siegfriedneto/projects/servicedeskn1/frontend/app/node_modules/@tanstack/react-router/dist/esm/Matches.js:38:39
    at Object.react_stack_bottom_frame (/home/siegfriedneto/projects/servicedeskn1/frontend/app/node_modules/react-dom/cjs/react-dom-client.development.js:25989:20)
    at runWithFiberInDEV (/home/siegfriedneto/projects/servicedeskn1/frontend/app/node_modules/react-dom/cjs/react-dom-client.development.js:874:13)
    at commitHookEffectListMount (/home/siegfriedneto/projects/servicedeskn1/frontend/app/node_modules/react-dom/cjs/react-dom-client.development.js:13249:29) undefined
Error: Not implemented: window.scrollTo
    at module.exports (/home/siegfriedneto/projects/servicedeskn1/frontend/app/node_modules/jsdom/lib/jsdom/browser/not-implemented.js:9:17)
    at /home/siegfriedneto/projects/servicedeskn1/frontend/app/node_modules/jsdom/lib/jsdom/browser/Window.js:960:7
    at Object.fn (file:///home/siegfriedneto/projects/servicedeskn1/frontend/app/node_modules/@tanstack/router-core/dist/esm/scroll-restoration.js:180:27)
    at RouterCore.emit (file:///home/siegfriedneto/projects/servicedeskn1/frontend/app/node_modules/@tanstack/router-core/dist/esm/router.js:178:14)
    at file:///home/siegfriedneto/projects/servicedeskn1/frontend/app/node_modules/@tanstack/react-router/dist/esm/Transitioner.js:46:25
    at settleOwner (file:///home/siegfriedneto/projects/servicedeskn1/frontend/app/node_modules/@tanstack/react-router/dist/esm/Transitioner.js:10:10)
    at file:///home/siegfriedneto/projects/servicedeskn1/frontend/app/node_modules/@tanstack/react-router/dist/esm/Matches.js:38:39
    at Object.react_stack_bottom_frame (/home/siegfriedneto/projects/servicedeskn1/frontend/app/node_modules/react-dom/cjs/react-dom-client.development.js:25989:20)
    at runWithFiberInDEV (/home/siegfriedneto/projects/servicedeskn1/frontend/app/node_modules/react-dom/cjs/react-dom-client.development.js:874:13)
    at commitHookEffectListMount (/home/siegfriedneto/projects/servicedeskn1/frontend/app/node_modules/react-dom/cjs/react-dom-client.development.js:13249:29) undefined
Error: Not implemented: window.scrollTo
    at module.exports (/home/siegfriedneto/projects/servicedeskn1/frontend/app/node_modules/jsdom/lib/jsdom/browser/not-implemented.js:9:17)
    at /home/siegfriedneto/projects/servicedeskn1/frontend/app/node_modules/jsdom/lib/jsdom/browser/Window.js:960:7
    at Object.fn (file:///home/siegfriedneto/projects/servicedeskn1/frontend/app/node_modules/@tanstack/router-core/dist/esm/scroll-restoration.js:180:27)
    at RouterCore.emit (file:///home/siegfriedneto/projects/servicedeskn1/frontend/app/node_modules/@tanstack/router-core/dist/esm/router.js:178:14)
    at file:///home/siegfriedneto/projects/servicedeskn1/frontend/app/node_modules/@tanstack/react-router/dist/esm/Transitioner.js:46:25
    at settleOwner (file:///home/siegfriedneto/projects/servicedeskn1/frontend/app/node_modules/@tanstack/react-router/dist/esm/Transitioner.js:10:10)
    at file:///home/siegfriedneto/projects/servicedeskn1/frontend/app/node_modules/@tanstack/react-router/dist/esm/Matches.js:38:39
    at Object.react_stack_bottom_frame (/home/siegfriedneto/projects/servicedeskn1/frontend/app/node_modules/react-dom/cjs/react-dom-client.development.js:25989:20)
    at runWithFiberInDEV (/home/siegfriedneto/projects/servicedeskn1/frontend/app/node_modules/react-dom/cjs/react-dom-client.development.js:874:13)
    at commitHookEffectListMount (/home/siegfriedneto/projects/servicedeskn1/frontend/app/node_modules/react-dom/cjs/react-dom-client.development.js:13249:29) undefined
Error: Not implemented: window.scrollTo
    at module.exports (/home/siegfriedneto/projects/servicedeskn1/frontend/app/node_modules/jsdom/lib/jsdom/browser/not-implemented.js:9:17)
    at /home/siegfriedneto/projects/servicedeskn1/frontend/app/node_modules/jsdom/lib/jsdom/browser/Window.js:960:7
    at Object.fn (file:///home/siegfriedneto/projects/servicedeskn1/frontend/app/node_modules/@tanstack/router-core/dist/esm/scroll-restoration.js:180:27)
    at RouterCore.emit (file:///home/siegfriedneto/projects/servicedeskn1/frontend/app/node_modules/@tanstack/router-core/dist/esm/router.js:178:14)
    at file:///home/siegfriedneto/projects/servicedeskn1/frontend/app/node_modules/@tanstack/react-router/dist/esm/Transitioner.js:46:25
    at settleOwner (file:///home/siegfriedneto/projects/servicedeskn1/frontend/app/node_modules/@tanstack/react-router/dist/esm/Transitioner.js:10:10)
    at file:///home/siegfriedneto/projects/servicedeskn1/frontend/app/node_modules/@tanstack/react-router/dist/esm/Matches.js:38:39
    at Object.react_stack_bottom_frame (/home/siegfriedneto/projects/servicedeskn1/frontend/app/node_modules/react-dom/cjs/react-dom-client.development.js:25989:20)
    at runWithFiberInDEV (/home/siegfriedneto/projects/servicedeskn1/frontend/app/node_modules/react-dom/cjs/react-dom-client.development.js:874:13)
    at commitHookEffectListMount (/home/siegfriedneto/projects/servicedeskn1/frontend/app/node_modules/react-dom/cjs/react-dom-client.development.js:13249:29) undefined
Error: Not implemented: window.scrollTo
    at module.exports (/home/siegfriedneto/projects/servicedeskn1/frontend/app/node_modules/jsdom/lib/jsdom/browser/not-implemented.js:9:17)
    at /home/siegfriedneto/projects/servicedeskn1/frontend/app/node_modules/jsdom/lib/jsdom/browser/Window.js:960:7
    at Object.fn (file:///home/siegfriedneto/projects/servicedeskn1/frontend/app/node_modules/@tanstack/router-core/dist/esm/scroll-restoration.js:180:27)
    at RouterCore.emit (file:///home/siegfriedneto/projects/servicedeskn1/frontend/app/node_modules/@tanstack/router-core/dist/esm/router.js:178:14)
    at file:///home/siegfriedneto/projects/servicedeskn1/frontend/app/node_modules/@tanstack/react-router/dist/esm/Transitioner.js:46:25
    at settleOwner (file:///home/siegfriedneto/projects/servicedeskn1/frontend/app/node_modules/@tanstack/react-router/dist/esm/Transitioner.js:10:10)
    at file:///home/siegfriedneto/projects/servicedeskn1/frontend/app/node_modules/@tanstack/react-router/dist/esm/Matches.js:38:39
    at Object.react_stack_bottom_frame (/home/siegfriedneto/projects/servicedeskn1/frontend/app/node_modules/react-dom/cjs/react-dom-client.development.js:25989:20)
    at runWithFiberInDEV (/home/siegfriedneto/projects/servicedeskn1/frontend/app/node_modules/react-dom/cjs/react-dom-client.development.js:874:13)
    at commitHookEffectListMount (/home/siegfriedneto/projects/servicedeskn1/frontend/app/node_modules/react-dom/cjs/react-dom-client.development.js:13249:29) undefined
Error: Not implemented: window.scrollTo
    at module.exports (/home/siegfriedneto/projects/servicedeskn1/frontend/app/node_modules/jsdom/lib/jsdom/browser/not-implemented.js:9:17)
    at /home/siegfriedneto/projects/servicedeskn1/frontend/app/node_modules/jsdom/lib/jsdom/browser/Window.js:960:7
    at Object.fn (file:///home/siegfriedneto/projects/servicedeskn1/frontend/app/node_modules/@tanstack/router-core/dist/esm/scroll-restoration.js:180:27)
    at RouterCore.emit (file:///home/siegfriedneto/projects/servicedeskn1/frontend/app/node_modules/@tanstack/router-core/dist/esm/router.js:178:14)
    at file:///home/siegfriedneto/projects/servicedeskn1/frontend/app/node_modules/@tanstack/react-router/dist/esm/Transitioner.js:46:25
    at settleOwner (file:///home/siegfriedneto/projects/servicedeskn1/frontend/app/node_modules/@tanstack/react-router/dist/esm/Transitioner.js:10:10)
    at file:///home/siegfriedneto/projects/servicedeskn1/frontend/app/node_modules/@tanstack/react-router/dist/esm/Matches.js:38:39
    at Object.react_stack_bottom_frame (/home/siegfriedneto/projects/servicedeskn1/frontend/app/node_modules/react-dom/cjs/react-dom-client.development.js:25989:20)
    at runWithFiberInDEV (/home/siegfriedneto/projects/servicedeskn1/frontend/app/node_modules/react-dom/cjs/react-dom-client.development.js:874:13)
    at commitHookEffectListMount (/home/siegfriedneto/projects/servicedeskn1/frontend/app/node_modules/react-dom/cjs/react-dom-client.development.js:13249:29) undefined
Error: Not implemented: window.scrollTo
    at module.exports (/home/siegfriedneto/projects/servicedeskn1/frontend/app/node_modules/jsdom/lib/jsdom/browser/not-implemented.js:9:17)
    at /home/siegfriedneto/projects/servicedeskn1/frontend/app/node_modules/jsdom/lib/jsdom/browser/Window.js:960:7
    at Object.fn (file:///home/siegfriedneto/projects/servicedeskn1/frontend/app/node_modules/@tanstack/router-core/dist/esm/scroll-restoration.js:180:27)
    at RouterCore.emit (file:///home/siegfriedneto/projects/servicedeskn1/frontend/app/node_modules/@tanstack/router-core/dist/esm/router.js:178:14)
    at file:///home/siegfriedneto/projects/servicedeskn1/frontend/app/node_modules/@tanstack/react-router/dist/esm/Transitioner.js:46:25
    at settleOwner (file:///home/siegfriedneto/projects/servicedeskn1/frontend/app/node_modules/@tanstack/react-router/dist/esm/Transitioner.js:10:10)
    at file:///home/siegfriedneto/projects/servicedeskn1/frontend/app/node_modules/@tanstack/react-router/dist/esm/Matches.js:38:39
    at Object.react_stack_bottom_frame (/home/siegfriedneto/projects/servicedeskn1/frontend/app/node_modules/react-dom/cjs/react-dom-client.development.js:25989:20)
    at runWithFiberInDEV (/home/siegfriedneto/projects/servicedeskn1/frontend/app/node_modules/react-dom/cjs/react-dom-client.development.js:874:13)
    at commitHookEffectListMount (/home/siegfriedneto/projects/servicedeskn1/frontend/app/node_modules/react-dom/cjs/react-dom-client.development.js:13249:29) undefined
Error: Not implemented: window.scrollTo
    at module.exports (/home/siegfriedneto/projects/servicedeskn1/frontend/app/node_modules/jsdom/lib/jsdom/browser/not-implemented.js:9:17)
    at /home/siegfriedneto/projects/servicedeskn1/frontend/app/node_modules/jsdom/lib/jsdom/browser/Window.js:960:7
    at Object.fn (file:///home/siegfriedneto/projects/servicedeskn1/frontend/app/node_modules/@tanstack/router-core/dist/esm/scroll-restoration.js:180:27)
    at RouterCore.emit (file:///home/siegfriedneto/projects/servicedeskn1/frontend/app/node_modules/@tanstack/router-core/dist/esm/router.js:178:14)
    at file:///home/siegfriedneto/projects/servicedeskn1/frontend/app/node_modules/@tanstack/react-router/dist/esm/Transitioner.js:46:25
    at settleOwner (file:///home/siegfriedneto/projects/servicedeskn1/frontend/app/node_modules/@tanstack/react-router/dist/esm/Transitioner.js:10:10)
    at file:///home/siegfriedneto/projects/servicedeskn1/frontend/app/node_modules/@tanstack/react-router/dist/esm/Matches.js:38:39
    at Object.react_stack_bottom_frame (/home/siegfriedneto/projects/servicedeskn1/frontend/app/node_modules/react-dom/cjs/react-dom-client.development.js:25989:20)
    at runWithFiberInDEV (/home/siegfriedneto/projects/servicedeskn1/frontend/app/node_modules/react-dom/cjs/react-dom-client.development.js:874:13)
    at commitHookEffectListMount (/home/siegfriedneto/projects/servicedeskn1/frontend/app/node_modules/react-dom/cjs/react-dom-client.development.js:13249:29) undefined
Error: Not implemented: window.scrollTo
    at module.exports (/home/siegfriedneto/projects/servicedeskn1/frontend/app/node_modules/jsdom/lib/jsdom/browser/not-implemented.js:9:17)
    at /home/siegfriedneto/projects/servicedeskn1/frontend/app/node_modules/jsdom/lib/jsdom/browser/Window.js:960:7
    at Object.fn (file:///home/siegfriedneto/projects/servicedeskn1/frontend/app/node_modules/@tanstack/router-core/dist/esm/scroll-restoration.js:180:27)
    at RouterCore.emit (file:///home/siegfriedneto/projects/servicedeskn1/frontend/app/node_modules/@tanstack/router-core/dist/esm/router.js:178:14)
    at file:///home/siegfriedneto/projects/servicedeskn1/frontend/app/node_modules/@tanstack/react-router/dist/esm/Transitioner.js:46:25
    at settleOwner (file:///home/siegfriedneto/projects/servicedeskn1/frontend/app/node_modules/@tanstack/react-router/dist/esm/Transitioner.js:10:10)
    at file:///home/siegfriedneto/projects/servicedeskn1/frontend/app/node_modules/@tanstack/react-router/dist/esm/Matches.js:38:39
    at Object.react_stack_bottom_frame (/home/siegfriedneto/projects/servicedeskn1/frontend/app/node_modules/react-dom/cjs/react-dom-client.development.js:25989:20)
    at runWithFiberInDEV (/home/siegfriedneto/projects/servicedeskn1/frontend/app/node_modules/react-dom/cjs/react-dom-client.development.js:874:13)
    at commitHookEffectListMount (/home/siegfriedneto/projects/servicedeskn1/frontend/app/node_modules/react-dom/cjs/react-dom-client.development.js:13249:29) undefined
Error: Not implemented: window.scrollTo
    at module.exports (/home/siegfriedneto/projects/servicedeskn1/frontend/app/node_modules/jsdom/lib/jsdom/browser/not-implemented.js:9:17)
    at /home/siegfriedneto/projects/servicedeskn1/frontend/app/node_modules/jsdom/lib/jsdom/browser/Window.js:960:7
    at Object.fn (file:///home/siegfriedneto/projects/servicedeskn1/frontend/app/node_modules/@tanstack/router-core/dist/esm/scroll-restoration.js:180:27)
    at RouterCore.emit (file:///home/siegfriedneto/projects/servicedeskn1/frontend/app/node_modules/@tanstack/router-core/dist/esm/router.js:178:14)
    at file:///home/siegfriedneto/projects/servicedeskn1/frontend/app/node_modules/@tanstack/react-router/dist/esm/Transitioner.js:46:25
    at settleOwner (file:///home/siegfriedneto/projects/servicedeskn1/frontend/app/node_modules/@tanstack/react-router/dist/esm/Transitioner.js:10:10)
    at file:///home/siegfriedneto/projects/servicedeskn1/frontend/app/node_modules/@tanstack/react-router/dist/esm/Matches.js:38:39
    at Object.react_stack_bottom_frame (/home/siegfriedneto/projects/servicedeskn1/frontend/app/node_modules/react-dom/cjs/react-dom-client.development.js:25989:20)
    at runWithFiberInDEV (/home/siegfriedneto/projects/servicedeskn1/frontend/app/node_modules/react-dom/cjs/react-dom-client.development.js:874:13)
    at commitHookEffectListMount (/home/siegfriedneto/projects/servicedeskn1/frontend/app/node_modules/react-dom/cjs/react-dom-client.development.js:13249:29) undefined
Error: Not implemented: window.scrollTo
    at module.exports (/home/siegfriedneto/projects/servicedeskn1/frontend/app/node_modules/jsdom/lib/jsdom/browser/not-implemented.js:9:17)
    at /home/siegfriedneto/projects/servicedeskn1/frontend/app/node_modules/jsdom/lib/jsdom/browser/Window.js:960:7
    at Object.fn (file:///home/siegfriedneto/projects/servicedeskn1/frontend/app/node_modules/@tanstack/router-core/dist/esm/scroll-restoration.js:180:27)
    at RouterCore.emit (file:///home/siegfriedneto/projects/servicedeskn1/frontend/app/node_modules/@tanstack/router-core/dist/esm/router.js:178:14)
    at file:///home/siegfriedneto/projects/servicedeskn1/frontend/app/node_modules/@tanstack/react-router/dist/esm/Transitioner.js:46:25
    at settleOwner (file:///home/siegfriedneto/projects/servicedeskn1/frontend/app/node_modules/@tanstack/react-router/dist/esm/Transitioner.js:10:10)
    at file:///home/siegfriedneto/projects/servicedeskn1/frontend/app/node_modules/@tanstack/react-router/dist/esm/Matches.js:38:39
    at Object.react_stack_bottom_frame (/home/siegfriedneto/projects/servicedeskn1/frontend/app/node_modules/react-dom/cjs/react-dom-client.development.js:25989:20)
    at runWithFiberInDEV (/home/siegfriedneto/projects/servicedeskn1/frontend/app/node_modules/react-dom/cjs/react-dom-client.development.js:874:13)
    at commitHookEffectListMount (/home/siegfriedneto/projects/servicedeskn1/frontend/app/node_modules/react-dom/cjs/react-dom-client.development.js:13249:29) undefined
Error: Not implemented: window.scrollTo
    at module.exports (/home/siegfriedneto/projects/servicedeskn1/frontend/app/node_modules/jsdom/lib/jsdom/browser/not-implemented.js:9:17)
    at /home/siegfriedneto/projects/servicedeskn1/frontend/app/node_modules/jsdom/lib/jsdom/browser/Window.js:960:7
    at Object.fn (file:///home/siegfriedneto/projects/servicedeskn1/frontend/app/node_modules/@tanstack/router-core/dist/esm/scroll-restoration.js:180:27)
    at RouterCore.emit (file:///home/siegfriedneto/projects/servicedeskn1/frontend/app/node_modules/@tanstack/router-core/dist/esm/router.js:178:14)
    at file:///home/siegfriedneto/projects/servicedeskn1/frontend/app/node_modules/@tanstack/react-router/dist/esm/Transitioner.js:46:25
    at settleOwner (file:///home/siegfriedneto/projects/servicedeskn1/frontend/app/node_modules/@tanstack/react-router/dist/esm/Transitioner.js:10:10)
    at file:///home/siegfriedneto/projects/servicedeskn1/frontend/app/node_modules/@tanstack/react-router/dist/esm/Matches.js:38:39
    at Object.react_stack_bottom_frame (/home/siegfriedneto/projects/servicedeskn1/frontend/app/node_modules/react-dom/cjs/react-dom-client.development.js:25989:20)
    at runWithFiberInDEV (/home/siegfriedneto/projects/servicedeskn1/frontend/app/node_modules/react-dom/cjs/react-dom-client.development.js:874:13)
    at commitHookEffectListMount (/home/siegfriedneto/projects/servicedeskn1/frontend/app/node_modules/react-dom/cjs/react-dom-client.development.js:13249:29) undefined
Error: Not implemented: window.scrollTo
    at module.exports (/home/siegfriedneto/projects/servicedeskn1/frontend/app/node_modules/jsdom/lib/jsdom/browser/not-implemented.js:9:17)
    at /home/siegfriedneto/projects/servicedeskn1/frontend/app/node_modules/jsdom/lib/jsdom/browser/Window.js:960:7
    at Object.fn (file:///home/siegfriedneto/projects/servicedeskn1/frontend/app/node_modules/@tanstack/router-core/dist/esm/scroll-restoration.js:180:27)
    at RouterCore.emit (file:///home/siegfriedneto/projects/servicedeskn1/frontend/app/node_modules/@tanstack/router-core/dist/esm/router.js:178:14)
    at file:///home/siegfriedneto/projects/servicedeskn1/frontend/app/node_modules/@tanstack/react-router/dist/esm/Transitioner.js:46:25
    at settleOwner (file:///home/siegfriedneto/projects/servicedeskn1/frontend/app/node_modules/@tanstack/react-router/dist/esm/Transitioner.js:10:10)
    at file:///home/siegfriedneto/projects/servicedeskn1/frontend/app/node_modules/@tanstack/react-router/dist/esm/Matches.js:38:39
    at Object.react_stack_bottom_frame (/home/siegfriedneto/projects/servicedeskn1/frontend/app/node_modules/react-dom/cjs/react-dom-client.development.js:25989:20)
    at runWithFiberInDEV (/home/siegfriedneto/projects/servicedeskn1/frontend/app/node_modules/react-dom/cjs/react-dom-client.development.js:874:13)
    at commitHookEffectListMount (/home/siegfriedneto/projects/servicedeskn1/frontend/app/node_modules/react-dom/cjs/react-dom-client.development.js:13249:29) undefined
Error: Not implemented: window.scrollTo
    at module.exports (/home/siegfriedneto/projects/servicedeskn1/frontend/app/node_modules/jsdom/lib/jsdom/browser/not-implemented.js:9:17)
    at /home/siegfriedneto/projects/servicedeskn1/frontend/app/node_modules/jsdom/lib/jsdom/browser/Window.js:960:7
    at Object.fn (file:///home/siegfriedneto/projects/servicedeskn1/frontend/app/node_modules/@tanstack/router-core/dist/esm/scroll-restoration.js:180:27)
    at RouterCore.emit (file:///home/siegfriedneto/projects/servicedeskn1/frontend/app/node_modules/@tanstack/router-core/dist/esm/router.js:178:14)
    at file:///home/siegfriedneto/projects/servicedeskn1/frontend/app/node_modules/@tanstack/react-router/dist/esm/Transitioner.js:46:25
    at settleOwner (file:///home/siegfriedneto/projects/servicedeskn1/frontend/app/node_modules/@tanstack/react-router/dist/esm/Transitioner.js:10:10)
    at file:///home/siegfriedneto/projects/servicedeskn1/frontend/app/node_modules/@tanstack/react-router/dist/esm/Matches.js:38:39
    at Object.react_stack_bottom_frame (/home/siegfriedneto/projects/servicedeskn1/frontend/app/node_modules/react-dom/cjs/react-dom-client.development.js:25989:20)
    at runWithFiberInDEV (/home/siegfriedneto/projects/servicedeskn1/frontend/app/node_modules/react-dom/cjs/react-dom-client.development.js:874:13)
    at commitHookEffectListMount (/home/siegfriedneto/projects/servicedeskn1/frontend/app/node_modules/react-dom/cjs/react-dom-client.development.js:13249:29) undefined
Error: Not implemented: window.scrollTo
    at module.exports (/home/siegfriedneto/projects/servicedeskn1/frontend/app/node_modules/jsdom/lib/jsdom/browser/not-implemented.js:9:17)
    at /home/siegfriedneto/projects/servicedeskn1/frontend/app/node_modules/jsdom/lib/jsdom/browser/Window.js:960:7
    at Object.fn (file:///home/siegfriedneto/projects/servicedeskn1/frontend/app/node_modules/@tanstack/router-core/dist/esm/scroll-restoration.js:180:27)
    at RouterCore.emit (file:///home/siegfriedneto/projects/servicedeskn1/frontend/app/node_modules/@tanstack/router-core/dist/esm/router.js:178:14)
    at file:///home/siegfriedneto/projects/servicedeskn1/frontend/app/node_modules/@tanstack/react-router/dist/esm/Transitioner.js:46:25
    at settleOwner (file:///home/siegfriedneto/projects/servicedeskn1/frontend/app/node_modules/@tanstack/react-router/dist/esm/Transitioner.js:10:10)
    at file:///home/siegfriedneto/projects/servicedeskn1/frontend/app/node_modules/@tanstack/react-router/dist/esm/Matches.js:38:39
    at Object.react_stack_bottom_frame (/home/siegfriedneto/projects/servicedeskn1/frontend/app/node_modules/react-dom/cjs/react-dom-client.development.js:25989:20)
    at runWithFiberInDEV (/home/siegfriedneto/projects/servicedeskn1/frontend/app/node_modules/react-dom/cjs/react-dom-client.development.js:874:13)
    at commitHookEffectListMount (/home/siegfriedneto/projects/servicedeskn1/frontend/app/node_modules/react-dom/cjs/react-dom-client.development.js:13249:29) undefined
Error: Not implemented: window.scrollTo
    at module.exports (/home/siegfriedneto/projects/servicedeskn1/frontend/app/node_modules/jsdom/lib/jsdom/browser/not-implemented.js:9:17)
    at /home/siegfriedneto/projects/servicedeskn1/frontend/app/node_modules/jsdom/lib/jsdom/browser/Window.js:960:7
    at Object.fn (file:///home/siegfriedneto/projects/servicedeskn1/frontend/app/node_modules/@tanstack/router-core/dist/esm/scroll-restoration.js:180:27)
    at RouterCore.emit (file:///home/siegfriedneto/projects/servicedeskn1/frontend/app/node_modules/@tanstack/router-core/dist/esm/router.js:178:14)
    at file:///home/siegfriedneto/projects/servicedeskn1/frontend/app/node_modules/@tanstack/react-router/dist/esm/Transitioner.js:46:25
    at settleOwner (file:///home/siegfriedneto/projects/servicedeskn1/frontend/app/node_modules/@tanstack/react-router/dist/esm/Transitioner.js:10:10)
    at file:///home/siegfriedneto/projects/servicedeskn1/frontend/app/node_modules/@tanstack/react-router/dist/esm/Matches.js:38:39
    at Object.react_stack_bottom_frame (/home/siegfriedneto/projects/servicedeskn1/frontend/app/node_modules/react-dom/cjs/react-dom-client.development.js:25989:20)
    at runWithFiberInDEV (/home/siegfriedneto/projects/servicedeskn1/frontend/app/node_modules/react-dom/cjs/react-dom-client.development.js:874:13)
    at commitHookEffectListMount (/home/siegfriedneto/projects/servicedeskn1/frontend/app/node_modules/react-dom/cjs/react-dom-client.development.js:13249:29) undefined
Error: Not implemented: window.scrollTo
    at module.exports (/home/siegfriedneto/projects/servicedeskn1/frontend/app/node_modules/jsdom/lib/jsdom/browser/not-implemented.js:9:17)
    at /home/siegfriedneto/projects/servicedeskn1/frontend/app/node_modules/jsdom/lib/jsdom/browser/Window.js:960:7
    at Object.fn (file:///home/siegfriedneto/projects/servicedeskn1/frontend/app/node_modules/@tanstack/router-core/dist/esm/scroll-restoration.js:180:27)
    at RouterCore.emit (file:///home/siegfriedneto/projects/servicedeskn1/frontend/app/node_modules/@tanstack/router-core/dist/esm/router.js:178:14)
    at file:///home/siegfriedneto/projects/servicedeskn1/frontend/app/node_modules/@tanstack/react-router/dist/esm/Transitioner.js:46:25
    at settleOwner (file:///home/siegfriedneto/projects/servicedeskn1/frontend/app/node_modules/@tanstack/react-router/dist/esm/Transitioner.js:10:10)
    at file:///home/siegfriedneto/projects/servicedeskn1/frontend/app/node_modules/@tanstack/react-router/dist/esm/Matches.js:38:39
    at Object.react_stack_bottom_frame (/home/siegfriedneto/projects/servicedeskn1/frontend/app/node_modules/react-dom/cjs/react-dom-client.development.js:25989:20)
    at runWithFiberInDEV (/home/siegfriedneto/projects/servicedeskn1/frontend/app/node_modules/react-dom/cjs/react-dom-client.development.js:874:13)
    at commitHookEffectListMount (/home/siegfriedneto/projects/servicedeskn1/frontend/app/node_modules/react-dom/cjs/react-dom-client.development.js:13249:29) undefined
Error: Not implemented: window.scrollTo
    at module.exports (/home/siegfriedneto/projects/servicedeskn1/frontend/app/node_modules/jsdom/lib/jsdom/browser/not-implemented.js:9:17)
    at /home/siegfriedneto/projects/servicedeskn1/frontend/app/node_modules/jsdom/lib/jsdom/browser/Window.js:960:7
    at Object.fn (file:///home/siegfriedneto/projects/servicedeskn1/frontend/app/node_modules/@tanstack/router-core/dist/esm/scroll-restoration.js:180:27)
    at RouterCore.emit (file:///home/siegfriedneto/projects/servicedeskn1/frontend/app/node_modules/@tanstack/router-core/dist/esm/router.js:178:14)
    at file:///home/siegfriedneto/projects/servicedeskn1/frontend/app/node_modules/@tanstack/react-router/dist/esm/Transitioner.js:46:25
    at settleOwner (file:///home/siegfriedneto/projects/servicedeskn1/frontend/app/node_modules/@tanstack/react-router/dist/esm/Transitioner.js:10:10)
    at file:///home/siegfriedneto/projects/servicedeskn1/frontend/app/node_modules/@tanstack/react-router/dist/esm/Matches.js:38:39
    at Object.react_stack_bottom_frame (/home/siegfriedneto/projects/servicedeskn1/frontend/app/node_modules/react-dom/cjs/react-dom-client.development.js:25989:20)
    at runWithFiberInDEV (/home/siegfriedneto/projects/servicedeskn1/frontend/app/node_modules/react-dom/cjs/react-dom-client.development.js:874:13)
    at commitHookEffectListMount (/home/siegfriedneto/projects/servicedeskn1/frontend/app/node_modules/react-dom/cjs/react-dom-client.development.js:13249:29) undefined
Error: Not implemented: window.scrollTo
    at module.exports (/home/siegfriedneto/projects/servicedeskn1/frontend/app/node_modules/jsdom/lib/jsdom/browser/not-implemented.js:9:17)
    at /home/siegfriedneto/projects/servicedeskn1/frontend/app/node_modules/jsdom/lib/jsdom/browser/Window.js:960:7
    at Object.fn (file:///home/siegfriedneto/projects/servicedeskn1/frontend/app/node_modules/@tanstack/router-core/dist/esm/scroll-restoration.js:180:27)
    at RouterCore.emit (file:///home/siegfriedneto/projects/servicedeskn1/frontend/app/node_modules/@tanstack/router-core/dist/esm/router.js:178:14)
    at file:///home/siegfriedneto/projects/servicedeskn1/frontend/app/node_modules/@tanstack/react-router/dist/esm/Transitioner.js:46:25
    at settleOwner (file:///home/siegfriedneto/projects/servicedeskn1/frontend/app/node_modules/@tanstack/react-router/dist/esm/Transitioner.js:10:10)
    at file:///home/siegfriedneto/projects/servicedeskn1/frontend/app/node_modules/@tanstack/react-router/dist/esm/Matches.js:38:39
    at Object.react_stack_bottom_frame (/home/siegfriedneto/projects/servicedeskn1/frontend/app/node_modules/react-dom/cjs/react-dom-client.development.js:25989:20)
    at runWithFiberInDEV (/home/siegfriedneto/projects/servicedeskn1/frontend/app/node_modules/react-dom/cjs/react-dom-client.development.js:874:13)
    at commitHookEffectListMount (/home/siegfriedneto/projects/servicedeskn1/frontend/app/node_modules/react-dom/cjs/react-dom-client.development.js:13249:29) undefined
Error: Not implemented: window.scrollTo
    at module.exports (/home/siegfriedneto/projects/servicedeskn1/frontend/app/node_modules/jsdom/lib/jsdom/browser/not-implemented.js:9:17)
    at /home/siegfriedneto/projects/servicedeskn1/frontend/app/node_modules/jsdom/lib/jsdom/browser/Window.js:960:7
    at Object.fn (file:///home/siegfriedneto/projects/servicedeskn1/frontend/app/node_modules/@tanstack/router-core/dist/esm/scroll-restoration.js:180:27)
    at RouterCore.emit (file:///home/siegfriedneto/projects/servicedeskn1/frontend/app/node_modules/@tanstack/router-core/dist/esm/router.js:178:14)
    at file:///home/siegfriedneto/projects/servicedeskn1/frontend/app/node_modules/@tanstack/react-router/dist/esm/Transitioner.js:46:25
    at settleOwner (file:///home/siegfriedneto/projects/servicedeskn1/frontend/app/node_modules/@tanstack/react-router/dist/esm/Transitioner.js:10:10)
    at file:///home/siegfriedneto/projects/servicedeskn1/frontend/app/node_modules/@tanstack/react-router/dist/esm/Matches.js:38:39
    at Object.react_stack_bottom_frame (/home/siegfriedneto/projects/servicedeskn1/frontend/app/node_modules/react-dom/cjs/react-dom-client.development.js:25989:20)
    at runWithFiberInDEV (/home/siegfriedneto/projects/servicedeskn1/frontend/app/node_modules/react-dom/cjs/react-dom-client.development.js:874:13)
    at commitHookEffectListMount (/home/siegfriedneto/projects/servicedeskn1/frontend/app/node_modules/react-dom/cjs/react-dom-client.development.js:13249:29) undefined
Error: Not implemented: window.scrollTo
    at module.exports (/home/siegfriedneto/projects/servicedeskn1/frontend/app/node_modules/jsdom/lib/jsdom/browser/not-implemented.js:9:17)
    at /home/siegfriedneto/projects/servicedeskn1/frontend/app/node_modules/jsdom/lib/jsdom/browser/Window.js:960:7
    at Object.fn (file:///home/siegfriedneto/projects/servicedeskn1/frontend/app/node_modules/@tanstack/router-core/dist/esm/scroll-restoration.js:180:27)
    at RouterCore.emit (file:///home/siegfriedneto/projects/servicedeskn1/frontend/app/node_modules/@tanstack/router-core/dist/esm/router.js:178:14)
    at file:///home/siegfriedneto/projects/servicedeskn1/frontend/app/node_modules/@tanstack/react-router/dist/esm/Transitioner.js:46:25
    at settleOwner (file:///home/siegfriedneto/projects/servicedeskn1/frontend/app/node_modules/@tanstack/react-router/dist/esm/Transitioner.js:10:10)
    at file:///home/siegfriedneto/projects/servicedeskn1/frontend/app/node_modules/@tanstack/react-router/dist/esm/Matches.js:38:39
    at Object.react_stack_bottom_frame (/home/siegfriedneto/projects/servicedeskn1/frontend/app/node_modules/react-dom/cjs/react-dom-client.development.js:25989:20)
    at runWithFiberInDEV (/home/siegfriedneto/projects/servicedeskn1/frontend/app/node_modules/react-dom/cjs/react-dom-client.development.js:874:13)
    at commitHookEffectListMount (/home/siegfriedneto/projects/servicedeskn1/frontend/app/node_modules/react-dom/cjs/react-dom-client.development.js:13249:29) undefined
Error: Not implemented: window.scrollTo
    at module.exports (/home/siegfriedneto/projects/servicedeskn1/frontend/app/node_modules/jsdom/lib/jsdom/browser/not-implemented.js:9:17)
    at /home/siegfriedneto/projects/servicedeskn1/frontend/app/node_modules/jsdom/lib/jsdom/browser/Window.js:960:7
    at Object.fn (file:///home/siegfriedneto/projects/servicedeskn1/frontend/app/node_modules/@tanstack/router-core/dist/esm/scroll-restoration.js:180:27)
    at RouterCore.emit (file:///home/siegfriedneto/projects/servicedeskn1/frontend/app/node_modules/@tanstack/router-core/dist/esm/router.js:178:14)
    at file:///home/siegfriedneto/projects/servicedeskn1/frontend/app/node_modules/@tanstack/react-router/dist/esm/Transitioner.js:46:25
    at settleOwner (file:///home/siegfriedneto/projects/servicedeskn1/frontend/app/node_modules/@tanstack/react-router/dist/esm/Transitioner.js:10:10)
    at file:///home/siegfriedneto/projects/servicedeskn1/frontend/app/node_modules/@tanstack/react-router/dist/esm/Matches.js:38:39
    at Object.react_stack_bottom_frame (/home/siegfriedneto/projects/servicedeskn1/frontend/app/node_modules/react-dom/cjs/react-dom-client.development.js:25989:20)
    at runWithFiberInDEV (/home/siegfriedneto/projects/servicedeskn1/frontend/app/node_modules/react-dom/cjs/react-dom-client.development.js:874:13)
    at commitHookEffectListMount (/home/siegfriedneto/projects/servicedeskn1/frontend/app/node_modules/react-dom/cjs/react-dom-client.development.js:13249:29) undefined
Error: Not implemented: window.scrollTo
    at module.exports (/home/siegfriedneto/projects/servicedeskn1/frontend/app/node_modules/jsdom/lib/jsdom/browser/not-implemented.js:9:17)
    at /home/siegfriedneto/projects/servicedeskn1/frontend/app/node_modules/jsdom/lib/jsdom/browser/Window.js:960:7
    at Object.fn (file:///home/siegfriedneto/projects/servicedeskn1/frontend/app/node_modules/@tanstack/router-core/dist/esm/scroll-restoration.js:180:27)
    at RouterCore.emit (file:///home/siegfriedneto/projects/servicedeskn1/frontend/app/node_modules/@tanstack/router-core/dist/esm/router.js:178:14)
    at file:///home/siegfriedneto/projects/servicedeskn1/frontend/app/node_modules/@tanstack/react-router/dist/esm/Transitioner.js:46:25
    at settleOwner (file:///home/siegfriedneto/projects/servicedeskn1/frontend/app/node_modules/@tanstack/react-router/dist/esm/Transitioner.js:10:10)
    at file:///home/siegfriedneto/projects/servicedeskn1/frontend/app/node_modules/@tanstack/react-router/dist/esm/Matches.js:38:39
    at Object.react_stack_bottom_frame (/home/siegfriedneto/projects/servicedeskn1/frontend/app/node_modules/react-dom/cjs/react-dom-client.development.js:25989:20)
    at runWithFiberInDEV (/home/siegfriedneto/projects/servicedeskn1/frontend/app/node_modules/react-dom/cjs/react-dom-client.development.js:874:13)
    at commitHookEffectListMount (/home/siegfriedneto/projects/servicedeskn1/frontend/app/node_modules/react-dom/cjs/react-dom-client.development.js:13249:29) undefined
Error: Not implemented: window.scrollTo
    at module.exports (/home/siegfriedneto/projects/servicedeskn1/frontend/app/node_modules/jsdom/lib/jsdom/browser/not-implemented.js:9:17)
    at /home/siegfriedneto/projects/servicedeskn1/frontend/app/node_modules/jsdom/lib/jsdom/browser/Window.js:960:7
    at Object.fn (file:///home/siegfriedneto/projects/servicedeskn1/frontend/app/node_modules/@tanstack/router-core/dist/esm/scroll-restoration.js:180:27)
    at RouterCore.emit (file:///home/siegfriedneto/projects/servicedeskn1/frontend/app/node_modules/@tanstack/router-core/dist/esm/router.js:178:14)
    at file:///home/siegfriedneto/projects/servicedeskn1/frontend/app/node_modules/@tanstack/react-router/dist/esm/Transitioner.js:46:25
    at settleOwner (file:///home/siegfriedneto/projects/servicedeskn1/frontend/app/node_modules/@tanstack/react-router/dist/esm/Transitioner.js:10:10)
    at file:///home/siegfriedneto/projects/servicedeskn1/frontend/app/node_modules/@tanstack/react-router/dist/esm/Matches.js:38:39
    at Object.react_stack_bottom_frame (/home/siegfriedneto/projects/servicedeskn1/frontend/app/node_modules/react-dom/cjs/react-dom-client.development.js:25989:20)
    at runWithFiberInDEV (/home/siegfriedneto/projects/servicedeskn1/frontend/app/node_modules/react-dom/cjs/react-dom-client.development.js:874:13)
    at commitHookEffectListMount (/home/siegfriedneto/projects/servicedeskn1/frontend/app/node_modules/react-dom/cjs/react-dom-client.development.js:13249:29) undefined
Error: Not implemented: window.scrollTo
    at module.exports (/home/siegfriedneto/projects/servicedeskn1/frontend/app/node_modules/jsdom/lib/jsdom/browser/not-implemented.js:9:17)
    at /home/siegfriedneto/projects/servicedeskn1/frontend/app/node_modules/jsdom/lib/jsdom/browser/Window.js:960:7
    at Object.fn (file:///home/siegfriedneto/projects/servicedeskn1/frontend/app/node_modules/@tanstack/router-core/dist/esm/scroll-restoration.js:180:27)
    at RouterCore.emit (file:///home/siegfriedneto/projects/servicedeskn1/frontend/app/node_modules/@tanstack/router-core/dist/esm/router.js:178:14)
    at file:///home/siegfriedneto/projects/servicedeskn1/frontend/app/node_modules/@tanstack/react-router/dist/esm/Transitioner.js:46:25
    at settleOwner (file:///home/siegfriedneto/projects/servicedeskn1/frontend/app/node_modules/@tanstack/react-router/dist/esm/Transitioner.js:10:10)
    at file:///home/siegfriedneto/projects/servicedeskn1/frontend/app/node_modules/@tanstack/react-router/dist/esm/Matches.js:38:39
    at Object.react_stack_bottom_frame (/home/siegfriedneto/projects/servicedeskn1/frontend/app/node_modules/react-dom/cjs/react-dom-client.development.js:25989:20)
    at runWithFiberInDEV (/home/siegfriedneto/projects/servicedeskn1/frontend/app/node_modules/react-dom/cjs/react-dom-client.development.js:874:13)
    at commitHookEffectListMount (/home/siegfriedneto/projects/servicedeskn1/frontend/app/node_modules/react-dom/cjs/react-dom-client.development.js:13249:29) undefined
Error: Not implemented: window.scrollTo
    at module.exports (/home/siegfriedneto/projects/servicedeskn1/frontend/app/node_modules/jsdom/lib/jsdom/browser/not-implemented.js:9:17)
    at /home/siegfriedneto/projects/servicedeskn1/frontend/app/node_modules/jsdom/lib/jsdom/browser/Window.js:960:7
    at Object.fn (file:///home/siegfriedneto/projects/servicedeskn1/frontend/app/node_modules/@tanstack/router-core/dist/esm/scroll-restoration.js:180:27)
    at RouterCore.emit (file:///home/siegfriedneto/projects/servicedeskn1/frontend/app/node_modules/@tanstack/router-core/dist/esm/router.js:178:14)
    at file:///home/siegfriedneto/projects/servicedeskn1/frontend/app/node_modules/@tanstack/react-router/dist/esm/Transitioner.js:46:25
    at settleOwner (file:///home/siegfriedneto/projects/servicedeskn1/frontend/app/node_modules/@tanstack/react-router/dist/esm/Transitioner.js:10:10)
    at file:///home/siegfriedneto/projects/servicedeskn1/frontend/app/node_modules/@tanstack/react-router/dist/esm/Matches.js:38:39
    at Object.react_stack_bottom_frame (/home/siegfriedneto/projects/servicedeskn1/frontend/app/node_modules/react-dom/cjs/react-dom-client.development.js:25989:20)
    at runWithFiberInDEV (/home/siegfriedneto/projects/servicedeskn1/frontend/app/node_modules/react-dom/cjs/react-dom-client.development.js:874:13)
    at commitHookEffectListMount (/home/siegfriedneto/projects/servicedeskn1/frontend/app/node_modules/react-dom/cjs/react-dom-client.development.js:13249:29) undefined
Error: Not implemented: window.scrollTo
    at module.exports (/home/siegfriedneto/projects/servicedeskn1/frontend/app/node_modules/jsdom/lib/jsdom/browser/not-implemented.js:9:17)
    at /home/siegfriedneto/projects/servicedeskn1/frontend/app/node_modules/jsdom/lib/jsdom/browser/Window.js:960:7
    at Object.fn (file:///home/siegfriedneto/projects/servicedeskn1/frontend/app/node_modules/@tanstack/router-core/dist/esm/scroll-restoration.js:180:27)
    at RouterCore.emit (file:///home/siegfriedneto/projects/servicedeskn1/frontend/app/node_modules/@tanstack/router-core/dist/esm/router.js:178:14)
    at file:///home/siegfriedneto/projects/servicedeskn1/frontend/app/node_modules/@tanstack/react-router/dist/esm/Transitioner.js:46:25
    at settleOwner (file:///home/siegfriedneto/projects/servicedeskn1/frontend/app/node_modules/@tanstack/react-router/dist/esm/Transitioner.js:10:10)
    at file:///home/siegfriedneto/projects/servicedeskn1/frontend/app/node_modules/@tanstack/react-router/dist/esm/Matches.js:38:39
    at Object.react_stack_bottom_frame (/home/siegfriedneto/projects/servicedeskn1/frontend/app/node_modules/react-dom/cjs/react-dom-client.development.js:25989:20)
    at runWithFiberInDEV (/home/siegfriedneto/projects/servicedeskn1/frontend/app/node_modules/react-dom/cjs/react-dom-client.development.js:874:13)
    at commitHookEffectListMount (/home/siegfriedneto/projects/servicedeskn1/frontend/app/node_modules/react-dom/cjs/react-dom-client.development.js:13249:29) undefined
Error: Not implemented: window.scrollTo
    at module.exports (/home/siegfriedneto/projects/servicedeskn1/frontend/app/node_modules/jsdom/lib/jsdom/browser/not-implemented.js:9:17)
    at /home/siegfriedneto/projects/servicedeskn1/frontend/app/node_modules/jsdom/lib/jsdom/browser/Window.js:960:7
    at Object.fn (file:///home/siegfriedneto/projects/servicedeskn1/frontend/app/node_modules/@tanstack/router-core/dist/esm/scroll-restoration.js:180:27)
    at RouterCore.emit (file:///home/siegfriedneto/projects/servicedeskn1/frontend/app/node_modules/@tanstack/router-core/dist/esm/router.js:178:14)
    at file:///home/siegfriedneto/projects/servicedeskn1/frontend/app/node_modules/@tanstack/react-router/dist/esm/Transitioner.js:46:25
    at settleOwner (file:///home/siegfriedneto/projects/servicedeskn1/frontend/app/node_modules/@tanstack/react-router/dist/esm/Transitioner.js:10:10)
    at file:///home/siegfriedneto/projects/servicedeskn1/frontend/app/node_modules/@tanstack/react-router/dist/esm/Matches.js:38:39
    at Object.react_stack_bottom_frame (/home/siegfriedneto/projects/servicedeskn1/frontend/app/node_modules/react-dom/cjs/react-dom-client.development.js:25989:20)
    at runWithFiberInDEV (/home/siegfriedneto/projects/servicedeskn1/frontend/app/node_modules/react-dom/cjs/react-dom-client.development.js:874:13)
    at commitHookEffectListMount (/home/siegfriedneto/projects/servicedeskn1/frontend/app/node_modules/react-dom/cjs/react-dom-client.development.js:13249:29) undefined
Error: Not implemented: window.scrollTo
    at module.exports (/home/siegfriedneto/projects/servicedeskn1/frontend/app/node_modules/jsdom/lib/jsdom/browser/not-implemented.js:9:17)
    at /home/siegfriedneto/projects/servicedeskn1/frontend/app/node_modules/jsdom/lib/jsdom/browser/Window.js:960:7
    at Object.fn (file:///home/siegfriedneto/projects/servicedeskn1/frontend/app/node_modules/@tanstack/router-core/dist/esm/scroll-restoration.js:180:27)
    at RouterCore.emit (file:///home/siegfriedneto/projects/servicedeskn1/frontend/app/node_modules/@tanstack/router-core/dist/esm/router.js:178:14)
    at file:///home/siegfriedneto/projects/servicedeskn1/frontend/app/node_modules/@tanstack/react-router/dist/esm/Transitioner.js:46:25
    at settleOwner (file:///home/siegfriedneto/projects/servicedeskn1/frontend/app/node_modules/@tanstack/react-router/dist/esm/Transitioner.js:10:10)
    at file:///home/siegfriedneto/projects/servicedeskn1/frontend/app/node_modules/@tanstack/react-router/dist/esm/Matches.js:38:39
    at Object.react_stack_bottom_frame (/home/siegfriedneto/projects/servicedeskn1/frontend/app/node_modules/react-dom/cjs/react-dom-client.development.js:25989:20)
    at runWithFiberInDEV (/home/siegfriedneto/projects/servicedeskn1/frontend/app/node_modules/react-dom/cjs/react-dom-client.development.js:874:13)
    at commitHookEffectListMount (/home/siegfriedneto/projects/servicedeskn1/frontend/app/node_modules/react-dom/cjs/react-dom-client.development.js:13249:29) undefined
Error: Not implemented: window.scrollTo
    at module.exports (/home/siegfriedneto/projects/servicedeskn1/frontend/app/node_modules/jsdom/lib/jsdom/browser/not-implemented.js:9:17)
    at /home/siegfriedneto/projects/servicedeskn1/frontend/app/node_modules/jsdom/lib/jsdom/browser/Window.js:960:7
    at Object.fn (file:///home/siegfriedneto/projects/servicedeskn1/frontend/app/node_modules/@tanstack/router-core/dist/esm/scroll-restoration.js:180:27)
    at RouterCore.emit (file:///home/siegfriedneto/projects/servicedeskn1/frontend/app/node_modules/@tanstack/router-core/dist/esm/router.js:178:14)
    at file:///home/siegfriedneto/projects/servicedeskn1/frontend/app/node_modules/@tanstack/react-router/dist/esm/Transitioner.js:46:25
    at settleOwner (file:///home/siegfriedneto/projects/servicedeskn1/frontend/app/node_modules/@tanstack/react-router/dist/esm/Transitioner.js:10:10)
    at file:///home/siegfriedneto/projects/servicedeskn1/frontend/app/node_modules/@tanstack/react-router/dist/esm/Matches.js:38:39
    at Object.react_stack_bottom_frame (/home/siegfriedneto/projects/servicedeskn1/frontend/app/node_modules/react-dom/cjs/react-dom-client.development.js:25989:20)
    at runWithFiberInDEV (/home/siegfriedneto/projects/servicedeskn1/frontend/app/node_modules/react-dom/cjs/react-dom-client.development.js:874:13)
    at commitHookEffectListMount (/home/siegfriedneto/projects/servicedeskn1/frontend/app/node_modules/react-dom/cjs/react-dom-client.development.js:13249:29) undefined
Error: Not implemented: window.scrollTo
    at module.exports (/home/siegfriedneto/projects/servicedeskn1/frontend/app/node_modules/jsdom/lib/jsdom/browser/not-implemented.js:9:17)
    at /home/siegfriedneto/projects/servicedeskn1/frontend/app/node_modules/jsdom/lib/jsdom/browser/Window.js:960:7
    at Object.fn (file:///home/siegfriedneto/projects/servicedeskn1/frontend/app/node_modules/@tanstack/router-core/dist/esm/scroll-restoration.js:180:27)
    at RouterCore.emit (file:///home/siegfriedneto/projects/servicedeskn1/frontend/app/node_modules/@tanstack/router-core/dist/esm/router.js:178:14)
    at file:///home/siegfriedneto/projects/servicedeskn1/frontend/app/node_modules/@tanstack/react-router/dist/esm/Transitioner.js:46:25
    at settleOwner (file:///home/siegfriedneto/projects/servicedeskn1/frontend/app/node_modules/@tanstack/react-router/dist/esm/Transitioner.js:10:10)
    at file:///home/siegfriedneto/projects/servicedeskn1/frontend/app/node_modules/@tanstack/react-router/dist/esm/Matches.js:38:39
    at Object.react_stack_bottom_frame (/home/siegfriedneto/projects/servicedeskn1/frontend/app/node_modules/react-dom/cjs/react-dom-client.development.js:25989:20)
    at runWithFiberInDEV (/home/siegfriedneto/projects/servicedeskn1/frontend/app/node_modules/react-dom/cjs/react-dom-client.development.js:874:13)
    at commitHookEffectListMount (/home/siegfriedneto/projects/servicedeskn1/frontend/app/node_modules/react-dom/cjs/react-dom-client.development.js:13249:29) undefined
Error: Not implemented: window.scrollTo
    at module.exports (/home/siegfriedneto/projects/servicedeskn1/frontend/app/node_modules/jsdom/lib/jsdom/browser/not-implemented.js:9:17)
    at /home/siegfriedneto/projects/servicedeskn1/frontend/app/node_modules/jsdom/lib/jsdom/browser/Window.js:960:7
    at Object.fn (file:///home/siegfriedneto/projects/servicedeskn1/frontend/app/node_modules/@tanstack/router-core/dist/esm/scroll-restoration.js:180:27)
    at RouterCore.emit (file:///home/siegfriedneto/projects/servicedeskn1/frontend/app/node_modules/@tanstack/router-core/dist/esm/router.js:178:14)
    at file:///home/siegfriedneto/projects/servicedeskn1/frontend/app/node_modules/@tanstack/react-router/dist/esm/Transitioner.js:46:25
    at settleOwner (file:///home/siegfriedneto/projects/servicedeskn1/frontend/app/node_modules/@tanstack/react-router/dist/esm/Transitioner.js:10:10)
    at file:///home/siegfriedneto/projects/servicedeskn1/frontend/app/node_modules/@tanstack/react-router/dist/esm/Matches.js:38:39
    at Object.react_stack_bottom_frame (/home/siegfriedneto/projects/servicedeskn1/frontend/app/node_modules/react-dom/cjs/react-dom-client.development.js:25989:20)
    at runWithFiberInDEV (/home/siegfriedneto/projects/servicedeskn1/frontend/app/node_modules/react-dom/cjs/react-dom-client.development.js:874:13)
    at commitHookEffectListMount (/home/siegfriedneto/projects/servicedeskn1/frontend/app/node_modules/react-dom/cjs/react-dom-client.development.js:13249:29) undefined
Error: Not implemented: window.scrollTo
    at module.exports (/home/siegfriedneto/projects/servicedeskn1/frontend/app/node_modules/jsdom/lib/jsdom/browser/not-implemented.js:9:17)
    at /home/siegfriedneto/projects/servicedeskn1/frontend/app/node_modules/jsdom/lib/jsdom/browser/Window.js:960:7
    at Object.fn (file:///home/siegfriedneto/projects/servicedeskn1/frontend/app/node_modules/@tanstack/router-core/dist/esm/scroll-restoration.js:180:27)
    at RouterCore.emit (file:///home/siegfriedneto/projects/servicedeskn1/frontend/app/node_modules/@tanstack/router-core/dist/esm/router.js:178:14)
    at file:///home/siegfriedneto/projects/servicedeskn1/frontend/app/node_modules/@tanstack/react-router/dist/esm/Transitioner.js:46:25
    at settleOwner (file:///home/siegfriedneto/projects/servicedeskn1/frontend/app/node_modules/@tanstack/react-router/dist/esm/Transitioner.js:10:10)
    at file:///home/siegfriedneto/projects/servicedeskn1/frontend/app/node_modules/@tanstack/react-router/dist/esm/Matches.js:38:39
    at Object.react_stack_bottom_frame (/home/siegfriedneto/projects/servicedeskn1/frontend/app/node_modules/react-dom/cjs/react-dom-client.development.js:25989:20)
    at runWithFiberInDEV (/home/siegfriedneto/projects/servicedeskn1/frontend/app/node_modules/react-dom/cjs/react-dom-client.development.js:874:13)
    at commitHookEffectListMount (/home/siegfriedneto/projects/servicedeskn1/frontend/app/node_modules/react-dom/cjs/react-dom-client.development.js:13249:29) undefined
Error: Not implemented: window.scrollTo
    at module.exports (/home/siegfriedneto/projects/servicedeskn1/frontend/app/node_modules/jsdom/lib/jsdom/browser/not-implemented.js:9:17)
    at /home/siegfriedneto/projects/servicedeskn1/frontend/app/node_modules/jsdom/lib/jsdom/browser/Window.js:960:7
    at Object.fn (file:///home/siegfriedneto/projects/servicedeskn1/frontend/app/node_modules/@tanstack/router-core/dist/esm/scroll-restoration.js:180:27)
    at RouterCore.emit (file:///home/siegfriedneto/projects/servicedeskn1/frontend/app/node_modules/@tanstack/router-core/dist/esm/router.js:178:14)
    at file:///home/siegfriedneto/projects/servicedeskn1/frontend/app/node_modules/@tanstack/react-router/dist/esm/Transitioner.js:46:25
    at settleOwner (file:///home/siegfriedneto/projects/servicedeskn1/frontend/app/node_modules/@tanstack/react-router/dist/esm/Transitioner.js:10:10)
    at file:///home/siegfriedneto/projects/servicedeskn1/frontend/app/node_modules/@tanstack/react-router/dist/esm/Matches.js:38:39
    at Object.react_stack_bottom_frame (/home/siegfriedneto/projects/servicedeskn1/frontend/app/node_modules/react-dom/cjs/react-dom-client.development.js:25989:20)
    at runWithFiberInDEV (/home/siegfriedneto/projects/servicedeskn1/frontend/app/node_modules/react-dom/cjs/react-dom-client.development.js:874:13)
    at commitHookEffectListMount (/home/siegfriedneto/projects/servicedeskn1/frontend/app/node_modules/react-dom/cjs/react-dom-client.development.js:13249:29) undefined
Error: Not implemented: window.scrollTo
    at module.exports (/home/siegfriedneto/projects/servicedeskn1/frontend/app/node_modules/jsdom/lib/jsdom/browser/not-implemented.js:9:17)
    at /home/siegfriedneto/projects/servicedeskn1/frontend/app/node_modules/jsdom/lib/jsdom/browser/Window.js:960:7
    at Object.fn (file:///home/siegfriedneto/projects/servicedeskn1/frontend/app/node_modules/@tanstack/router-core/dist/esm/scroll-restoration.js:180:27)
    at RouterCore.emit (file:///home/siegfriedneto/projects/servicedeskn1/frontend/app/node_modules/@tanstack/router-core/dist/esm/router.js:178:14)
    at file:///home/siegfriedneto/projects/servicedeskn1/frontend/app/node_modules/@tanstack/react-router/dist/esm/Transitioner.js:46:25
    at settleOwner (file:///home/siegfriedneto/projects/servicedeskn1/frontend/app/node_modules/@tanstack/react-router/dist/esm/Transitioner.js:10:10)
    at file:///home/siegfriedneto/projects/servicedeskn1/frontend/app/node_modules/@tanstack/react-router/dist/esm/Matches.js:38:39
    at Object.react_stack_bottom_frame (/home/siegfriedneto/projects/servicedeskn1/frontend/app/node_modules/react-dom/cjs/react-dom-client.development.js:25989:20)
    at runWithFiberInDEV (/home/siegfriedneto/projects/servicedeskn1/frontend/app/node_modules/react-dom/cjs/react-dom-client.development.js:874:13)
    at commitHookEffectListMount (/home/siegfriedneto/projects/servicedeskn1/frontend/app/node_modules/react-dom/cjs/react-dom-client.development.js:13249:29) undefined
Error: Not implemented: window.scrollTo
    at module.exports (/home/siegfriedneto/projects/servicedeskn1/frontend/app/node_modules/jsdom/lib/jsdom/browser/not-implemented.js:9:17)
    at /home/siegfriedneto/projects/servicedeskn1/frontend/app/node_modules/jsdom/lib/jsdom/browser/Window.js:960:7
    at Object.fn (file:///home/siegfriedneto/projects/servicedeskn1/frontend/app/node_modules/@tanstack/router-core/dist/esm/scroll-restoration.js:180:27)
    at RouterCore.emit (file:///home/siegfriedneto/projects/servicedeskn1/frontend/app/node_modules/@tanstack/router-core/dist/esm/router.js:178:14)
    at file:///home/siegfriedneto/projects/servicedeskn1/frontend/app/node_modules/@tanstack/react-router/dist/esm/Transitioner.js:46:25
    at settleOwner (file:///home/siegfriedneto/projects/servicedeskn1/frontend/app/node_modules/@tanstack/react-router/dist/esm/Transitioner.js:10:10)
    at file:///home/siegfriedneto/projects/servicedeskn1/frontend/app/node_modules/@tanstack/react-router/dist/esm/Matches.js:38:39
    at Object.react_stack_bottom_frame (/home/siegfriedneto/projects/servicedeskn1/frontend/app/node_modules/react-dom/cjs/react-dom-client.development.js:25989:20)
    at runWithFiberInDEV (/home/siegfriedneto/projects/servicedeskn1/frontend/app/node_modules/react-dom/cjs/react-dom-client.development.js:874:13)
    at commitHookEffectListMount (/home/siegfriedneto/projects/servicedeskn1/frontend/app/node_modules/react-dom/cjs/react-dom-client.development.js:13249:29) undefined
Error: Not implemented: window.scrollTo
    at module.exports (/home/siegfriedneto/projects/servicedeskn1/frontend/app/node_modules/jsdom/lib/jsdom/browser/not-implemented.js:9:17)
    at /home/siegfriedneto/projects/servicedeskn1/frontend/app/node_modules/jsdom/lib/jsdom/browser/Window.js:960:7
    at Object.fn (file:///home/siegfriedneto/projects/servicedeskn1/frontend/app/node_modules/@tanstack/router-core/dist/esm/scroll-restoration.js:180:27)
    at RouterCore.emit (file:///home/siegfriedneto/projects/servicedeskn1/frontend/app/node_modules/@tanstack/router-core/dist/esm/router.js:178:14)
    at file:///home/siegfriedneto/projects/servicedeskn1/frontend/app/node_modules/@tanstack/react-router/dist/esm/Transitioner.js:46:25
    at settleOwner (file:///home/siegfriedneto/projects/servicedeskn1/frontend/app/node_modules/@tanstack/react-router/dist/esm/Transitioner.js:10:10)
    at file:///home/siegfriedneto/projects/servicedeskn1/frontend/app/node_modules/@tanstack/react-router/dist/esm/Matches.js:38:39
    at Object.react_stack_bottom_frame (/home/siegfriedneto/projects/servicedeskn1/frontend/app/node_modules/react-dom/cjs/react-dom-client.development.js:25989:20)
    at runWithFiberInDEV (/home/siegfriedneto/projects/servicedeskn1/frontend/app/node_modules/react-dom/cjs/react-dom-client.development.js:874:13)
    at commitHookEffectListMount (/home/siegfriedneto/projects/servicedeskn1/frontend/app/node_modules/react-dom/cjs/react-dom-client.development.js:13249:29) undefined
Error: Not implemented: window.scrollTo
    at module.exports (/home/siegfriedneto/projects/servicedeskn1/frontend/app/node_modules/jsdom/lib/jsdom/browser/not-implemented.js:9:17)
    at /home/siegfriedneto/projects/servicedeskn1/frontend/app/node_modules/jsdom/lib/jsdom/browser/Window.js:960:7
    at Object.fn (file:///home/siegfriedneto/projects/servicedeskn1/frontend/app/node_modules/@tanstack/router-core/dist/esm/scroll-restoration.js:180:27)
    at RouterCore.emit (file:///home/siegfriedneto/projects/servicedeskn1/frontend/app/node_modules/@tanstack/router-core/dist/esm/router.js:178:14)
    at file:///home/siegfriedneto/projects/servicedeskn1/frontend/app/node_modules/@tanstack/react-router/dist/esm/Transitioner.js:46:25
    at settleOwner (file:///home/siegfriedneto/projects/servicedeskn1/frontend/app/node_modules/@tanstack/react-router/dist/esm/Transitioner.js:10:10)
    at file:///home/siegfriedneto/projects/servicedeskn1/frontend/app/node_modules/@tanstack/react-router/dist/esm/Matches.js:38:39
    at Object.react_stack_bottom_frame (/home/siegfriedneto/projects/servicedeskn1/frontend/app/node_modules/react-dom/cjs/react-dom-client.development.js:25989:20)
    at runWithFiberInDEV (/home/siegfriedneto/projects/servicedeskn1/frontend/app/node_modules/react-dom/cjs/react-dom-client.development.js:874:13)
    at commitHookEffectListMount (/home/siegfriedneto/projects/servicedeskn1/frontend/app/node_modules/react-dom/cjs/react-dom-client.development.js:13249:29) undefined
Error: Not implemented: window.scrollTo
    at module.exports (/home/siegfriedneto/projects/servicedeskn1/frontend/app/node_modules/jsdom/lib/jsdom/browser/not-implemented.js:9:17)
    at /home/siegfriedneto/projects/servicedeskn1/frontend/app/node_modules/jsdom/lib/jsdom/browser/Window.js:960:7
    at Object.fn (file:///home/siegfriedneto/projects/servicedeskn1/frontend/app/node_modules/@tanstack/router-core/dist/esm/scroll-restoration.js:180:27)
    at RouterCore.emit (file:///home/siegfriedneto/projects/servicedeskn1/frontend/app/node_modules/@tanstack/router-core/dist/esm/router.js:178:14)
    at file:///home/siegfriedneto/projects/servicedeskn1/frontend/app/node_modules/@tanstack/react-router/dist/esm/Transitioner.js:46:25
    at settleOwner (file:///home/siegfriedneto/projects/servicedeskn1/frontend/app/node_modules/@tanstack/react-router/dist/esm/Transitioner.js:10:10)
    at file:///home/siegfriedneto/projects/servicedeskn1/frontend/app/node_modules/@tanstack/react-router/dist/esm/Matches.js:38:39
    at Object.react_stack_bottom_frame (/home/siegfriedneto/projects/servicedeskn1/frontend/app/node_modules/react-dom/cjs/react-dom-client.development.js:25989:20)
    at runWithFiberInDEV (/home/siegfriedneto/projects/servicedeskn1/frontend/app/node_modules/react-dom/cjs/react-dom-client.development.js:874:13)
    at commitHookEffectListMount (/home/siegfriedneto/projects/servicedeskn1/frontend/app/node_modules/react-dom/cjs/react-dom-client.development.js:13249:29) undefined
Error: Not implemented: window.scrollTo
    at module.exports (/home/siegfriedneto/projects/servicedeskn1/frontend/app/node_modules/jsdom/lib/jsdom/browser/not-implemented.js:9:17)
    at /home/siegfriedneto/projects/servicedeskn1/frontend/app/node_modules/jsdom/lib/jsdom/browser/Window.js:960:7
    at Object.fn (file:///home/siegfriedneto/projects/servicedeskn1/frontend/app/node_modules/@tanstack/router-core/dist/esm/scroll-restoration.js:180:27)
    at RouterCore.emit (file:///home/siegfriedneto/projects/servicedeskn1/frontend/app/node_modules/@tanstack/router-core/dist/esm/router.js:178:14)
    at file:///home/siegfriedneto/projects/servicedeskn1/frontend/app/node_modules/@tanstack/react-router/dist/esm/Transitioner.js:46:25
    at settleOwner (file:///home/siegfriedneto/projects/servicedeskn1/frontend/app/node_modules/@tanstack/react-router/dist/esm/Transitioner.js:10:10)
    at file:///home/siegfriedneto/projects/servicedeskn1/frontend/app/node_modules/@tanstack/react-router/dist/esm/Matches.js:38:39
    at Object.react_stack_bottom_frame (/home/siegfriedneto/projects/servicedeskn1/frontend/app/node_modules/react-dom/cjs/react-dom-client.development.js:25989:20)
    at runWithFiberInDEV (/home/siegfriedneto/projects/servicedeskn1/frontend/app/node_modules/react-dom/cjs/react-dom-client.development.js:874:13)
    at commitHookEffectListMount (/home/siegfriedneto/projects/servicedeskn1/frontend/app/node_modules/react-dom/cjs/react-dom-client.development.js:13249:29) undefined
Error: Not implemented: window.scrollTo
    at module.exports (/home/siegfriedneto/projects/servicedeskn1/frontend/app/node_modules/jsdom/lib/jsdom/browser/not-implemented.js:9:17)
    at /home/siegfriedneto/projects/servicedeskn1/frontend/app/node_modules/jsdom/lib/jsdom/browser/Window.js:960:7
    at Object.fn (file:///home/siegfriedneto/projects/servicedeskn1/frontend/app/node_modules/@tanstack/router-core/dist/esm/scroll-restoration.js:180:27)
    at RouterCore.emit (file:///home/siegfriedneto/projects/servicedeskn1/frontend/app/node_modules/@tanstack/router-core/dist/esm/router.js:178:14)
    at file:///home/siegfriedneto/projects/servicedeskn1/frontend/app/node_modules/@tanstack/react-router/dist/esm/Transitioner.js:46:25
    at settleOwner (file:///home/siegfriedneto/projects/servicedeskn1/frontend/app/node_modules/@tanstack/react-router/dist/esm/Transitioner.js:10:10)
    at file:///home/siegfriedneto/projects/servicedeskn1/frontend/app/node_modules/@tanstack/react-router/dist/esm/Matches.js:38:39
    at Object.react_stack_bottom_frame (/home/siegfriedneto/projects/servicedeskn1/frontend/app/node_modules/react-dom/cjs/react-dom-client.development.js:25989:20)
    at runWithFiberInDEV (/home/siegfriedneto/projects/servicedeskn1/frontend/app/node_modules/react-dom/cjs/react-dom-client.development.js:874:13)
    at commitHookEffectListMount (/home/siegfriedneto/projects/servicedeskn1/frontend/app/node_modules/react-dom/cjs/react-dom-client.development.js:13249:29) undefined
Error: Not implemented: window.scrollTo
    at module.exports (/home/siegfriedneto/projects/servicedeskn1/frontend/app/node_modules/jsdom/lib/jsdom/browser/not-implemented.js:9:17)
    at /home/siegfriedneto/projects/servicedeskn1/frontend/app/node_modules/jsdom/lib/jsdom/browser/Window.js:960:7
    at Object.fn (file:///home/siegfriedneto/projects/servicedeskn1/frontend/app/node_modules/@tanstack/router-core/dist/esm/scroll-restoration.js:180:27)
    at RouterCore.emit (file:///home/siegfriedneto/projects/servicedeskn1/frontend/app/node_modules/@tanstack/router-core/dist/esm/router.js:178:14)
    at file:///home/siegfriedneto/projects/servicedeskn1/frontend/app/node_modules/@tanstack/react-router/dist/esm/Transitioner.js:46:25
    at settleOwner (file:///home/siegfriedneto/projects/servicedeskn1/frontend/app/node_modules/@tanstack/react-router/dist/esm/Transitioner.js:10:10)
    at file:///home/siegfriedneto/projects/servicedeskn1/frontend/app/node_modules/@tanstack/react-router/dist/esm/Matches.js:38:39
    at Object.react_stack_bottom_frame (/home/siegfriedneto/projects/servicedeskn1/frontend/app/node_modules/react-dom/cjs/react-dom-client.development.js:25989:20)
    at runWithFiberInDEV (/home/siegfriedneto/projects/servicedeskn1/frontend/app/node_modules/react-dom/cjs/react-dom-client.development.js:874:13)
    at commitHookEffectListMount (/home/siegfriedneto/projects/servicedeskn1/frontend/app/node_modules/react-dom/cjs/react-dom-client.development.js:13249:29) undefined
Error: Not implemented: window.scrollTo
    at module.exports (/home/siegfriedneto/projects/servicedeskn1/frontend/app/node_modules/jsdom/lib/jsdom/browser/not-implemented.js:9:17)
    at /home/siegfriedneto/projects/servicedeskn1/frontend/app/node_modules/jsdom/lib/jsdom/browser/Window.js:960:7
    at Object.fn (file:///home/siegfriedneto/projects/servicedeskn1/frontend/app/node_modules/@tanstack/router-core/dist/esm/scroll-restoration.js:180:27)
    at RouterCore.emit (file:///home/siegfriedneto/projects/servicedeskn1/frontend/app/node_modules/@tanstack/router-core/dist/esm/router.js:178:14)
    at file:///home/siegfriedneto/projects/servicedeskn1/frontend/app/node_modules/@tanstack/react-router/dist/esm/Transitioner.js:46:25
    at settleOwner (file:///home/siegfriedneto/projects/servicedeskn1/frontend/app/node_modules/@tanstack/react-router/dist/esm/Transitioner.js:10:10)
    at file:///home/siegfriedneto/projects/servicedeskn1/frontend/app/node_modules/@tanstack/react-router/dist/esm/Matches.js:38:39
    at Object.react_stack_bottom_frame (/home/siegfriedneto/projects/servicedeskn1/frontend/app/node_modules/react-dom/cjs/react-dom-client.development.js:25989:20)
    at runWithFiberInDEV (/home/siegfriedneto/projects/servicedeskn1/frontend/app/node_modules/react-dom/cjs/react-dom-client.development.js:874:13)
    at commitHookEffectListMount (/home/siegfriedneto/projects/servicedeskn1/frontend/app/node_modules/react-dom/cjs/react-dom-client.development.js:13249:29) undefined
Error: Not implemented: window.scrollTo
    at module.exports (/home/siegfriedneto/projects/servicedeskn1/frontend/app/node_modules/jsdom/lib/jsdom/browser/not-implemented.js:9:17)
    at /home/siegfriedneto/projects/servicedeskn1/frontend/app/node_modules/jsdom/lib/jsdom/browser/Window.js:960:7
    at Object.fn (file:///home/siegfriedneto/projects/servicedeskn1/frontend/app/node_modules/@tanstack/router-core/dist/esm/scroll-restoration.js:180:27)
    at RouterCore.emit (file:///home/siegfriedneto/projects/servicedeskn1/frontend/app/node_modules/@tanstack/router-core/dist/esm/router.js:178:14)
    at file:///home/siegfriedneto/projects/servicedeskn1/frontend/app/node_modules/@tanstack/react-router/dist/esm/Transitioner.js:46:25
    at settleOwner (file:///home/siegfriedneto/projects/servicedeskn1/frontend/app/node_modules/@tanstack/react-router/dist/esm/Transitioner.js:10:10)
    at file:///home/siegfriedneto/projects/servicedeskn1/frontend/app/node_modules/@tanstack/react-router/dist/esm/Matches.js:38:39
    at Object.react_stack_bottom_frame (/home/siegfriedneto/projects/servicedeskn1/frontend/app/node_modules/react-dom/cjs/react-dom-client.development.js:25989:20)
    at runWithFiberInDEV (/home/siegfriedneto/projects/servicedeskn1/frontend/app/node_modules/react-dom/cjs/react-dom-client.development.js:874:13)
    at commitHookEffectListMount (/home/siegfriedneto/projects/servicedeskn1/frontend/app/node_modules/react-dom/cjs/react-dom-client.development.js:13249:29) undefined
Error: Not implemented: window.scrollTo
    at module.exports (/home/siegfriedneto/projects/servicedeskn1/frontend/app/node_modules/jsdom/lib/jsdom/browser/not-implemented.js:9:17)
    at /home/siegfriedneto/projects/servicedeskn1/frontend/app/node_modules/jsdom/lib/jsdom/browser/Window.js:960:7
    at Object.fn (file:///home/siegfriedneto/projects/servicedeskn1/frontend/app/node_modules/@tanstack/router-core/dist/esm/scroll-restoration.js:180:27)
    at RouterCore.emit (file:///home/siegfriedneto/projects/servicedeskn1/frontend/app/node_modules/@tanstack/router-core/dist/esm/router.js:178:14)
    at file:///home/siegfriedneto/projects/servicedeskn1/frontend/app/node_modules/@tanstack/react-router/dist/esm/Transitioner.js:46:25
    at settleOwner (file:///home/siegfriedneto/projects/servicedeskn1/frontend/app/node_modules/@tanstack/react-router/dist/esm/Transitioner.js:10:10)
    at file:///home/siegfriedneto/projects/servicedeskn1/frontend/app/node_modules/@tanstack/react-router/dist/esm/Matches.js:38:39
    at Object.react_stack_bottom_frame (/home/siegfriedneto/projects/servicedeskn1/frontend/app/node_modules/react-dom/cjs/react-dom-client.development.js:25989:20)
    at runWithFiberInDEV (/home/siegfriedneto/projects/servicedeskn1/frontend/app/node_modules/react-dom/cjs/react-dom-client.development.js:874:13)
    at commitHookEffectListMount (/home/siegfriedneto/projects/servicedeskn1/frontend/app/node_modules/react-dom/cjs/react-dom-client.development.js:13249:29) undefined
Error: Not implemented: window.scrollTo
    at module.exports (/home/siegfriedneto/projects/servicedeskn1/frontend/app/node_modules/jsdom/lib/jsdom/browser/not-implemented.js:9:17)
    at /home/siegfriedneto/projects/servicedeskn1/frontend/app/node_modules/jsdom/lib/jsdom/browser/Window.js:960:7
    at Object.fn (file:///home/siegfriedneto/projects/servicedeskn1/frontend/app/node_modules/@tanstack/router-core/dist/esm/scroll-restoration.js:180:27)
    at RouterCore.emit (file:///home/siegfriedneto/projects/servicedeskn1/frontend/app/node_modules/@tanstack/router-core/dist/esm/router.js:178:14)
    at file:///home/siegfriedneto/projects/servicedeskn1/frontend/app/node_modules/@tanstack/react-router/dist/esm/Transitioner.js:46:25
    at settleOwner (file:///home/siegfriedneto/projects/servicedeskn1/frontend/app/node_modules/@tanstack/react-router/dist/esm/Transitioner.js:10:10)
    at file:///home/siegfriedneto/projects/servicedeskn1/frontend/app/node_modules/@tanstack/react-router/dist/esm/Matches.js:38:39
    at Object.react_stack_bottom_frame (/home/siegfriedneto/projects/servicedeskn1/frontend/app/node_modules/react-dom/cjs/react-dom-client.development.js:25989:20)
    at runWithFiberInDEV (/home/siegfriedneto/projects/servicedeskn1/frontend/app/node_modules/react-dom/cjs/react-dom-client.development.js:874:13)
    at commitHookEffectListMount (/home/siegfriedneto/projects/servicedeskn1/frontend/app/node_modules/react-dom/cjs/react-dom-client.development.js:13249:29) undefined
Error: Not implemented: window.scrollTo
    at module.exports (/home/siegfriedneto/projects/servicedeskn1/frontend/app/node_modules/jsdom/lib/jsdom/browser/not-implemented.js:9:17)
    at /home/siegfriedneto/projects/servicedeskn1/frontend/app/node_modules/jsdom/lib/jsdom/browser/Window.js:960:7
    at Object.fn (file:///home/siegfriedneto/projects/servicedeskn1/frontend/app/node_modules/@tanstack/router-core/dist/esm/scroll-restoration.js:180:27)
    at RouterCore.emit (file:///home/siegfriedneto/projects/servicedeskn1/frontend/app/node_modules/@tanstack/router-core/dist/esm/router.js:178:14)
    at file:///home/siegfriedneto/projects/servicedeskn1/frontend/app/node_modules/@tanstack/react-router/dist/esm/Transitioner.js:46:25
    at settleOwner (file:///home/siegfriedneto/projects/servicedeskn1/frontend/app/node_modules/@tanstack/react-router/dist/esm/Transitioner.js:10:10)
    at file:///home/siegfriedneto/projects/servicedeskn1/frontend/app/node_modules/@tanstack/react-router/dist/esm/Matches.js:38:39
    at Object.react_stack_bottom_frame (/home/siegfriedneto/projects/servicedeskn1/frontend/app/node_modules/react-dom/cjs/react-dom-client.development.js:25989:20)
    at runWithFiberInDEV (/home/siegfriedneto/projects/servicedeskn1/frontend/app/node_modules/react-dom/cjs/react-dom-client.development.js:874:13)
    at commitHookEffectListMount (/home/siegfriedneto/projects/servicedeskn1/frontend/app/node_modules/react-dom/cjs/react-dom-client.development.js:13249:29) undefined
Error: Not implemented: window.scrollTo
    at module.exports (/home/siegfriedneto/projects/servicedeskn1/frontend/app/node_modules/jsdom/lib/jsdom/browser/not-implemented.js:9:17)
    at /home/siegfriedneto/projects/servicedeskn1/frontend/app/node_modules/jsdom/lib/jsdom/browser/Window.js:960:7
    at Object.fn (file:///home/siegfriedneto/projects/servicedeskn1/frontend/app/node_modules/@tanstack/router-core/dist/esm/scroll-restoration.js:180:27)
    at RouterCore.emit (file:///home/siegfriedneto/projects/servicedeskn1/frontend/app/node_modules/@tanstack/router-core/dist/esm/router.js:178:14)
    at file:///home/siegfriedneto/projects/servicedeskn1/frontend/app/node_modules/@tanstack/react-router/dist/esm/Transitioner.js:46:25
    at settleOwner (file:///home/siegfriedneto/projects/servicedeskn1/frontend/app/node_modules/@tanstack/react-router/dist/esm/Transitioner.js:10:10)
    at file:///home/siegfriedneto/projects/servicedeskn1/frontend/app/node_modules/@tanstack/react-router/dist/esm/Matches.js:38:39
    at Object.react_stack_bottom_frame (/home/siegfriedneto/projects/servicedeskn1/frontend/app/node_modules/react-dom/cjs/react-dom-client.development.js:25989:20)
    at runWithFiberInDEV (/home/siegfriedneto/projects/servicedeskn1/frontend/app/node_modules/react-dom/cjs/react-dom-client.development.js:874:13)
    at commitHookEffectListMount (/home/siegfriedneto/projects/servicedeskn1/frontend/app/node_modules/react-dom/cjs/react-dom-client.development.js:13249:29) undefined
Error: Not implemented: window.scrollTo
    at module.exports (/home/siegfriedneto/projects/servicedeskn1/frontend/app/node_modules/jsdom/lib/jsdom/browser/not-implemented.js:9:17)
    at /home/siegfriedneto/projects/servicedeskn1/frontend/app/node_modules/jsdom/lib/jsdom/browser/Window.js:960:7
    at Object.fn (file:///home/siegfriedneto/projects/servicedeskn1/frontend/app/node_modules/@tanstack/router-core/dist/esm/scroll-restoration.js:180:27)
    at RouterCore.emit (file:///home/siegfriedneto/projects/servicedeskn1/frontend/app/node_modules/@tanstack/router-core/dist/esm/router.js:178:14)
    at file:///home/siegfriedneto/projects/servicedeskn1/frontend/app/node_modules/@tanstack/react-router/dist/esm/Transitioner.js:46:25
    at settleOwner (file:///home/siegfriedneto/projects/servicedeskn1/frontend/app/node_modules/@tanstack/react-router/dist/esm/Transitioner.js:10:10)
    at file:///home/siegfriedneto/projects/servicedeskn1/frontend/app/node_modules/@tanstack/react-router/dist/esm/Matches.js:38:39
    at Object.react_stack_bottom_frame (/home/siegfriedneto/projects/servicedeskn1/frontend/app/node_modules/react-dom/cjs/react-dom-client.development.js:25989:20)
    at runWithFiberInDEV (/home/siegfriedneto/projects/servicedeskn1/frontend/app/node_modules/react-dom/cjs/react-dom-client.development.js:874:13)
    at commitHookEffectListMount (/home/siegfriedneto/projects/servicedeskn1/frontend/app/node_modules/react-dom/cjs/react-dom-client.development.js:13249:29) undefined
Error: Not implemented: window.scrollTo
    at module.exports (/home/siegfriedneto/projects/servicedeskn1/frontend/app/node_modules/jsdom/lib/jsdom/browser/not-implemented.js:9:17)
    at /home/siegfriedneto/projects/servicedeskn1/frontend/app/node_modules/jsdom/lib/jsdom/browser/Window.js:960:7
    at Object.fn (file:///home/siegfriedneto/projects/servicedeskn1/frontend/app/node_modules/@tanstack/router-core/dist/esm/scroll-restoration.js:180:27)
    at RouterCore.emit (file:///home/siegfriedneto/projects/servicedeskn1/frontend/app/node_modules/@tanstack/router-core/dist/esm/router.js:178:14)
    at file:///home/siegfriedneto/projects/servicedeskn1/frontend/app/node_modules/@tanstack/router-core/dist/esm/load-client.js:943:46
    at Router.batch (file:///home/siegfriedneto/projects/servicedeskn1/frontend/app/node_modules/@tanstack/store/dist/esm/atom.js:39:5)
    at file:///home/siegfriedneto/projects/servicedeskn1/frontend/app/node_modules/@tanstack/router-core/dist/esm/load-client.js:936:10
    at runClientTransaction (file:///home/siegfriedneto/projects/servicedeskn1/frontend/app/node_modules/@tanstack/router-core/dist/esm/load-client.js:902:2)
    at loadClientRoute (file:///home/siegfriedneto/projects/servicedeskn1/frontend/app/node_modules/@tanstack/router-core/dist/esm/load-client.js:1034:2)
    at RouterCore.load (file:///home/siegfriedneto/projects/servicedeskn1/frontend/app/node_modules/@tanstack/router-core/dist/esm/router.js:489:4) undefined
Error: Not implemented: window.scrollTo
    at module.exports (/home/siegfriedneto/projects/servicedeskn1/frontend/app/node_modules/jsdom/lib/jsdom/browser/not-implemented.js:9:17)
    at /home/siegfriedneto/projects/servicedeskn1/frontend/app/node_modules/jsdom/lib/jsdom/browser/Window.js:960:7
    at Object.fn (file:///home/siegfriedneto/projects/servicedeskn1/frontend/app/node_modules/@tanstack/router-core/dist/esm/scroll-restoration.js:180:27)
    at RouterCore.emit (file:///home/siegfriedneto/projects/servicedeskn1/frontend/app/node_modules/@tanstack/router-core/dist/esm/router.js:178:14)
    at file:///home/siegfriedneto/projects/servicedeskn1/frontend/app/node_modules/@tanstack/react-router/dist/esm/Transitioner.js:46:25
    at settleOwner (file:///home/siegfriedneto/projects/servicedeskn1/frontend/app/node_modules/@tanstack/react-router/dist/esm/Transitioner.js:10:10)
    at file:///home/siegfriedneto/projects/servicedeskn1/frontend/app/node_modules/@tanstack/react-router/dist/esm/Matches.js:38:39
    at Object.react_stack_bottom_frame (/home/siegfriedneto/projects/servicedeskn1/frontend/app/node_modules/react-dom/cjs/react-dom-client.development.js:25989:20)
    at runWithFiberInDEV (/home/siegfriedneto/projects/servicedeskn1/frontend/app/node_modules/react-dom/cjs/react-dom-client.development.js:874:13)
    at commitHookEffectListMount (/home/siegfriedneto/projects/servicedeskn1/frontend/app/node_modules/react-dom/cjs/react-dom-client.development.js:13249:29) undefined
Error: Not implemented: window.scrollTo
    at module.exports (/home/siegfriedneto/projects/servicedeskn1/frontend/app/node_modules/jsdom/lib/jsdom/browser/not-implemented.js:9:17)
    at /home/siegfriedneto/projects/servicedeskn1/frontend/app/node_modules/jsdom/lib/jsdom/browser/Window.js:960:7
    at Object.fn (file:///home/siegfriedneto/projects/servicedeskn1/frontend/app/node_modules/@tanstack/router-core/dist/esm/scroll-restoration.js:180:27)
    at RouterCore.emit (file:///home/siegfriedneto/projects/servicedeskn1/frontend/app/node_modules/@tanstack/router-core/dist/esm/router.js:178:14)
    at file:///home/siegfriedneto/projects/servicedeskn1/frontend/app/node_modules/@tanstack/react-router/dist/esm/Transitioner.js:46:25
    at settleOwner (file:///home/siegfriedneto/projects/servicedeskn1/frontend/app/node_modules/@tanstack/react-router/dist/esm/Transitioner.js:10:10)
    at file:///home/siegfriedneto/projects/servicedeskn1/frontend/app/node_modules/@tanstack/react-router/dist/esm/Matches.js:38:39
    at Object.react_stack_bottom_frame (/home/siegfriedneto/projects/servicedeskn1/frontend/app/node_modules/react-dom/cjs/react-dom-client.development.js:25989:20)
    at runWithFiberInDEV (/home/siegfriedneto/projects/servicedeskn1/frontend/app/node_modules/react-dom/cjs/react-dom-client.development.js:874:13)
    at commitHookEffectListMount (/home/siegfriedneto/projects/servicedeskn1/frontend/app/node_modules/react-dom/cjs/react-dom-client.development.js:13249:29) undefined
Error: Not implemented: window.scrollTo
    at module.exports (/home/siegfriedneto/projects/servicedeskn1/frontend/app/node_modules/jsdom/lib/jsdom/browser/not-implemented.js:9:17)
    at /home/siegfriedneto/projects/servicedeskn1/frontend/app/node_modules/jsdom/lib/jsdom/browser/Window.js:960:7
    at Object.fn (file:///home/siegfriedneto/projects/servicedeskn1/frontend/app/node_modules/@tanstack/router-core/dist/esm/scroll-restoration.js:180:27)
    at RouterCore.emit (file:///home/siegfriedneto/projects/servicedeskn1/frontend/app/node_modules/@tanstack/router-core/dist/esm/router.js:178:14)
    at file:///home/siegfriedneto/projects/servicedeskn1/frontend/app/node_modules/@tanstack/react-router/dist/esm/Transitioner.js:46:25
    at settleOwner (file:///home/siegfriedneto/projects/servicedeskn1/frontend/app/node_modules/@tanstack/react-router/dist/esm/Transitioner.js:10:10)
    at file:///home/siegfriedneto/projects/servicedeskn1/frontend/app/node_modules/@tanstack/react-router/dist/esm/Matches.js:38:39
    at Object.react_stack_bottom_frame (/home/siegfriedneto/projects/servicedeskn1/frontend/app/node_modules/react-dom/cjs/react-dom-client.development.js:25989:20)
    at runWithFiberInDEV (/home/siegfriedneto/projects/servicedeskn1/frontend/app/node_modules/react-dom/cjs/react-dom-client.development.js:874:13)
    at commitHookEffectListMount (/home/siegfriedneto/projects/servicedeskn1/frontend/app/node_modules/react-dom/cjs/react-dom-client.development.js:13249:29) undefined
Error: Not implemented: window.scrollTo
    at module.exports (/home/siegfriedneto/projects/servicedeskn1/frontend/app/node_modules/jsdom/lib/jsdom/browser/not-implemented.js:9:17)
    at /home/siegfriedneto/projects/servicedeskn1/frontend/app/node_modules/jsdom/lib/jsdom/browser/Window.js:960:7
    at Object.fn (file:///home/siegfriedneto/projects/servicedeskn1/frontend/app/node_modules/@tanstack/router-core/dist/esm/scroll-restoration.js:180:27)
    at RouterCore.emit (file:///home/siegfriedneto/projects/servicedeskn1/frontend/app/node_modules/@tanstack/router-core/dist/esm/router.js:178:14)
    at file:///home/siegfriedneto/projects/servicedeskn1/frontend/app/node_modules/@tanstack/react-router/dist/esm/Transitioner.js:46:25
    at settleOwner (file:///home/siegfriedneto/projects/servicedeskn1/frontend/app/node_modules/@tanstack/react-router/dist/esm/Transitioner.js:10:10)
    at file:///home/siegfriedneto/projects/servicedeskn1/frontend/app/node_modules/@tanstack/react-router/dist/esm/Matches.js:38:39
    at Object.react_stack_bottom_frame (/home/siegfriedneto/projects/servicedeskn1/frontend/app/node_modules/react-dom/cjs/react-dom-client.development.js:25989:20)
    at runWithFiberInDEV (/home/siegfriedneto/projects/servicedeskn1/frontend/app/node_modules/react-dom/cjs/react-dom-client.development.js:874:13)
    at commitHookEffectListMount (/home/siegfriedneto/projects/servicedeskn1/frontend/app/node_modules/react-dom/cjs/react-dom-client.development.js:13249:29) undefined
Error: Not implemented: window.scrollTo
    at module.exports (/home/siegfriedneto/projects/servicedeskn1/frontend/app/node_modules/jsdom/lib/jsdom/browser/not-implemented.js:9:17)
    at /home/siegfriedneto/projects/servicedeskn1/frontend/app/node_modules/jsdom/lib/jsdom/browser/Window.js:960:7
    at Object.fn (file:///home/siegfriedneto/projects/servicedeskn1/frontend/app/node_modules/@tanstack/router-core/dist/esm/scroll-restoration.js:180:27)
    at RouterCore.emit (file:///home/siegfriedneto/projects/servicedeskn1/frontend/app/node_modules/@tanstack/router-core/dist/esm/router.js:178:14)
    at file:///home/siegfriedneto/projects/servicedeskn1/frontend/app/node_modules/@tanstack/react-router/dist/esm/Transitioner.js:46:25
    at settleOwner (file:///home/siegfriedneto/projects/servicedeskn1/frontend/app/node_modules/@tanstack/react-router/dist/esm/Transitioner.js:10:10)
    at file:///home/siegfriedneto/projects/servicedeskn1/frontend/app/node_modules/@tanstack/react-router/dist/esm/Matches.js:38:39
    at Object.react_stack_bottom_frame (/home/siegfriedneto/projects/servicedeskn1/frontend/app/node_modules/react-dom/cjs/react-dom-client.development.js:25989:20)
    at runWithFiberInDEV (/home/siegfriedneto/projects/servicedeskn1/frontend/app/node_modules/react-dom/cjs/react-dom-client.development.js:874:13)
    at commitHookEffectListMount (/home/siegfriedneto/projects/servicedeskn1/frontend/app/node_modules/react-dom/cjs/react-dom-client.development.js:13249:29) undefined
Error: Not implemented: window.scrollTo
    at module.exports (/home/siegfriedneto/projects/servicedeskn1/frontend/app/node_modules/jsdom/lib/jsdom/browser/not-implemented.js:9:17)
    at /home/siegfriedneto/projects/servicedeskn1/frontend/app/node_modules/jsdom/lib/jsdom/browser/Window.js:960:7
    at Object.fn (file:///home/siegfriedneto/projects/servicedeskn1/frontend/app/node_modules/@tanstack/router-core/dist/esm/scroll-restoration.js:180:27)
    at RouterCore.emit (file:///home/siegfriedneto/projects/servicedeskn1/frontend/app/node_modules/@tanstack/router-core/dist/esm/router.js:178:14)
    at file:///home/siegfriedneto/projects/servicedeskn1/frontend/app/node_modules/@tanstack/react-router/dist/esm/Transitioner.js:46:25
    at settleOwner (file:///home/siegfriedneto/projects/servicedeskn1/frontend/app/node_modules/@tanstack/react-router/dist/esm/Transitioner.js:10:10)
    at file:///home/siegfriedneto/projects/servicedeskn1/frontend/app/node_modules/@tanstack/react-router/dist/esm/Matches.js:38:39
    at Object.react_stack_bottom_frame (/home/siegfriedneto/projects/servicedeskn1/frontend/app/node_modules/react-dom/cjs/react-dom-client.development.js:25989:20)
    at runWithFiberInDEV (/home/siegfriedneto/projects/servicedeskn1/frontend/app/node_modules/react-dom/cjs/react-dom-client.development.js:874:13)
    at commitHookEffectListMount (/home/siegfriedneto/projects/servicedeskn1/frontend/app/node_modules/react-dom/cjs/react-dom-client.development.js:13249:29) undefined
Error: Not implemented: window.scrollTo
    at module.exports (/home/siegfriedneto/projects/servicedeskn1/frontend/app/node_modules/jsdom/lib/jsdom/browser/not-implemented.js:9:17)
    at /home/siegfriedneto/projects/servicedeskn1/frontend/app/node_modules/jsdom/lib/jsdom/browser/Window.js:960:7
    at Object.fn (file:///home/siegfriedneto/projects/servicedeskn1/frontend/app/node_modules/@tanstack/router-core/dist/esm/scroll-restoration.js:180:27)
    at RouterCore.emit (file:///home/siegfriedneto/projects/servicedeskn1/frontend/app/node_modules/@tanstack/router-core/dist/esm/router.js:178:14)
    at file:///home/siegfriedneto/projects/servicedeskn1/frontend/app/node_modules/@tanstack/react-router/dist/esm/Transitioner.js:46:25
    at settleOwner (file:///home/siegfriedneto/projects/servicedeskn1/frontend/app/node_modules/@tanstack/react-router/dist/esm/Transitioner.js:10:10)
    at file:///home/siegfriedneto/projects/servicedeskn1/frontend/app/node_modules/@tanstack/react-router/dist/esm/Matches.js:38:39
    at Object.react_stack_bottom_frame (/home/siegfriedneto/projects/servicedeskn1/frontend/app/node_modules/react-dom/cjs/react-dom-client.development.js:25989:20)
    at runWithFiberInDEV (/home/siegfriedneto/projects/servicedeskn1/frontend/app/node_modules/react-dom/cjs/react-dom-client.development.js:874:13)
    at commitHookEffectListMount (/home/siegfriedneto/projects/servicedeskn1/frontend/app/node_modules/react-dom/cjs/react-dom-client.development.js:13249:29) undefined
Error: Not implemented: window.scrollTo
    at module.exports (/home/siegfriedneto/projects/servicedeskn1/frontend/app/node_modules/jsdom/lib/jsdom/browser/not-implemented.js:9:17)
    at /home/siegfriedneto/projects/servicedeskn1/frontend/app/node_modules/jsdom/lib/jsdom/browser/Window.js:960:7
    at Object.fn (file:///home/siegfriedneto/projects/servicedeskn1/frontend/app/node_modules/@tanstack/router-core/dist/esm/scroll-restoration.js:180:27)
    at RouterCore.emit (file:///home/siegfriedneto/projects/servicedeskn1/frontend/app/node_modules/@tanstack/router-core/dist/esm/router.js:178:14)
    at file:///home/siegfriedneto/projects/servicedeskn1/frontend/app/node_modules/@tanstack/router-core/dist/esm/load-client.js:943:46
    at Router.batch (file:///home/siegfriedneto/projects/servicedeskn1/frontend/app/node_modules/@tanstack/store/dist/esm/atom.js:39:5)
    at file:///home/siegfriedneto/projects/servicedeskn1/frontend/app/node_modules/@tanstack/router-core/dist/esm/load-client.js:936:10
    at runClientTransaction (file:///home/siegfriedneto/projects/servicedeskn1/frontend/app/node_modules/@tanstack/router-core/dist/esm/load-client.js:902:2)
    at loadClientRoute (file:///home/siegfriedneto/projects/servicedeskn1/frontend/app/node_modules/@tanstack/router-core/dist/esm/load-client.js:1034:2)
    at RouterCore.load (file:///home/siegfriedneto/projects/servicedeskn1/frontend/app/node_modules/@tanstack/router-core/dist/esm/router.js:489:4) undefined
Error: Not implemented: window.scrollTo
    at module.exports (/home/siegfriedneto/projects/servicedeskn1/frontend/app/node_modules/jsdom/lib/jsdom/browser/not-implemented.js:9:17)
    at /home/siegfriedneto/projects/servicedeskn1/frontend/app/node_modules/jsdom/lib/jsdom/browser/Window.js:960:7
    at Object.fn (file:///home/siegfriedneto/projects/servicedeskn1/frontend/app/node_modules/@tanstack/router-core/dist/esm/scroll-restoration.js:180:27)
    at RouterCore.emit (file:///home/siegfriedneto/projects/servicedeskn1/frontend/app/node_modules/@tanstack/router-core/dist/esm/router.js:178:14)
    at file:///home/siegfriedneto/projects/servicedeskn1/frontend/app/node_modules/@tanstack/react-router/dist/esm/Transitioner.js:46:25
    at settleOwner (file:///home/siegfriedneto/projects/servicedeskn1/frontend/app/node_modules/@tanstack/react-router/dist/esm/Transitioner.js:10:10)
    at file:///home/siegfriedneto/projects/servicedeskn1/frontend/app/node_modules/@tanstack/react-router/dist/esm/Matches.js:38:39
    at Object.react_stack_bottom_frame (/home/siegfriedneto/projects/servicedeskn1/frontend/app/node_modules/react-dom/cjs/react-dom-client.development.js:25989:20)
    at runWithFiberInDEV (/home/siegfriedneto/projects/servicedeskn1/frontend/app/node_modules/react-dom/cjs/react-dom-client.development.js:874:13)
    at commitHookEffectListMount (/home/siegfriedneto/projects/servicedeskn1/frontend/app/node_modules/react-dom/cjs/react-dom-client.development.js:13249:29) undefined
Error: Not implemented: window.scrollTo
    at module.exports (/home/siegfriedneto/projects/servicedeskn1/frontend/app/node_modules/jsdom/lib/jsdom/browser/not-implemented.js:9:17)
    at /home/siegfriedneto/projects/servicedeskn1/frontend/app/node_modules/jsdom/lib/jsdom/browser/Window.js:960:7
    at Object.fn (file:///home/siegfriedneto/projects/servicedeskn1/frontend/app/node_modules/@tanstack/router-core/dist/esm/scroll-restoration.js:180:27)
    at RouterCore.emit (file:///home/siegfriedneto/projects/servicedeskn1/frontend/app/node_modules/@tanstack/router-core/dist/esm/router.js:178:14)
    at file:///home/siegfriedneto/projects/servicedeskn1/frontend/app/node_modules/@tanstack/react-router/dist/esm/Transitioner.js:46:25
    at settleOwner (file:///home/siegfriedneto/projects/servicedeskn1/frontend/app/node_modules/@tanstack/react-router/dist/esm/Transitioner.js:10:10)
    at file:///home/siegfriedneto/projects/servicedeskn1/frontend/app/node_modules/@tanstack/react-router/dist/esm/Matches.js:38:39
    at Object.react_stack_bottom_frame (/home/siegfriedneto/projects/servicedeskn1/frontend/app/node_modules/react-dom/cjs/react-dom-client.development.js:25989:20)
    at runWithFiberInDEV (/home/siegfriedneto/projects/servicedeskn1/frontend/app/node_modules/react-dom/cjs/react-dom-client.development.js:874:13)
    at commitHookEffectListMount (/home/siegfriedneto/projects/servicedeskn1/frontend/app/node_modules/react-dom/cjs/react-dom-client.development.js:13249:29) undefined
Error: Not implemented: window.scrollTo
    at module.exports (/home/siegfriedneto/projects/servicedeskn1/frontend/app/node_modules/jsdom/lib/jsdom/browser/not-implemented.js:9:17)
    at /home/siegfriedneto/projects/servicedeskn1/frontend/app/node_modules/jsdom/lib/jsdom/browser/Window.js:960:7
    at Object.fn (file:///home/siegfriedneto/projects/servicedeskn1/frontend/app/node_modules/@tanstack/router-core/dist/esm/scroll-restoration.js:180:27)
    at RouterCore.emit (file:///home/siegfriedneto/projects/servicedeskn1/frontend/app/node_modules/@tanstack/router-core/dist/esm/router.js:178:14)
    at file:///home/siegfriedneto/projects/servicedeskn1/frontend/app/node_modules/@tanstack/react-router/dist/esm/Transitioner.js:46:25
    at settleOwner (file:///home/siegfriedneto/projects/servicedeskn1/frontend/app/node_modules/@tanstack/react-router/dist/esm/Transitioner.js:10:10)
    at file:///home/siegfriedneto/projects/servicedeskn1/frontend/app/node_modules/@tanstack/react-router/dist/esm/Matches.js:38:39
    at Object.react_stack_bottom_frame (/home/siegfriedneto/projects/servicedeskn1/frontend/app/node_modules/react-dom/cjs/react-dom-client.development.js:25989:20)
    at runWithFiberInDEV (/home/siegfriedneto/projects/servicedeskn1/frontend/app/node_modules/react-dom/cjs/react-dom-client.development.js:874:13)
    at commitHookEffectListMount (/home/siegfriedneto/projects/servicedeskn1/frontend/app/node_modules/react-dom/cjs/react-dom-client.development.js:13249:29) undefined
Error: Not implemented: window.scrollTo
    at module.exports (/home/siegfriedneto/projects/servicedeskn1/frontend/app/node_modules/jsdom/lib/jsdom/browser/not-implemented.js:9:17)
    at /home/siegfriedneto/projects/servicedeskn1/frontend/app/node_modules/jsdom/lib/jsdom/browser/Window.js:960:7
    at Object.fn (file:///home/siegfriedneto/projects/servicedeskn1/frontend/app/node_modules/@tanstack/router-core/dist/esm/scroll-restoration.js:180:27)
    at RouterCore.emit (file:///home/siegfriedneto/projects/servicedeskn1/frontend/app/node_modules/@tanstack/router-core/dist/esm/router.js:178:14)
    at file:///home/siegfriedneto/projects/servicedeskn1/frontend/app/node_modules/@tanstack/react-router/dist/esm/Transitioner.js:46:25
    at settleOwner (file:///home/siegfriedneto/projects/servicedeskn1/frontend/app/node_modules/@tanstack/react-router/dist/esm/Transitioner.js:10:10)
    at file:///home/siegfriedneto/projects/servicedeskn1/frontend/app/node_modules/@tanstack/react-router/dist/esm/Matches.js:38:39
    at Object.react_stack_bottom_frame (/home/siegfriedneto/projects/servicedeskn1/frontend/app/node_modules/react-dom/cjs/react-dom-client.development.js:25989:20)
    at runWithFiberInDEV (/home/siegfriedneto/projects/servicedeskn1/frontend/app/node_modules/react-dom/cjs/react-dom-client.development.js:874:13)
    at commitHookEffectListMount (/home/siegfriedneto/projects/servicedeskn1/frontend/app/node_modules/react-dom/cjs/react-dom-client.development.js:13249:29) undefined
Error: Not implemented: window.scrollTo
    at module.exports (/home/siegfriedneto/projects/servicedeskn1/frontend/app/node_modules/jsdom/lib/jsdom/browser/not-implemented.js:9:17)
    at /home/siegfriedneto/projects/servicedeskn1/frontend/app/node_modules/jsdom/lib/jsdom/browser/Window.js:960:7
    at Object.fn (file:///home/siegfriedneto/projects/servicedeskn1/frontend/app/node_modules/@tanstack/router-core/dist/esm/scroll-restoration.js:180:27)
    at RouterCore.emit (file:///home/siegfriedneto/projects/servicedeskn1/frontend/app/node_modules/@tanstack/router-core/dist/esm/router.js:178:14)
    at file:///home/siegfriedneto/projects/servicedeskn1/frontend/app/node_modules/@tanstack/react-router/dist/esm/Transitioner.js:46:25
    at settleOwner (file:///home/siegfriedneto/projects/servicedeskn1/frontend/app/node_modules/@tanstack/react-router/dist/esm/Transitioner.js:10:10)
    at file:///home/siegfriedneto/projects/servicedeskn1/frontend/app/node_modules/@tanstack/react-router/dist/esm/Matches.js:38:39
    at Object.react_stack_bottom_frame (/home/siegfriedneto/projects/servicedeskn1/frontend/app/node_modules/react-dom/cjs/react-dom-client.development.js:25989:20)
    at runWithFiberInDEV (/home/siegfriedneto/projects/servicedeskn1/frontend/app/node_modules/react-dom/cjs/react-dom-client.development.js:874:13)
    at commitHookEffectListMount (/home/siegfriedneto/projects/servicedeskn1/frontend/app/node_modules/react-dom/cjs/react-dom-client.development.js:13249:29) undefined
Error: Not implemented: window.scrollTo
    at module.exports (/home/siegfriedneto/projects/servicedeskn1/frontend/app/node_modules/jsdom/lib/jsdom/browser/not-implemented.js:9:17)
    at /home/siegfriedneto/projects/servicedeskn1/frontend/app/node_modules/jsdom/lib/jsdom/browser/Window.js:960:7
    at Object.fn (file:///home/siegfriedneto/projects/servicedeskn1/frontend/app/node_modules/@tanstack/router-core/dist/esm/scroll-restoration.js:180:27)
    at RouterCore.emit (file:///home/siegfriedneto/projects/servicedeskn1/frontend/app/node_modules/@tanstack/router-core/dist/esm/router.js:178:14)
    at file:///home/siegfriedneto/projects/servicedeskn1/frontend/app/node_modules/@tanstack/react-router/dist/esm/Transitioner.js:46:25
    at settleOwner (file:///home/siegfriedneto/projects/servicedeskn1/frontend/app/node_modules/@tanstack/react-router/dist/esm/Transitioner.js:10:10)
    at file:///home/siegfriedneto/projects/servicedeskn1/frontend/app/node_modules/@tanstack/react-router/dist/esm/Matches.js:38:39
    at Object.react_stack_bottom_frame (/home/siegfriedneto/projects/servicedeskn1/frontend/app/node_modules/react-dom/cjs/react-dom-client.development.js:25989:20)
    at runWithFiberInDEV (/home/siegfriedneto/projects/servicedeskn1/frontend/app/node_modules/react-dom/cjs/react-dom-client.development.js:874:13)
    at commitHookEffectListMount (/home/siegfriedneto/projects/servicedeskn1/frontend/app/node_modules/react-dom/cjs/react-dom-client.development.js:13249:29) undefined
Error: Not implemented: window.scrollTo
    at module.exports (/home/siegfriedneto/projects/servicedeskn1/frontend/app/node_modules/jsdom/lib/jsdom/browser/not-implemented.js:9:17)
    at /home/siegfriedneto/projects/servicedeskn1/frontend/app/node_modules/jsdom/lib/jsdom/browser/Window.js:960:7
    at Object.fn (file:///home/siegfriedneto/projects/servicedeskn1/frontend/app/node_modules/@tanstack/router-core/dist/esm/scroll-restoration.js:180:27)
    at RouterCore.emit (file:///home/siegfriedneto/projects/servicedeskn1/frontend/app/node_modules/@tanstack/router-core/dist/esm/router.js:178:14)
    at file:///home/siegfriedneto/projects/servicedeskn1/frontend/app/node_modules/@tanstack/react-router/dist/esm/Transitioner.js:46:25
    at settleOwner (file:///home/siegfriedneto/projects/servicedeskn1/frontend/app/node_modules/@tanstack/react-router/dist/esm/Transitioner.js:10:10)
    at file:///home/siegfriedneto/projects/servicedeskn1/frontend/app/node_modules/@tanstack/react-router/dist/esm/Matches.js:38:39
    at Object.react_stack_bottom_frame (/home/siegfriedneto/projects/servicedeskn1/frontend/app/node_modules/react-dom/cjs/react-dom-client.development.js:25989:20)
    at runWithFiberInDEV (/home/siegfriedneto/projects/servicedeskn1/frontend/app/node_modules/react-dom/cjs/react-dom-client.development.js:874:13)
    at commitHookEffectListMount (/home/siegfriedneto/projects/servicedeskn1/frontend/app/node_modules/react-dom/cjs/react-dom-client.development.js:13249:29) undefined
Error: Not implemented: window.scrollTo
    at module.exports (/home/siegfriedneto/projects/servicedeskn1/frontend/app/node_modules/jsdom/lib/jsdom/browser/not-implemented.js:9:17)
    at /home/siegfriedneto/projects/servicedeskn1/frontend/app/node_modules/jsdom/lib/jsdom/browser/Window.js:960:7
    at Object.fn (file:///home/siegfriedneto/projects/servicedeskn1/frontend/app/node_modules/@tanstack/router-core/dist/esm/scroll-restoration.js:180:27)
    at RouterCore.emit (file:///home/siegfriedneto/projects/servicedeskn1/frontend/app/node_modules/@tanstack/router-core/dist/esm/router.js:178:14)
    at file:///home/siegfriedneto/projects/servicedeskn1/frontend/app/node_modules/@tanstack/react-router/dist/esm/Transitioner.js:46:25
    at settleOwner (file:///home/siegfriedneto/projects/servicedeskn1/frontend/app/node_modules/@tanstack/react-router/dist/esm/Transitioner.js:10:10)
    at file:///home/siegfriedneto/projects/servicedeskn1/frontend/app/node_modules/@tanstack/react-router/dist/esm/Matches.js:38:39
    at Object.react_stack_bottom_frame (/home/siegfriedneto/projects/servicedeskn1/frontend/app/node_modules/react-dom/cjs/react-dom-client.development.js:25989:20)
    at runWithFiberInDEV (/home/siegfriedneto/projects/servicedeskn1/frontend/app/node_modules/react-dom/cjs/react-dom-client.development.js:874:13)
    at commitHookEffectListMount (/home/siegfriedneto/projects/servicedeskn1/frontend/app/node_modules/react-dom/cjs/react-dom-client.development.js:13249:29) undefined
Error: Not implemented: window.scrollTo
    at module.exports (/home/siegfriedneto/projects/servicedeskn1/frontend/app/node_modules/jsdom/lib/jsdom/browser/not-implemented.js:9:17)
    at /home/siegfriedneto/projects/servicedeskn1/frontend/app/node_modules/jsdom/lib/jsdom/browser/Window.js:960:7
    at Object.fn (file:///home/siegfriedneto/projects/servicedeskn1/frontend/app/node_modules/@tanstack/router-core/dist/esm/scroll-restoration.js:180:27)
    at RouterCore.emit (file:///home/siegfriedneto/projects/servicedeskn1/frontend/app/node_modules/@tanstack/router-core/dist/esm/router.js:178:14)
    at file:///home/siegfriedneto/projects/servicedeskn1/frontend/app/node_modules/@tanstack/react-router/dist/esm/Transitioner.js:46:25
    at settleOwner (file:///home/siegfriedneto/projects/servicedeskn1/frontend/app/node_modules/@tanstack/react-router/dist/esm/Transitioner.js:10:10)
    at file:///home/siegfriedneto/projects/servicedeskn1/frontend/app/node_modules/@tanstack/react-router/dist/esm/Matches.js:38:39
    at Object.react_stack_bottom_frame (/home/siegfriedneto/projects/servicedeskn1/frontend/app/node_modules/react-dom/cjs/react-dom-client.development.js:25989:20)
    at runWithFiberInDEV (/home/siegfriedneto/projects/servicedeskn1/frontend/app/node_modules/react-dom/cjs/react-dom-client.development.js:874:13)
    at commitHookEffectListMount (/home/siegfriedneto/projects/servicedeskn1/frontend/app/node_modules/react-dom/cjs/react-dom-client.development.js:13249:29) undefined
Error: Not implemented: window.scrollTo
    at module.exports (/home/siegfriedneto/projects/servicedeskn1/frontend/app/node_modules/jsdom/lib/jsdom/browser/not-implemented.js:9:17)
    at /home/siegfriedneto/projects/servicedeskn1/frontend/app/node_modules/jsdom/lib/jsdom/browser/Window.js:960:7
    at Object.fn (file:///home/siegfriedneto/projects/servicedeskn1/frontend/app/node_modules/@tanstack/router-core/dist/esm/scroll-restoration.js:180:27)
    at RouterCore.emit (file:///home/siegfriedneto/projects/servicedeskn1/frontend/app/node_modules/@tanstack/router-core/dist/esm/router.js:178:14)
    at file:///home/siegfriedneto/projects/servicedeskn1/frontend/app/node_modules/@tanstack/react-router/dist/esm/Transitioner.js:46:25
    at settleOwner (file:///home/siegfriedneto/projects/servicedeskn1/frontend/app/node_modules/@tanstack/react-router/dist/esm/Transitioner.js:10:10)
    at file:///home/siegfriedneto/projects/servicedeskn1/frontend/app/node_modules/@tanstack/react-router/dist/esm/Matches.js:38:39
    at Object.react_stack_bottom_frame (/home/siegfriedneto/projects/servicedeskn1/frontend/app/node_modules/react-dom/cjs/react-dom-client.development.js:25989:20)
    at runWithFiberInDEV (/home/siegfriedneto/projects/servicedeskn1/frontend/app/node_modules/react-dom/cjs/react-dom-client.development.js:874:13)
    at commitHookEffectListMount (/home/siegfriedneto/projects/servicedeskn1/frontend/app/node_modules/react-dom/cjs/react-dom-client.development.js:13249:29) undefined
Error: Not implemented: window.scrollTo
    at module.exports (/home/siegfriedneto/projects/servicedeskn1/frontend/app/node_modules/jsdom/lib/jsdom/browser/not-implemented.js:9:17)
    at /home/siegfriedneto/projects/servicedeskn1/frontend/app/node_modules/jsdom/lib/jsdom/browser/Window.js:960:7
    at Object.fn (file:///home/siegfriedneto/projects/servicedeskn1/frontend/app/node_modules/@tanstack/router-core/dist/esm/scroll-restoration.js:180:27)
    at RouterCore.emit (file:///home/siegfriedneto/projects/servicedeskn1/frontend/app/node_modules/@tanstack/router-core/dist/esm/router.js:178:14)
    at file:///home/siegfriedneto/projects/servicedeskn1/frontend/app/node_modules/@tanstack/react-router/dist/esm/Transitioner.js:46:25
    at settleOwner (file:///home/siegfriedneto/projects/servicedeskn1/frontend/app/node_modules/@tanstack/react-router/dist/esm/Transitioner.js:10:10)
    at file:///home/siegfriedneto/projects/servicedeskn1/frontend/app/node_modules/@tanstack/react-router/dist/esm/Matches.js:38:39
    at Object.react_stack_bottom_frame (/home/siegfriedneto/projects/servicedeskn1/frontend/app/node_modules/react-dom/cjs/react-dom-client.development.js:25989:20)
    at runWithFiberInDEV (/home/siegfriedneto/projects/servicedeskn1/frontend/app/node_modules/react-dom/cjs/react-dom-client.development.js:874:13)
    at commitHookEffectListMount (/home/siegfriedneto/projects/servicedeskn1/frontend/app/node_modules/react-dom/cjs/react-dom-client.development.js:13249:29) undefined
Error: Not implemented: window.scrollTo
    at module.exports (/home/siegfriedneto/projects/servicedeskn1/frontend/app/node_modules/jsdom/lib/jsdom/browser/not-implemented.js:9:17)
    at /home/siegfriedneto/projects/servicedeskn1/frontend/app/node_modules/jsdom/lib/jsdom/browser/Window.js:960:7
    at Object.fn (file:///home/siegfriedneto/projects/servicedeskn1/frontend/app/node_modules/@tanstack/router-core/dist/esm/scroll-restoration.js:180:27)
    at RouterCore.emit (file:///home/siegfriedneto/projects/servicedeskn1/frontend/app/node_modules/@tanstack/router-core/dist/esm/router.js:178:14)
    at file:///home/siegfriedneto/projects/servicedeskn1/frontend/app/node_modules/@tanstack/react-router/dist/esm/Transitioner.js:46:25
    at settleOwner (file:///home/siegfriedneto/projects/servicedeskn1/frontend/app/node_modules/@tanstack/react-router/dist/esm/Transitioner.js:10:10)
    at file:///home/siegfriedneto/projects/servicedeskn1/frontend/app/node_modules/@tanstack/react-router/dist/esm/Matches.js:38:39
    at Object.react_stack_bottom_frame (/home/siegfriedneto/projects/servicedeskn1/frontend/app/node_modules/react-dom/cjs/react-dom-client.development.js:25989:20)
    at runWithFiberInDEV (/home/siegfriedneto/projects/servicedeskn1/frontend/app/node_modules/react-dom/cjs/react-dom-client.development.js:874:13)
    at commitHookEffectListMount (/home/siegfriedneto/projects/servicedeskn1/frontend/app/node_modules/react-dom/cjs/react-dom-client.development.js:13249:29) undefined
Error: Not implemented: window.scrollTo
    at module.exports (/home/siegfriedneto/projects/servicedeskn1/frontend/app/node_modules/jsdom/lib/jsdom/browser/not-implemented.js:9:17)
    at /home/siegfriedneto/projects/servicedeskn1/frontend/app/node_modules/jsdom/lib/jsdom/browser/Window.js:960:7
    at Object.fn (file:///home/siegfriedneto/projects/servicedeskn1/frontend/app/node_modules/@tanstack/router-core/dist/esm/scroll-restoration.js:180:27)
    at RouterCore.emit (file:///home/siegfriedneto/projects/servicedeskn1/frontend/app/node_modules/@tanstack/router-core/dist/esm/router.js:178:14)
    at file:///home/siegfriedneto/projects/servicedeskn1/frontend/app/node_modules/@tanstack/react-router/dist/esm/Transitioner.js:46:25
    at settleOwner (file:///home/siegfriedneto/projects/servicedeskn1/frontend/app/node_modules/@tanstack/react-router/dist/esm/Transitioner.js:10:10)
    at file:///home/siegfriedneto/projects/servicedeskn1/frontend/app/node_modules/@tanstack/react-router/dist/esm/Matches.js:38:39
    at Object.react_stack_bottom_frame (/home/siegfriedneto/projects/servicedeskn1/frontend/app/node_modules/react-dom/cjs/react-dom-client.development.js:25989:20)
    at runWithFiberInDEV (/home/siegfriedneto/projects/servicedeskn1/frontend/app/node_modules/react-dom/cjs/react-dom-client.development.js:874:13)
    at commitHookEffectListMount (/home/siegfriedneto/projects/servicedeskn1/frontend/app/node_modules/react-dom/cjs/react-dom-client.development.js:13249:29) undefined
Error: Not implemented: window.scrollTo
    at module.exports (/home/siegfriedneto/projects/servicedeskn1/frontend/app/node_modules/jsdom/lib/jsdom/browser/not-implemented.js:9:17)
    at /home/siegfriedneto/projects/servicedeskn1/frontend/app/node_modules/jsdom/lib/jsdom/browser/Window.js:960:7
    at Object.fn (file:///home/siegfriedneto/projects/servicedeskn1/frontend/app/node_modules/@tanstack/router-core/dist/esm/scroll-restoration.js:180:27)
    at RouterCore.emit (file:///home/siegfriedneto/projects/servicedeskn1/frontend/app/node_modules/@tanstack/router-core/dist/esm/router.js:178:14)
    at file:///home/siegfriedneto/projects/servicedeskn1/frontend/app/node_modules/@tanstack/react-router/dist/esm/Transitioner.js:46:25
    at settleOwner (file:///home/siegfriedneto/projects/servicedeskn1/frontend/app/node_modules/@tanstack/react-router/dist/esm/Transitioner.js:10:10)
    at file:///home/siegfriedneto/projects/servicedeskn1/frontend/app/node_modules/@tanstack/react-router/dist/esm/Matches.js:38:39
    at Object.react_stack_bottom_frame (/home/siegfriedneto/projects/servicedeskn1/frontend/app/node_modules/react-dom/cjs/react-dom-client.development.js:25989:20)
    at runWithFiberInDEV (/home/siegfriedneto/projects/servicedeskn1/frontend/app/node_modules/react-dom/cjs/react-dom-client.development.js:874:13)
    at commitHookEffectListMount (/home/siegfriedneto/projects/servicedeskn1/frontend/app/node_modules/react-dom/cjs/react-dom-client.development.js:13249:29) undefined
Error: Not implemented: window.scrollTo
    at module.exports (/home/siegfriedneto/projects/servicedeskn1/frontend/app/node_modules/jsdom/lib/jsdom/browser/not-implemented.js:9:17)
    at /home/siegfriedneto/projects/servicedeskn1/frontend/app/node_modules/jsdom/lib/jsdom/browser/Window.js:960:7
    at Object.fn (file:///home/siegfriedneto/projects/servicedeskn1/frontend/app/node_modules/@tanstack/router-core/dist/esm/scroll-restoration.js:180:27)
    at RouterCore.emit (file:///home/siegfriedneto/projects/servicedeskn1/frontend/app/node_modules/@tanstack/router-core/dist/esm/router.js:178:14)
    at file:///home/siegfriedneto/projects/servicedeskn1/frontend/app/node_modules/@tanstack/react-router/dist/esm/Transitioner.js:46:25
    at settleOwner (file:///home/siegfriedneto/projects/servicedeskn1/frontend/app/node_modules/@tanstack/react-router/dist/esm/Transitioner.js:10:10)
    at file:///home/siegfriedneto/projects/servicedeskn1/frontend/app/node_modules/@tanstack/react-router/dist/esm/Matches.js:38:39
    at Object.react_stack_bottom_frame (/home/siegfriedneto/projects/servicedeskn1/frontend/app/node_modules/react-dom/cjs/react-dom-client.development.js:25989:20)
    at runWithFiberInDEV (/home/siegfriedneto/projects/servicedeskn1/frontend/app/node_modules/react-dom/cjs/react-dom-client.development.js:874:13)
    at commitHookEffectListMount (/home/siegfriedneto/projects/servicedeskn1/frontend/app/node_modules/react-dom/cjs/react-dom-client.development.js:13249:29) undefined
Error: Not implemented: window.scrollTo
    at module.exports (/home/siegfriedneto/projects/servicedeskn1/frontend/app/node_modules/jsdom/lib/jsdom/browser/not-implemented.js:9:17)
    at /home/siegfriedneto/projects/servicedeskn1/frontend/app/node_modules/jsdom/lib/jsdom/browser/Window.js:960:7
    at Object.fn (file:///home/siegfriedneto/projects/servicedeskn1/frontend/app/node_modules/@tanstack/router-core/dist/esm/scroll-restoration.js:180:27)
    at RouterCore.emit (file:///home/siegfriedneto/projects/servicedeskn1/frontend/app/node_modules/@tanstack/router-core/dist/esm/router.js:178:14)
    at file:///home/siegfriedneto/projects/servicedeskn1/frontend/app/node_modules/@tanstack/router-core/dist/esm/load-client.js:943:46
    at Router.batch (file:///home/siegfriedneto/projects/servicedeskn1/frontend/app/node_modules/@tanstack/store/dist/esm/atom.js:39:5)
    at file:///home/siegfriedneto/projects/servicedeskn1/frontend/app/node_modules/@tanstack/router-core/dist/esm/load-client.js:936:10
    at runClientTransaction (file:///home/siegfriedneto/projects/servicedeskn1/frontend/app/node_modules/@tanstack/router-core/dist/esm/load-client.js:902:2)
    at loadClientRoute (file:///home/siegfriedneto/projects/servicedeskn1/frontend/app/node_modules/@tanstack/router-core/dist/esm/load-client.js:1034:2)
    at RouterCore.load (file:///home/siegfriedneto/projects/servicedeskn1/frontend/app/node_modules/@tanstack/router-core/dist/esm/router.js:489:4) undefined
Error: Not implemented: window.scrollTo
    at module.exports (/home/siegfriedneto/projects/servicedeskn1/frontend/app/node_modules/jsdom/lib/jsdom/browser/not-implemented.js:9:17)
    at /home/siegfriedneto/projects/servicedeskn1/frontend/app/node_modules/jsdom/lib/jsdom/browser/Window.js:960:7
    at Object.fn (file:///home/siegfriedneto/projects/servicedeskn1/frontend/app/node_modules/@tanstack/router-core/dist/esm/scroll-restoration.js:180:27)
    at RouterCore.emit (file:///home/siegfriedneto/projects/servicedeskn1/frontend/app/node_modules/@tanstack/router-core/dist/esm/router.js:178:14)
    at file:///home/siegfriedneto/projects/servicedeskn1/frontend/app/node_modules/@tanstack/react-router/dist/esm/Transitioner.js:46:25
    at settleOwner (file:///home/siegfriedneto/projects/servicedeskn1/frontend/app/node_modules/@tanstack/react-router/dist/esm/Transitioner.js:10:10)
    at file:///home/siegfriedneto/projects/servicedeskn1/frontend/app/node_modules/@tanstack/react-router/dist/esm/Matches.js:38:39
    at Object.react_stack_bottom_frame (/home/siegfriedneto/projects/servicedeskn1/frontend/app/node_modules/react-dom/cjs/react-dom-client.development.js:25989:20)
    at runWithFiberInDEV (/home/siegfriedneto/projects/servicedeskn1/frontend/app/node_modules/react-dom/cjs/react-dom-client.development.js:874:13)
    at commitHookEffectListMount (/home/siegfriedneto/projects/servicedeskn1/frontend/app/node_modules/react-dom/cjs/react-dom-client.development.js:13249:29) undefined
Error: Not implemented: window.scrollTo
    at module.exports (/home/siegfriedneto/projects/servicedeskn1/frontend/app/node_modules/jsdom/lib/jsdom/browser/not-implemented.js:9:17)
    at /home/siegfriedneto/projects/servicedeskn1/frontend/app/node_modules/jsdom/lib/jsdom/browser/Window.js:960:7
    at Object.fn (file:///home/siegfriedneto/projects/servicedeskn1/frontend/app/node_modules/@tanstack/router-core/dist/esm/scroll-restoration.js:180:27)
    at RouterCore.emit (file:///home/siegfriedneto/projects/servicedeskn1/frontend/app/node_modules/@tanstack/router-core/dist/esm/router.js:178:14)
    at file:///home/siegfriedneto/projects/servicedeskn1/frontend/app/node_modules/@tanstack/react-router/dist/esm/Transitioner.js:46:25
    at settleOwner (file:///home/siegfriedneto/projects/servicedeskn1/frontend/app/node_modules/@tanstack/react-router/dist/esm/Transitioner.js:10:10)
    at file:///home/siegfriedneto/projects/servicedeskn1/frontend/app/node_modules/@tanstack/react-router/dist/esm/Matches.js:38:39
    at Object.react_stack_bottom_frame (/home/siegfriedneto/projects/servicedeskn1/frontend/app/node_modules/react-dom/cjs/react-dom-client.development.js:25989:20)
    at runWithFiberInDEV (/home/siegfriedneto/projects/servicedeskn1/frontend/app/node_modules/react-dom/cjs/react-dom-client.development.js:874:13)
    at commitHookEffectListMount (/home/siegfriedneto/projects/servicedeskn1/frontend/app/node_modules/react-dom/cjs/react-dom-client.development.js:13249:29) undefined
Error: Not implemented: window.scrollTo
    at module.exports (/home/siegfriedneto/projects/servicedeskn1/frontend/app/node_modules/jsdom/lib/jsdom/browser/not-implemented.js:9:17)
    at /home/siegfriedneto/projects/servicedeskn1/frontend/app/node_modules/jsdom/lib/jsdom/browser/Window.js:960:7
    at Object.fn (file:///home/siegfriedneto/projects/servicedeskn1/frontend/app/node_modules/@tanstack/router-core/dist/esm/scroll-restoration.js:180:27)
    at RouterCore.emit (file:///home/siegfriedneto/projects/servicedeskn1/frontend/app/node_modules/@tanstack/router-core/dist/esm/router.js:178:14)
    at file:///home/siegfriedneto/projects/servicedeskn1/frontend/app/node_modules/@tanstack/router-core/dist/esm/load-client.js:943:46
    at Router.batch (file:///home/siegfriedneto/projects/servicedeskn1/frontend/app/node_modules/@tanstack/store/dist/esm/atom.js:39:5)
    at file:///home/siegfriedneto/projects/servicedeskn1/frontend/app/node_modules/@tanstack/router-core/dist/esm/load-client.js:936:10
    at runClientTransaction (file:///home/siegfriedneto/projects/servicedeskn1/frontend/app/node_modules/@tanstack/router-core/dist/esm/load-client.js:902:2)
    at loadClientRoute (file:///home/siegfriedneto/projects/servicedeskn1/frontend/app/node_modules/@tanstack/router-core/dist/esm/load-client.js:1034:2)
    at RouterCore.load (file:///home/siegfriedneto/projects/servicedeskn1/frontend/app/node_modules/@tanstack/router-core/dist/esm/router.js:489:4) undefined
Error: Not implemented: window.scrollTo
    at module.exports (/home/siegfriedneto/projects/servicedeskn1/frontend/app/node_modules/jsdom/lib/jsdom/browser/not-implemented.js:9:17)
    at /home/siegfriedneto/projects/servicedeskn1/frontend/app/node_modules/jsdom/lib/jsdom/browser/Window.js:960:7
    at Object.fn (file:///home/siegfriedneto/projects/servicedeskn1/frontend/app/node_modules/@tanstack/router-core/dist/esm/scroll-restoration.js:180:27)
    at RouterCore.emit (file:///home/siegfriedneto/projects/servicedeskn1/frontend/app/node_modules/@tanstack/router-core/dist/esm/router.js:178:14)
    at file:///home/siegfriedneto/projects/servicedeskn1/frontend/app/node_modules/@tanstack/react-router/dist/esm/Transitioner.js:46:25
    at settleOwner (file:///home/siegfriedneto/projects/servicedeskn1/frontend/app/node_modules/@tanstack/react-router/dist/esm/Transitioner.js:10:10)
    at file:///home/siegfriedneto/projects/servicedeskn1/frontend/app/node_modules/@tanstack/react-router/dist/esm/Matches.js:38:39
    at Object.react_stack_bottom_frame (/home/siegfriedneto/projects/servicedeskn1/frontend/app/node_modules/react-dom/cjs/react-dom-client.development.js:25989:20)
    at runWithFiberInDEV (/home/siegfriedneto/projects/servicedeskn1/frontend/app/node_modules/react-dom/cjs/react-dom-client.development.js:874:13)
    at commitHookEffectListMount (/home/siegfriedneto/projects/servicedeskn1/frontend/app/node_modules/react-dom/cjs/react-dom-client.development.js:13249:29) undefined
Error: Not implemented: window.scrollTo
    at module.exports (/home/siegfriedneto/projects/servicedeskn1/frontend/app/node_modules/jsdom/lib/jsdom/browser/not-implemented.js:9:17)
    at /home/siegfriedneto/projects/servicedeskn1/frontend/app/node_modules/jsdom/lib/jsdom/browser/Window.js:960:7
    at Object.fn (file:///home/siegfriedneto/projects/servicedeskn1/frontend/app/node_modules/@tanstack/router-core/dist/esm/scroll-restoration.js:180:27)
    at RouterCore.emit (file:///home/siegfriedneto/projects/servicedeskn1/frontend/app/node_modules/@tanstack/router-core/dist/esm/router.js:178:14)
    at file:///home/siegfriedneto/projects/servicedeskn1/frontend/app/node_modules/@tanstack/react-router/dist/esm/Transitioner.js:46:25
    at settleOwner (file:///home/siegfriedneto/projects/servicedeskn1/frontend/app/node_modules/@tanstack/react-router/dist/esm/Transitioner.js:10:10)
    at file:///home/siegfriedneto/projects/servicedeskn1/frontend/app/node_modules/@tanstack/react-router/dist/esm/Matches.js:38:39
    at Object.react_stack_bottom_frame (/home/siegfriedneto/projects/servicedeskn1/frontend/app/node_modules/react-dom/cjs/react-dom-client.development.js:25989:20)
    at runWithFiberInDEV (/home/siegfriedneto/projects/servicedeskn1/frontend/app/node_modules/react-dom/cjs/react-dom-client.development.js:874:13)
    at commitHookEffectListMount (/home/siegfriedneto/projects/servicedeskn1/frontend/app/node_modules/react-dom/cjs/react-dom-client.development.js:13249:29) undefined
Error: Not implemented: window.scrollTo
    at module.exports (/home/siegfriedneto/projects/servicedeskn1/frontend/app/node_modules/jsdom/lib/jsdom/browser/not-implemented.js:9:17)
    at /home/siegfriedneto/projects/servicedeskn1/frontend/app/node_modules/jsdom/lib/jsdom/browser/Window.js:960:7
    at Object.fn (file:///home/siegfriedneto/projects/servicedeskn1/frontend/app/node_modules/@tanstack/router-core/dist/esm/scroll-restoration.js:180:27)
    at RouterCore.emit (file:///home/siegfriedneto/projects/servicedeskn1/frontend/app/node_modules/@tanstack/router-core/dist/esm/router.js:178:14)
    at file:///home/siegfriedneto/projects/servicedeskn1/frontend/app/node_modules/@tanstack/react-router/dist/esm/Transitioner.js:46:25
    at settleOwner (file:///home/siegfriedneto/projects/servicedeskn1/frontend/app/node_modules/@tanstack/react-router/dist/esm/Transitioner.js:10:10)
    at file:///home/siegfriedneto/projects/servicedeskn1/frontend/app/node_modules/@tanstack/react-router/dist/esm/Matches.js:38:39
    at Object.react_stack_bottom_frame (/home/siegfriedneto/projects/servicedeskn1/frontend/app/node_modules/react-dom/cjs/react-dom-client.development.js:25989:20)
    at runWithFiberInDEV (/home/siegfriedneto/projects/servicedeskn1/frontend/app/node_modules/react-dom/cjs/react-dom-client.development.js:874:13)
    at commitHookEffectListMount (/home/siegfriedneto/projects/servicedeskn1/frontend/app/node_modules/react-dom/cjs/react-dom-client.development.js:13249:29) undefined
Error: Not implemented: window.scrollTo
    at module.exports (/home/siegfriedneto/projects/servicedeskn1/frontend/app/node_modules/jsdom/lib/jsdom/browser/not-implemented.js:9:17)
    at /home/siegfriedneto/projects/servicedeskn1/frontend/app/node_modules/jsdom/lib/jsdom/browser/Window.js:960:7
    at Object.fn (file:///home/siegfriedneto/projects/servicedeskn1/frontend/app/node_modules/@tanstack/router-core/dist/esm/scroll-restoration.js:180:27)
    at RouterCore.emit (file:///home/siegfriedneto/projects/servicedeskn1/frontend/app/node_modules/@tanstack/router-core/dist/esm/router.js:178:14)
    at file:///home/siegfriedneto/projects/servicedeskn1/frontend/app/node_modules/@tanstack/react-router/dist/esm/Transitioner.js:46:25
    at settleOwner (file:///home/siegfriedneto/projects/servicedeskn1/frontend/app/node_modules/@tanstack/react-router/dist/esm/Transitioner.js:10:10)
    at file:///home/siegfriedneto/projects/servicedeskn1/frontend/app/node_modules/@tanstack/react-router/dist/esm/Matches.js:38:39
    at Object.react_stack_bottom_frame (/home/siegfriedneto/projects/servicedeskn1/frontend/app/node_modules/react-dom/cjs/react-dom-client.development.js:25989:20)
    at runWithFiberInDEV (/home/siegfriedneto/projects/servicedeskn1/frontend/app/node_modules/react-dom/cjs/react-dom-client.development.js:874:13)
    at commitHookEffectListMount (/home/siegfriedneto/projects/servicedeskn1/frontend/app/node_modules/react-dom/cjs/react-dom-client.development.js:13249:29) undefined
Error: Not implemented: window.scrollTo
    at module.exports (/home/siegfriedneto/projects/servicedeskn1/frontend/app/node_modules/jsdom/lib/jsdom/browser/not-implemented.js:9:17)
    at /home/siegfriedneto/projects/servicedeskn1/frontend/app/node_modules/jsdom/lib/jsdom/browser/Window.js:960:7
    at Object.fn (file:///home/siegfriedneto/projects/servicedeskn1/frontend/app/node_modules/@tanstack/router-core/dist/esm/scroll-restoration.js:180:27)
    at RouterCore.emit (file:///home/siegfriedneto/projects/servicedeskn1/frontend/app/node_modules/@tanstack/router-core/dist/esm/router.js:178:14)
    at file:///home/siegfriedneto/projects/servicedeskn1/frontend/app/node_modules/@tanstack/router-core/dist/esm/load-client.js:943:46
    at Router.batch (file:///home/siegfriedneto/projects/servicedeskn1/frontend/app/node_modules/@tanstack/store/dist/esm/atom.js:39:5)
    at file:///home/siegfriedneto/projects/servicedeskn1/frontend/app/node_modules/@tanstack/router-core/dist/esm/load-client.js:936:10
    at runClientTransaction (file:///home/siegfriedneto/projects/servicedeskn1/frontend/app/node_modules/@tanstack/router-core/dist/esm/load-client.js:902:2)
    at loadClientRoute (file:///home/siegfriedneto/projects/servicedeskn1/frontend/app/node_modules/@tanstack/router-core/dist/esm/load-client.js:1034:2)
    at RouterCore.load (file:///home/siegfriedneto/projects/servicedeskn1/frontend/app/node_modules/@tanstack/router-core/dist/esm/router.js:489:4) undefined
Error: Not implemented: window.scrollTo
    at module.exports (/home/siegfriedneto/projects/servicedeskn1/frontend/app/node_modules/jsdom/lib/jsdom/browser/not-implemented.js:9:17)
    at /home/siegfriedneto/projects/servicedeskn1/frontend/app/node_modules/jsdom/lib/jsdom/browser/Window.js:960:7
    at Object.fn (file:///home/siegfriedneto/projects/servicedeskn1/frontend/app/node_modules/@tanstack/router-core/dist/esm/scroll-restoration.js:180:27)
    at RouterCore.emit (file:///home/siegfriedneto/projects/servicedeskn1/frontend/app/node_modules/@tanstack/router-core/dist/esm/router.js:178:14)
    at file:///home/siegfriedneto/projects/servicedeskn1/frontend/app/node_modules/@tanstack/react-router/dist/esm/Transitioner.js:46:25
    at settleOwner (file:///home/siegfriedneto/projects/servicedeskn1/frontend/app/node_modules/@tanstack/react-router/dist/esm/Transitioner.js:10:10)
    at file:///home/siegfriedneto/projects/servicedeskn1/frontend/app/node_modules/@tanstack/react-router/dist/esm/Matches.js:38:39
    at Object.react_stack_bottom_frame (/home/siegfriedneto/projects/servicedeskn1/frontend/app/node_modules/react-dom/cjs/react-dom-client.development.js:25989:20)
    at runWithFiberInDEV (/home/siegfriedneto/projects/servicedeskn1/frontend/app/node_modules/react-dom/cjs/react-dom-client.development.js:874:13)
    at commitHookEffectListMount (/home/siegfriedneto/projects/servicedeskn1/frontend/app/node_modules/react-dom/cjs/react-dom-client.development.js:13249:29) undefined
Error: Not implemented: window.scrollTo
    at module.exports (/home/siegfriedneto/projects/servicedeskn1/frontend/app/node_modules/jsdom/lib/jsdom/browser/not-implemented.js:9:17)
    at /home/siegfriedneto/projects/servicedeskn1/frontend/app/node_modules/jsdom/lib/jsdom/browser/Window.js:960:7
    at Object.fn (file:///home/siegfriedneto/projects/servicedeskn1/frontend/app/node_modules/@tanstack/router-core/dist/esm/scroll-restoration.js:180:27)
    at RouterCore.emit (file:///home/siegfriedneto/projects/servicedeskn1/frontend/app/node_modules/@tanstack/router-core/dist/esm/router.js:178:14)
    at file:///home/siegfriedneto/projects/servicedeskn1/frontend/app/node_modules/@tanstack/react-router/dist/esm/Transitioner.js:46:25
    at settleOwner (file:///home/siegfriedneto/projects/servicedeskn1/frontend/app/node_modules/@tanstack/react-router/dist/esm/Transitioner.js:10:10)
    at file:///home/siegfriedneto/projects/servicedeskn1/frontend/app/node_modules/@tanstack/react-router/dist/esm/Matches.js:38:39
    at Object.react_stack_bottom_frame (/home/siegfriedneto/projects/servicedeskn1/frontend/app/node_modules/react-dom/cjs/react-dom-client.development.js:25989:20)
    at runWithFiberInDEV (/home/siegfriedneto/projects/servicedeskn1/frontend/app/node_modules/react-dom/cjs/react-dom-client.development.js:874:13)
    at commitHookEffectListMount (/home/siegfriedneto/projects/servicedeskn1/frontend/app/node_modules/react-dom/cjs/react-dom-client.development.js:13249:29) undefined
Error: Not implemented: window.scrollTo
    at module.exports (/home/siegfriedneto/projects/servicedeskn1/frontend/app/node_modules/jsdom/lib/jsdom/browser/not-implemented.js:9:17)
    at /home/siegfriedneto/projects/servicedeskn1/frontend/app/node_modules/jsdom/lib/jsdom/browser/Window.js:960:7
    at Object.fn (file:///home/siegfriedneto/projects/servicedeskn1/frontend/app/node_modules/@tanstack/router-core/dist/esm/scroll-restoration.js:180:27)
    at RouterCore.emit (file:///home/siegfriedneto/projects/servicedeskn1/frontend/app/node_modules/@tanstack/router-core/dist/esm/router.js:178:14)
    at file:///home/siegfriedneto/projects/servicedeskn1/frontend/app/node_modules/@tanstack/react-router/dist/esm/Transitioner.js:46:25
    at settleOwner (file:///home/siegfriedneto/projects/servicedeskn1/frontend/app/node_modules/@tanstack/react-router/dist/esm/Transitioner.js:10:10)
    at file:///home/siegfriedneto/projects/servicedeskn1/frontend/app/node_modules/@tanstack/react-router/dist/esm/Matches.js:38:39
    at Object.react_stack_bottom_frame (/home/siegfriedneto/projects/servicedeskn1/frontend/app/node_modules/react-dom/cjs/react-dom-client.development.js:25989:20)
    at runWithFiberInDEV (/home/siegfriedneto/projects/servicedeskn1/frontend/app/node_modules/react-dom/cjs/react-dom-client.development.js:874:13)
    at commitHookEffectListMount (/home/siegfriedneto/projects/servicedeskn1/frontend/app/node_modules/react-dom/cjs/react-dom-client.development.js:13249:29) undefined
Error: Not implemented: window.scrollTo
    at module.exports (/home/siegfriedneto/projects/servicedeskn1/frontend/app/node_modules/jsdom/lib/jsdom/browser/not-implemented.js:9:17)
    at /home/siegfriedneto/projects/servicedeskn1/frontend/app/node_modules/jsdom/lib/jsdom/browser/Window.js:960:7
    at Object.fn (file:///home/siegfriedneto/projects/servicedeskn1/frontend/app/node_modules/@tanstack/router-core/dist/esm/scroll-restoration.js:180:27)
    at RouterCore.emit (file:///home/siegfriedneto/projects/servicedeskn1/frontend/app/node_modules/@tanstack/router-core/dist/esm/router.js:178:14)
    at file:///home/siegfriedneto/projects/servicedeskn1/frontend/app/node_modules/@tanstack/router-core/dist/esm/load-client.js:943:46
    at Router.batch (file:///home/siegfriedneto/projects/servicedeskn1/frontend/app/node_modules/@tanstack/store/dist/esm/atom.js:39:5)
    at file:///home/siegfriedneto/projects/servicedeskn1/frontend/app/node_modules/@tanstack/router-core/dist/esm/load-client.js:936:10
    at runNextTicks (node:internal/process/task_queues:64:5)
    at listOnTimeout (node:internal/timers:547:9)
    at processTimers (node:internal/timers:521:7) undefined
Error: Not implemented: window.scrollTo
    at module.exports (/home/siegfriedneto/projects/servicedeskn1/frontend/app/node_modules/jsdom/lib/jsdom/browser/not-implemented.js:9:17)
    at /home/siegfriedneto/projects/servicedeskn1/frontend/app/node_modules/jsdom/lib/jsdom/browser/Window.js:960:7
    at Object.fn (file:///home/siegfriedneto/projects/servicedeskn1/frontend/app/node_modules/@tanstack/router-core/dist/esm/scroll-restoration.js:180:27)
    at RouterCore.emit (file:///home/siegfriedneto/projects/servicedeskn1/frontend/app/node_modules/@tanstack/router-core/dist/esm/router.js:178:14)
    at file:///home/siegfriedneto/projects/servicedeskn1/frontend/app/node_modules/@tanstack/react-router/dist/esm/Transitioner.js:46:25
    at settleOwner (file:///home/siegfriedneto/projects/servicedeskn1/frontend/app/node_modules/@tanstack/react-router/dist/esm/Transitioner.js:10:10)
    at file:///home/siegfriedneto/projects/servicedeskn1/frontend/app/node_modules/@tanstack/react-router/dist/esm/Matches.js:38:39
    at Object.react_stack_bottom_frame (/home/siegfriedneto/projects/servicedeskn1/frontend/app/node_modules/react-dom/cjs/react-dom-client.development.js:25989:20)
    at runWithFiberInDEV (/home/siegfriedneto/projects/servicedeskn1/frontend/app/node_modules/react-dom/cjs/react-dom-client.development.js:874:13)
    at commitHookEffectListMount (/home/siegfriedneto/projects/servicedeskn1/frontend/app/node_modules/react-dom/cjs/react-dom-client.development.js:13249:29) undefined
Error: Not implemented: window.scrollTo
    at module.exports (/home/siegfriedneto/projects/servicedeskn1/frontend/app/node_modules/jsdom/lib/jsdom/browser/not-implemented.js:9:17)
    at /home/siegfriedneto/projects/servicedeskn1/frontend/app/node_modules/jsdom/lib/jsdom/browser/Window.js:960:7
    at Object.fn (file:///home/siegfriedneto/projects/servicedeskn1/frontend/app/node_modules/@tanstack/router-core/dist/esm/scroll-restoration.js:180:27)
    at RouterCore.emit (file:///home/siegfriedneto/projects/servicedeskn1/frontend/app/node_modules/@tanstack/router-core/dist/esm/router.js:178:14)
    at file:///home/siegfriedneto/projects/servicedeskn1/frontend/app/node_modules/@tanstack/react-router/dist/esm/Transitioner.js:46:25
    at settleOwner (file:///home/siegfriedneto/projects/servicedeskn1/frontend/app/node_modules/@tanstack/react-router/dist/esm/Transitioner.js:10:10)
    at file:///home/siegfriedneto/projects/servicedeskn1/frontend/app/node_modules/@tanstack/react-router/dist/esm/Matches.js:38:39
    at Object.react_stack_bottom_frame (/home/siegfriedneto/projects/servicedeskn1/frontend/app/node_modules/react-dom/cjs/react-dom-client.development.js:25989:20)
    at runWithFiberInDEV (/home/siegfriedneto/projects/servicedeskn1/frontend/app/node_modules/react-dom/cjs/react-dom-client.development.js:874:13)
    at commitHookEffectListMount (/home/siegfriedneto/projects/servicedeskn1/frontend/app/node_modules/react-dom/cjs/react-dom-client.development.js:13249:29) undefined
Error: Not implemented: window.scrollTo
    at module.exports (/home/siegfriedneto/projects/servicedeskn1/frontend/app/node_modules/jsdom/lib/jsdom/browser/not-implemented.js:9:17)
    at /home/siegfriedneto/projects/servicedeskn1/frontend/app/node_modules/jsdom/lib/jsdom/browser/Window.js:960:7
    at Object.fn (file:///home/siegfriedneto/projects/servicedeskn1/frontend/app/node_modules/@tanstack/router-core/dist/esm/scroll-restoration.js:180:27)
    at RouterCore.emit (file:///home/siegfriedneto/projects/servicedeskn1/frontend/app/node_modules/@tanstack/router-core/dist/esm/router.js:178:14)
    at file:///home/siegfriedneto/projects/servicedeskn1/frontend/app/node_modules/@tanstack/react-router/dist/esm/Transitioner.js:46:25
    at settleOwner (file:///home/siegfriedneto/projects/servicedeskn1/frontend/app/node_modules/@tanstack/react-router/dist/esm/Transitioner.js:10:10)
    at file:///home/siegfriedneto/projects/servicedeskn1/frontend/app/node_modules/@tanstack/react-router/dist/esm/Matches.js:38:39
    at Object.react_stack_bottom_frame (/home/siegfriedneto/projects/servicedeskn1/frontend/app/node_modules/react-dom/cjs/react-dom-client.development.js:25989:20)
    at runWithFiberInDEV (/home/siegfriedneto/projects/servicedeskn1/frontend/app/node_modules/react-dom/cjs/react-dom-client.development.js:874:13)
    at commitHookEffectListMount (/home/siegfriedneto/projects/servicedeskn1/frontend/app/node_modules/react-dom/cjs/react-dom-client.development.js:13249:29) undefined
Error: Not implemented: window.scrollTo
    at module.exports (/home/siegfriedneto/projects/servicedeskn1/frontend/app/node_modules/jsdom/lib/jsdom/browser/not-implemented.js:9:17)
    at /home/siegfriedneto/projects/servicedeskn1/frontend/app/node_modules/jsdom/lib/jsdom/browser/Window.js:960:7
    at Object.fn (file:///home/siegfriedneto/projects/servicedeskn1/frontend/app/node_modules/@tanstack/router-core/dist/esm/scroll-restoration.js:180:27)
    at RouterCore.emit (file:///home/siegfriedneto/projects/servicedeskn1/frontend/app/node_modules/@tanstack/router-core/dist/esm/router.js:178:14)
    at file:///home/siegfriedneto/projects/servicedeskn1/frontend/app/node_modules/@tanstack/react-router/dist/esm/Transitioner.js:46:25
    at settleOwner (file:///home/siegfriedneto/projects/servicedeskn1/frontend/app/node_modules/@tanstack/react-router/dist/esm/Transitioner.js:10:10)
    at file:///home/siegfriedneto/projects/servicedeskn1/frontend/app/node_modules/@tanstack/react-router/dist/esm/Matches.js:38:39
    at Object.react_stack_bottom_frame (/home/siegfriedneto/projects/servicedeskn1/frontend/app/node_modules/react-dom/cjs/react-dom-client.development.js:25989:20)
    at runWithFiberInDEV (/home/siegfriedneto/projects/servicedeskn1/frontend/app/node_modules/react-dom/cjs/react-dom-client.development.js:874:13)
    at commitHookEffectListMount (/home/siegfriedneto/projects/servicedeskn1/frontend/app/node_modules/react-dom/cjs/react-dom-client.development.js:13249:29) undefined
Error: Not implemented: window.scrollTo
    at module.exports (/home/siegfriedneto/projects/servicedeskn1/frontend/app/node_modules/jsdom/lib/jsdom/browser/not-implemented.js:9:17)
    at /home/siegfriedneto/projects/servicedeskn1/frontend/app/node_modules/jsdom/lib/jsdom/browser/Window.js:960:7
    at Object.fn (file:///home/siegfriedneto/projects/servicedeskn1/frontend/app/node_modules/@tanstack/router-core/dist/esm/scroll-restoration.js:180:27)
    at RouterCore.emit (file:///home/siegfriedneto/projects/servicedeskn1/frontend/app/node_modules/@tanstack/router-core/dist/esm/router.js:178:14)
    at file:///home/siegfriedneto/projects/servicedeskn1/frontend/app/node_modules/@tanstack/react-router/dist/esm/Transitioner.js:46:25
    at settleOwner (file:///home/siegfriedneto/projects/servicedeskn1/frontend/app/node_modules/@tanstack/react-router/dist/esm/Transitioner.js:10:10)
    at file:///home/siegfriedneto/projects/servicedeskn1/frontend/app/node_modules/@tanstack/react-router/dist/esm/Matches.js:38:39
    at Object.react_stack_bottom_frame (/home/siegfriedneto/projects/servicedeskn1/frontend/app/node_modules/react-dom/cjs/react-dom-client.development.js:25989:20)
    at runWithFiberInDEV (/home/siegfriedneto/projects/servicedeskn1/frontend/app/node_modules/react-dom/cjs/react-dom-client.development.js:874:13)
    at commitHookEffectListMount (/home/siegfriedneto/projects/servicedeskn1/frontend/app/node_modules/react-dom/cjs/react-dom-client.development.js:13249:29) undefined
Error: Not implemented: window.scrollTo
    at module.exports (/home/siegfriedneto/projects/servicedeskn1/frontend/app/node_modules/jsdom/lib/jsdom/browser/not-implemented.js:9:17)
    at /home/siegfriedneto/projects/servicedeskn1/frontend/app/node_modules/jsdom/lib/jsdom/browser/Window.js:960:7
    at Object.fn (file:///home/siegfriedneto/projects/servicedeskn1/frontend/app/node_modules/@tanstack/router-core/dist/esm/scroll-restoration.js:180:27)
    at RouterCore.emit (file:///home/siegfriedneto/projects/servicedeskn1/frontend/app/node_modules/@tanstack/router-core/dist/esm/router.js:178:14)
    at file:///home/siegfriedneto/projects/servicedeskn1/frontend/app/node_modules/@tanstack/react-router/dist/esm/Transitioner.js:46:25
    at settleOwner (file:///home/siegfriedneto/projects/servicedeskn1/frontend/app/node_modules/@tanstack/react-router/dist/esm/Transitioner.js:10:10)
    at file:///home/siegfriedneto/projects/servicedeskn1/frontend/app/node_modules/@tanstack/react-router/dist/esm/Matches.js:38:39
    at Object.react_stack_bottom_frame (/home/siegfriedneto/projects/servicedeskn1/frontend/app/node_modules/react-dom/cjs/react-dom-client.development.js:25989:20)
    at runWithFiberInDEV (/home/siegfriedneto/projects/servicedeskn1/frontend/app/node_modules/react-dom/cjs/react-dom-client.development.js:874:13)
    at commitHookEffectListMount (/home/siegfriedneto/projects/servicedeskn1/frontend/app/node_modules/react-dom/cjs/react-dom-client.development.js:13249:29) undefined
Error: Not implemented: window.scrollTo
    at module.exports (/home/siegfriedneto/projects/servicedeskn1/frontend/app/node_modules/jsdom/lib/jsdom/browser/not-implemented.js:9:17)
    at /home/siegfriedneto/projects/servicedeskn1/frontend/app/node_modules/jsdom/lib/jsdom/browser/Window.js:960:7
    at Object.fn (file:///home/siegfriedneto/projects/servicedeskn1/frontend/app/node_modules/@tanstack/router-core/dist/esm/scroll-restoration.js:180:27)
    at RouterCore.emit (file:///home/siegfriedneto/projects/servicedeskn1/frontend/app/node_modules/@tanstack/router-core/dist/esm/router.js:178:14)
    at file:///home/siegfriedneto/projects/servicedeskn1/frontend/app/node_modules/@tanstack/react-router/dist/esm/Transitioner.js:46:25
    at settleOwner (file:///home/siegfriedneto/projects/servicedeskn1/frontend/app/node_modules/@tanstack/react-router/dist/esm/Transitioner.js:10:10)
    at file:///home/siegfriedneto/projects/servicedeskn1/frontend/app/node_modules/@tanstack/react-router/dist/esm/Matches.js:38:39
    at Object.react_stack_bottom_frame (/home/siegfriedneto/projects/servicedeskn1/frontend/app/node_modules/react-dom/cjs/react-dom-client.development.js:25989:20)
    at runWithFiberInDEV (/home/siegfriedneto/projects/servicedeskn1/frontend/app/node_modules/react-dom/cjs/react-dom-client.development.js:874:13)
    at commitHookEffectListMount (/home/siegfriedneto/projects/servicedeskn1/frontend/app/node_modules/react-dom/cjs/react-dom-client.development.js:13249:29) undefined
Error: Not implemented: window.scrollTo
    at module.exports (/home/siegfriedneto/projects/servicedeskn1/frontend/app/node_modules/jsdom/lib/jsdom/browser/not-implemented.js:9:17)
    at /home/siegfriedneto/projects/servicedeskn1/frontend/app/node_modules/jsdom/lib/jsdom/browser/Window.js:960:7
    at Object.fn (file:///home/siegfriedneto/projects/servicedeskn1/frontend/app/node_modules/@tanstack/router-core/dist/esm/scroll-restoration.js:180:27)
    at RouterCore.emit (file:///home/siegfriedneto/projects/servicedeskn1/frontend/app/node_modules/@tanstack/router-core/dist/esm/router.js:178:14)
    at file:///home/siegfriedneto/projects/servicedeskn1/frontend/app/node_modules/@tanstack/react-router/dist/esm/Transitioner.js:46:25
    at settleOwner (file:///home/siegfriedneto/projects/servicedeskn1/frontend/app/node_modules/@tanstack/react-router/dist/esm/Transitioner.js:10:10)
    at file:///home/siegfriedneto/projects/servicedeskn1/frontend/app/node_modules/@tanstack/react-router/dist/esm/Matches.js:38:39
    at Object.react_stack_bottom_frame (/home/siegfriedneto/projects/servicedeskn1/frontend/app/node_modules/react-dom/cjs/react-dom-client.development.js:25989:20)
    at runWithFiberInDEV (/home/siegfriedneto/projects/servicedeskn1/frontend/app/node_modules/react-dom/cjs/react-dom-client.development.js:874:13)
    at commitHookEffectListMount (/home/siegfriedneto/projects/servicedeskn1/frontend/app/node_modules/react-dom/cjs/react-dom-client.development.js:13249:29) undefined
Error: Not implemented: window.scrollTo
    at module.exports (/home/siegfriedneto/projects/servicedeskn1/frontend/app/node_modules/jsdom/lib/jsdom/browser/not-implemented.js:9:17)
    at /home/siegfriedneto/projects/servicedeskn1/frontend/app/node_modules/jsdom/lib/jsdom/browser/Window.js:960:7
    at Object.fn (file:///home/siegfriedneto/projects/servicedeskn1/frontend/app/node_modules/@tanstack/router-core/dist/esm/scroll-restoration.js:180:27)
    at RouterCore.emit (file:///home/siegfriedneto/projects/servicedeskn1/frontend/app/node_modules/@tanstack/router-core/dist/esm/router.js:178:14)
    at file:///home/siegfriedneto/projects/servicedeskn1/frontend/app/node_modules/@tanstack/react-router/dist/esm/Transitioner.js:46:25
    at settleOwner (file:///home/siegfriedneto/projects/servicedeskn1/frontend/app/node_modules/@tanstack/react-router/dist/esm/Transitioner.js:10:10)
    at file:///home/siegfriedneto/projects/servicedeskn1/frontend/app/node_modules/@tanstack/react-router/dist/esm/Matches.js:38:39
    at Object.react_stack_bottom_frame (/home/siegfriedneto/projects/servicedeskn1/frontend/app/node_modules/react-dom/cjs/react-dom-client.development.js:25989:20)
    at runWithFiberInDEV (/home/siegfriedneto/projects/servicedeskn1/frontend/app/node_modules/react-dom/cjs/react-dom-client.development.js:874:13)
    at commitHookEffectListMount (/home/siegfriedneto/projects/servicedeskn1/frontend/app/node_modules/react-dom/cjs/react-dom-client.development.js:13249:29) undefined
Error: Not implemented: window.scrollTo
    at module.exports (/home/siegfriedneto/projects/servicedeskn1/frontend/app/node_modules/jsdom/lib/jsdom/browser/not-implemented.js:9:17)
    at /home/siegfriedneto/projects/servicedeskn1/frontend/app/node_modules/jsdom/lib/jsdom/browser/Window.js:960:7
    at Object.fn (file:///home/siegfriedneto/projects/servicedeskn1/frontend/app/node_modules/@tanstack/router-core/dist/esm/scroll-restoration.js:180:27)
    at RouterCore.emit (file:///home/siegfriedneto/projects/servicedeskn1/frontend/app/node_modules/@tanstack/router-core/dist/esm/router.js:178:14)
    at file:///home/siegfriedneto/projects/servicedeskn1/frontend/app/node_modules/@tanstack/react-router/dist/esm/Transitioner.js:46:25
    at settleOwner (file:///home/siegfriedneto/projects/servicedeskn1/frontend/app/node_modules/@tanstack/react-router/dist/esm/Transitioner.js:10:10)
    at file:///home/siegfriedneto/projects/servicedeskn1/frontend/app/node_modules/@tanstack/react-router/dist/esm/Matches.js:38:39
    at Object.react_stack_bottom_frame (/home/siegfriedneto/projects/servicedeskn1/frontend/app/node_modules/react-dom/cjs/react-dom-client.development.js:25989:20)
    at runWithFiberInDEV (/home/siegfriedneto/projects/servicedeskn1/frontend/app/node_modules/react-dom/cjs/react-dom-client.development.js:874:13)
    at commitHookEffectListMount (/home/siegfriedneto/projects/servicedeskn1/frontend/app/node_modules/react-dom/cjs/react-dom-client.development.js:13249:29) undefined
Error: Not implemented: window.scrollTo
    at module.exports (/home/siegfriedneto/projects/servicedeskn1/frontend/app/node_modules/jsdom/lib/jsdom/browser/not-implemented.js:9:17)
    at /home/siegfriedneto/projects/servicedeskn1/frontend/app/node_modules/jsdom/lib/jsdom/browser/Window.js:960:7
    at Object.fn (file:///home/siegfriedneto/projects/servicedeskn1/frontend/app/node_modules/@tanstack/router-core/dist/esm/scroll-restoration.js:180:27)
    at RouterCore.emit (file:///home/siegfriedneto/projects/servicedeskn1/frontend/app/node_modules/@tanstack/router-core/dist/esm/router.js:178:14)
    at file:///home/siegfriedneto/projects/servicedeskn1/frontend/app/node_modules/@tanstack/react-router/dist/esm/Transitioner.js:46:25
    at settleOwner (file:///home/siegfriedneto/projects/servicedeskn1/frontend/app/node_modules/@tanstack/react-router/dist/esm/Transitioner.js:10:10)
    at file:///home/siegfriedneto/projects/servicedeskn1/frontend/app/node_modules/@tanstack/react-router/dist/esm/Matches.js:38:39
    at Object.react_stack_bottom_frame (/home/siegfriedneto/projects/servicedeskn1/frontend/app/node_modules/react-dom/cjs/react-dom-client.development.js:25989:20)
    at runWithFiberInDEV (/home/siegfriedneto/projects/servicedeskn1/frontend/app/node_modules/react-dom/cjs/react-dom-client.development.js:874:13)
    at commitHookEffectListMount (/home/siegfriedneto/projects/servicedeskn1/frontend/app/node_modules/react-dom/cjs/react-dom-client.development.js:13249:29) undefined
Error: Not implemented: window.scrollTo
    at module.exports (/home/siegfriedneto/projects/servicedeskn1/frontend/app/node_modules/jsdom/lib/jsdom/browser/not-implemented.js:9:17)
    at /home/siegfriedneto/projects/servicedeskn1/frontend/app/node_modules/jsdom/lib/jsdom/browser/Window.js:960:7
    at Object.fn (file:///home/siegfriedneto/projects/servicedeskn1/frontend/app/node_modules/@tanstack/router-core/dist/esm/scroll-restoration.js:180:27)
    at RouterCore.emit (file:///home/siegfriedneto/projects/servicedeskn1/frontend/app/node_modules/@tanstack/router-core/dist/esm/router.js:178:14)
    at file:///home/siegfriedneto/projects/servicedeskn1/frontend/app/node_modules/@tanstack/react-router/dist/esm/Transitioner.js:46:25
    at settleOwner (file:///home/siegfriedneto/projects/servicedeskn1/frontend/app/node_modules/@tanstack/react-router/dist/esm/Transitioner.js:10:10)
    at file:///home/siegfriedneto/projects/servicedeskn1/frontend/app/node_modules/@tanstack/react-router/dist/esm/Matches.js:38:39
    at Object.react_stack_bottom_frame (/home/siegfriedneto/projects/servicedeskn1/frontend/app/node_modules/react-dom/cjs/react-dom-client.development.js:25989:20)
    at runWithFiberInDEV (/home/siegfriedneto/projects/servicedeskn1/frontend/app/node_modules/react-dom/cjs/react-dom-client.development.js:874:13)
    at commitHookEffectListMount (/home/siegfriedneto/projects/servicedeskn1/frontend/app/node_modules/react-dom/cjs/react-dom-client.development.js:13249:29) undefined
Error: Not implemented: window.scrollTo
    at module.exports (/home/siegfriedneto/projects/servicedeskn1/frontend/app/node_modules/jsdom/lib/jsdom/browser/not-implemented.js:9:17)
    at /home/siegfriedneto/projects/servicedeskn1/frontend/app/node_modules/jsdom/lib/jsdom/browser/Window.js:960:7
    at Object.fn (file:///home/siegfriedneto/projects/servicedeskn1/frontend/app/node_modules/@tanstack/router-core/dist/esm/scroll-restoration.js:180:27)
    at RouterCore.emit (file:///home/siegfriedneto/projects/servicedeskn1/frontend/app/node_modules/@tanstack/router-core/dist/esm/router.js:178:14)
    at file:///home/siegfriedneto/projects/servicedeskn1/frontend/app/node_modules/@tanstack/react-router/dist/esm/Transitioner.js:46:25
    at settleOwner (file:///home/siegfriedneto/projects/servicedeskn1/frontend/app/node_modules/@tanstack/react-router/dist/esm/Transitioner.js:10:10)
    at file:///home/siegfriedneto/projects/servicedeskn1/frontend/app/node_modules/@tanstack/react-router/dist/esm/Matches.js:38:39
    at Object.react_stack_bottom_frame (/home/siegfriedneto/projects/servicedeskn1/frontend/app/node_modules/react-dom/cjs/react-dom-client.development.js:25989:20)
    at runWithFiberInDEV (/home/siegfriedneto/projects/servicedeskn1/frontend/app/node_modules/react-dom/cjs/react-dom-client.development.js:874:13)
    at commitHookEffectListMount (/home/siegfriedneto/projects/servicedeskn1/frontend/app/node_modules/react-dom/cjs/react-dom-client.development.js:13249:29) undefined
Error: Not implemented: window.scrollTo
    at module.exports (/home/siegfriedneto/projects/servicedeskn1/frontend/app/node_modules/jsdom/lib/jsdom/browser/not-implemented.js:9:17)
    at /home/siegfriedneto/projects/servicedeskn1/frontend/app/node_modules/jsdom/lib/jsdom/browser/Window.js:960:7
    at Object.fn (file:///home/siegfriedneto/projects/servicedeskn1/frontend/app/node_modules/@tanstack/router-core/dist/esm/scroll-restoration.js:180:27)
    at RouterCore.emit (file:///home/siegfriedneto/projects/servicedeskn1/frontend/app/node_modules/@tanstack/router-core/dist/esm/router.js:178:14)
    at file:///home/siegfriedneto/projects/servicedeskn1/frontend/app/node_modules/@tanstack/react-router/dist/esm/Transitioner.js:46:25
    at settleOwner (file:///home/siegfriedneto/projects/servicedeskn1/frontend/app/node_modules/@tanstack/react-router/dist/esm/Transitioner.js:10:10)
    at file:///home/siegfriedneto/projects/servicedeskn1/frontend/app/node_modules/@tanstack/react-router/dist/esm/Matches.js:38:39
    at Object.react_stack_bottom_frame (/home/siegfriedneto/projects/servicedeskn1/frontend/app/node_modules/react-dom/cjs/react-dom-client.development.js:25989:20)
    at runWithFiberInDEV (/home/siegfriedneto/projects/servicedeskn1/frontend/app/node_modules/react-dom/cjs/react-dom-client.development.js:874:13)
    at commitHookEffectListMount (/home/siegfriedneto/projects/servicedeskn1/frontend/app/node_modules/react-dom/cjs/react-dom-client.development.js:13249:29) undefined
Error: Not implemented: window.scrollTo
    at module.exports (/home/siegfriedneto/projects/servicedeskn1/frontend/app/node_modules/jsdom/lib/jsdom/browser/not-implemented.js:9:17)
    at /home/siegfriedneto/projects/servicedeskn1/frontend/app/node_modules/jsdom/lib/jsdom/browser/Window.js:960:7
    at Object.fn (file:///home/siegfriedneto/projects/servicedeskn1/frontend/app/node_modules/@tanstack/router-core/dist/esm/scroll-restoration.js:180:27)
    at RouterCore.emit (file:///home/siegfriedneto/projects/servicedeskn1/frontend/app/node_modules/@tanstack/router-core/dist/esm/router.js:178:14)
    at file:///home/siegfriedneto/projects/servicedeskn1/frontend/app/node_modules/@tanstack/react-router/dist/esm/Transitioner.js:46:25
    at settleOwner (file:///home/siegfriedneto/projects/servicedeskn1/frontend/app/node_modules/@tanstack/react-router/dist/esm/Transitioner.js:10:10)
    at file:///home/siegfriedneto/projects/servicedeskn1/frontend/app/node_modules/@tanstack/react-router/dist/esm/Matches.js:38:39
    at Object.react_stack_bottom_frame (/home/siegfriedneto/projects/servicedeskn1/frontend/app/node_modules/react-dom/cjs/react-dom-client.development.js:25989:20)
    at runWithFiberInDEV (/home/siegfriedneto/projects/servicedeskn1/frontend/app/node_modules/react-dom/cjs/react-dom-client.development.js:874:13)
    at commitHookEffectListMount (/home/siegfriedneto/projects/servicedeskn1/frontend/app/node_modules/react-dom/cjs/react-dom-client.development.js:13249:29) undefined
Error: Not implemented: window.scrollTo
    at module.exports (/home/siegfriedneto/projects/servicedeskn1/frontend/app/node_modules/jsdom/lib/jsdom/browser/not-implemented.js:9:17)
    at /home/siegfriedneto/projects/servicedeskn1/frontend/app/node_modules/jsdom/lib/jsdom/browser/Window.js:960:7
    at Object.fn (file:///home/siegfriedneto/projects/servicedeskn1/frontend/app/node_modules/@tanstack/router-core/dist/esm/scroll-restoration.js:180:27)
    at RouterCore.emit (file:///home/siegfriedneto/projects/servicedeskn1/frontend/app/node_modules/@tanstack/router-core/dist/esm/router.js:178:14)
    at file:///home/siegfriedneto/projects/servicedeskn1/frontend/app/node_modules/@tanstack/react-router/dist/esm/Transitioner.js:46:25
    at settleOwner (file:///home/siegfriedneto/projects/servicedeskn1/frontend/app/node_modules/@tanstack/react-router/dist/esm/Transitioner.js:10:10)
    at file:///home/siegfriedneto/projects/servicedeskn1/frontend/app/node_modules/@tanstack/react-router/dist/esm/Matches.js:38:39
    at Object.react_stack_bottom_frame (/home/siegfriedneto/projects/servicedeskn1/frontend/app/node_modules/react-dom/cjs/react-dom-client.development.js:25989:20)
    at runWithFiberInDEV (/home/siegfriedneto/projects/servicedeskn1/frontend/app/node_modules/react-dom/cjs/react-dom-client.development.js:874:13)
    at commitHookEffectListMount (/home/siegfriedneto/projects/servicedeskn1/frontend/app/node_modules/react-dom/cjs/react-dom-client.development.js:13249:29) undefined
Error: Not implemented: window.scrollTo
    at module.exports (/home/siegfriedneto/projects/servicedeskn1/frontend/app/node_modules/jsdom/lib/jsdom/browser/not-implemented.js:9:17)
    at /home/siegfriedneto/projects/servicedeskn1/frontend/app/node_modules/jsdom/lib/jsdom/browser/Window.js:960:7
    at Object.fn (file:///home/siegfriedneto/projects/servicedeskn1/frontend/app/node_modules/@tanstack/router-core/dist/esm/scroll-restoration.js:180:27)
    at RouterCore.emit (file:///home/siegfriedneto/projects/servicedeskn1/frontend/app/node_modules/@tanstack/router-core/dist/esm/router.js:178:14)
    at file:///home/siegfriedneto/projects/servicedeskn1/frontend/app/node_modules/@tanstack/react-router/dist/esm/Transitioner.js:46:25
    at settleOwner (file:///home/siegfriedneto/projects/servicedeskn1/frontend/app/node_modules/@tanstack/react-router/dist/esm/Transitioner.js:10:10)
    at file:///home/siegfriedneto/projects/servicedeskn1/frontend/app/node_modules/@tanstack/react-router/dist/esm/Matches.js:38:39
    at Object.react_stack_bottom_frame (/home/siegfriedneto/projects/servicedeskn1/frontend/app/node_modules/react-dom/cjs/react-dom-client.development.js:25989:20)
    at runWithFiberInDEV (/home/siegfriedneto/projects/servicedeskn1/frontend/app/node_modules/react-dom/cjs/react-dom-client.development.js:874:13)
    at commitHookEffectListMount (/home/siegfriedneto/projects/servicedeskn1/frontend/app/node_modules/react-dom/cjs/react-dom-client.development.js:13249:29) undefined
Error: Not implemented: window.scrollTo
    at module.exports (/home/siegfriedneto/projects/servicedeskn1/frontend/app/node_modules/jsdom/lib/jsdom/browser/not-implemented.js:9:17)
    at /home/siegfriedneto/projects/servicedeskn1/frontend/app/node_modules/jsdom/lib/jsdom/browser/Window.js:960:7
    at Object.fn (file:///home/siegfriedneto/projects/servicedeskn1/frontend/app/node_modules/@tanstack/router-core/dist/esm/scroll-restoration.js:180:27)
    at RouterCore.emit (file:///home/siegfriedneto/projects/servicedeskn1/frontend/app/node_modules/@tanstack/router-core/dist/esm/router.js:178:14)
    at file:///home/siegfriedneto/projects/servicedeskn1/frontend/app/node_modules/@tanstack/react-router/dist/esm/Transitioner.js:46:25
    at settleOwner (file:///home/siegfriedneto/projects/servicedeskn1/frontend/app/node_modules/@tanstack/react-router/dist/esm/Transitioner.js:10:10)
    at file:///home/siegfriedneto/projects/servicedeskn1/frontend/app/node_modules/@tanstack/react-router/dist/esm/Matches.js:38:39
    at Object.react_stack_bottom_frame (/home/siegfriedneto/projects/servicedeskn1/frontend/app/node_modules/react-dom/cjs/react-dom-client.development.js:25989:20)
    at runWithFiberInDEV (/home/siegfriedneto/projects/servicedeskn1/frontend/app/node_modules/react-dom/cjs/react-dom-client.development.js:874:13)
    at commitHookEffectListMount (/home/siegfriedneto/projects/servicedeskn1/frontend/app/node_modules/react-dom/cjs/react-dom-client.development.js:13249:29) undefined
Error: Not implemented: window.scrollTo
    at module.exports (/home/siegfriedneto/projects/servicedeskn1/frontend/app/node_modules/jsdom/lib/jsdom/browser/not-implemented.js:9:17)
    at /home/siegfriedneto/projects/servicedeskn1/frontend/app/node_modules/jsdom/lib/jsdom/browser/Window.js:960:7
    at Object.fn (file:///home/siegfriedneto/projects/servicedeskn1/frontend/app/node_modules/@tanstack/router-core/dist/esm/scroll-restoration.js:180:27)
    at RouterCore.emit (file:///home/siegfriedneto/projects/servicedeskn1/frontend/app/node_modules/@tanstack/router-core/dist/esm/router.js:178:14)
    at file:///home/siegfriedneto/projects/servicedeskn1/frontend/app/node_modules/@tanstack/react-router/dist/esm/Transitioner.js:46:25
    at settleOwner (file:///home/siegfriedneto/projects/servicedeskn1/frontend/app/node_modules/@tanstack/react-router/dist/esm/Transitioner.js:10:10)
    at file:///home/siegfriedneto/projects/servicedeskn1/frontend/app/node_modules/@tanstack/react-router/dist/esm/Matches.js:38:39
    at Object.react_stack_bottom_frame (/home/siegfriedneto/projects/servicedeskn1/frontend/app/node_modules/react-dom/cjs/react-dom-client.development.js:25989:20)
    at runWithFiberInDEV (/home/siegfriedneto/projects/servicedeskn1/frontend/app/node_modules/react-dom/cjs/react-dom-client.development.js:874:13)
    at commitHookEffectListMount (/home/siegfriedneto/projects/servicedeskn1/frontend/app/node_modules/react-dom/cjs/react-dom-client.development.js:13249:29) undefined
Error: Not implemented: window.scrollTo
    at module.exports (/home/siegfriedneto/projects/servicedeskn1/frontend/app/node_modules/jsdom/lib/jsdom/browser/not-implemented.js:9:17)
    at /home/siegfriedneto/projects/servicedeskn1/frontend/app/node_modules/jsdom/lib/jsdom/browser/Window.js:960:7
    at Object.fn (file:///home/siegfriedneto/projects/servicedeskn1/frontend/app/node_modules/@tanstack/router-core/dist/esm/scroll-restoration.js:180:27)
    at RouterCore.emit (file:///home/siegfriedneto/projects/servicedeskn1/frontend/app/node_modules/@tanstack/router-core/dist/esm/router.js:178:14)
    at file:///home/siegfriedneto/projects/servicedeskn1/frontend/app/node_modules/@tanstack/react-router/dist/esm/Transitioner.js:46:25
    at settleOwner (file:///home/siegfriedneto/projects/servicedeskn1/frontend/app/node_modules/@tanstack/react-router/dist/esm/Transitioner.js:10:10)
    at file:///home/siegfriedneto/projects/servicedeskn1/frontend/app/node_modules/@tanstack/react-router/dist/esm/Matches.js:38:39
    at Object.react_stack_bottom_frame (/home/siegfriedneto/projects/servicedeskn1/frontend/app/node_modules/react-dom/cjs/react-dom-client.development.js:25989:20)
    at runWithFiberInDEV (/home/siegfriedneto/projects/servicedeskn1/frontend/app/node_modules/react-dom/cjs/react-dom-client.development.js:874:13)
    at commitHookEffectListMount (/home/siegfriedneto/projects/servicedeskn1/frontend/app/node_modules/react-dom/cjs/react-dom-client.development.js:13249:29) undefined
Error: Not implemented: window.scrollTo
    at module.exports (/home/siegfriedneto/projects/servicedeskn1/frontend/app/node_modules/jsdom/lib/jsdom/browser/not-implemented.js:9:17)
    at /home/siegfriedneto/projects/servicedeskn1/frontend/app/node_modules/jsdom/lib/jsdom/browser/Window.js:960:7
    at Object.fn (file:///home/siegfriedneto/projects/servicedeskn1/frontend/app/node_modules/@tanstack/router-core/dist/esm/scroll-restoration.js:180:27)
    at RouterCore.emit (file:///home/siegfriedneto/projects/servicedeskn1/frontend/app/node_modules/@tanstack/router-core/dist/esm/router.js:178:14)
    at file:///home/siegfriedneto/projects/servicedeskn1/frontend/app/node_modules/@tanstack/react-router/dist/esm/Transitioner.js:46:25
    at settleOwner (file:///home/siegfriedneto/projects/servicedeskn1/frontend/app/node_modules/@tanstack/react-router/dist/esm/Transitioner.js:10:10)
    at file:///home/siegfriedneto/projects/servicedeskn1/frontend/app/node_modules/@tanstack/react-router/dist/esm/Matches.js:38:39
    at Object.react_stack_bottom_frame (/home/siegfriedneto/projects/servicedeskn1/frontend/app/node_modules/react-dom/cjs/react-dom-client.development.js:25989:20)
    at runWithFiberInDEV (/home/siegfriedneto/projects/servicedeskn1/frontend/app/node_modules/react-dom/cjs/react-dom-client.development.js:874:13)
    at commitHookEffectListMount (/home/siegfriedneto/projects/servicedeskn1/frontend/app/node_modules/react-dom/cjs/react-dom-client.development.js:13249:29) undefined
Error: Not implemented: window.scrollTo
    at module.exports (/home/siegfriedneto/projects/servicedeskn1/frontend/app/node_modules/jsdom/lib/jsdom/browser/not-implemented.js:9:17)
    at /home/siegfriedneto/projects/servicedeskn1/frontend/app/node_modules/jsdom/lib/jsdom/browser/Window.js:960:7
    at Object.fn (file:///home/siegfriedneto/projects/servicedeskn1/frontend/app/node_modules/@tanstack/router-core/dist/esm/scroll-restoration.js:180:27)
    at RouterCore.emit (file:///home/siegfriedneto/projects/servicedeskn1/frontend/app/node_modules/@tanstack/router-core/dist/esm/router.js:178:14)
    at file:///home/siegfriedneto/projects/servicedeskn1/frontend/app/node_modules/@tanstack/react-router/dist/esm/Transitioner.js:46:25
    at settleOwner (file:///home/siegfriedneto/projects/servicedeskn1/frontend/app/node_modules/@tanstack/react-router/dist/esm/Transitioner.js:10:10)
    at file:///home/siegfriedneto/projects/servicedeskn1/frontend/app/node_modules/@tanstack/react-router/dist/esm/Matches.js:38:39
    at Object.react_stack_bottom_frame (/home/siegfriedneto/projects/servicedeskn1/frontend/app/node_modules/react-dom/cjs/react-dom-client.development.js:25989:20)
    at runWithFiberInDEV (/home/siegfriedneto/projects/servicedeskn1/frontend/app/node_modules/react-dom/cjs/react-dom-client.development.js:874:13)
    at commitHookEffectListMount (/home/siegfriedneto/projects/servicedeskn1/frontend/app/node_modules/react-dom/cjs/react-dom-client.development.js:13249:29) undefined
Error: Not implemented: window.scrollTo
    at module.exports (/home/siegfriedneto/projects/servicedeskn1/frontend/app/node_modules/jsdom/lib/jsdom/browser/not-implemented.js:9:17)
    at /home/siegfriedneto/projects/servicedeskn1/frontend/app/node_modules/jsdom/lib/jsdom/browser/Window.js:960:7
    at Object.fn (file:///home/siegfriedneto/projects/servicedeskn1/frontend/app/node_modules/@tanstack/router-core/dist/esm/scroll-restoration.js:180:27)
    at RouterCore.emit (file:///home/siegfriedneto/projects/servicedeskn1/frontend/app/node_modules/@tanstack/router-core/dist/esm/router.js:178:14)
    at file:///home/siegfriedneto/projects/servicedeskn1/frontend/app/node_modules/@tanstack/react-router/dist/esm/Transitioner.js:46:25
    at settleOwner (file:///home/siegfriedneto/projects/servicedeskn1/frontend/app/node_modules/@tanstack/react-router/dist/esm/Transitioner.js:10:10)
    at file:///home/siegfriedneto/projects/servicedeskn1/frontend/app/node_modules/@tanstack/react-router/dist/esm/Matches.js:38:39
    at Object.react_stack_bottom_frame (/home/siegfriedneto/projects/servicedeskn1/frontend/app/node_modules/react-dom/cjs/react-dom-client.development.js:25989:20)
    at runWithFiberInDEV (/home/siegfriedneto/projects/servicedeskn1/frontend/app/node_modules/react-dom/cjs/react-dom-client.development.js:874:13)
    at commitHookEffectListMount (/home/siegfriedneto/projects/servicedeskn1/frontend/app/node_modules/react-dom/cjs/react-dom-client.development.js:13249:29) undefined
Error: Not implemented: window.scrollTo
    at module.exports (/home/siegfriedneto/projects/servicedeskn1/frontend/app/node_modules/jsdom/lib/jsdom/browser/not-implemented.js:9:17)
    at /home/siegfriedneto/projects/servicedeskn1/frontend/app/node_modules/jsdom/lib/jsdom/browser/Window.js:960:7
    at Object.fn (file:///home/siegfriedneto/projects/servicedeskn1/frontend/app/node_modules/@tanstack/router-core/dist/esm/scroll-restoration.js:180:27)
    at RouterCore.emit (file:///home/siegfriedneto/projects/servicedeskn1/frontend/app/node_modules/@tanstack/router-core/dist/esm/router.js:178:14)
    at file:///home/siegfriedneto/projects/servicedeskn1/frontend/app/node_modules/@tanstack/react-router/dist/esm/Transitioner.js:46:25
    at settleOwner (file:///home/siegfriedneto/projects/servicedeskn1/frontend/app/node_modules/@tanstack/react-router/dist/esm/Transitioner.js:10:10)
    at file:///home/siegfriedneto/projects/servicedeskn1/frontend/app/node_modules/@tanstack/react-router/dist/esm/Matches.js:38:39
    at Object.react_stack_bottom_frame (/home/siegfriedneto/projects/servicedeskn1/frontend/app/node_modules/react-dom/cjs/react-dom-client.development.js:25989:20)
    at runWithFiberInDEV (/home/siegfriedneto/projects/servicedeskn1/frontend/app/node_modules/react-dom/cjs/react-dom-client.development.js:874:13)
    at commitHookEffectListMount (/home/siegfriedneto/projects/servicedeskn1/frontend/app/node_modules/react-dom/cjs/react-dom-client.development.js:13249:29) undefined
Error: Not implemented: window.scrollTo
    at module.exports (/home/siegfriedneto/projects/servicedeskn1/frontend/app/node_modules/jsdom/lib/jsdom/browser/not-implemented.js:9:17)
    at /home/siegfriedneto/projects/servicedeskn1/frontend/app/node_modules/jsdom/lib/jsdom/browser/Window.js:960:7
    at Object.fn (file:///home/siegfriedneto/projects/servicedeskn1/frontend/app/node_modules/@tanstack/router-core/dist/esm/scroll-restoration.js:180:27)
    at RouterCore.emit (file:///home/siegfriedneto/projects/servicedeskn1/frontend/app/node_modules/@tanstack/router-core/dist/esm/router.js:178:14)
    at file:///home/siegfriedneto/projects/servicedeskn1/frontend/app/node_modules/@tanstack/router-core/dist/esm/load-client.js:943:46
    at Router.batch (file:///home/siegfriedneto/projects/servicedeskn1/frontend/app/node_modules/@tanstack/store/dist/esm/atom.js:39:5)
    at file:///home/siegfriedneto/projects/servicedeskn1/frontend/app/node_modules/@tanstack/router-core/dist/esm/load-client.js:936:10
    at runClientTransaction (file:///home/siegfriedneto/projects/servicedeskn1/frontend/app/node_modules/@tanstack/router-core/dist/esm/load-client.js:902:2)
    at loadClientRoute (file:///home/siegfriedneto/projects/servicedeskn1/frontend/app/node_modules/@tanstack/router-core/dist/esm/load-client.js:1034:2)
    at RouterCore.load (file:///home/siegfriedneto/projects/servicedeskn1/frontend/app/node_modules/@tanstack/router-core/dist/esm/router.js:489:4) undefined
Error: Not implemented: window.scrollTo
    at module.exports (/home/siegfriedneto/projects/servicedeskn1/frontend/app/node_modules/jsdom/lib/jsdom/browser/not-implemented.js:9:17)
    at /home/siegfriedneto/projects/servicedeskn1/frontend/app/node_modules/jsdom/lib/jsdom/browser/Window.js:960:7
    at Object.fn (file:///home/siegfriedneto/projects/servicedeskn1/frontend/app/node_modules/@tanstack/router-core/dist/esm/scroll-restoration.js:180:27)
    at RouterCore.emit (file:///home/siegfriedneto/projects/servicedeskn1/frontend/app/node_modules/@tanstack/router-core/dist/esm/router.js:178:14)
    at file:///home/siegfriedneto/projects/servicedeskn1/frontend/app/node_modules/@tanstack/react-router/dist/esm/Transitioner.js:46:25
    at settleOwner (file:///home/siegfriedneto/projects/servicedeskn1/frontend/app/node_modules/@tanstack/react-router/dist/esm/Transitioner.js:10:10)
    at file:///home/siegfriedneto/projects/servicedeskn1/frontend/app/node_modules/@tanstack/react-router/dist/esm/Matches.js:38:39
    at Object.react_stack_bottom_frame (/home/siegfriedneto/projects/servicedeskn1/frontend/app/node_modules/react-dom/cjs/react-dom-client.development.js:25989:20)
    at runWithFiberInDEV (/home/siegfriedneto/projects/servicedeskn1/frontend/app/node_modules/react-dom/cjs/react-dom-client.development.js:874:13)
    at commitHookEffectListMount (/home/siegfriedneto/projects/servicedeskn1/frontend/app/node_modules/react-dom/cjs/react-dom-client.development.js:13249:29) undefined
Error: Not implemented: window.scrollTo
    at module.exports (/home/siegfriedneto/projects/servicedeskn1/frontend/app/node_modules/jsdom/lib/jsdom/browser/not-implemented.js:9:17)
    at /home/siegfriedneto/projects/servicedeskn1/frontend/app/node_modules/jsdom/lib/jsdom/browser/Window.js:960:7
    at Object.fn (file:///home/siegfriedneto/projects/servicedeskn1/frontend/app/node_modules/@tanstack/router-core/dist/esm/scroll-restoration.js:180:27)
    at RouterCore.emit (file:///home/siegfriedneto/projects/servicedeskn1/frontend/app/node_modules/@tanstack/router-core/dist/esm/router.js:178:14)
    at file:///home/siegfriedneto/projects/servicedeskn1/frontend/app/node_modules/@tanstack/react-router/dist/esm/Transitioner.js:46:25
    at settleOwner (file:///home/siegfriedneto/projects/servicedeskn1/frontend/app/node_modules/@tanstack/react-router/dist/esm/Transitioner.js:10:10)
    at file:///home/siegfriedneto/projects/servicedeskn1/frontend/app/node_modules/@tanstack/react-router/dist/esm/Matches.js:38:39
    at Object.react_stack_bottom_frame (/home/siegfriedneto/projects/servicedeskn1/frontend/app/node_modules/react-dom/cjs/react-dom-client.development.js:25989:20)
    at runWithFiberInDEV (/home/siegfriedneto/projects/servicedeskn1/frontend/app/node_modules/react-dom/cjs/react-dom-client.development.js:874:13)
    at commitHookEffectListMount (/home/siegfriedneto/projects/servicedeskn1/frontend/app/node_modules/react-dom/cjs/react-dom-client.development.js:13249:29) undefined
Error: Not implemented: window.scrollTo
    at module.exports (/home/siegfriedneto/projects/servicedeskn1/frontend/app/node_modules/jsdom/lib/jsdom/browser/not-implemented.js:9:17)
    at /home/siegfriedneto/projects/servicedeskn1/frontend/app/node_modules/jsdom/lib/jsdom/browser/Window.js:960:7
    at Object.fn (file:///home/siegfriedneto/projects/servicedeskn1/frontend/app/node_modules/@tanstack/router-core/dist/esm/scroll-restoration.js:180:27)
    at RouterCore.emit (file:///home/siegfriedneto/projects/servicedeskn1/frontend/app/node_modules/@tanstack/router-core/dist/esm/router.js:178:14)
    at file:///home/siegfriedneto/projects/servicedeskn1/frontend/app/node_modules/@tanstack/react-router/dist/esm/Transitioner.js:46:25
    at settleOwner (file:///home/siegfriedneto/projects/servicedeskn1/frontend/app/node_modules/@tanstack/react-router/dist/esm/Transitioner.js:10:10)
    at file:///home/siegfriedneto/projects/servicedeskn1/frontend/app/node_modules/@tanstack/react-router/dist/esm/Matches.js:38:39
    at Object.react_stack_bottom_frame (/home/siegfriedneto/projects/servicedeskn1/frontend/app/node_modules/react-dom/cjs/react-dom-client.development.js:25989:20)
    at runWithFiberInDEV (/home/siegfriedneto/projects/servicedeskn1/frontend/app/node_modules/react-dom/cjs/react-dom-client.development.js:874:13)
    at commitHookEffectListMount (/home/siegfriedneto/projects/servicedeskn1/frontend/app/node_modules/react-dom/cjs/react-dom-client.development.js:13249:29) undefined
Error: Not implemented: window.scrollTo
    at module.exports (/home/siegfriedneto/projects/servicedeskn1/frontend/app/node_modules/jsdom/lib/jsdom/browser/not-implemented.js:9:17)
    at /home/siegfriedneto/projects/servicedeskn1/frontend/app/node_modules/jsdom/lib/jsdom/browser/Window.js:960:7
    at Object.fn (file:///home/siegfriedneto/projects/servicedeskn1/frontend/app/node_modules/@tanstack/router-core/dist/esm/scroll-restoration.js:180:27)
    at RouterCore.emit (file:///home/siegfriedneto/projects/servicedeskn1/frontend/app/node_modules/@tanstack/router-core/dist/esm/router.js:178:14)
    at file:///home/siegfriedneto/projects/servicedeskn1/frontend/app/node_modules/@tanstack/react-router/dist/esm/Transitioner.js:46:25
    at settleOwner (file:///home/siegfriedneto/projects/servicedeskn1/frontend/app/node_modules/@tanstack/react-router/dist/esm/Transitioner.js:10:10)
    at file:///home/siegfriedneto/projects/servicedeskn1/frontend/app/node_modules/@tanstack/react-router/dist/esm/Matches.js:38:39
    at Object.react_stack_bottom_frame (/home/siegfriedneto/projects/servicedeskn1/frontend/app/node_modules/react-dom/cjs/react-dom-client.development.js:25989:20)
    at runWithFiberInDEV (/home/siegfriedneto/projects/servicedeskn1/frontend/app/node_modules/react-dom/cjs/react-dom-client.development.js:874:13)
    at commitHookEffectListMount (/home/siegfriedneto/projects/servicedeskn1/frontend/app/node_modules/react-dom/cjs/react-dom-client.development.js:13249:29) undefined
Error: Not implemented: window.scrollTo
    at module.exports (/home/siegfriedneto/projects/servicedeskn1/frontend/app/node_modules/jsdom/lib/jsdom/browser/not-implemented.js:9:17)
    at /home/siegfriedneto/projects/servicedeskn1/frontend/app/node_modules/jsdom/lib/jsdom/browser/Window.js:960:7
    at Object.fn (file:///home/siegfriedneto/projects/servicedeskn1/frontend/app/node_modules/@tanstack/router-core/dist/esm/scroll-restoration.js:180:27)
    at RouterCore.emit (file:///home/siegfriedneto/projects/servicedeskn1/frontend/app/node_modules/@tanstack/router-core/dist/esm/router.js:178:14)
    at file:///home/siegfriedneto/projects/servicedeskn1/frontend/app/node_modules/@tanstack/router-core/dist/esm/load-client.js:943:46
    at Router.batch (file:///home/siegfriedneto/projects/servicedeskn1/frontend/app/node_modules/@tanstack/store/dist/esm/atom.js:39:5)
    at file:///home/siegfriedneto/projects/servicedeskn1/frontend/app/node_modules/@tanstack/router-core/dist/esm/load-client.js:936:10
    at runClientTransaction (file:///home/siegfriedneto/projects/servicedeskn1/frontend/app/node_modules/@tanstack/router-core/dist/esm/load-client.js:902:2)
    at loadClientRoute (file:///home/siegfriedneto/projects/servicedeskn1/frontend/app/node_modules/@tanstack/router-core/dist/esm/load-client.js:1034:2)
    at RouterCore.load (file:///home/siegfriedneto/projects/servicedeskn1/frontend/app/node_modules/@tanstack/router-core/dist/esm/router.js:489:4) undefined
Error: Not implemented: window.scrollTo
    at module.exports (/home/siegfriedneto/projects/servicedeskn1/frontend/app/node_modules/jsdom/lib/jsdom/browser/not-implemented.js:9:17)
    at /home/siegfriedneto/projects/servicedeskn1/frontend/app/node_modules/jsdom/lib/jsdom/browser/Window.js:960:7
    at Object.fn (file:///home/siegfriedneto/projects/servicedeskn1/frontend/app/node_modules/@tanstack/router-core/dist/esm/scroll-restoration.js:180:27)
    at RouterCore.emit (file:///home/siegfriedneto/projects/servicedeskn1/frontend/app/node_modules/@tanstack/router-core/dist/esm/router.js:178:14)
    at file:///home/siegfriedneto/projects/servicedeskn1/frontend/app/node_modules/@tanstack/react-router/dist/esm/Transitioner.js:46:25
    at settleOwner (file:///home/siegfriedneto/projects/servicedeskn1/frontend/app/node_modules/@tanstack/react-router/dist/esm/Transitioner.js:10:10)
    at file:///home/siegfriedneto/projects/servicedeskn1/frontend/app/node_modules/@tanstack/react-router/dist/esm/Matches.js:38:39
    at Object.react_stack_bottom_frame (/home/siegfriedneto/projects/servicedeskn1/frontend/app/node_modules/react-dom/cjs/react-dom-client.development.js:25989:20)
    at runWithFiberInDEV (/home/siegfriedneto/projects/servicedeskn1/frontend/app/node_modules/react-dom/cjs/react-dom-client.development.js:874:13)
    at commitHookEffectListMount (/home/siegfriedneto/projects/servicedeskn1/frontend/app/node_modules/react-dom/cjs/react-dom-client.development.js:13249:29) undefined
Error: Not implemented: window.scrollTo
    at module.exports (/home/siegfriedneto/projects/servicedeskn1/frontend/app/node_modules/jsdom/lib/jsdom/browser/not-implemented.js:9:17)
    at /home/siegfriedneto/projects/servicedeskn1/frontend/app/node_modules/jsdom/lib/jsdom/browser/Window.js:960:7
    at Object.fn (file:///home/siegfriedneto/projects/servicedeskn1/frontend/app/node_modules/@tanstack/router-core/dist/esm/scroll-restoration.js:180:27)
    at RouterCore.emit (file:///home/siegfriedneto/projects/servicedeskn1/frontend/app/node_modules/@tanstack/router-core/dist/esm/router.js:178:14)
    at file:///home/siegfriedneto/projects/servicedeskn1/frontend/app/node_modules/@tanstack/react-router/dist/esm/Transitioner.js:46:25
    at settleOwner (file:///home/siegfriedneto/projects/servicedeskn1/frontend/app/node_modules/@tanstack/react-router/dist/esm/Transitioner.js:10:10)
    at file:///home/siegfriedneto/projects/servicedeskn1/frontend/app/node_modules/@tanstack/react-router/dist/esm/Matches.js:38:39
    at Object.react_stack_bottom_frame (/home/siegfriedneto/projects/servicedeskn1/frontend/app/node_modules/react-dom/cjs/react-dom-client.development.js:25989:20)
    at runWithFiberInDEV (/home/siegfriedneto/projects/servicedeskn1/frontend/app/node_modules/react-dom/cjs/react-dom-client.development.js:874:13)
    at commitHookEffectListMount (/home/siegfriedneto/projects/servicedeskn1/frontend/app/node_modules/react-dom/cjs/react-dom-client.development.js:13249:29) undefined
Error: Not implemented: window.scrollTo
    at module.exports (/home/siegfriedneto/projects/servicedeskn1/frontend/app/node_modules/jsdom/lib/jsdom/browser/not-implemented.js:9:17)
    at /home/siegfriedneto/projects/servicedeskn1/frontend/app/node_modules/jsdom/lib/jsdom/browser/Window.js:960:7
    at Object.fn (file:///home/siegfriedneto/projects/servicedeskn1/frontend/app/node_modules/@tanstack/router-core/dist/esm/scroll-restoration.js:180:27)
    at RouterCore.emit (file:///home/siegfriedneto/projects/servicedeskn1/frontend/app/node_modules/@tanstack/router-core/dist/esm/router.js:178:14)
    at file:///home/siegfriedneto/projects/servicedeskn1/frontend/app/node_modules/@tanstack/react-router/dist/esm/Transitioner.js:46:25
    at settleOwner (file:///home/siegfriedneto/projects/servicedeskn1/frontend/app/node_modules/@tanstack/react-router/dist/esm/Transitioner.js:10:10)
    at file:///home/siegfriedneto/projects/servicedeskn1/frontend/app/node_modules/@tanstack/react-router/dist/esm/Matches.js:38:39
    at Object.react_stack_bottom_frame (/home/siegfriedneto/projects/servicedeskn1/frontend/app/node_modules/react-dom/cjs/react-dom-client.development.js:25989:20)
    at runWithFiberInDEV (/home/siegfriedneto/projects/servicedeskn1/frontend/app/node_modules/react-dom/cjs/react-dom-client.development.js:874:13)
    at commitHookEffectListMount (/home/siegfriedneto/projects/servicedeskn1/frontend/app/node_modules/react-dom/cjs/react-dom-client.development.js:13249:29) undefined
Error: Not implemented: window.scrollTo
    at module.exports (/home/siegfriedneto/projects/servicedeskn1/frontend/app/node_modules/jsdom/lib/jsdom/browser/not-implemented.js:9:17)
    at /home/siegfriedneto/projects/servicedeskn1/frontend/app/node_modules/jsdom/lib/jsdom/browser/Window.js:960:7
    at Object.fn (file:///home/siegfriedneto/projects/servicedeskn1/frontend/app/node_modules/@tanstack/router-core/dist/esm/scroll-restoration.js:180:27)
    at RouterCore.emit (file:///home/siegfriedneto/projects/servicedeskn1/frontend/app/node_modules/@tanstack/router-core/dist/esm/router.js:178:14)
    at file:///home/siegfriedneto/projects/servicedeskn1/frontend/app/node_modules/@tanstack/react-router/dist/esm/Transitioner.js:46:25
    at settleOwner (file:///home/siegfriedneto/projects/servicedeskn1/frontend/app/node_modules/@tanstack/react-router/dist/esm/Transitioner.js:10:10)
    at file:///home/siegfriedneto/projects/servicedeskn1/frontend/app/node_modules/@tanstack/react-router/dist/esm/Matches.js:38:39
    at Object.react_stack_bottom_frame (/home/siegfriedneto/projects/servicedeskn1/frontend/app/node_modules/react-dom/cjs/react-dom-client.development.js:25989:20)
    at runWithFiberInDEV (/home/siegfriedneto/projects/servicedeskn1/frontend/app/node_modules/react-dom/cjs/react-dom-client.development.js:874:13)
    at commitHookEffectListMount (/home/siegfriedneto/projects/servicedeskn1/frontend/app/node_modules/react-dom/cjs/react-dom-client.development.js:13249:29) undefined
Error: Not implemented: window.scrollTo
    at module.exports (/home/siegfriedneto/projects/servicedeskn1/frontend/app/node_modules/jsdom/lib/jsdom/browser/not-implemented.js:9:17)
    at /home/siegfriedneto/projects/servicedeskn1/frontend/app/node_modules/jsdom/lib/jsdom/browser/Window.js:960:7
    at Object.fn (file:///home/siegfriedneto/projects/servicedeskn1/frontend/app/node_modules/@tanstack/router-core/dist/esm/scroll-restoration.js:180:27)
    at RouterCore.emit (file:///home/siegfriedneto/projects/servicedeskn1/frontend/app/node_modules/@tanstack/router-core/dist/esm/router.js:178:14)
    at file:///home/siegfriedneto/projects/servicedeskn1/frontend/app/node_modules/@tanstack/react-router/dist/esm/Transitioner.js:46:25
    at settleOwner (file:///home/siegfriedneto/projects/servicedeskn1/frontend/app/node_modules/@tanstack/react-router/dist/esm/Transitioner.js:10:10)
    at file:///home/siegfriedneto/projects/servicedeskn1/frontend/app/node_modules/@tanstack/react-router/dist/esm/Matches.js:38:39
    at Object.react_stack_bottom_frame (/home/siegfriedneto/projects/servicedeskn1/frontend/app/node_modules/react-dom/cjs/react-dom-client.development.js:25989:20)
    at runWithFiberInDEV (/home/siegfriedneto/projects/servicedeskn1/frontend/app/node_modules/react-dom/cjs/react-dom-client.development.js:874:13)
    at commitHookEffectListMount (/home/siegfriedneto/projects/servicedeskn1/frontend/app/node_modules/react-dom/cjs/react-dom-client.development.js:13249:29) undefined
Error: Not implemented: window.scrollTo
    at module.exports (/home/siegfriedneto/projects/servicedeskn1/frontend/app/node_modules/jsdom/lib/jsdom/browser/not-implemented.js:9:17)
    at /home/siegfriedneto/projects/servicedeskn1/frontend/app/node_modules/jsdom/lib/jsdom/browser/Window.js:960:7
    at Object.fn (file:///home/siegfriedneto/projects/servicedeskn1/frontend/app/node_modules/@tanstack/router-core/dist/esm/scroll-restoration.js:180:27)
    at RouterCore.emit (file:///home/siegfriedneto/projects/servicedeskn1/frontend/app/node_modules/@tanstack/router-core/dist/esm/router.js:178:14)
    at file:///home/siegfriedneto/projects/servicedeskn1/frontend/app/node_modules/@tanstack/react-router/dist/esm/Transitioner.js:46:25
    at settleOwner (file:///home/siegfriedneto/projects/servicedeskn1/frontend/app/node_modules/@tanstack/react-router/dist/esm/Transitioner.js:10:10)
    at file:///home/siegfriedneto/projects/servicedeskn1/frontend/app/node_modules/@tanstack/react-router/dist/esm/Matches.js:38:39
    at Object.react_stack_bottom_frame (/home/siegfriedneto/projects/servicedeskn1/frontend/app/node_modules/react-dom/cjs/react-dom-client.development.js:25989:20)
    at runWithFiberInDEV (/home/siegfriedneto/projects/servicedeskn1/frontend/app/node_modules/react-dom/cjs/react-dom-client.development.js:874:13)
    at commitHookEffectListMount (/home/siegfriedneto/projects/servicedeskn1/frontend/app/node_modules/react-dom/cjs/react-dom-client.development.js:13249:29) undefined
Error: Not implemented: window.scrollTo
    at module.exports (/home/siegfriedneto/projects/servicedeskn1/frontend/app/node_modules/jsdom/lib/jsdom/browser/not-implemented.js:9:17)
    at /home/siegfriedneto/projects/servicedeskn1/frontend/app/node_modules/jsdom/lib/jsdom/browser/Window.js:960:7
    at Object.fn (file:///home/siegfriedneto/projects/servicedeskn1/frontend/app/node_modules/@tanstack/router-core/dist/esm/scroll-restoration.js:180:27)
    at RouterCore.emit (file:///home/siegfriedneto/projects/servicedeskn1/frontend/app/node_modules/@tanstack/router-core/dist/esm/router.js:178:14)
    at file:///home/siegfriedneto/projects/servicedeskn1/frontend/app/node_modules/@tanstack/react-router/dist/esm/Transitioner.js:46:25
    at settleOwner (file:///home/siegfriedneto/projects/servicedeskn1/frontend/app/node_modules/@tanstack/react-router/dist/esm/Transitioner.js:10:10)
    at file:///home/siegfriedneto/projects/servicedeskn1/frontend/app/node_modules/@tanstack/react-router/dist/esm/Matches.js:38:39
    at Object.react_stack_bottom_frame (/home/siegfriedneto/projects/servicedeskn1/frontend/app/node_modules/react-dom/cjs/react-dom-client.development.js:25989:20)
    at runWithFiberInDEV (/home/siegfriedneto/projects/servicedeskn1/frontend/app/node_modules/react-dom/cjs/react-dom-client.development.js:874:13)
    at commitHookEffectListMount (/home/siegfriedneto/projects/servicedeskn1/frontend/app/node_modules/react-dom/cjs/react-dom-client.development.js:13249:29) undefined
Error: Not implemented: window.scrollTo
    at module.exports (/home/siegfriedneto/projects/servicedeskn1/frontend/app/node_modules/jsdom/lib/jsdom/browser/not-implemented.js:9:17)
    at /home/siegfriedneto/projects/servicedeskn1/frontend/app/node_modules/jsdom/lib/jsdom/browser/Window.js:960:7
    at Object.fn (file:///home/siegfriedneto/projects/servicedeskn1/frontend/app/node_modules/@tanstack/router-core/dist/esm/scroll-restoration.js:180:27)
    at RouterCore.emit (file:///home/siegfriedneto/projects/servicedeskn1/frontend/app/node_modules/@tanstack/router-core/dist/esm/router.js:178:14)
    at file:///home/siegfriedneto/projects/servicedeskn1/frontend/app/node_modules/@tanstack/react-router/dist/esm/Transitioner.js:46:25
    at settleOwner (file:///home/siegfriedneto/projects/servicedeskn1/frontend/app/node_modules/@tanstack/react-router/dist/esm/Transitioner.js:10:10)
    at file:///home/siegfriedneto/projects/servicedeskn1/frontend/app/node_modules/@tanstack/react-router/dist/esm/Matches.js:38:39
    at Object.react_stack_bottom_frame (/home/siegfriedneto/projects/servicedeskn1/frontend/app/node_modules/react-dom/cjs/react-dom-client.development.js:25989:20)
    at runWithFiberInDEV (/home/siegfriedneto/projects/servicedeskn1/frontend/app/node_modules/react-dom/cjs/react-dom-client.development.js:874:13)
    at commitHookEffectListMount (/home/siegfriedneto/projects/servicedeskn1/frontend/app/node_modules/react-dom/cjs/react-dom-client.development.js:13249:29) undefined
Error: Not implemented: window.scrollTo
    at module.exports (/home/siegfriedneto/projects/servicedeskn1/frontend/app/node_modules/jsdom/lib/jsdom/browser/not-implemented.js:9:17)
    at /home/siegfriedneto/projects/servicedeskn1/frontend/app/node_modules/jsdom/lib/jsdom/browser/Window.js:960:7
    at Object.fn (file:///home/siegfriedneto/projects/servicedeskn1/frontend/app/node_modules/@tanstack/router-core/dist/esm/scroll-restoration.js:180:27)
    at RouterCore.emit (file:///home/siegfriedneto/projects/servicedeskn1/frontend/app/node_modules/@tanstack/router-core/dist/esm/router.js:178:14)
    at file:///home/siegfriedneto/projects/servicedeskn1/frontend/app/node_modules/@tanstack/react-router/dist/esm/Transitioner.js:46:25
    at settleOwner (file:///home/siegfriedneto/projects/servicedeskn1/frontend/app/node_modules/@tanstack/react-router/dist/esm/Transitioner.js:10:10)
    at file:///home/siegfriedneto/projects/servicedeskn1/frontend/app/node_modules/@tanstack/react-router/dist/esm/Matches.js:38:39
    at Object.react_stack_bottom_frame (/home/siegfriedneto/projects/servicedeskn1/frontend/app/node_modules/react-dom/cjs/react-dom-client.development.js:25989:20)
    at runWithFiberInDEV (/home/siegfriedneto/projects/servicedeskn1/frontend/app/node_modules/react-dom/cjs/react-dom-client.development.js:874:13)
    at commitHookEffectListMount (/home/siegfriedneto/projects/servicedeskn1/frontend/app/node_modules/react-dom/cjs/react-dom-client.development.js:13249:29) undefined
Error: Not implemented: window.scrollTo
    at module.exports (/home/siegfriedneto/projects/servicedeskn1/frontend/app/node_modules/jsdom/lib/jsdom/browser/not-implemented.js:9:17)
    at /home/siegfriedneto/projects/servicedeskn1/frontend/app/node_modules/jsdom/lib/jsdom/browser/Window.js:960:7
    at Object.fn (file:///home/siegfriedneto/projects/servicedeskn1/frontend/app/node_modules/@tanstack/router-core/dist/esm/scroll-restoration.js:180:27)
    at RouterCore.emit (file:///home/siegfriedneto/projects/servicedeskn1/frontend/app/node_modules/@tanstack/router-core/dist/esm/router.js:178:14)
    at file:///home/siegfriedneto/projects/servicedeskn1/frontend/app/node_modules/@tanstack/router-core/dist/esm/load-client.js:943:46
    at Router.batch (file:///home/siegfriedneto/projects/servicedeskn1/frontend/app/node_modules/@tanstack/store/dist/esm/atom.js:39:5)
    at file:///home/siegfriedneto/projects/servicedeskn1/frontend/app/node_modules/@tanstack/router-core/dist/esm/load-client.js:936:10
    at runClientTransaction (file:///home/siegfriedneto/projects/servicedeskn1/frontend/app/node_modules/@tanstack/router-core/dist/esm/load-client.js:902:2)
    at loadClientRoute (file:///home/siegfriedneto/projects/servicedeskn1/frontend/app/node_modules/@tanstack/router-core/dist/esm/load-client.js:1034:2)
    at RouterCore.load (file:///home/siegfriedneto/projects/servicedeskn1/frontend/app/node_modules/@tanstack/router-core/dist/esm/router.js:489:4) undefined
Error: Not implemented: window.scrollTo
    at module.exports (/home/siegfriedneto/projects/servicedeskn1/frontend/app/node_modules/jsdom/lib/jsdom/browser/not-implemented.js:9:17)
    at /home/siegfriedneto/projects/servicedeskn1/frontend/app/node_modules/jsdom/lib/jsdom/browser/Window.js:960:7
    at Object.fn (file:///home/siegfriedneto/projects/servicedeskn1/frontend/app/node_modules/@tanstack/router-core/dist/esm/scroll-restoration.js:180:27)
    at RouterCore.emit (file:///home/siegfriedneto/projects/servicedeskn1/frontend/app/node_modules/@tanstack/router-core/dist/esm/router.js:178:14)
    at file:///home/siegfriedneto/projects/servicedeskn1/frontend/app/node_modules/@tanstack/react-router/dist/esm/Transitioner.js:46:25
    at settleOwner (file:///home/siegfriedneto/projects/servicedeskn1/frontend/app/node_modules/@tanstack/react-router/dist/esm/Transitioner.js:10:10)
    at file:///home/siegfriedneto/projects/servicedeskn1/frontend/app/node_modules/@tanstack/react-router/dist/esm/Matches.js:38:39
    at Object.react_stack_bottom_frame (/home/siegfriedneto/projects/servicedeskn1/frontend/app/node_modules/react-dom/cjs/react-dom-client.development.js:25989:20)
    at runWithFiberInDEV (/home/siegfriedneto/projects/servicedeskn1/frontend/app/node_modules/react-dom/cjs/react-dom-client.development.js:874:13)
    at commitHookEffectListMount (/home/siegfriedneto/projects/servicedeskn1/frontend/app/node_modules/react-dom/cjs/react-dom-client.development.js:13249:29) undefined
Error: Not implemented: window.scrollTo
    at module.exports (/home/siegfriedneto/projects/servicedeskn1/frontend/app/node_modules/jsdom/lib/jsdom/browser/not-implemented.js:9:17)
    at /home/siegfriedneto/projects/servicedeskn1/frontend/app/node_modules/jsdom/lib/jsdom/browser/Window.js:960:7
    at Object.fn (file:///home/siegfriedneto/projects/servicedeskn1/frontend/app/node_modules/@tanstack/router-core/dist/esm/scroll-restoration.js:180:27)
    at RouterCore.emit (file:///home/siegfriedneto/projects/servicedeskn1/frontend/app/node_modules/@tanstack/router-core/dist/esm/router.js:178:14)
    at file:///home/siegfriedneto/projects/servicedeskn1/frontend/app/node_modules/@tanstack/react-router/dist/esm/Transitioner.js:46:25
    at settleOwner (file:///home/siegfriedneto/projects/servicedeskn1/frontend/app/node_modules/@tanstack/react-router/dist/esm/Transitioner.js:10:10)
    at file:///home/siegfriedneto/projects/servicedeskn1/frontend/app/node_modules/@tanstack/react-router/dist/esm/Matches.js:38:39
    at Object.react_stack_bottom_frame (/home/siegfriedneto/projects/servicedeskn1/frontend/app/node_modules/react-dom/cjs/react-dom-client.development.js:25989:20)
    at runWithFiberInDEV (/home/siegfriedneto/projects/servicedeskn1/frontend/app/node_modules/react-dom/cjs/react-dom-client.development.js:874:13)
    at commitHookEffectListMount (/home/siegfriedneto/projects/servicedeskn1/frontend/app/node_modules/react-dom/cjs/react-dom-client.development.js:13249:29) undefined
Error: Not implemented: window.scrollTo
    at module.exports (/home/siegfriedneto/projects/servicedeskn1/frontend/app/node_modules/jsdom/lib/jsdom/browser/not-implemented.js:9:17)
    at /home/siegfriedneto/projects/servicedeskn1/frontend/app/node_modules/jsdom/lib/jsdom/browser/Window.js:960:7
    at Object.fn (file:///home/siegfriedneto/projects/servicedeskn1/frontend/app/node_modules/@tanstack/router-core/dist/esm/scroll-restoration.js:180:27)
    at RouterCore.emit (file:///home/siegfriedneto/projects/servicedeskn1/frontend/app/node_modules/@tanstack/router-core/dist/esm/router.js:178:14)
    at file:///home/siegfriedneto/projects/servicedeskn1/frontend/app/node_modules/@tanstack/react-router/dist/esm/Transitioner.js:46:25
    at settleOwner (file:///home/siegfriedneto/projects/servicedeskn1/frontend/app/node_modules/@tanstack/react-router/dist/esm/Transitioner.js:10:10)
    at file:///home/siegfriedneto/projects/servicedeskn1/frontend/app/node_modules/@tanstack/react-router/dist/esm/Matches.js:38:39
    at Object.react_stack_bottom_frame (/home/siegfriedneto/projects/servicedeskn1/frontend/app/node_modules/react-dom/cjs/react-dom-client.development.js:25989:20)
    at runWithFiberInDEV (/home/siegfriedneto/projects/servicedeskn1/frontend/app/node_modules/react-dom/cjs/react-dom-client.development.js:874:13)
    at commitHookEffectListMount (/home/siegfriedneto/projects/servicedeskn1/frontend/app/node_modules/react-dom/cjs/react-dom-client.development.js:13249:29) undefined
Error: Not implemented: window.scrollTo
    at module.exports (/home/siegfriedneto/projects/servicedeskn1/frontend/app/node_modules/jsdom/lib/jsdom/browser/not-implemented.js:9:17)
    at /home/siegfriedneto/projects/servicedeskn1/frontend/app/node_modules/jsdom/lib/jsdom/browser/Window.js:960:7
    at Object.fn (file:///home/siegfriedneto/projects/servicedeskn1/frontend/app/node_modules/@tanstack/router-core/dist/esm/scroll-restoration.js:180:27)
    at RouterCore.emit (file:///home/siegfriedneto/projects/servicedeskn1/frontend/app/node_modules/@tanstack/router-core/dist/esm/router.js:178:14)
    at file:///home/siegfriedneto/projects/servicedeskn1/frontend/app/node_modules/@tanstack/router-core/dist/esm/load-client.js:943:46
    at Router.batch (file:///home/siegfriedneto/projects/servicedeskn1/frontend/app/node_modules/@tanstack/store/dist/esm/atom.js:39:5)
    at file:///home/siegfriedneto/projects/servicedeskn1/frontend/app/node_modules/@tanstack/router-core/dist/esm/load-client.js:936:10
    at runClientTransaction (file:///home/siegfriedneto/projects/servicedeskn1/frontend/app/node_modules/@tanstack/router-core/dist/esm/load-client.js:902:2)
    at loadClientRoute (file:///home/siegfriedneto/projects/servicedeskn1/frontend/app/node_modules/@tanstack/router-core/dist/esm/load-client.js:1034:2)
    at RouterCore.load (file:///home/siegfriedneto/projects/servicedeskn1/frontend/app/node_modules/@tanstack/router-core/dist/esm/router.js:489:4) undefined
Error: Not implemented: window.scrollTo
    at module.exports (/home/siegfriedneto/projects/servicedeskn1/frontend/app/node_modules/jsdom/lib/jsdom/browser/not-implemented.js:9:17)
    at /home/siegfriedneto/projects/servicedeskn1/frontend/app/node_modules/jsdom/lib/jsdom/browser/Window.js:960:7
    at Object.fn (file:///home/siegfriedneto/projects/servicedeskn1/frontend/app/node_modules/@tanstack/router-core/dist/esm/scroll-restoration.js:180:27)
    at RouterCore.emit (file:///home/siegfriedneto/projects/servicedeskn1/frontend/app/node_modules/@tanstack/router-core/dist/esm/router.js:178:14)
    at file:///home/siegfriedneto/projects/servicedeskn1/frontend/app/node_modules/@tanstack/react-router/dist/esm/Transitioner.js:46:25
    at settleOwner (file:///home/siegfriedneto/projects/servicedeskn1/frontend/app/node_modules/@tanstack/react-router/dist/esm/Transitioner.js:10:10)
    at file:///home/siegfriedneto/projects/servicedeskn1/frontend/app/node_modules/@tanstack/react-router/dist/esm/Matches.js:38:39
    at Object.react_stack_bottom_frame (/home/siegfriedneto/projects/servicedeskn1/frontend/app/node_modules/react-dom/cjs/react-dom-client.development.js:25989:20)
    at runWithFiberInDEV (/home/siegfriedneto/projects/servicedeskn1/frontend/app/node_modules/react-dom/cjs/react-dom-client.development.js:874:13)
    at commitHookEffectListMount (/home/siegfriedneto/projects/servicedeskn1/frontend/app/node_modules/react-dom/cjs/react-dom-client.development.js:13249:29) undefined
Error: Not implemented: window.scrollTo
    at module.exports (/home/siegfriedneto/projects/servicedeskn1/frontend/app/node_modules/jsdom/lib/jsdom/browser/not-implemented.js:9:17)
    at /home/siegfriedneto/projects/servicedeskn1/frontend/app/node_modules/jsdom/lib/jsdom/browser/Window.js:960:7
    at Object.fn (file:///home/siegfriedneto/projects/servicedeskn1/frontend/app/node_modules/@tanstack/router-core/dist/esm/scroll-restoration.js:180:27)
    at RouterCore.emit (file:///home/siegfriedneto/projects/servicedeskn1/frontend/app/node_modules/@tanstack/router-core/dist/esm/router.js:178:14)
    at file:///home/siegfriedneto/projects/servicedeskn1/frontend/app/node_modules/@tanstack/react-router/dist/esm/Transitioner.js:46:25
    at settleOwner (file:///home/siegfriedneto/projects/servicedeskn1/frontend/app/node_modules/@tanstack/react-router/dist/esm/Transitioner.js:10:10)
    at file:///home/siegfriedneto/projects/servicedeskn1/frontend/app/node_modules/@tanstack/react-router/dist/esm/Matches.js:38:39
    at Object.react_stack_bottom_frame (/home/siegfriedneto/projects/servicedeskn1/frontend/app/node_modules/react-dom/cjs/react-dom-client.development.js:25989:20)
    at runWithFiberInDEV (/home/siegfriedneto/projects/servicedeskn1/frontend/app/node_modules/react-dom/cjs/react-dom-client.development.js:874:13)
    at commitHookEffectListMount (/home/siegfriedneto/projects/servicedeskn1/frontend/app/node_modules/react-dom/cjs/react-dom-client.development.js:13249:29) undefined
Error: Not implemented: window.scrollTo
    at module.exports (/home/siegfriedneto/projects/servicedeskn1/frontend/app/node_modules/jsdom/lib/jsdom/browser/not-implemented.js:9:17)
    at /home/siegfriedneto/projects/servicedeskn1/frontend/app/node_modules/jsdom/lib/jsdom/browser/Window.js:960:7
    at Object.fn (file:///home/siegfriedneto/projects/servicedeskn1/frontend/app/node_modules/@tanstack/router-core/dist/esm/scroll-restoration.js:180:27)
    at RouterCore.emit (file:///home/siegfriedneto/projects/servicedeskn1/frontend/app/node_modules/@tanstack/router-core/dist/esm/router.js:178:14)
    at file:///home/siegfriedneto/projects/servicedeskn1/frontend/app/node_modules/@tanstack/react-router/dist/esm/Transitioner.js:46:25
    at settleOwner (file:///home/siegfriedneto/projects/servicedeskn1/frontend/app/node_modules/@tanstack/react-router/dist/esm/Transitioner.js:10:10)
    at file:///home/siegfriedneto/projects/servicedeskn1/frontend/app/node_modules/@tanstack/react-router/dist/esm/Matches.js:38:39
    at Object.react_stack_bottom_frame (/home/siegfriedneto/projects/servicedeskn1/frontend/app/node_modules/react-dom/cjs/react-dom-client.development.js:25989:20)
    at runWithFiberInDEV (/home/siegfriedneto/projects/servicedeskn1/frontend/app/node_modules/react-dom/cjs/react-dom-client.development.js:874:13)
    at commitHookEffectListMount (/home/siegfriedneto/projects/servicedeskn1/frontend/app/node_modules/react-dom/cjs/react-dom-client.development.js:13249:29) undefined
Error: Not implemented: window.scrollTo
    at module.exports (/home/siegfriedneto/projects/servicedeskn1/frontend/app/node_modules/jsdom/lib/jsdom/browser/not-implemented.js:9:17)
    at /home/siegfriedneto/projects/servicedeskn1/frontend/app/node_modules/jsdom/lib/jsdom/browser/Window.js:960:7
    at Object.fn (file:///home/siegfriedneto/projects/servicedeskn1/frontend/app/node_modules/@tanstack/router-core/dist/esm/scroll-restoration.js:180:27)
    at RouterCore.emit (file:///home/siegfriedneto/projects/servicedeskn1/frontend/app/node_modules/@tanstack/router-core/dist/esm/router.js:178:14)
    at file:///home/siegfriedneto/projects/servicedeskn1/frontend/app/node_modules/@tanstack/react-router/dist/esm/Transitioner.js:46:25
    at settleOwner (file:///home/siegfriedneto/projects/servicedeskn1/frontend/app/node_modules/@tanstack/react-router/dist/esm/Transitioner.js:10:10)
    at file:///home/siegfriedneto/projects/servicedeskn1/frontend/app/node_modules/@tanstack/react-router/dist/esm/Matches.js:38:39
    at Object.react_stack_bottom_frame (/home/siegfriedneto/projects/servicedeskn1/frontend/app/node_modules/react-dom/cjs/react-dom-client.development.js:25989:20)
    at runWithFiberInDEV (/home/siegfriedneto/projects/servicedeskn1/frontend/app/node_modules/react-dom/cjs/react-dom-client.development.js:874:13)
    at commitHookEffectListMount (/home/siegfriedneto/projects/servicedeskn1/frontend/app/node_modules/react-dom/cjs/react-dom-client.development.js:13249:29) undefined
Error: Not implemented: window.scrollTo
    at module.exports (/home/siegfriedneto/projects/servicedeskn1/frontend/app/node_modules/jsdom/lib/jsdom/browser/not-implemented.js:9:17)
    at /home/siegfriedneto/projects/servicedeskn1/frontend/app/node_modules/jsdom/lib/jsdom/browser/Window.js:960:7
    at Object.fn (file:///home/siegfriedneto/projects/servicedeskn1/frontend/app/node_modules/@tanstack/router-core/dist/esm/scroll-restoration.js:180:27)
    at RouterCore.emit (file:///home/siegfriedneto/projects/servicedeskn1/frontend/app/node_modules/@tanstack/router-core/dist/esm/router.js:178:14)
    at file:///home/siegfriedneto/projects/servicedeskn1/frontend/app/node_modules/@tanstack/react-router/dist/esm/Transitioner.js:46:25
    at settleOwner (file:///home/siegfriedneto/projects/servicedeskn1/frontend/app/node_modules/@tanstack/react-router/dist/esm/Transitioner.js:10:10)
    at file:///home/siegfriedneto/projects/servicedeskn1/frontend/app/node_modules/@tanstack/react-router/dist/esm/Matches.js:38:39
    at Object.react_stack_bottom_frame (/home/siegfriedneto/projects/servicedeskn1/frontend/app/node_modules/react-dom/cjs/react-dom-client.development.js:25989:20)
    at runWithFiberInDEV (/home/siegfriedneto/projects/servicedeskn1/frontend/app/node_modules/react-dom/cjs/react-dom-client.development.js:874:13)
    at commitHookEffectListMount (/home/siegfriedneto/projects/servicedeskn1/frontend/app/node_modules/react-dom/cjs/react-dom-client.development.js:13249:29) undefined
Error: Not implemented: window.scrollTo
    at module.exports (/home/siegfriedneto/projects/servicedeskn1/frontend/app/node_modules/jsdom/lib/jsdom/browser/not-implemented.js:9:17)
    at /home/siegfriedneto/projects/servicedeskn1/frontend/app/node_modules/jsdom/lib/jsdom/browser/Window.js:960:7
    at Object.fn (file:///home/siegfriedneto/projects/servicedeskn1/frontend/app/node_modules/@tanstack/router-core/dist/esm/scroll-restoration.js:180:27)
    at RouterCore.emit (file:///home/siegfriedneto/projects/servicedeskn1/frontend/app/node_modules/@tanstack/router-core/dist/esm/router.js:178:14)
    at file:///home/siegfriedneto/projects/servicedeskn1/frontend/app/node_modules/@tanstack/react-router/dist/esm/Transitioner.js:46:25
    at settleOwner (file:///home/siegfriedneto/projects/servicedeskn1/frontend/app/node_modules/@tanstack/react-router/dist/esm/Transitioner.js:10:10)
    at file:///home/siegfriedneto/projects/servicedeskn1/frontend/app/node_modules/@tanstack/react-router/dist/esm/Matches.js:38:39
    at Object.react_stack_bottom_frame (/home/siegfriedneto/projects/servicedeskn1/frontend/app/node_modules/react-dom/cjs/react-dom-client.development.js:25989:20)
    at runWithFiberInDEV (/home/siegfriedneto/projects/servicedeskn1/frontend/app/node_modules/react-dom/cjs/react-dom-client.development.js:874:13)
    at commitHookEffectListMount (/home/siegfriedneto/projects/servicedeskn1/frontend/app/node_modules/react-dom/cjs/react-dom-client.development.js:13249:29) undefined
Error: Not implemented: window.scrollTo
    at module.exports (/home/siegfriedneto/projects/servicedeskn1/frontend/app/node_modules/jsdom/lib/jsdom/browser/not-implemented.js:9:17)
    at /home/siegfriedneto/projects/servicedeskn1/frontend/app/node_modules/jsdom/lib/jsdom/browser/Window.js:960:7
    at Object.fn (file:///home/siegfriedneto/projects/servicedeskn1/frontend/app/node_modules/@tanstack/router-core/dist/esm/scroll-restoration.js:180:27)
    at RouterCore.emit (file:///home/siegfriedneto/projects/servicedeskn1/frontend/app/node_modules/@tanstack/router-core/dist/esm/router.js:178:14)
    at file:///home/siegfriedneto/projects/servicedeskn1/frontend/app/node_modules/@tanstack/react-router/dist/esm/Transitioner.js:46:25
    at settleOwner (file:///home/siegfriedneto/projects/servicedeskn1/frontend/app/node_modules/@tanstack/react-router/dist/esm/Transitioner.js:10:10)
    at file:///home/siegfriedneto/projects/servicedeskn1/frontend/app/node_modules/@tanstack/react-router/dist/esm/Matches.js:38:39
    at Object.react_stack_bottom_frame (/home/siegfriedneto/projects/servicedeskn1/frontend/app/node_modules/react-dom/cjs/react-dom-client.development.js:25989:20)
    at runWithFiberInDEV (/home/siegfriedneto/projects/servicedeskn1/frontend/app/node_modules/react-dom/cjs/react-dom-client.development.js:874:13)
    at commitHookEffectListMount (/home/siegfriedneto/projects/servicedeskn1/frontend/app/node_modules/react-dom/cjs/react-dom-client.development.js:13249:29) undefined
Error: Not implemented: window.scrollTo
    at module.exports (/home/siegfriedneto/projects/servicedeskn1/frontend/app/node_modules/jsdom/lib/jsdom/browser/not-implemented.js:9:17)
    at /home/siegfriedneto/projects/servicedeskn1/frontend/app/node_modules/jsdom/lib/jsdom/browser/Window.js:960:7
    at Object.fn (file:///home/siegfriedneto/projects/servicedeskn1/frontend/app/node_modules/@tanstack/router-core/dist/esm/scroll-restoration.js:180:27)
    at RouterCore.emit (file:///home/siegfriedneto/projects/servicedeskn1/frontend/app/node_modules/@tanstack/router-core/dist/esm/router.js:178:14)
    at file:///home/siegfriedneto/projects/servicedeskn1/frontend/app/node_modules/@tanstack/react-router/dist/esm/Transitioner.js:46:25
    at settleOwner (file:///home/siegfriedneto/projects/servicedeskn1/frontend/app/node_modules/@tanstack/react-router/dist/esm/Transitioner.js:10:10)
    at file:///home/siegfriedneto/projects/servicedeskn1/frontend/app/node_modules/@tanstack/react-router/dist/esm/Matches.js:38:39
    at Object.react_stack_bottom_frame (/home/siegfriedneto/projects/servicedeskn1/frontend/app/node_modules/react-dom/cjs/react-dom-client.development.js:25989:20)
    at runWithFiberInDEV (/home/siegfriedneto/projects/servicedeskn1/frontend/app/node_modules/react-dom/cjs/react-dom-client.development.js:874:13)
    at commitHookEffectListMount (/home/siegfriedneto/projects/servicedeskn1/frontend/app/node_modules/react-dom/cjs/react-dom-client.development.js:13249:29) undefined
Error: Not implemented: window.scrollTo
    at module.exports (/home/siegfriedneto/projects/servicedeskn1/frontend/app/node_modules/jsdom/lib/jsdom/browser/not-implemented.js:9:17)
    at /home/siegfriedneto/projects/servicedeskn1/frontend/app/node_modules/jsdom/lib/jsdom/browser/Window.js:960:7
    at Object.fn (file:///home/siegfriedneto/projects/servicedeskn1/frontend/app/node_modules/@tanstack/router-core/dist/esm/scroll-restoration.js:180:27)
    at RouterCore.emit (file:///home/siegfriedneto/projects/servicedeskn1/frontend/app/node_modules/@tanstack/router-core/dist/esm/router.js:178:14)
    at file:///home/siegfriedneto/projects/servicedeskn1/frontend/app/node_modules/@tanstack/react-router/dist/esm/Transitioner.js:46:25
    at settleOwner (file:///home/siegfriedneto/projects/servicedeskn1/frontend/app/node_modules/@tanstack/react-router/dist/esm/Transitioner.js:10:10)
    at file:///home/siegfriedneto/projects/servicedeskn1/frontend/app/node_modules/@tanstack/react-router/dist/esm/Matches.js:38:39
    at Object.react_stack_bottom_frame (/home/siegfriedneto/projects/servicedeskn1/frontend/app/node_modules/react-dom/cjs/react-dom-client.development.js:25989:20)
    at runWithFiberInDEV (/home/siegfriedneto/projects/servicedeskn1/frontend/app/node_modules/react-dom/cjs/react-dom-client.development.js:874:13)
    at commitHookEffectListMount (/home/siegfriedneto/projects/servicedeskn1/frontend/app/node_modules/react-dom/cjs/react-dom-client.development.js:13249:29) undefined
Error: Not implemented: window.scrollTo
    at module.exports (/home/siegfriedneto/projects/servicedeskn1/frontend/app/node_modules/jsdom/lib/jsdom/browser/not-implemented.js:9:17)
    at /home/siegfriedneto/projects/servicedeskn1/frontend/app/node_modules/jsdom/lib/jsdom/browser/Window.js:960:7
    at Object.fn (file:///home/siegfriedneto/projects/servicedeskn1/frontend/app/node_modules/@tanstack/router-core/dist/esm/scroll-restoration.js:180:27)
    at RouterCore.emit (file:///home/siegfriedneto/projects/servicedeskn1/frontend/app/node_modules/@tanstack/router-core/dist/esm/router.js:178:14)
    at file:///home/siegfriedneto/projects/servicedeskn1/frontend/app/node_modules/@tanstack/react-router/dist/esm/Transitioner.js:46:25
    at settleOwner (file:///home/siegfriedneto/projects/servicedeskn1/frontend/app/node_modules/@tanstack/react-router/dist/esm/Transitioner.js:10:10)
    at file:///home/siegfriedneto/projects/servicedeskn1/frontend/app/node_modules/@tanstack/react-router/dist/esm/Matches.js:38:39
    at Object.react_stack_bottom_frame (/home/siegfriedneto/projects/servicedeskn1/frontend/app/node_modules/react-dom/cjs/react-dom-client.development.js:25989:20)
    at runWithFiberInDEV (/home/siegfriedneto/projects/servicedeskn1/frontend/app/node_modules/react-dom/cjs/react-dom-client.development.js:874:13)
    at commitHookEffectListMount (/home/siegfriedneto/projects/servicedeskn1/frontend/app/node_modules/react-dom/cjs/react-dom-client.development.js:13249:29) undefined
Error: Not implemented: window.scrollTo
    at module.exports (/home/siegfriedneto/projects/servicedeskn1/frontend/app/node_modules/jsdom/lib/jsdom/browser/not-implemented.js:9:17)
    at /home/siegfriedneto/projects/servicedeskn1/frontend/app/node_modules/jsdom/lib/jsdom/browser/Window.js:960:7
    at Object.fn (file:///home/siegfriedneto/projects/servicedeskn1/frontend/app/node_modules/@tanstack/router-core/dist/esm/scroll-restoration.js:180:27)
    at RouterCore.emit (file:///home/siegfriedneto/projects/servicedeskn1/frontend/app/node_modules/@tanstack/router-core/dist/esm/router.js:178:14)
    at file:///home/siegfriedneto/projects/servicedeskn1/frontend/app/node_modules/@tanstack/react-router/dist/esm/Transitioner.js:46:25
    at settleOwner (file:///home/siegfriedneto/projects/servicedeskn1/frontend/app/node_modules/@tanstack/react-router/dist/esm/Transitioner.js:10:10)
    at file:///home/siegfriedneto/projects/servicedeskn1/frontend/app/node_modules/@tanstack/react-router/dist/esm/Matches.js:38:39
    at Object.react_stack_bottom_frame (/home/siegfriedneto/projects/servicedeskn1/frontend/app/node_modules/react-dom/cjs/react-dom-client.development.js:25989:20)
    at runWithFiberInDEV (/home/siegfriedneto/projects/servicedeskn1/frontend/app/node_modules/react-dom/cjs/react-dom-client.development.js:874:13)
    at commitHookEffectListMount (/home/siegfriedneto/projects/servicedeskn1/frontend/app/node_modules/react-dom/cjs/react-dom-client.development.js:13249:29) undefined
Error: Not implemented: window.scrollTo
    at module.exports (/home/siegfriedneto/projects/servicedeskn1/frontend/app/node_modules/jsdom/lib/jsdom/browser/not-implemented.js:9:17)
    at /home/siegfriedneto/projects/servicedeskn1/frontend/app/node_modules/jsdom/lib/jsdom/browser/Window.js:960:7
    at Object.fn (file:///home/siegfriedneto/projects/servicedeskn1/frontend/app/node_modules/@tanstack/router-core/dist/esm/scroll-restoration.js:180:27)
    at RouterCore.emit (file:///home/siegfriedneto/projects/servicedeskn1/frontend/app/node_modules/@tanstack/router-core/dist/esm/router.js:178:14)
    at file:///home/siegfriedneto/projects/servicedeskn1/frontend/app/node_modules/@tanstack/react-router/dist/esm/Transitioner.js:46:25
    at settleOwner (file:///home/siegfriedneto/projects/servicedeskn1/frontend/app/node_modules/@tanstack/react-router/dist/esm/Transitioner.js:10:10)
    at file:///home/siegfriedneto/projects/servicedeskn1/frontend/app/node_modules/@tanstack/react-router/dist/esm/Matches.js:38:39
    at Object.react_stack_bottom_frame (/home/siegfriedneto/projects/servicedeskn1/frontend/app/node_modules/react-dom/cjs/react-dom-client.development.js:25989:20)
    at runWithFiberInDEV (/home/siegfriedneto/projects/servicedeskn1/frontend/app/node_modules/react-dom/cjs/react-dom-client.development.js:874:13)
    at commitHookEffectListMount (/home/siegfriedneto/projects/servicedeskn1/frontend/app/node_modules/react-dom/cjs/react-dom-client.development.js:13249:29) undefined
Error: Not implemented: window.scrollTo
    at module.exports (/home/siegfriedneto/projects/servicedeskn1/frontend/app/node_modules/jsdom/lib/jsdom/browser/not-implemented.js:9:17)
    at /home/siegfriedneto/projects/servicedeskn1/frontend/app/node_modules/jsdom/lib/jsdom/browser/Window.js:960:7
    at Object.fn (file:///home/siegfriedneto/projects/servicedeskn1/frontend/app/node_modules/@tanstack/router-core/dist/esm/scroll-restoration.js:180:27)
    at RouterCore.emit (file:///home/siegfriedneto/projects/servicedeskn1/frontend/app/node_modules/@tanstack/router-core/dist/esm/router.js:178:14)
    at file:///home/siegfriedneto/projects/servicedeskn1/frontend/app/node_modules/@tanstack/react-router/dist/esm/Transitioner.js:46:25
    at settleOwner (file:///home/siegfriedneto/projects/servicedeskn1/frontend/app/node_modules/@tanstack/react-router/dist/esm/Transitioner.js:10:10)
    at file:///home/siegfriedneto/projects/servicedeskn1/frontend/app/node_modules/@tanstack/react-router/dist/esm/Matches.js:38:39
    at Object.react_stack_bottom_frame (/home/siegfriedneto/projects/servicedeskn1/frontend/app/node_modules/react-dom/cjs/react-dom-client.development.js:25989:20)
    at runWithFiberInDEV (/home/siegfriedneto/projects/servicedeskn1/frontend/app/node_modules/react-dom/cjs/react-dom-client.development.js:874:13)
    at commitHookEffectListMount (/home/siegfriedneto/projects/servicedeskn1/frontend/app/node_modules/react-dom/cjs/react-dom-client.development.js:13249:29) undefined
Error: Not implemented: window.scrollTo
    at module.exports (/home/siegfriedneto/projects/servicedeskn1/frontend/app/node_modules/jsdom/lib/jsdom/browser/not-implemented.js:9:17)
    at /home/siegfriedneto/projects/servicedeskn1/frontend/app/node_modules/jsdom/lib/jsdom/browser/Window.js:960:7
    at Object.fn (file:///home/siegfriedneto/projects/servicedeskn1/frontend/app/node_modules/@tanstack/router-core/dist/esm/scroll-restoration.js:180:27)
    at RouterCore.emit (file:///home/siegfriedneto/projects/servicedeskn1/frontend/app/node_modules/@tanstack/router-core/dist/esm/router.js:178:14)
    at file:///home/siegfriedneto/projects/servicedeskn1/frontend/app/node_modules/@tanstack/react-router/dist/esm/Transitioner.js:46:25
    at settleOwner (file:///home/siegfriedneto/projects/servicedeskn1/frontend/app/node_modules/@tanstack/react-router/dist/esm/Transitioner.js:10:10)
    at file:///home/siegfriedneto/projects/servicedeskn1/frontend/app/node_modules/@tanstack/react-router/dist/esm/Matches.js:38:39
    at Object.react_stack_bottom_frame (/home/siegfriedneto/projects/servicedeskn1/frontend/app/node_modules/react-dom/cjs/react-dom-client.development.js:25989:20)
    at runWithFiberInDEV (/home/siegfriedneto/projects/servicedeskn1/frontend/app/node_modules/react-dom/cjs/react-dom-client.development.js:874:13)
    at commitHookEffectListMount (/home/siegfriedneto/projects/servicedeskn1/frontend/app/node_modules/react-dom/cjs/react-dom-client.development.js:13249:29) undefined
Error: Not implemented: window.scrollTo
    at module.exports (/home/siegfriedneto/projects/servicedeskn1/frontend/app/node_modules/jsdom/lib/jsdom/browser/not-implemented.js:9:17)
    at /home/siegfriedneto/projects/servicedeskn1/frontend/app/node_modules/jsdom/lib/jsdom/browser/Window.js:960:7
    at Object.fn (file:///home/siegfriedneto/projects/servicedeskn1/frontend/app/node_modules/@tanstack/router-core/dist/esm/scroll-restoration.js:180:27)
    at RouterCore.emit (file:///home/siegfriedneto/projects/servicedeskn1/frontend/app/node_modules/@tanstack/router-core/dist/esm/router.js:178:14)
    at file:///home/siegfriedneto/projects/servicedeskn1/frontend/app/node_modules/@tanstack/react-router/dist/esm/Transitioner.js:46:25
    at settleOwner (file:///home/siegfriedneto/projects/servicedeskn1/frontend/app/node_modules/@tanstack/react-router/dist/esm/Transitioner.js:10:10)
    at file:///home/siegfriedneto/projects/servicedeskn1/frontend/app/node_modules/@tanstack/react-router/dist/esm/Matches.js:38:39
    at Object.react_stack_bottom_frame (/home/siegfriedneto/projects/servicedeskn1/frontend/app/node_modules/react-dom/cjs/react-dom-client.development.js:25989:20)
    at runWithFiberInDEV (/home/siegfriedneto/projects/servicedeskn1/frontend/app/node_modules/react-dom/cjs/react-dom-client.development.js:874:13)
    at commitHookEffectListMount (/home/siegfriedneto/projects/servicedeskn1/frontend/app/node_modules/react-dom/cjs/react-dom-client.development.js:13249:29) undefined
Error: Not implemented: window.scrollTo
    at module.exports (/home/siegfriedneto/projects/servicedeskn1/frontend/app/node_modules/jsdom/lib/jsdom/browser/not-implemented.js:9:17)
    at /home/siegfriedneto/projects/servicedeskn1/frontend/app/node_modules/jsdom/lib/jsdom/browser/Window.js:960:7
    at Object.fn (file:///home/siegfriedneto/projects/servicedeskn1/frontend/app/node_modules/@tanstack/router-core/dist/esm/scroll-restoration.js:180:27)
    at RouterCore.emit (file:///home/siegfriedneto/projects/servicedeskn1/frontend/app/node_modules/@tanstack/router-core/dist/esm/router.js:178:14)
    at file:///home/siegfriedneto/projects/servicedeskn1/frontend/app/node_modules/@tanstack/react-router/dist/esm/Transitioner.js:46:25
    at settleOwner (file:///home/siegfriedneto/projects/servicedeskn1/frontend/app/node_modules/@tanstack/react-router/dist/esm/Transitioner.js:10:10)
    at file:///home/siegfriedneto/projects/servicedeskn1/frontend/app/node_modules/@tanstack/react-router/dist/esm/Matches.js:38:39
    at Object.react_stack_bottom_frame (/home/siegfriedneto/projects/servicedeskn1/frontend/app/node_modules/react-dom/cjs/react-dom-client.development.js:25989:20)
    at runWithFiberInDEV (/home/siegfriedneto/projects/servicedeskn1/frontend/app/node_modules/react-dom/cjs/react-dom-client.development.js:874:13)
    at commitHookEffectListMount (/home/siegfriedneto/projects/servicedeskn1/frontend/app/node_modules/react-dom/cjs/react-dom-client.development.js:13249:29) undefined
Error: Not implemented: window.scrollTo
    at module.exports (/home/siegfriedneto/projects/servicedeskn1/frontend/app/node_modules/jsdom/lib/jsdom/browser/not-implemented.js:9:17)
    at /home/siegfriedneto/projects/servicedeskn1/frontend/app/node_modules/jsdom/lib/jsdom/browser/Window.js:960:7
    at Object.fn (file:///home/siegfriedneto/projects/servicedeskn1/frontend/app/node_modules/@tanstack/router-core/dist/esm/scroll-restoration.js:180:27)
    at RouterCore.emit (file:///home/siegfriedneto/projects/servicedeskn1/frontend/app/node_modules/@tanstack/router-core/dist/esm/router.js:178:14)
    at file:///home/siegfriedneto/projects/servicedeskn1/frontend/app/node_modules/@tanstack/react-router/dist/esm/Transitioner.js:46:25
    at settleOwner (file:///home/siegfriedneto/projects/servicedeskn1/frontend/app/node_modules/@tanstack/react-router/dist/esm/Transitioner.js:10:10)
    at file:///home/siegfriedneto/projects/servicedeskn1/frontend/app/node_modules/@tanstack/react-router/dist/esm/Matches.js:38:39
    at Object.react_stack_bottom_frame (/home/siegfriedneto/projects/servicedeskn1/frontend/app/node_modules/react-dom/cjs/react-dom-client.development.js:25989:20)
    at runWithFiberInDEV (/home/siegfriedneto/projects/servicedeskn1/frontend/app/node_modules/react-dom/cjs/react-dom-client.development.js:874:13)
    at commitHookEffectListMount (/home/siegfriedneto/projects/servicedeskn1/frontend/app/node_modules/react-dom/cjs/react-dom-client.development.js:13249:29) undefined
Error: Not implemented: window.scrollTo
    at module.exports (/home/siegfriedneto/projects/servicedeskn1/frontend/app/node_modules/jsdom/lib/jsdom/browser/not-implemented.js:9:17)
    at /home/siegfriedneto/projects/servicedeskn1/frontend/app/node_modules/jsdom/lib/jsdom/browser/Window.js:960:7
    at Object.fn (file:///home/siegfriedneto/projects/servicedeskn1/frontend/app/node_modules/@tanstack/router-core/dist/esm/scroll-restoration.js:180:27)
    at RouterCore.emit (file:///home/siegfriedneto/projects/servicedeskn1/frontend/app/node_modules/@tanstack/router-core/dist/esm/router.js:178:14)
    at file:///home/siegfriedneto/projects/servicedeskn1/frontend/app/node_modules/@tanstack/react-router/dist/esm/Transitioner.js:46:25
    at settleOwner (file:///home/siegfriedneto/projects/servicedeskn1/frontend/app/node_modules/@tanstack/react-router/dist/esm/Transitioner.js:10:10)
    at file:///home/siegfriedneto/projects/servicedeskn1/frontend/app/node_modules/@tanstack/react-router/dist/esm/Matches.js:38:39
    at Object.react_stack_bottom_frame (/home/siegfriedneto/projects/servicedeskn1/frontend/app/node_modules/react-dom/cjs/react-dom-client.development.js:25989:20)
    at runWithFiberInDEV (/home/siegfriedneto/projects/servicedeskn1/frontend/app/node_modules/react-dom/cjs/react-dom-client.development.js:874:13)
    at commitHookEffectListMount (/home/siegfriedneto/projects/servicedeskn1/frontend/app/node_modules/react-dom/cjs/react-dom-client.development.js:13249:29) undefined
Error: Not implemented: window.scrollTo
    at module.exports (/home/siegfriedneto/projects/servicedeskn1/frontend/app/node_modules/jsdom/lib/jsdom/browser/not-implemented.js:9:17)
    at /home/siegfriedneto/projects/servicedeskn1/frontend/app/node_modules/jsdom/lib/jsdom/browser/Window.js:960:7
    at Object.fn (file:///home/siegfriedneto/projects/servicedeskn1/frontend/app/node_modules/@tanstack/router-core/dist/esm/scroll-restoration.js:180:27)
    at RouterCore.emit (file:///home/siegfriedneto/projects/servicedeskn1/frontend/app/node_modules/@tanstack/router-core/dist/esm/router.js:178:14)
    at file:///home/siegfriedneto/projects/servicedeskn1/frontend/app/node_modules/@tanstack/react-router/dist/esm/Transitioner.js:46:25
    at settleOwner (file:///home/siegfriedneto/projects/servicedeskn1/frontend/app/node_modules/@tanstack/react-router/dist/esm/Transitioner.js:10:10)
    at file:///home/siegfriedneto/projects/servicedeskn1/frontend/app/node_modules/@tanstack/react-router/dist/esm/Matches.js:38:39
    at Object.react_stack_bottom_frame (/home/siegfriedneto/projects/servicedeskn1/frontend/app/node_modules/react-dom/cjs/react-dom-client.development.js:25989:20)
    at runWithFiberInDEV (/home/siegfriedneto/projects/servicedeskn1/frontend/app/node_modules/react-dom/cjs/react-dom-client.development.js:874:13)
    at commitHookEffectListMount (/home/siegfriedneto/projects/servicedeskn1/frontend/app/node_modules/react-dom/cjs/react-dom-client.development.js:13249:29) undefined
Error: Not implemented: window.scrollTo
    at module.exports (/home/siegfriedneto/projects/servicedeskn1/frontend/app/node_modules/jsdom/lib/jsdom/browser/not-implemented.js:9:17)
    at /home/siegfriedneto/projects/servicedeskn1/frontend/app/node_modules/jsdom/lib/jsdom/browser/Window.js:960:7
    at Object.fn (file:///home/siegfriedneto/projects/servicedeskn1/frontend/app/node_modules/@tanstack/router-core/dist/esm/scroll-restoration.js:180:27)
    at RouterCore.emit (file:///home/siegfriedneto/projects/servicedeskn1/frontend/app/node_modules/@tanstack/router-core/dist/esm/router.js:178:14)
    at file:///home/siegfriedneto/projects/servicedeskn1/frontend/app/node_modules/@tanstack/react-router/dist/esm/Transitioner.js:46:25
    at settleOwner (file:///home/siegfriedneto/projects/servicedeskn1/frontend/app/node_modules/@tanstack/react-router/dist/esm/Transitioner.js:10:10)
    at file:///home/siegfriedneto/projects/servicedeskn1/frontend/app/node_modules/@tanstack/react-router/dist/esm/Matches.js:38:39
    at Object.react_stack_bottom_frame (/home/siegfriedneto/projects/servicedeskn1/frontend/app/node_modules/react-dom/cjs/react-dom-client.development.js:25989:20)
    at runWithFiberInDEV (/home/siegfriedneto/projects/servicedeskn1/frontend/app/node_modules/react-dom/cjs/react-dom-client.development.js:874:13)
    at commitHookEffectListMount (/home/siegfriedneto/projects/servicedeskn1/frontend/app/node_modules/react-dom/cjs/react-dom-client.development.js:13249:29) undefined
Error: Not implemented: window.scrollTo
    at module.exports (/home/siegfriedneto/projects/servicedeskn1/frontend/app/node_modules/jsdom/lib/jsdom/browser/not-implemented.js:9:17)
    at /home/siegfriedneto/projects/servicedeskn1/frontend/app/node_modules/jsdom/lib/jsdom/browser/Window.js:960:7
    at Object.fn (file:///home/siegfriedneto/projects/servicedeskn1/frontend/app/node_modules/@tanstack/router-core/dist/esm/scroll-restoration.js:180:27)
    at RouterCore.emit (file:///home/siegfriedneto/projects/servicedeskn1/frontend/app/node_modules/@tanstack/router-core/dist/esm/router.js:178:14)
    at file:///home/siegfriedneto/projects/servicedeskn1/frontend/app/node_modules/@tanstack/react-router/dist/esm/Transitioner.js:46:25
    at settleOwner (file:///home/siegfriedneto/projects/servicedeskn1/frontend/app/node_modules/@tanstack/react-router/dist/esm/Transitioner.js:10:10)
    at file:///home/siegfriedneto/projects/servicedeskn1/frontend/app/node_modules/@tanstack/react-router/dist/esm/Matches.js:38:39
    at Object.react_stack_bottom_frame (/home/siegfriedneto/projects/servicedeskn1/frontend/app/node_modules/react-dom/cjs/react-dom-client.development.js:25989:20)
    at runWithFiberInDEV (/home/siegfriedneto/projects/servicedeskn1/frontend/app/node_modules/react-dom/cjs/react-dom-client.development.js:874:13)
    at commitHookEffectListMount (/home/siegfriedneto/projects/servicedeskn1/frontend/app/node_modules/react-dom/cjs/react-dom-client.development.js:13249:29) undefined
Error: Not implemented: window.scrollTo
    at module.exports (/home/siegfriedneto/projects/servicedeskn1/frontend/app/node_modules/jsdom/lib/jsdom/browser/not-implemented.js:9:17)
    at /home/siegfriedneto/projects/servicedeskn1/frontend/app/node_modules/jsdom/lib/jsdom/browser/Window.js:960:7
    at Object.fn (file:///home/siegfriedneto/projects/servicedeskn1/frontend/app/node_modules/@tanstack/router-core/dist/esm/scroll-restoration.js:180:27)
    at RouterCore.emit (file:///home/siegfriedneto/projects/servicedeskn1/frontend/app/node_modules/@tanstack/router-core/dist/esm/router.js:178:14)
    at file:///home/siegfriedneto/projects/servicedeskn1/frontend/app/node_modules/@tanstack/react-router/dist/esm/Transitioner.js:46:25
    at settleOwner (file:///home/siegfriedneto/projects/servicedeskn1/frontend/app/node_modules/@tanstack/react-router/dist/esm/Transitioner.js:10:10)
    at file:///home/siegfriedneto/projects/servicedeskn1/frontend/app/node_modules/@tanstack/react-router/dist/esm/Matches.js:38:39
    at Object.react_stack_bottom_frame (/home/siegfriedneto/projects/servicedeskn1/frontend/app/node_modules/react-dom/cjs/react-dom-client.development.js:25989:20)
    at runWithFiberInDEV (/home/siegfriedneto/projects/servicedeskn1/frontend/app/node_modules/react-dom/cjs/react-dom-client.development.js:874:13)
    at commitHookEffectListMount (/home/siegfriedneto/projects/servicedeskn1/frontend/app/node_modules/react-dom/cjs/react-dom-client.development.js:13249:29) undefined
Error: Not implemented: window.scrollTo
    at module.exports (/home/siegfriedneto/projects/servicedeskn1/frontend/app/node_modules/jsdom/lib/jsdom/browser/not-implemented.js:9:17)
    at /home/siegfriedneto/projects/servicedeskn1/frontend/app/node_modules/jsdom/lib/jsdom/browser/Window.js:960:7
    at Object.fn (file:///home/siegfriedneto/projects/servicedeskn1/frontend/app/node_modules/@tanstack/router-core/dist/esm/scroll-restoration.js:180:27)
    at RouterCore.emit (file:///home/siegfriedneto/projects/servicedeskn1/frontend/app/node_modules/@tanstack/router-core/dist/esm/router.js:178:14)
    at file:///home/siegfriedneto/projects/servicedeskn1/frontend/app/node_modules/@tanstack/react-router/dist/esm/Transitioner.js:46:25
    at settleOwner (file:///home/siegfriedneto/projects/servicedeskn1/frontend/app/node_modules/@tanstack/react-router/dist/esm/Transitioner.js:10:10)
    at file:///home/siegfriedneto/projects/servicedeskn1/frontend/app/node_modules/@tanstack/react-router/dist/esm/Matches.js:38:39
    at Object.react_stack_bottom_frame (/home/siegfriedneto/projects/servicedeskn1/frontend/app/node_modules/react-dom/cjs/react-dom-client.development.js:25989:20)
    at runWithFiberInDEV (/home/siegfriedneto/projects/servicedeskn1/frontend/app/node_modules/react-dom/cjs/react-dom-client.development.js:874:13)
    at commitHookEffectListMount (/home/siegfriedneto/projects/servicedeskn1/frontend/app/node_modules/react-dom/cjs/react-dom-client.development.js:13249:29) undefined
Error: Not implemented: window.scrollTo
    at module.exports (/home/siegfriedneto/projects/servicedeskn1/frontend/app/node_modules/jsdom/lib/jsdom/browser/not-implemented.js:9:17)
    at /home/siegfriedneto/projects/servicedeskn1/frontend/app/node_modules/jsdom/lib/jsdom/browser/Window.js:960:7
    at Object.fn (file:///home/siegfriedneto/projects/servicedeskn1/frontend/app/node_modules/@tanstack/router-core/dist/esm/scroll-restoration.js:180:27)
    at RouterCore.emit (file:///home/siegfriedneto/projects/servicedeskn1/frontend/app/node_modules/@tanstack/router-core/dist/esm/router.js:178:14)
    at file:///home/siegfriedneto/projects/servicedeskn1/frontend/app/node_modules/@tanstack/react-router/dist/esm/Transitioner.js:46:25
    at settleOwner (file:///home/siegfriedneto/projects/servicedeskn1/frontend/app/node_modules/@tanstack/react-router/dist/esm/Transitioner.js:10:10)
    at file:///home/siegfriedneto/projects/servicedeskn1/frontend/app/node_modules/@tanstack/react-router/dist/esm/Matches.js:38:39
    at Object.react_stack_bottom_frame (/home/siegfriedneto/projects/servicedeskn1/frontend/app/node_modules/react-dom/cjs/react-dom-client.development.js:25989:20)
    at runWithFiberInDEV (/home/siegfriedneto/projects/servicedeskn1/frontend/app/node_modules/react-dom/cjs/react-dom-client.development.js:874:13)
    at commitHookEffectListMount (/home/siegfriedneto/projects/servicedeskn1/frontend/app/node_modules/react-dom/cjs/react-dom-client.development.js:13249:29) undefined
Error: Not implemented: window.scrollTo
    at module.exports (/home/siegfriedneto/projects/servicedeskn1/frontend/app/node_modules/jsdom/lib/jsdom/browser/not-implemented.js:9:17)
    at /home/siegfriedneto/projects/servicedeskn1/frontend/app/node_modules/jsdom/lib/jsdom/browser/Window.js:960:7
    at Object.fn (file:///home/siegfriedneto/projects/servicedeskn1/frontend/app/node_modules/@tanstack/router-core/dist/esm/scroll-restoration.js:180:27)
    at RouterCore.emit (file:///home/siegfriedneto/projects/servicedeskn1/frontend/app/node_modules/@tanstack/router-core/dist/esm/router.js:178:14)
    at file:///home/siegfriedneto/projects/servicedeskn1/frontend/app/node_modules/@tanstack/react-router/dist/esm/Transitioner.js:46:25
    at settleOwner (file:///home/siegfriedneto/projects/servicedeskn1/frontend/app/node_modules/@tanstack/react-router/dist/esm/Transitioner.js:10:10)
    at file:///home/siegfriedneto/projects/servicedeskn1/frontend/app/node_modules/@tanstack/react-router/dist/esm/Matches.js:38:39
    at Object.react_stack_bottom_frame (/home/siegfriedneto/projects/servicedeskn1/frontend/app/node_modules/react-dom/cjs/react-dom-client.development.js:25989:20)
    at runWithFiberInDEV (/home/siegfriedneto/projects/servicedeskn1/frontend/app/node_modules/react-dom/cjs/react-dom-client.development.js:874:13)
    at commitHookEffectListMount (/home/siegfriedneto/projects/servicedeskn1/frontend/app/node_modules/react-dom/cjs/react-dom-client.development.js:13249:29) undefined
Error: Not implemented: window.scrollTo
    at module.exports (/home/siegfriedneto/projects/servicedeskn1/frontend/app/node_modules/jsdom/lib/jsdom/browser/not-implemented.js:9:17)
    at /home/siegfriedneto/projects/servicedeskn1/frontend/app/node_modules/jsdom/lib/jsdom/browser/Window.js:960:7
    at Object.fn (file:///home/siegfriedneto/projects/servicedeskn1/frontend/app/node_modules/@tanstack/router-core/dist/esm/scroll-restoration.js:180:27)
    at RouterCore.emit (file:///home/siegfriedneto/projects/servicedeskn1/frontend/app/node_modules/@tanstack/router-core/dist/esm/router.js:178:14)
    at file:///home/siegfriedneto/projects/servicedeskn1/frontend/app/node_modules/@tanstack/react-router/dist/esm/Transitioner.js:46:25
    at settleOwner (file:///home/siegfriedneto/projects/servicedeskn1/frontend/app/node_modules/@tanstack/react-router/dist/esm/Transitioner.js:10:10)
    at file:///home/siegfriedneto/projects/servicedeskn1/frontend/app/node_modules/@tanstack/react-router/dist/esm/Matches.js:38:39
    at Object.react_stack_bottom_frame (/home/siegfriedneto/projects/servicedeskn1/frontend/app/node_modules/react-dom/cjs/react-dom-client.development.js:25989:20)
    at runWithFiberInDEV (/home/siegfriedneto/projects/servicedeskn1/frontend/app/node_modules/react-dom/cjs/react-dom-client.development.js:874:13)
    at commitHookEffectListMount (/home/siegfriedneto/projects/servicedeskn1/frontend/app/node_modules/react-dom/cjs/react-dom-client.development.js:13249:29) undefined
Error: Not implemented: window.scrollTo
    at module.exports (/home/siegfriedneto/projects/servicedeskn1/frontend/app/node_modules/jsdom/lib/jsdom/browser/not-implemented.js:9:17)
    at /home/siegfriedneto/projects/servicedeskn1/frontend/app/node_modules/jsdom/lib/jsdom/browser/Window.js:960:7
    at Object.fn (file:///home/siegfriedneto/projects/servicedeskn1/frontend/app/node_modules/@tanstack/router-core/dist/esm/scroll-restoration.js:180:27)
    at RouterCore.emit (file:///home/siegfriedneto/projects/servicedeskn1/frontend/app/node_modules/@tanstack/router-core/dist/esm/router.js:178:14)
    at file:///home/siegfriedneto/projects/servicedeskn1/frontend/app/node_modules/@tanstack/router-core/dist/esm/load-client.js:943:46
    at Router.batch (file:///home/siegfriedneto/projects/servicedeskn1/frontend/app/node_modules/@tanstack/store/dist/esm/atom.js:39:5)
    at file:///home/siegfriedneto/projects/servicedeskn1/frontend/app/node_modules/@tanstack/router-core/dist/esm/load-client.js:936:10
    at runClientTransaction (file:///home/siegfriedneto/projects/servicedeskn1/frontend/app/node_modules/@tanstack/router-core/dist/esm/load-client.js:902:2)
    at loadClientRoute (file:///home/siegfriedneto/projects/servicedeskn1/frontend/app/node_modules/@tanstack/router-core/dist/esm/load-client.js:1034:2)
    at RouterCore.load (file:///home/siegfriedneto/projects/servicedeskn1/frontend/app/node_modules/@tanstack/router-core/dist/esm/router.js:489:4) undefined
Error: Not implemented: window.scrollTo
    at module.exports (/home/siegfriedneto/projects/servicedeskn1/frontend/app/node_modules/jsdom/lib/jsdom/browser/not-implemented.js:9:17)
    at /home/siegfriedneto/projects/servicedeskn1/frontend/app/node_modules/jsdom/lib/jsdom/browser/Window.js:960:7
    at Object.fn (file:///home/siegfriedneto/projects/servicedeskn1/frontend/app/node_modules/@tanstack/router-core/dist/esm/scroll-restoration.js:180:27)
    at RouterCore.emit (file:///home/siegfriedneto/projects/servicedeskn1/frontend/app/node_modules/@tanstack/router-core/dist/esm/router.js:178:14)
    at file:///home/siegfriedneto/projects/servicedeskn1/frontend/app/node_modules/@tanstack/router-core/dist/esm/load-client.js:943:46
    at Router.batch (file:///home/siegfriedneto/projects/servicedeskn1/frontend/app/node_modules/@tanstack/store/dist/esm/atom.js:39:5)
    at file:///home/siegfriedneto/projects/servicedeskn1/frontend/app/node_modules/@tanstack/router-core/dist/esm/load-client.js:936:10
    at runClientTransaction (file:///home/siegfriedneto/projects/servicedeskn1/frontend/app/node_modules/@tanstack/router-core/dist/esm/load-client.js:902:2)
    at loadClientRoute (file:///home/siegfriedneto/projects/servicedeskn1/frontend/app/node_modules/@tanstack/router-core/dist/esm/load-client.js:1034:2)
    at RouterCore.load (file:///home/siegfriedneto/projects/servicedeskn1/frontend/app/node_modules/@tanstack/router-core/dist/esm/router.js:489:4) undefined
Error: Not implemented: window.scrollTo
    at module.exports (/home/siegfriedneto/projects/servicedeskn1/frontend/app/node_modules/jsdom/lib/jsdom/browser/not-implemented.js:9:17)
    at /home/siegfriedneto/projects/servicedeskn1/frontend/app/node_modules/jsdom/lib/jsdom/browser/Window.js:960:7
    at Object.fn (file:///home/siegfriedneto/projects/servicedeskn1/frontend/app/node_modules/@tanstack/router-core/dist/esm/scroll-restoration.js:180:27)
    at RouterCore.emit (file:///home/siegfriedneto/projects/servicedeskn1/frontend/app/node_modules/@tanstack/router-core/dist/esm/router.js:178:14)
    at file:///home/siegfriedneto/projects/servicedeskn1/frontend/app/node_modules/@tanstack/react-router/dist/esm/Transitioner.js:46:25
    at settleOwner (file:///home/siegfriedneto/projects/servicedeskn1/frontend/app/node_modules/@tanstack/react-router/dist/esm/Transitioner.js:10:10)
    at file:///home/siegfriedneto/projects/servicedeskn1/frontend/app/node_modules/@tanstack/react-router/dist/esm/Matches.js:38:39
    at Object.react_stack_bottom_frame (/home/siegfriedneto/projects/servicedeskn1/frontend/app/node_modules/react-dom/cjs/react-dom-client.development.js:25989:20)
    at runWithFiberInDEV (/home/siegfriedneto/projects/servicedeskn1/frontend/app/node_modules/react-dom/cjs/react-dom-client.development.js:874:13)
    at commitHookEffectListMount (/home/siegfriedneto/projects/servicedeskn1/frontend/app/node_modules/react-dom/cjs/react-dom-client.development.js:13249:29) undefined
Error: Not implemented: window.scrollTo
    at module.exports (/home/siegfriedneto/projects/servicedeskn1/frontend/app/node_modules/jsdom/lib/jsdom/browser/not-implemented.js:9:17)
    at /home/siegfriedneto/projects/servicedeskn1/frontend/app/node_modules/jsdom/lib/jsdom/browser/Window.js:960:7
    at Object.fn (file:///home/siegfriedneto/projects/servicedeskn1/frontend/app/node_modules/@tanstack/router-core/dist/esm/scroll-restoration.js:180:27)
    at RouterCore.emit (file:///home/siegfriedneto/projects/servicedeskn1/frontend/app/node_modules/@tanstack/router-core/dist/esm/router.js:178:14)
    at file:///home/siegfriedneto/projects/servicedeskn1/frontend/app/node_modules/@tanstack/react-router/dist/esm/Transitioner.js:46:25
    at settleOwner (file:///home/siegfriedneto/projects/servicedeskn1/frontend/app/node_modules/@tanstack/react-router/dist/esm/Transitioner.js:10:10)
    at file:///home/siegfriedneto/projects/servicedeskn1/frontend/app/node_modules/@tanstack/react-router/dist/esm/Matches.js:38:39
    at Object.react_stack_bottom_frame (/home/siegfriedneto/projects/servicedeskn1/frontend/app/node_modules/react-dom/cjs/react-dom-client.development.js:25989:20)
    at runWithFiberInDEV (/home/siegfriedneto/projects/servicedeskn1/frontend/app/node_modules/react-dom/cjs/react-dom-client.development.js:874:13)
    at commitHookEffectListMount (/home/siegfriedneto/projects/servicedeskn1/frontend/app/node_modules/react-dom/cjs/react-dom-client.development.js:13249:29) undefined
Error: Not implemented: window.scrollTo
    at module.exports (/home/siegfriedneto/projects/servicedeskn1/frontend/app/node_modules/jsdom/lib/jsdom/browser/not-implemented.js:9:17)
    at /home/siegfriedneto/projects/servicedeskn1/frontend/app/node_modules/jsdom/lib/jsdom/browser/Window.js:960:7
    at Object.fn (file:///home/siegfriedneto/projects/servicedeskn1/frontend/app/node_modules/@tanstack/router-core/dist/esm/scroll-restoration.js:180:27)
    at RouterCore.emit (file:///home/siegfriedneto/projects/servicedeskn1/frontend/app/node_modules/@tanstack/router-core/dist/esm/router.js:178:14)
    at file:///home/siegfriedneto/projects/servicedeskn1/frontend/app/node_modules/@tanstack/react-router/dist/esm/Transitioner.js:46:25
    at settleOwner (file:///home/siegfriedneto/projects/servicedeskn1/frontend/app/node_modules/@tanstack/react-router/dist/esm/Transitioner.js:10:10)
    at file:///home/siegfriedneto/projects/servicedeskn1/frontend/app/node_modules/@tanstack/react-router/dist/esm/Matches.js:38:39
    at Object.react_stack_bottom_frame (/home/siegfriedneto/projects/servicedeskn1/frontend/app/node_modules/react-dom/cjs/react-dom-client.development.js:25989:20)
    at runWithFiberInDEV (/home/siegfriedneto/projects/servicedeskn1/frontend/app/node_modules/react-dom/cjs/react-dom-client.development.js:874:13)
    at commitHookEffectListMount (/home/siegfriedneto/projects/servicedeskn1/frontend/app/node_modules/react-dom/cjs/react-dom-client.development.js:13249:29) undefined
Error: Not implemented: window.scrollTo
    at module.exports (/home/siegfriedneto/projects/servicedeskn1/frontend/app/node_modules/jsdom/lib/jsdom/browser/not-implemented.js:9:17)
    at /home/siegfriedneto/projects/servicedeskn1/frontend/app/node_modules/jsdom/lib/jsdom/browser/Window.js:960:7
    at Object.fn (file:///home/siegfriedneto/projects/servicedeskn1/frontend/app/node_modules/@tanstack/router-core/dist/esm/scroll-restoration.js:180:27)
    at RouterCore.emit (file:///home/siegfriedneto/projects/servicedeskn1/frontend/app/node_modules/@tanstack/router-core/dist/esm/router.js:178:14)
    at file:///home/siegfriedneto/projects/servicedeskn1/frontend/app/node_modules/@tanstack/react-router/dist/esm/Transitioner.js:46:25
    at settleOwner (file:///home/siegfriedneto/projects/servicedeskn1/frontend/app/node_modules/@tanstack/react-router/dist/esm/Transitioner.js:10:10)
    at file:///home/siegfriedneto/projects/servicedeskn1/frontend/app/node_modules/@tanstack/react-router/dist/esm/Matches.js:38:39
    at Object.react_stack_bottom_frame (/home/siegfriedneto/projects/servicedeskn1/frontend/app/node_modules/react-dom/cjs/react-dom-client.development.js:25989:20)
    at runWithFiberInDEV (/home/siegfriedneto/projects/servicedeskn1/frontend/app/node_modules/react-dom/cjs/react-dom-client.development.js:874:13)
    at commitHookEffectListMount (/home/siegfriedneto/projects/servicedeskn1/frontend/app/node_modules/react-dom/cjs/react-dom-client.development.js:13249:29) undefined
Error: Not implemented: window.scrollTo
    at module.exports (/home/siegfriedneto/projects/servicedeskn1/frontend/app/node_modules/jsdom/lib/jsdom/browser/not-implemented.js:9:17)
    at /home/siegfriedneto/projects/servicedeskn1/frontend/app/node_modules/jsdom/lib/jsdom/browser/Window.js:960:7
    at Object.fn (file:///home/siegfriedneto/projects/servicedeskn1/frontend/app/node_modules/@tanstack/router-core/dist/esm/scroll-restoration.js:180:27)
    at RouterCore.emit (file:///home/siegfriedneto/projects/servicedeskn1/frontend/app/node_modules/@tanstack/router-core/dist/esm/router.js:178:14)
    at file:///home/siegfriedneto/projects/servicedeskn1/frontend/app/node_modules/@tanstack/react-router/dist/esm/Transitioner.js:46:25
    at settleOwner (file:///home/siegfriedneto/projects/servicedeskn1/frontend/app/node_modules/@tanstack/react-router/dist/esm/Transitioner.js:10:10)
    at file:///home/siegfriedneto/projects/servicedeskn1/frontend/app/node_modules/@tanstack/react-router/dist/esm/Matches.js:38:39
    at Object.react_stack_bottom_frame (/home/siegfriedneto/projects/servicedeskn1/frontend/app/node_modules/react-dom/cjs/react-dom-client.development.js:25989:20)
    at runWithFiberInDEV (/home/siegfriedneto/projects/servicedeskn1/frontend/app/node_modules/react-dom/cjs/react-dom-client.development.js:874:13)
    at commitHookEffectListMount (/home/siegfriedneto/projects/servicedeskn1/frontend/app/node_modules/react-dom/cjs/react-dom-client.development.js:13249:29) undefined
Error: Not implemented: window.scrollTo
    at module.exports (/home/siegfriedneto/projects/servicedeskn1/frontend/app/node_modules/jsdom/lib/jsdom/browser/not-implemented.js:9:17)
    at /home/siegfriedneto/projects/servicedeskn1/frontend/app/node_modules/jsdom/lib/jsdom/browser/Window.js:960:7
    at Object.fn (file:///home/siegfriedneto/projects/servicedeskn1/frontend/app/node_modules/@tanstack/router-core/dist/esm/scroll-restoration.js:180:27)
    at RouterCore.emit (file:///home/siegfriedneto/projects/servicedeskn1/frontend/app/node_modules/@tanstack/router-core/dist/esm/router.js:178:14)
    at file:///home/siegfriedneto/projects/servicedeskn1/frontend/app/node_modules/@tanstack/router-core/dist/esm/load-client.js:943:46
    at Router.batch (file:///home/siegfriedneto/projects/servicedeskn1/frontend/app/node_modules/@tanstack/store/dist/esm/atom.js:39:5)
    at file:///home/siegfriedneto/projects/servicedeskn1/frontend/app/node_modules/@tanstack/router-core/dist/esm/load-client.js:936:10
    at runClientTransaction (file:///home/siegfriedneto/projects/servicedeskn1/frontend/app/node_modules/@tanstack/router-core/dist/esm/load-client.js:902:2)
    at loadClientRoute (file:///home/siegfriedneto/projects/servicedeskn1/frontend/app/node_modules/@tanstack/router-core/dist/esm/load-client.js:1034:2)
    at RouterCore.load (file:///home/siegfriedneto/projects/servicedeskn1/frontend/app/node_modules/@tanstack/router-core/dist/esm/router.js:489:4) undefined
Error: Not implemented: window.scrollTo
    at module.exports (/home/siegfriedneto/projects/servicedeskn1/frontend/app/node_modules/jsdom/lib/jsdom/browser/not-implemented.js:9:17)
    at /home/siegfriedneto/projects/servicedeskn1/frontend/app/node_modules/jsdom/lib/jsdom/browser/Window.js:960:7
    at Object.fn (file:///home/siegfriedneto/projects/servicedeskn1/frontend/app/node_modules/@tanstack/router-core/dist/esm/scroll-restoration.js:180:27)
    at RouterCore.emit (file:///home/siegfriedneto/projects/servicedeskn1/frontend/app/node_modules/@tanstack/router-core/dist/esm/router.js:178:14)
    at file:///home/siegfriedneto/projects/servicedeskn1/frontend/app/node_modules/@tanstack/router-core/dist/esm/load-client.js:943:46
    at Router.batch (file:///home/siegfriedneto/projects/servicedeskn1/frontend/app/node_modules/@tanstack/store/dist/esm/atom.js:39:5)
    at file:///home/siegfriedneto/projects/servicedeskn1/frontend/app/node_modules/@tanstack/router-core/dist/esm/load-client.js:936:10
    at runClientTransaction (file:///home/siegfriedneto/projects/servicedeskn1/frontend/app/node_modules/@tanstack/router-core/dist/esm/load-client.js:902:2)
    at loadClientRoute (file:///home/siegfriedneto/projects/servicedeskn1/frontend/app/node_modules/@tanstack/router-core/dist/esm/load-client.js:1034:2)
    at RouterCore.load (file:///home/siegfriedneto/projects/servicedeskn1/frontend/app/node_modules/@tanstack/router-core/dist/esm/router.js:489:4) undefined
Error: Not implemented: window.scrollTo
    at module.exports (/home/siegfriedneto/projects/servicedeskn1/frontend/app/node_modules/jsdom/lib/jsdom/browser/not-implemented.js:9:17)
    at /home/siegfriedneto/projects/servicedeskn1/frontend/app/node_modules/jsdom/lib/jsdom/browser/Window.js:960:7
    at Object.fn (file:///home/siegfriedneto/projects/servicedeskn1/frontend/app/node_modules/@tanstack/router-core/dist/esm/scroll-restoration.js:180:27)
    at RouterCore.emit (file:///home/siegfriedneto/projects/servicedeskn1/frontend/app/node_modules/@tanstack/router-core/dist/esm/router.js:178:14)
    at file:///home/siegfriedneto/projects/servicedeskn1/frontend/app/node_modules/@tanstack/react-router/dist/esm/Transitioner.js:46:25
    at settleOwner (file:///home/siegfriedneto/projects/servicedeskn1/frontend/app/node_modules/@tanstack/react-router/dist/esm/Transitioner.js:10:10)
    at file:///home/siegfriedneto/projects/servicedeskn1/frontend/app/node_modules/@tanstack/react-router/dist/esm/Matches.js:38:39
    at Object.react_stack_bottom_frame (/home/siegfriedneto/projects/servicedeskn1/frontend/app/node_modules/react-dom/cjs/react-dom-client.development.js:25989:20)
    at runWithFiberInDEV (/home/siegfriedneto/projects/servicedeskn1/frontend/app/node_modules/react-dom/cjs/react-dom-client.development.js:874:13)
    at commitHookEffectListMount (/home/siegfriedneto/projects/servicedeskn1/frontend/app/node_modules/react-dom/cjs/react-dom-client.development.js:13249:29) undefined
Error: Not implemented: window.scrollTo
    at module.exports (/home/siegfriedneto/projects/servicedeskn1/frontend/app/node_modules/jsdom/lib/jsdom/browser/not-implemented.js:9:17)
    at /home/siegfriedneto/projects/servicedeskn1/frontend/app/node_modules/jsdom/lib/jsdom/browser/Window.js:960:7
    at Object.fn (file:///home/siegfriedneto/projects/servicedeskn1/frontend/app/node_modules/@tanstack/router-core/dist/esm/scroll-restoration.js:180:27)
    at RouterCore.emit (file:///home/siegfriedneto/projects/servicedeskn1/frontend/app/node_modules/@tanstack/router-core/dist/esm/router.js:178:14)
    at file:///home/siegfriedneto/projects/servicedeskn1/frontend/app/node_modules/@tanstack/react-router/dist/esm/Transitioner.js:46:25
    at settleOwner (file:///home/siegfriedneto/projects/servicedeskn1/frontend/app/node_modules/@tanstack/react-router/dist/esm/Transitioner.js:10:10)
    at file:///home/siegfriedneto/projects/servicedeskn1/frontend/app/node_modules/@tanstack/react-router/dist/esm/Matches.js:38:39
    at Object.react_stack_bottom_frame (/home/siegfriedneto/projects/servicedeskn1/frontend/app/node_modules/react-dom/cjs/react-dom-client.development.js:25989:20)
    at runWithFiberInDEV (/home/siegfriedneto/projects/servicedeskn1/frontend/app/node_modules/react-dom/cjs/react-dom-client.development.js:874:13)
    at commitHookEffectListMount (/home/siegfriedneto/projects/servicedeskn1/frontend/app/node_modules/react-dom/cjs/react-dom-client.development.js:13249:29) undefined
Error: Not implemented: window.scrollTo
    at module.exports (/home/siegfriedneto/projects/servicedeskn1/frontend/app/node_modules/jsdom/lib/jsdom/browser/not-implemented.js:9:17)
    at /home/siegfriedneto/projects/servicedeskn1/frontend/app/node_modules/jsdom/lib/jsdom/browser/Window.js:960:7
    at Object.fn (file:///home/siegfriedneto/projects/servicedeskn1/frontend/app/node_modules/@tanstack/router-core/dist/esm/scroll-restoration.js:180:27)
    at RouterCore.emit (file:///home/siegfriedneto/projects/servicedeskn1/frontend/app/node_modules/@tanstack/router-core/dist/esm/router.js:178:14)
    at file:///home/siegfriedneto/projects/servicedeskn1/frontend/app/node_modules/@tanstack/react-router/dist/esm/Transitioner.js:46:25
    at settleOwner (file:///home/siegfriedneto/projects/servicedeskn1/frontend/app/node_modules/@tanstack/react-router/dist/esm/Transitioner.js:10:10)
    at file:///home/siegfriedneto/projects/servicedeskn1/frontend/app/node_modules/@tanstack/react-router/dist/esm/Matches.js:38:39
    at Object.react_stack_bottom_frame (/home/siegfriedneto/projects/servicedeskn1/frontend/app/node_modules/react-dom/cjs/react-dom-client.development.js:25989:20)
    at runWithFiberInDEV (/home/siegfriedneto/projects/servicedeskn1/frontend/app/node_modules/react-dom/cjs/react-dom-client.development.js:874:13)
    at commitHookEffectListMount (/home/siegfriedneto/projects/servicedeskn1/frontend/app/node_modules/react-dom/cjs/react-dom-client.development.js:13249:29) undefined
Error: Not implemented: window.scrollTo
    at module.exports (/home/siegfriedneto/projects/servicedeskn1/frontend/app/node_modules/jsdom/lib/jsdom/browser/not-implemented.js:9:17)
    at /home/siegfriedneto/projects/servicedeskn1/frontend/app/node_modules/jsdom/lib/jsdom/browser/Window.js:960:7
    at Object.fn (file:///home/siegfriedneto/projects/servicedeskn1/frontend/app/node_modules/@tanstack/router-core/dist/esm/scroll-restoration.js:180:27)
    at RouterCore.emit (file:///home/siegfriedneto/projects/servicedeskn1/frontend/app/node_modules/@tanstack/router-core/dist/esm/router.js:178:14)
    at file:///home/siegfriedneto/projects/servicedeskn1/frontend/app/node_modules/@tanstack/react-router/dist/esm/Transitioner.js:46:25
    at settleOwner (file:///home/siegfriedneto/projects/servicedeskn1/frontend/app/node_modules/@tanstack/react-router/dist/esm/Transitioner.js:10:10)
    at file:///home/siegfriedneto/projects/servicedeskn1/frontend/app/node_modules/@tanstack/react-router/dist/esm/Matches.js:38:39
    at Object.react_stack_bottom_frame (/home/siegfriedneto/projects/servicedeskn1/frontend/app/node_modules/react-dom/cjs/react-dom-client.development.js:25989:20)
    at runWithFiberInDEV (/home/siegfriedneto/projects/servicedeskn1/frontend/app/node_modules/react-dom/cjs/react-dom-client.development.js:874:13)
    at commitHookEffectListMount (/home/siegfriedneto/projects/servicedeskn1/frontend/app/node_modules/react-dom/cjs/react-dom-client.development.js:13249:29) undefined
Error: Not implemented: window.scrollTo
    at module.exports (/home/siegfriedneto/projects/servicedeskn1/frontend/app/node_modules/jsdom/lib/jsdom/browser/not-implemented.js:9:17)
    at /home/siegfriedneto/projects/servicedeskn1/frontend/app/node_modules/jsdom/lib/jsdom/browser/Window.js:960:7
    at Object.fn (file:///home/siegfriedneto/projects/servicedeskn1/frontend/app/node_modules/@tanstack/router-core/dist/esm/scroll-restoration.js:180:27)
    at RouterCore.emit (file:///home/siegfriedneto/projects/servicedeskn1/frontend/app/node_modules/@tanstack/router-core/dist/esm/router.js:178:14)
    at file:///home/siegfriedneto/projects/servicedeskn1/frontend/app/node_modules/@tanstack/react-router/dist/esm/Transitioner.js:46:25
    at settleOwner (file:///home/siegfriedneto/projects/servicedeskn1/frontend/app/node_modules/@tanstack/react-router/dist/esm/Transitioner.js:10:10)
    at file:///home/siegfriedneto/projects/servicedeskn1/frontend/app/node_modules/@tanstack/react-router/dist/esm/Matches.js:38:39
    at Object.react_stack_bottom_frame (/home/siegfriedneto/projects/servicedeskn1/frontend/app/node_modules/react-dom/cjs/react-dom-client.development.js:25989:20)
    at runWithFiberInDEV (/home/siegfriedneto/projects/servicedeskn1/frontend/app/node_modules/react-dom/cjs/react-dom-client.development.js:874:13)
    at commitHookEffectListMount (/home/siegfriedneto/projects/servicedeskn1/frontend/app/node_modules/react-dom/cjs/react-dom-client.development.js:13249:29) undefined
Error: Not implemented: window.scrollTo
    at module.exports (/home/siegfriedneto/projects/servicedeskn1/frontend/app/node_modules/jsdom/lib/jsdom/browser/not-implemented.js:9:17)
    at /home/siegfriedneto/projects/servicedeskn1/frontend/app/node_modules/jsdom/lib/jsdom/browser/Window.js:960:7
    at Object.fn (file:///home/siegfriedneto/projects/servicedeskn1/frontend/app/node_modules/@tanstack/router-core/dist/esm/scroll-restoration.js:180:27)
    at RouterCore.emit (file:///home/siegfriedneto/projects/servicedeskn1/frontend/app/node_modules/@tanstack/router-core/dist/esm/router.js:178:14)
    at file:///home/siegfriedneto/projects/servicedeskn1/frontend/app/node_modules/@tanstack/react-router/dist/esm/Transitioner.js:46:25
    at settleOwner (file:///home/siegfriedneto/projects/servicedeskn1/frontend/app/node_modules/@tanstack/react-router/dist/esm/Transitioner.js:10:10)
    at file:///home/siegfriedneto/projects/servicedeskn1/frontend/app/node_modules/@tanstack/react-router/dist/esm/Matches.js:38:39
    at Object.react_stack_bottom_frame (/home/siegfriedneto/projects/servicedeskn1/frontend/app/node_modules/react-dom/cjs/react-dom-client.development.js:25989:20)
    at runWithFiberInDEV (/home/siegfriedneto/projects/servicedeskn1/frontend/app/node_modules/react-dom/cjs/react-dom-client.development.js:874:13)
    at commitHookEffectListMount (/home/siegfriedneto/projects/servicedeskn1/frontend/app/node_modules/react-dom/cjs/react-dom-client.development.js:13249:29) undefined
Error: Not implemented: window.scrollTo
    at module.exports (/home/siegfriedneto/projects/servicedeskn1/frontend/app/node_modules/jsdom/lib/jsdom/browser/not-implemented.js:9:17)
    at /home/siegfriedneto/projects/servicedeskn1/frontend/app/node_modules/jsdom/lib/jsdom/browser/Window.js:960:7
    at Object.fn (file:///home/siegfriedneto/projects/servicedeskn1/frontend/app/node_modules/@tanstack/router-core/dist/esm/scroll-restoration.js:180:27)
    at RouterCore.emit (file:///home/siegfriedneto/projects/servicedeskn1/frontend/app/node_modules/@tanstack/router-core/dist/esm/router.js:178:14)
    at file:///home/siegfriedneto/projects/servicedeskn1/frontend/app/node_modules/@tanstack/react-router/dist/esm/Transitioner.js:46:25
    at settleOwner (file:///home/siegfriedneto/projects/servicedeskn1/frontend/app/node_modules/@tanstack/react-router/dist/esm/Transitioner.js:10:10)
    at file:///home/siegfriedneto/projects/servicedeskn1/frontend/app/node_modules/@tanstack/react-router/dist/esm/Matches.js:38:39
    at Object.react_stack_bottom_frame (/home/siegfriedneto/projects/servicedeskn1/frontend/app/node_modules/react-dom/cjs/react-dom-client.development.js:25989:20)
    at runWithFiberInDEV (/home/siegfriedneto/projects/servicedeskn1/frontend/app/node_modules/react-dom/cjs/react-dom-client.development.js:874:13)
    at commitHookEffectListMount (/home/siegfriedneto/projects/servicedeskn1/frontend/app/node_modules/react-dom/cjs/react-dom-client.development.js:13249:29) undefined
Error: Not implemented: window.scrollTo
    at module.exports (/home/siegfriedneto/projects/servicedeskn1/frontend/app/node_modules/jsdom/lib/jsdom/browser/not-implemented.js:9:17)
    at /home/siegfriedneto/projects/servicedeskn1/frontend/app/node_modules/jsdom/lib/jsdom/browser/Window.js:960:7
    at Object.fn (file:///home/siegfriedneto/projects/servicedeskn1/frontend/app/node_modules/@tanstack/router-core/dist/esm/scroll-restoration.js:180:27)
    at RouterCore.emit (file:///home/siegfriedneto/projects/servicedeskn1/frontend/app/node_modules/@tanstack/router-core/dist/esm/router.js:178:14)
    at file:///home/siegfriedneto/projects/servicedeskn1/frontend/app/node_modules/@tanstack/router-core/dist/esm/load-client.js:943:46
    at Router.batch (file:///home/siegfriedneto/projects/servicedeskn1/frontend/app/node_modules/@tanstack/store/dist/esm/atom.js:39:5)
    at file:///home/siegfriedneto/projects/servicedeskn1/frontend/app/node_modules/@tanstack/router-core/dist/esm/load-client.js:936:10
    at runClientTransaction (file:///home/siegfriedneto/projects/servicedeskn1/frontend/app/node_modules/@tanstack/router-core/dist/esm/load-client.js:902:2)
    at loadClientRoute (file:///home/siegfriedneto/projects/servicedeskn1/frontend/app/node_modules/@tanstack/router-core/dist/esm/load-client.js:1034:2)
    at RouterCore.load (file:///home/siegfriedneto/projects/servicedeskn1/frontend/app/node_modules/@tanstack/router-core/dist/esm/router.js:489:4) undefined
Error: Not implemented: window.scrollTo
    at module.exports (/home/siegfriedneto/projects/servicedeskn1/frontend/app/node_modules/jsdom/lib/jsdom/browser/not-implemented.js:9:17)
    at /home/siegfriedneto/projects/servicedeskn1/frontend/app/node_modules/jsdom/lib/jsdom/browser/Window.js:960:7
    at Object.fn (file:///home/siegfriedneto/projects/servicedeskn1/frontend/app/node_modules/@tanstack/router-core/dist/esm/scroll-restoration.js:180:27)
    at RouterCore.emit (file:///home/siegfriedneto/projects/servicedeskn1/frontend/app/node_modules/@tanstack/router-core/dist/esm/router.js:178:14)
    at file:///home/siegfriedneto/projects/servicedeskn1/frontend/app/node_modules/@tanstack/react-router/dist/esm/Transitioner.js:46:25
    at settleOwner (file:///home/siegfriedneto/projects/servicedeskn1/frontend/app/node_modules/@tanstack/react-router/dist/esm/Transitioner.js:10:10)
    at file:///home/siegfriedneto/projects/servicedeskn1/frontend/app/node_modules/@tanstack/react-router/dist/esm/Matches.js:38:39
    at Object.react_stack_bottom_frame (/home/siegfriedneto/projects/servicedeskn1/frontend/app/node_modules/react-dom/cjs/react-dom-client.development.js:25989:20)
    at runWithFiberInDEV (/home/siegfriedneto/projects/servicedeskn1/frontend/app/node_modules/react-dom/cjs/react-dom-client.development.js:874:13)
    at commitHookEffectListMount (/home/siegfriedneto/projects/servicedeskn1/frontend/app/node_modules/react-dom/cjs/react-dom-client.development.js:13249:29) undefined
Error: Not implemented: window.scrollTo
    at module.exports (/home/siegfriedneto/projects/servicedeskn1/frontend/app/node_modules/jsdom/lib/jsdom/browser/not-implemented.js:9:17)
    at /home/siegfriedneto/projects/servicedeskn1/frontend/app/node_modules/jsdom/lib/jsdom/browser/Window.js:960:7
    at Object.fn (file:///home/siegfriedneto/projects/servicedeskn1/frontend/app/node_modules/@tanstack/router-core/dist/esm/scroll-restoration.js:180:27)
    at RouterCore.emit (file:///home/siegfriedneto/projects/servicedeskn1/frontend/app/node_modules/@tanstack/router-core/dist/esm/router.js:178:14)
    at file:///home/siegfriedneto/projects/servicedeskn1/frontend/app/node_modules/@tanstack/react-router/dist/esm/Transitioner.js:46:25
    at settleOwner (file:///home/siegfriedneto/projects/servicedeskn1/frontend/app/node_modules/@tanstack/react-router/dist/esm/Transitioner.js:10:10)
    at file:///home/siegfriedneto/projects/servicedeskn1/frontend/app/node_modules/@tanstack/react-router/dist/esm/Matches.js:38:39
    at Object.react_stack_bottom_frame (/home/siegfriedneto/projects/servicedeskn1/frontend/app/node_modules/react-dom/cjs/react-dom-client.development.js:25989:20)
    at runWithFiberInDEV (/home/siegfriedneto/projects/servicedeskn1/frontend/app/node_modules/react-dom/cjs/react-dom-client.development.js:874:13)
    at commitHookEffectListMount (/home/siegfriedneto/projects/servicedeskn1/frontend/app/node_modules/react-dom/cjs/react-dom-client.development.js:13249:29) undefined
Error: Not implemented: window.scrollTo
    at module.exports (/home/siegfriedneto/projects/servicedeskn1/frontend/app/node_modules/jsdom/lib/jsdom/browser/not-implemented.js:9:17)
    at /home/siegfriedneto/projects/servicedeskn1/frontend/app/node_modules/jsdom/lib/jsdom/browser/Window.js:960:7
    at Object.fn (file:///home/siegfriedneto/projects/servicedeskn1/frontend/app/node_modules/@tanstack/router-core/dist/esm/scroll-restoration.js:180:27)
    at RouterCore.emit (file:///home/siegfriedneto/projects/servicedeskn1/frontend/app/node_modules/@tanstack/router-core/dist/esm/router.js:178:14)
    at file:///home/siegfriedneto/projects/servicedeskn1/frontend/app/node_modules/@tanstack/react-router/dist/esm/Transitioner.js:46:25
    at settleOwner (file:///home/siegfriedneto/projects/servicedeskn1/frontend/app/node_modules/@tanstack/react-router/dist/esm/Transitioner.js:10:10)
    at file:///home/siegfriedneto/projects/servicedeskn1/frontend/app/node_modules/@tanstack/react-router/dist/esm/Matches.js:38:39
    at Object.react_stack_bottom_frame (/home/siegfriedneto/projects/servicedeskn1/frontend/app/node_modules/react-dom/cjs/react-dom-client.development.js:25989:20)
    at runWithFiberInDEV (/home/siegfriedneto/projects/servicedeskn1/frontend/app/node_modules/react-dom/cjs/react-dom-client.development.js:874:13)
    at commitHookEffectListMount (/home/siegfriedneto/projects/servicedeskn1/frontend/app/node_modules/react-dom/cjs/react-dom-client.development.js:13249:29) undefined
Error: Not implemented: window.scrollTo
    at module.exports (/home/siegfriedneto/projects/servicedeskn1/frontend/app/node_modules/jsdom/lib/jsdom/browser/not-implemented.js:9:17)
    at /home/siegfriedneto/projects/servicedeskn1/frontend/app/node_modules/jsdom/lib/jsdom/browser/Window.js:960:7
    at Object.fn (file:///home/siegfriedneto/projects/servicedeskn1/frontend/app/node_modules/@tanstack/router-core/dist/esm/scroll-restoration.js:180:27)
    at RouterCore.emit (file:///home/siegfriedneto/projects/servicedeskn1/frontend/app/node_modules/@tanstack/router-core/dist/esm/router.js:178:14)
    at file:///home/siegfriedneto/projects/servicedeskn1/frontend/app/node_modules/@tanstack/react-router/dist/esm/Transitioner.js:46:25
    at settleOwner (file:///home/siegfriedneto/projects/servicedeskn1/frontend/app/node_modules/@tanstack/react-router/dist/esm/Transitioner.js:10:10)
    at file:///home/siegfriedneto/projects/servicedeskn1/frontend/app/node_modules/@tanstack/react-router/dist/esm/Matches.js:38:39
    at Object.react_stack_bottom_frame (/home/siegfriedneto/projects/servicedeskn1/frontend/app/node_modules/react-dom/cjs/react-dom-client.development.js:25989:20)
    at runWithFiberInDEV (/home/siegfriedneto/projects/servicedeskn1/frontend/app/node_modules/react-dom/cjs/react-dom-client.development.js:874:13)
    at commitHookEffectListMount (/home/siegfriedneto/projects/servicedeskn1/frontend/app/node_modules/react-dom/cjs/react-dom-client.development.js:13249:29) undefined
Error: Not implemented: window.scrollTo
    at module.exports (/home/siegfriedneto/projects/servicedeskn1/frontend/app/node_modules/jsdom/lib/jsdom/browser/not-implemented.js:9:17)
    at /home/siegfriedneto/projects/servicedeskn1/frontend/app/node_modules/jsdom/lib/jsdom/browser/Window.js:960:7
    at Object.fn (file:///home/siegfriedneto/projects/servicedeskn1/frontend/app/node_modules/@tanstack/router-core/dist/esm/scroll-restoration.js:180:27)
    at RouterCore.emit (file:///home/siegfriedneto/projects/servicedeskn1/frontend/app/node_modules/@tanstack/router-core/dist/esm/router.js:178:14)
    at file:///home/siegfriedneto/projects/servicedeskn1/frontend/app/node_modules/@tanstack/react-router/dist/esm/Transitioner.js:46:25
    at settleOwner (file:///home/siegfriedneto/projects/servicedeskn1/frontend/app/node_modules/@tanstack/react-router/dist/esm/Transitioner.js:10:10)
    at file:///home/siegfriedneto/projects/servicedeskn1/frontend/app/node_modules/@tanstack/react-router/dist/esm/Matches.js:38:39
    at Object.react_stack_bottom_frame (/home/siegfriedneto/projects/servicedeskn1/frontend/app/node_modules/react-dom/cjs/react-dom-client.development.js:25989:20)
    at runWithFiberInDEV (/home/siegfriedneto/projects/servicedeskn1/frontend/app/node_modules/react-dom/cjs/react-dom-client.development.js:874:13)
    at commitHookEffectListMount (/home/siegfriedneto/projects/servicedeskn1/frontend/app/node_modules/react-dom/cjs/react-dom-client.development.js:13249:29) undefined
Error: Not implemented: window.scrollTo
    at module.exports (/home/siegfriedneto/projects/servicedeskn1/frontend/app/node_modules/jsdom/lib/jsdom/browser/not-implemented.js:9:17)
    at /home/siegfriedneto/projects/servicedeskn1/frontend/app/node_modules/jsdom/lib/jsdom/browser/Window.js:960:7
    at Object.fn (file:///home/siegfriedneto/projects/servicedeskn1/frontend/app/node_modules/@tanstack/router-core/dist/esm/scroll-restoration.js:180:27)
    at RouterCore.emit (file:///home/siegfriedneto/projects/servicedeskn1/frontend/app/node_modules/@tanstack/router-core/dist/esm/router.js:178:14)
    at file:///home/siegfriedneto/projects/servicedeskn1/frontend/app/node_modules/@tanstack/react-router/dist/esm/Transitioner.js:46:25
    at settleOwner (file:///home/siegfriedneto/projects/servicedeskn1/frontend/app/node_modules/@tanstack/react-router/dist/esm/Transitioner.js:10:10)
    at file:///home/siegfriedneto/projects/servicedeskn1/frontend/app/node_modules/@tanstack/react-router/dist/esm/Matches.js:38:39
    at Object.react_stack_bottom_frame (/home/siegfriedneto/projects/servicedeskn1/frontend/app/node_modules/react-dom/cjs/react-dom-client.development.js:25989:20)
    at runWithFiberInDEV (/home/siegfriedneto/projects/servicedeskn1/frontend/app/node_modules/react-dom/cjs/react-dom-client.development.js:874:13)
    at commitHookEffectListMount (/home/siegfriedneto/projects/servicedeskn1/frontend/app/node_modules/react-dom/cjs/react-dom-client.development.js:13249:29) undefined
Error: Not implemented: window.scrollTo
    at module.exports (/home/siegfriedneto/projects/servicedeskn1/frontend/app/node_modules/jsdom/lib/jsdom/browser/not-implemented.js:9:17)
    at /home/siegfriedneto/projects/servicedeskn1/frontend/app/node_modules/jsdom/lib/jsdom/browser/Window.js:960:7
    at Object.fn (file:///home/siegfriedneto/projects/servicedeskn1/frontend/app/node_modules/@tanstack/router-core/dist/esm/scroll-restoration.js:180:27)
    at RouterCore.emit (file:///home/siegfriedneto/projects/servicedeskn1/frontend/app/node_modules/@tanstack/router-core/dist/esm/router.js:178:14)
    at file:///home/siegfriedneto/projects/servicedeskn1/frontend/app/node_modules/@tanstack/react-router/dist/esm/Transitioner.js:46:25
    at settleOwner (file:///home/siegfriedneto/projects/servicedeskn1/frontend/app/node_modules/@tanstack/react-router/dist/esm/Transitioner.js:10:10)
    at file:///home/siegfriedneto/projects/servicedeskn1/frontend/app/node_modules/@tanstack/react-router/dist/esm/Matches.js:38:39
    at Object.react_stack_bottom_frame (/home/siegfriedneto/projects/servicedeskn1/frontend/app/node_modules/react-dom/cjs/react-dom-client.development.js:25989:20)
    at runWithFiberInDEV (/home/siegfriedneto/projects/servicedeskn1/frontend/app/node_modules/react-dom/cjs/react-dom-client.development.js:874:13)
    at commitHookEffectListMount (/home/siegfriedneto/projects/servicedeskn1/frontend/app/node_modules/react-dom/cjs/react-dom-client.development.js:13249:29) undefined
Error: Not implemented: window.scrollTo
    at module.exports (/home/siegfriedneto/projects/servicedeskn1/frontend/app/node_modules/jsdom/lib/jsdom/browser/not-implemented.js:9:17)
    at /home/siegfriedneto/projects/servicedeskn1/frontend/app/node_modules/jsdom/lib/jsdom/browser/Window.js:960:7
    at Object.fn (file:///home/siegfriedneto/projects/servicedeskn1/frontend/app/node_modules/@tanstack/router-core/dist/esm/scroll-restoration.js:180:27)
    at RouterCore.emit (file:///home/siegfriedneto/projects/servicedeskn1/frontend/app/node_modules/@tanstack/router-core/dist/esm/router.js:178:14)
    at file:///home/siegfriedneto/projects/servicedeskn1/frontend/app/node_modules/@tanstack/router-core/dist/esm/load-client.js:943:46
    at Router.batch (file:///home/siegfriedneto/projects/servicedeskn1/frontend/app/node_modules/@tanstack/store/dist/esm/atom.js:39:5)
    at file:///home/siegfriedneto/projects/servicedeskn1/frontend/app/node_modules/@tanstack/router-core/dist/esm/load-client.js:936:10
    at runClientTransaction (file:///home/siegfriedneto/projects/servicedeskn1/frontend/app/node_modules/@tanstack/router-core/dist/esm/load-client.js:902:2)
    at loadClientRoute (file:///home/siegfriedneto/projects/servicedeskn1/frontend/app/node_modules/@tanstack/router-core/dist/esm/load-client.js:1034:2)
    at RouterCore.load (file:///home/siegfriedneto/projects/servicedeskn1/frontend/app/node_modules/@tanstack/router-core/dist/esm/router.js:489:4) undefined
Error: Not implemented: window.scrollTo
    at module.exports (/home/siegfriedneto/projects/servicedeskn1/frontend/app/node_modules/jsdom/lib/jsdom/browser/not-implemented.js:9:17)
    at /home/siegfriedneto/projects/servicedeskn1/frontend/app/node_modules/jsdom/lib/jsdom/browser/Window.js:960:7
    at Object.fn (file:///home/siegfriedneto/projects/servicedeskn1/frontend/app/node_modules/@tanstack/router-core/dist/esm/scroll-restoration.js:180:27)
    at RouterCore.emit (file:///home/siegfriedneto/projects/servicedeskn1/frontend/app/node_modules/@tanstack/router-core/dist/esm/router.js:178:14)
    at file:///home/siegfriedneto/projects/servicedeskn1/frontend/app/node_modules/@tanstack/react-router/dist/esm/Transitioner.js:46:25
    at settleOwner (file:///home/siegfriedneto/projects/servicedeskn1/frontend/app/node_modules/@tanstack/react-router/dist/esm/Transitioner.js:10:10)
    at file:///home/siegfriedneto/projects/servicedeskn1/frontend/app/node_modules/@tanstack/react-router/dist/esm/Matches.js:38:39
    at Object.react_stack_bottom_frame (/home/siegfriedneto/projects/servicedeskn1/frontend/app/node_modules/react-dom/cjs/react-dom-client.development.js:25989:20)
    at runWithFiberInDEV (/home/siegfriedneto/projects/servicedeskn1/frontend/app/node_modules/react-dom/cjs/react-dom-client.development.js:874:13)
    at commitHookEffectListMount (/home/siegfriedneto/projects/servicedeskn1/frontend/app/node_modules/react-dom/cjs/react-dom-client.development.js:13249:29) undefined
Error: Not implemented: window.scrollTo
    at module.exports (/home/siegfriedneto/projects/servicedeskn1/frontend/app/node_modules/jsdom/lib/jsdom/browser/not-implemented.js:9:17)
    at /home/siegfriedneto/projects/servicedeskn1/frontend/app/node_modules/jsdom/lib/jsdom/browser/Window.js:960:7
    at Object.fn (file:///home/siegfriedneto/projects/servicedeskn1/frontend/app/node_modules/@tanstack/router-core/dist/esm/scroll-restoration.js:180:27)
    at RouterCore.emit (file:///home/siegfriedneto/projects/servicedeskn1/frontend/app/node_modules/@tanstack/router-core/dist/esm/router.js:178:14)
    at file:///home/siegfriedneto/projects/servicedeskn1/frontend/app/node_modules/@tanstack/react-router/dist/esm/Transitioner.js:46:25
    at settleOwner (file:///home/siegfriedneto/projects/servicedeskn1/frontend/app/node_modules/@tanstack/react-router/dist/esm/Transitioner.js:10:10)
    at file:///home/siegfriedneto/projects/servicedeskn1/frontend/app/node_modules/@tanstack/react-router/dist/esm/Matches.js:38:39
    at Object.react_stack_bottom_frame (/home/siegfriedneto/projects/servicedeskn1/frontend/app/node_modules/react-dom/cjs/react-dom-client.development.js:25989:20)
    at runWithFiberInDEV (/home/siegfriedneto/projects/servicedeskn1/frontend/app/node_modules/react-dom/cjs/react-dom-client.development.js:874:13)
    at commitHookEffectListMount (/home/siegfriedneto/projects/servicedeskn1/frontend/app/node_modules/react-dom/cjs/react-dom-client.development.js:13249:29) undefined
Error: Not implemented: window.scrollTo
    at module.exports (/home/siegfriedneto/projects/servicedeskn1/frontend/app/node_modules/jsdom/lib/jsdom/browser/not-implemented.js:9:17)
    at /home/siegfriedneto/projects/servicedeskn1/frontend/app/node_modules/jsdom/lib/jsdom/browser/Window.js:960:7
    at Object.fn (file:///home/siegfriedneto/projects/servicedeskn1/frontend/app/node_modules/@tanstack/router-core/dist/esm/scroll-restoration.js:180:27)
    at RouterCore.emit (file:///home/siegfriedneto/projects/servicedeskn1/frontend/app/node_modules/@tanstack/router-core/dist/esm/router.js:178:14)
    at file:///home/siegfriedneto/projects/servicedeskn1/frontend/app/node_modules/@tanstack/router-core/dist/esm/load-client.js:943:46
    at Router.batch (file:///home/siegfriedneto/projects/servicedeskn1/frontend/app/node_modules/@tanstack/store/dist/esm/atom.js:39:5)
    at file:///home/siegfriedneto/projects/servicedeskn1/frontend/app/node_modules/@tanstack/router-core/dist/esm/load-client.js:936:10
    at runClientTransaction (file:///home/siegfriedneto/projects/servicedeskn1/frontend/app/node_modules/@tanstack/router-core/dist/esm/load-client.js:902:2)
    at loadClientRoute (file:///home/siegfriedneto/projects/servicedeskn1/frontend/app/node_modules/@tanstack/router-core/dist/esm/load-client.js:1034:2)
    at RouterCore.load (file:///home/siegfriedneto/projects/servicedeskn1/frontend/app/node_modules/@tanstack/router-core/dist/esm/router.js:489:4) undefined
Error: Not implemented: window.scrollTo
    at module.exports (/home/siegfriedneto/projects/servicedeskn1/frontend/app/node_modules/jsdom/lib/jsdom/browser/not-implemented.js:9:17)
    at /home/siegfriedneto/projects/servicedeskn1/frontend/app/node_modules/jsdom/lib/jsdom/browser/Window.js:960:7
    at Object.fn (file:///home/siegfriedneto/projects/servicedeskn1/frontend/app/node_modules/@tanstack/router-core/dist/esm/scroll-restoration.js:180:27)
    at RouterCore.emit (file:///home/siegfriedneto/projects/servicedeskn1/frontend/app/node_modules/@tanstack/router-core/dist/esm/router.js:178:14)
    at file:///home/siegfriedneto/projects/servicedeskn1/frontend/app/node_modules/@tanstack/router-core/dist/esm/load-client.js:943:46
    at Router.batch (file:///home/siegfriedneto/projects/servicedeskn1/frontend/app/node_modules/@tanstack/store/dist/esm/atom.js:39:5)
    at file:///home/siegfriedneto/projects/servicedeskn1/frontend/app/node_modules/@tanstack/router-core/dist/esm/load-client.js:936:10
    at runClientTransaction (file:///home/siegfriedneto/projects/servicedeskn1/frontend/app/node_modules/@tanstack/router-core/dist/esm/load-client.js:902:2)
    at loadClientRoute (file:///home/siegfriedneto/projects/servicedeskn1/frontend/app/node_modules/@tanstack/router-core/dist/esm/load-client.js:1034:2)
    at RouterCore.load (file:///home/siegfriedneto/projects/servicedeskn1/frontend/app/node_modules/@tanstack/router-core/dist/esm/router.js:489:4) undefined
Error: Not implemented: window.scrollTo
    at module.exports (/home/siegfriedneto/projects/servicedeskn1/frontend/app/node_modules/jsdom/lib/jsdom/browser/not-implemented.js:9:17)
    at /home/siegfriedneto/projects/servicedeskn1/frontend/app/node_modules/jsdom/lib/jsdom/browser/Window.js:960:7
    at Object.fn (file:///home/siegfriedneto/projects/servicedeskn1/frontend/app/node_modules/@tanstack/router-core/dist/esm/scroll-restoration.js:180:27)
    at RouterCore.emit (file:///home/siegfriedneto/projects/servicedeskn1/frontend/app/node_modules/@tanstack/router-core/dist/esm/router.js:178:14)
    at file:///home/siegfriedneto/projects/servicedeskn1/frontend/app/node_modules/@tanstack/react-router/dist/esm/Transitioner.js:46:25
    at settleOwner (file:///home/siegfriedneto/projects/servicedeskn1/frontend/app/node_modules/@tanstack/react-router/dist/esm/Transitioner.js:10:10)
    at file:///home/siegfriedneto/projects/servicedeskn1/frontend/app/node_modules/@tanstack/react-router/dist/esm/Matches.js:38:39
    at Object.react_stack_bottom_frame (/home/siegfriedneto/projects/servicedeskn1/frontend/app/node_modules/react-dom/cjs/react-dom-client.development.js:25989:20)
    at runWithFiberInDEV (/home/siegfriedneto/projects/servicedeskn1/frontend/app/node_modules/react-dom/cjs/react-dom-client.development.js:874:13)
    at commitHookEffectListMount (/home/siegfriedneto/projects/servicedeskn1/frontend/app/node_modules/react-dom/cjs/react-dom-client.development.js:13249:29) undefined
Error: Not implemented: window.scrollTo
    at module.exports (/home/siegfriedneto/projects/servicedeskn1/frontend/app/node_modules/jsdom/lib/jsdom/browser/not-implemented.js:9:17)
    at /home/siegfriedneto/projects/servicedeskn1/frontend/app/node_modules/jsdom/lib/jsdom/browser/Window.js:960:7
    at Object.fn (file:///home/siegfriedneto/projects/servicedeskn1/frontend/app/node_modules/@tanstack/router-core/dist/esm/scroll-restoration.js:180:27)
    at RouterCore.emit (file:///home/siegfriedneto/projects/servicedeskn1/frontend/app/node_modules/@tanstack/router-core/dist/esm/router.js:178:14)
    at file:///home/siegfriedneto/projects/servicedeskn1/frontend/app/node_modules/@tanstack/react-router/dist/esm/Transitioner.js:46:25
    at settleOwner (file:///home/siegfriedneto/projects/servicedeskn1/frontend/app/node_modules/@tanstack/react-router/dist/esm/Transitioner.js:10:10)
    at file:///home/siegfriedneto/projects/servicedeskn1/frontend/app/node_modules/@tanstack/react-router/dist/esm/Matches.js:38:39
    at Object.react_stack_bottom_frame (/home/siegfriedneto/projects/servicedeskn1/frontend/app/node_modules/react-dom/cjs/react-dom-client.development.js:25989:20)
    at runWithFiberInDEV (/home/siegfriedneto/projects/servicedeskn1/frontend/app/node_modules/react-dom/cjs/react-dom-client.development.js:874:13)
    at commitHookEffectListMount (/home/siegfriedneto/projects/servicedeskn1/frontend/app/node_modules/react-dom/cjs/react-dom-client.development.js:13249:29) undefined
Error: Not implemented: window.scrollTo
    at module.exports (/home/siegfriedneto/projects/servicedeskn1/frontend/app/node_modules/jsdom/lib/jsdom/browser/not-implemented.js:9:17)
    at /home/siegfriedneto/projects/servicedeskn1/frontend/app/node_modules/jsdom/lib/jsdom/browser/Window.js:960:7
    at Object.fn (file:///home/siegfriedneto/projects/servicedeskn1/frontend/app/node_modules/@tanstack/router-core/dist/esm/scroll-restoration.js:180:27)
    at RouterCore.emit (file:///home/siegfriedneto/projects/servicedeskn1/frontend/app/node_modules/@tanstack/router-core/dist/esm/router.js:178:14)
    at file:///home/siegfriedneto/projects/servicedeskn1/frontend/app/node_modules/@tanstack/react-router/dist/esm/Transitioner.js:46:25
    at settleOwner (file:///home/siegfriedneto/projects/servicedeskn1/frontend/app/node_modules/@tanstack/react-router/dist/esm/Transitioner.js:10:10)
    at file:///home/siegfriedneto/projects/servicedeskn1/frontend/app/node_modules/@tanstack/react-router/dist/esm/Matches.js:38:39
    at Object.react_stack_bottom_frame (/home/siegfriedneto/projects/servicedeskn1/frontend/app/node_modules/react-dom/cjs/react-dom-client.development.js:25989:20)
    at runWithFiberInDEV (/home/siegfriedneto/projects/servicedeskn1/frontend/app/node_modules/react-dom/cjs/react-dom-client.development.js:874:13)
    at commitHookEffectListMount (/home/siegfriedneto/projects/servicedeskn1/frontend/app/node_modules/react-dom/cjs/react-dom-client.development.js:13249:29) undefined
Error: Not implemented: window.scrollTo
    at module.exports (/home/siegfriedneto/projects/servicedeskn1/frontend/app/node_modules/jsdom/lib/jsdom/browser/not-implemented.js:9:17)
    at /home/siegfriedneto/projects/servicedeskn1/frontend/app/node_modules/jsdom/lib/jsdom/browser/Window.js:960:7
    at Object.fn (file:///home/siegfriedneto/projects/servicedeskn1/frontend/app/node_modules/@tanstack/router-core/dist/esm/scroll-restoration.js:180:27)
    at RouterCore.emit (file:///home/siegfriedneto/projects/servicedeskn1/frontend/app/node_modules/@tanstack/router-core/dist/esm/router.js:178:14)
    at file:///home/siegfriedneto/projects/servicedeskn1/frontend/app/node_modules/@tanstack/router-core/dist/esm/load-client.js:943:46
    at Router.batch (file:///home/siegfriedneto/projects/servicedeskn1/frontend/app/node_modules/@tanstack/store/dist/esm/atom.js:39:5)
    at file:///home/siegfriedneto/projects/servicedeskn1/frontend/app/node_modules/@tanstack/router-core/dist/esm/load-client.js:936:10
    at runClientTransaction (file:///home/siegfriedneto/projects/servicedeskn1/frontend/app/node_modules/@tanstack/router-core/dist/esm/load-client.js:902:2)
    at loadClientRoute (file:///home/siegfriedneto/projects/servicedeskn1/frontend/app/node_modules/@tanstack/router-core/dist/esm/load-client.js:1034:2)
    at RouterCore.load (file:///home/siegfriedneto/projects/servicedeskn1/frontend/app/node_modules/@tanstack/router-core/dist/esm/router.js:489:4) undefined
Error: Not implemented: window.scrollTo
    at module.exports (/home/siegfriedneto/projects/servicedeskn1/frontend/app/node_modules/jsdom/lib/jsdom/browser/not-implemented.js:9:17)
    at /home/siegfriedneto/projects/servicedeskn1/frontend/app/node_modules/jsdom/lib/jsdom/browser/Window.js:960:7
    at Object.fn (file:///home/siegfriedneto/projects/servicedeskn1/frontend/app/node_modules/@tanstack/router-core/dist/esm/scroll-restoration.js:180:27)
    at RouterCore.emit (file:///home/siegfriedneto/projects/servicedeskn1/frontend/app/node_modules/@tanstack/router-core/dist/esm/router.js:178:14)
    at file:///home/siegfriedneto/projects/servicedeskn1/frontend/app/node_modules/@tanstack/react-router/dist/esm/Transitioner.js:46:25
    at settleOwner (file:///home/siegfriedneto/projects/servicedeskn1/frontend/app/node_modules/@tanstack/react-router/dist/esm/Transitioner.js:10:10)
    at file:///home/siegfriedneto/projects/servicedeskn1/frontend/app/node_modules/@tanstack/react-router/dist/esm/Matches.js:38:39
    at Object.react_stack_bottom_frame (/home/siegfriedneto/projects/servicedeskn1/frontend/app/node_modules/react-dom/cjs/react-dom-client.development.js:25989:20)
    at runWithFiberInDEV (/home/siegfriedneto/projects/servicedeskn1/frontend/app/node_modules/react-dom/cjs/react-dom-client.development.js:874:13)
    at commitHookEffectListMount (/home/siegfriedneto/projects/servicedeskn1/frontend/app/node_modules/react-dom/cjs/react-dom-client.development.js:13249:29) undefined
Error: Not implemented: window.scrollTo
    at module.exports (/home/siegfriedneto/projects/servicedeskn1/frontend/app/node_modules/jsdom/lib/jsdom/browser/not-implemented.js:9:17)
    at /home/siegfriedneto/projects/servicedeskn1/frontend/app/node_modules/jsdom/lib/jsdom/browser/Window.js:960:7
    at Object.fn (file:///home/siegfriedneto/projects/servicedeskn1/frontend/app/node_modules/@tanstack/router-core/dist/esm/scroll-restoration.js:180:27)
    at RouterCore.emit (file:///home/siegfriedneto/projects/servicedeskn1/frontend/app/node_modules/@tanstack/router-core/dist/esm/router.js:178:14)
    at file:///home/siegfriedneto/projects/servicedeskn1/frontend/app/node_modules/@tanstack/router-core/dist/esm/load-client.js:943:46
    at Router.batch (file:///home/siegfriedneto/projects/servicedeskn1/frontend/app/node_modules/@tanstack/store/dist/esm/atom.js:39:5)
    at file:///home/siegfriedneto/projects/servicedeskn1/frontend/app/node_modules/@tanstack/router-core/dist/esm/load-client.js:936:10
    at runClientTransaction (file:///home/siegfriedneto/projects/servicedeskn1/frontend/app/node_modules/@tanstack/router-core/dist/esm/load-client.js:902:2)
    at loadClientRoute (file:///home/siegfriedneto/projects/servicedeskn1/frontend/app/node_modules/@tanstack/router-core/dist/esm/load-client.js:1034:2)
    at RouterCore.load (file:///home/siegfriedneto/projects/servicedeskn1/frontend/app/node_modules/@tanstack/router-core/dist/esm/router.js:489:4) undefined
Error: Not implemented: window.scrollTo
    at module.exports (/home/siegfriedneto/projects/servicedeskn1/frontend/app/node_modules/jsdom/lib/jsdom/browser/not-implemented.js:9:17)
    at /home/siegfriedneto/projects/servicedeskn1/frontend/app/node_modules/jsdom/lib/jsdom/browser/Window.js:960:7
    at Object.fn (file:///home/siegfriedneto/projects/servicedeskn1/frontend/app/node_modules/@tanstack/router-core/dist/esm/scroll-restoration.js:180:27)
    at RouterCore.emit (file:///home/siegfriedneto/projects/servicedeskn1/frontend/app/node_modules/@tanstack/router-core/dist/esm/router.js:178:14)
    at file:///home/siegfriedneto/projects/servicedeskn1/frontend/app/node_modules/@tanstack/react-router/dist/esm/Transitioner.js:46:25
    at settleOwner (file:///home/siegfriedneto/projects/servicedeskn1/frontend/app/node_modules/@tanstack/react-router/dist/esm/Transitioner.js:10:10)
    at file:///home/siegfriedneto/projects/servicedeskn1/frontend/app/node_modules/@tanstack/react-router/dist/esm/Matches.js:38:39
    at Object.react_stack_bottom_frame (/home/siegfriedneto/projects/servicedeskn1/frontend/app/node_modules/react-dom/cjs/react-dom-client.development.js:25989:20)
    at runWithFiberInDEV (/home/siegfriedneto/projects/servicedeskn1/frontend/app/node_modules/react-dom/cjs/react-dom-client.development.js:874:13)
    at commitHookEffectListMount (/home/siegfriedneto/projects/servicedeskn1/frontend/app/node_modules/react-dom/cjs/react-dom-client.development.js:13249:29) undefined
Error: Not implemented: window.scrollTo
    at module.exports (/home/siegfriedneto/projects/servicedeskn1/frontend/app/node_modules/jsdom/lib/jsdom/browser/not-implemented.js:9:17)
    at /home/siegfriedneto/projects/servicedeskn1/frontend/app/node_modules/jsdom/lib/jsdom/browser/Window.js:960:7
    at Object.fn (file:///home/siegfriedneto/projects/servicedeskn1/frontend/app/node_modules/@tanstack/router-core/dist/esm/scroll-restoration.js:180:27)
    at RouterCore.emit (file:///home/siegfriedneto/projects/servicedeskn1/frontend/app/node_modules/@tanstack/router-core/dist/esm/router.js:178:14)
    at file:///home/siegfriedneto/projects/servicedeskn1/frontend/app/node_modules/@tanstack/react-router/dist/esm/Transitioner.js:46:25
    at settleOwner (file:///home/siegfriedneto/projects/servicedeskn1/frontend/app/node_modules/@tanstack/react-router/dist/esm/Transitioner.js:10:10)
    at file:///home/siegfriedneto/projects/servicedeskn1/frontend/app/node_modules/@tanstack/react-router/dist/esm/Matches.js:38:39
    at Object.react_stack_bottom_frame (/home/siegfriedneto/projects/servicedeskn1/frontend/app/node_modules/react-dom/cjs/react-dom-client.development.js:25989:20)
    at runWithFiberInDEV (/home/siegfriedneto/projects/servicedeskn1/frontend/app/node_modules/react-dom/cjs/react-dom-client.development.js:874:13)
    at commitHookEffectListMount (/home/siegfriedneto/projects/servicedeskn1/frontend/app/node_modules/react-dom/cjs/react-dom-client.development.js:13249:29) undefined
Error: Not implemented: window.scrollTo
    at module.exports (/home/siegfriedneto/projects/servicedeskn1/frontend/app/node_modules/jsdom/lib/jsdom/browser/not-implemented.js:9:17)
    at /home/siegfriedneto/projects/servicedeskn1/frontend/app/node_modules/jsdom/lib/jsdom/browser/Window.js:960:7
    at Object.fn (file:///home/siegfriedneto/projects/servicedeskn1/frontend/app/node_modules/@tanstack/router-core/dist/esm/scroll-restoration.js:180:27)
    at RouterCore.emit (file:///home/siegfriedneto/projects/servicedeskn1/frontend/app/node_modules/@tanstack/router-core/dist/esm/router.js:178:14)
    at file:///home/siegfriedneto/projects/servicedeskn1/frontend/app/node_modules/@tanstack/react-router/dist/esm/Transitioner.js:46:25
    at settleOwner (file:///home/siegfriedneto/projects/servicedeskn1/frontend/app/node_modules/@tanstack/react-router/dist/esm/Transitioner.js:10:10)
    at file:///home/siegfriedneto/projects/servicedeskn1/frontend/app/node_modules/@tanstack/react-router/dist/esm/Matches.js:38:39
    at Object.react_stack_bottom_frame (/home/siegfriedneto/projects/servicedeskn1/frontend/app/node_modules/react-dom/cjs/react-dom-client.development.js:25989:20)
    at runWithFiberInDEV (/home/siegfriedneto/projects/servicedeskn1/frontend/app/node_modules/react-dom/cjs/react-dom-client.development.js:874:13)
    at commitHookEffectListMount (/home/siegfriedneto/projects/servicedeskn1/frontend/app/node_modules/react-dom/cjs/react-dom-client.development.js:13249:29) undefined
Error: Not implemented: window.scrollTo
    at module.exports (/home/siegfriedneto/projects/servicedeskn1/frontend/app/node_modules/jsdom/lib/jsdom/browser/not-implemented.js:9:17)
    at /home/siegfriedneto/projects/servicedeskn1/frontend/app/node_modules/jsdom/lib/jsdom/browser/Window.js:960:7
    at Object.fn (file:///home/siegfriedneto/projects/servicedeskn1/frontend/app/node_modules/@tanstack/router-core/dist/esm/scroll-restoration.js:180:27)
    at RouterCore.emit (file:///home/siegfriedneto/projects/servicedeskn1/frontend/app/node_modules/@tanstack/router-core/dist/esm/router.js:178:14)
    at file:///home/siegfriedneto/projects/servicedeskn1/frontend/app/node_modules/@tanstack/router-core/dist/esm/load-client.js:943:46
    at Router.batch (file:///home/siegfriedneto/projects/servicedeskn1/frontend/app/node_modules/@tanstack/store/dist/esm/atom.js:39:5)
    at file:///home/siegfriedneto/projects/servicedeskn1/frontend/app/node_modules/@tanstack/router-core/dist/esm/load-client.js:936:10
    at runClientTransaction (file:///home/siegfriedneto/projects/servicedeskn1/frontend/app/node_modules/@tanstack/router-core/dist/esm/load-client.js:902:2)
    at loadClientRoute (file:///home/siegfriedneto/projects/servicedeskn1/frontend/app/node_modules/@tanstack/router-core/dist/esm/load-client.js:1034:2)
    at RouterCore.load (file:///home/siegfriedneto/projects/servicedeskn1/frontend/app/node_modules/@tanstack/router-core/dist/esm/router.js:489:4) undefined
Error: Not implemented: window.scrollTo
    at module.exports (/home/siegfriedneto/projects/servicedeskn1/frontend/app/node_modules/jsdom/lib/jsdom/browser/not-implemented.js:9:17)
    at /home/siegfriedneto/projects/servicedeskn1/frontend/app/node_modules/jsdom/lib/jsdom/browser/Window.js:960:7
    at Object.fn (file:///home/siegfriedneto/projects/servicedeskn1/frontend/app/node_modules/@tanstack/router-core/dist/esm/scroll-restoration.js:180:27)
    at RouterCore.emit (file:///home/siegfriedneto/projects/servicedeskn1/frontend/app/node_modules/@tanstack/router-core/dist/esm/router.js:178:14)
    at file:///home/siegfriedneto/projects/servicedeskn1/frontend/app/node_modules/@tanstack/react-router/dist/esm/Transitioner.js:46:25
    at settleOwner (file:///home/siegfriedneto/projects/servicedeskn1/frontend/app/node_modules/@tanstack/react-router/dist/esm/Transitioner.js:10:10)
    at file:///home/siegfriedneto/projects/servicedeskn1/frontend/app/node_modules/@tanstack/react-router/dist/esm/Matches.js:38:39
    at Object.react_stack_bottom_frame (/home/siegfriedneto/projects/servicedeskn1/frontend/app/node_modules/react-dom/cjs/react-dom-client.development.js:25989:20)
    at runWithFiberInDEV (/home/siegfriedneto/projects/servicedeskn1/frontend/app/node_modules/react-dom/cjs/react-dom-client.development.js:874:13)
    at commitHookEffectListMount (/home/siegfriedneto/projects/servicedeskn1/frontend/app/node_modules/react-dom/cjs/react-dom-client.development.js:13249:29) undefined
Error: Not implemented: window.scrollTo
    at module.exports (/home/siegfriedneto/projects/servicedeskn1/frontend/app/node_modules/jsdom/lib/jsdom/browser/not-implemented.js:9:17)
    at /home/siegfriedneto/projects/servicedeskn1/frontend/app/node_modules/jsdom/lib/jsdom/browser/Window.js:960:7
    at Object.fn (file:///home/siegfriedneto/projects/servicedeskn1/frontend/app/node_modules/@tanstack/router-core/dist/esm/scroll-restoration.js:180:27)
    at RouterCore.emit (file:///home/siegfriedneto/projects/servicedeskn1/frontend/app/node_modules/@tanstack/router-core/dist/esm/router.js:178:14)
    at file:///home/siegfriedneto/projects/servicedeskn1/frontend/app/node_modules/@tanstack/router-core/dist/esm/load-client.js:943:46
    at Router.batch (file:///home/siegfriedneto/projects/servicedeskn1/frontend/app/node_modules/@tanstack/store/dist/esm/atom.js:39:5)
    at file:///home/siegfriedneto/projects/servicedeskn1/frontend/app/node_modules/@tanstack/router-core/dist/esm/load-client.js:936:10
    at runClientTransaction (file:///home/siegfriedneto/projects/servicedeskn1/frontend/app/node_modules/@tanstack/router-core/dist/esm/load-client.js:902:2)
    at loadClientRoute (file:///home/siegfriedneto/projects/servicedeskn1/frontend/app/node_modules/@tanstack/router-core/dist/esm/load-client.js:1034:2)
    at RouterCore.load (file:///home/siegfriedneto/projects/servicedeskn1/frontend/app/node_modules/@tanstack/router-core/dist/esm/router.js:489:4) undefined
Error: Not implemented: window.scrollTo
    at module.exports (/home/siegfriedneto/projects/servicedeskn1/frontend/app/node_modules/jsdom/lib/jsdom/browser/not-implemented.js:9:17)
    at /home/siegfriedneto/projects/servicedeskn1/frontend/app/node_modules/jsdom/lib/jsdom/browser/Window.js:960:7
    at Object.fn (file:///home/siegfriedneto/projects/servicedeskn1/frontend/app/node_modules/@tanstack/router-core/dist/esm/scroll-restoration.js:180:27)
    at RouterCore.emit (file:///home/siegfriedneto/projects/servicedeskn1/frontend/app/node_modules/@tanstack/router-core/dist/esm/router.js:178:14)
    at file:///home/siegfriedneto/projects/servicedeskn1/frontend/app/node_modules/@tanstack/react-router/dist/esm/Transitioner.js:46:25
    at settleOwner (file:///home/siegfriedneto/projects/servicedeskn1/frontend/app/node_modules/@tanstack/react-router/dist/esm/Transitioner.js:10:10)
    at file:///home/siegfriedneto/projects/servicedeskn1/frontend/app/node_modules/@tanstack/react-router/dist/esm/Matches.js:38:39
    at Object.react_stack_bottom_frame (/home/siegfriedneto/projects/servicedeskn1/frontend/app/node_modules/react-dom/cjs/react-dom-client.development.js:25989:20)
    at runWithFiberInDEV (/home/siegfriedneto/projects/servicedeskn1/frontend/app/node_modules/react-dom/cjs/react-dom-client.development.js:874:13)
    at commitHookEffectListMount (/home/siegfriedneto/projects/servicedeskn1/frontend/app/node_modules/react-dom/cjs/react-dom-client.development.js:13249:29) undefined
Error: Not implemented: window.scrollTo
    at module.exports (/home/siegfriedneto/projects/servicedeskn1/frontend/app/node_modules/jsdom/lib/jsdom/browser/not-implemented.js:9:17)
    at /home/siegfriedneto/projects/servicedeskn1/frontend/app/node_modules/jsdom/lib/jsdom/browser/Window.js:960:7
    at Object.fn (file:///home/siegfriedneto/projects/servicedeskn1/frontend/app/node_modules/@tanstack/router-core/dist/esm/scroll-restoration.js:180:27)
    at RouterCore.emit (file:///home/siegfriedneto/projects/servicedeskn1/frontend/app/node_modules/@tanstack/router-core/dist/esm/router.js:178:14)
    at file:///home/siegfriedneto/projects/servicedeskn1/frontend/app/node_modules/@tanstack/react-router/dist/esm/Transitioner.js:46:25
    at settleOwner (file:///home/siegfriedneto/projects/servicedeskn1/frontend/app/node_modules/@tanstack/react-router/dist/esm/Transitioner.js:10:10)
    at file:///home/siegfriedneto/projects/servicedeskn1/frontend/app/node_modules/@tanstack/react-router/dist/esm/Matches.js:38:39
    at Object.react_stack_bottom_frame (/home/siegfriedneto/projects/servicedeskn1/frontend/app/node_modules/react-dom/cjs/react-dom-client.development.js:25989:20)
    at runWithFiberInDEV (/home/siegfriedneto/projects/servicedeskn1/frontend/app/node_modules/react-dom/cjs/react-dom-client.development.js:874:13)
    at commitHookEffectListMount (/home/siegfriedneto/projects/servicedeskn1/frontend/app/node_modules/react-dom/cjs/react-dom-client.development.js:13249:29) undefined
Error: Not implemented: window.scrollTo
    at module.exports (/home/siegfriedneto/projects/servicedeskn1/frontend/app/node_modules/jsdom/lib/jsdom/browser/not-implemented.js:9:17)
    at /home/siegfriedneto/projects/servicedeskn1/frontend/app/node_modules/jsdom/lib/jsdom/browser/Window.js:960:7
    at Object.fn (file:///home/siegfriedneto/projects/servicedeskn1/frontend/app/node_modules/@tanstack/router-core/dist/esm/scroll-restoration.js:180:27)
    at RouterCore.emit (file:///home/siegfriedneto/projects/servicedeskn1/frontend/app/node_modules/@tanstack/router-core/dist/esm/router.js:178:14)
    at file:///home/siegfriedneto/projects/servicedeskn1/frontend/app/node_modules/@tanstack/react-router/dist/esm/Transitioner.js:46:25
    at settleOwner (file:///home/siegfriedneto/projects/servicedeskn1/frontend/app/node_modules/@tanstack/react-router/dist/esm/Transitioner.js:10:10)
    at file:///home/siegfriedneto/projects/servicedeskn1/frontend/app/node_modules/@tanstack/react-router/dist/esm/Matches.js:38:39
    at Object.react_stack_bottom_frame (/home/siegfriedneto/projects/servicedeskn1/frontend/app/node_modules/react-dom/cjs/react-dom-client.development.js:25989:20)
    at runWithFiberInDEV (/home/siegfriedneto/projects/servicedeskn1/frontend/app/node_modules/react-dom/cjs/react-dom-client.development.js:874:13)
    at commitHookEffectListMount (/home/siegfriedneto/projects/servicedeskn1/frontend/app/node_modules/react-dom/cjs/react-dom-client.development.js:13249:29) undefined
Error: Not implemented: window.scrollTo
    at module.exports (/home/siegfriedneto/projects/servicedeskn1/frontend/app/node_modules/jsdom/lib/jsdom/browser/not-implemented.js:9:17)
    at /home/siegfriedneto/projects/servicedeskn1/frontend/app/node_modules/jsdom/lib/jsdom/browser/Window.js:960:7
    at Object.fn (file:///home/siegfriedneto/projects/servicedeskn1/frontend/app/node_modules/@tanstack/router-core/dist/esm/scroll-restoration.js:180:27)
    at RouterCore.emit (file:///home/siegfriedneto/projects/servicedeskn1/frontend/app/node_modules/@tanstack/router-core/dist/esm/router.js:178:14)
    at file:///home/siegfriedneto/projects/servicedeskn1/frontend/app/node_modules/@tanstack/react-router/dist/esm/Transitioner.js:46:25
    at settleOwner (file:///home/siegfriedneto/projects/servicedeskn1/frontend/app/node_modules/@tanstack/react-router/dist/esm/Transitioner.js:10:10)
    at file:///home/siegfriedneto/projects/servicedeskn1/frontend/app/node_modules/@tanstack/react-router/dist/esm/Matches.js:38:39
    at Object.react_stack_bottom_frame (/home/siegfriedneto/projects/servicedeskn1/frontend/app/node_modules/react-dom/cjs/react-dom-client.development.js:25989:20)
    at runWithFiberInDEV (/home/siegfriedneto/projects/servicedeskn1/frontend/app/node_modules/react-dom/cjs/react-dom-client.development.js:874:13)
    at commitHookEffectListMount (/home/siegfriedneto/projects/servicedeskn1/frontend/app/node_modules/react-dom/cjs/react-dom-client.development.js:13249:29) undefined
Error: Not implemented: window.scrollTo
    at module.exports (/home/siegfriedneto/projects/servicedeskn1/frontend/app/node_modules/jsdom/lib/jsdom/browser/not-implemented.js:9:17)
    at /home/siegfriedneto/projects/servicedeskn1/frontend/app/node_modules/jsdom/lib/jsdom/browser/Window.js:960:7
    at Object.fn (file:///home/siegfriedneto/projects/servicedeskn1/frontend/app/node_modules/@tanstack/router-core/dist/esm/scroll-restoration.js:180:27)
    at RouterCore.emit (file:///home/siegfriedneto/projects/servicedeskn1/frontend/app/node_modules/@tanstack/router-core/dist/esm/router.js:178:14)
    at file:///home/siegfriedneto/projects/servicedeskn1/frontend/app/node_modules/@tanstack/react-router/dist/esm/Transitioner.js:46:25
    at settleOwner (file:///home/siegfriedneto/projects/servicedeskn1/frontend/app/node_modules/@tanstack/react-router/dist/esm/Transitioner.js:10:10)
    at file:///home/siegfriedneto/projects/servicedeskn1/frontend/app/node_modules/@tanstack/react-router/dist/esm/Matches.js:38:39
    at Object.react_stack_bottom_frame (/home/siegfriedneto/projects/servicedeskn1/frontend/app/node_modules/react-dom/cjs/react-dom-client.development.js:25989:20)
    at runWithFiberInDEV (/home/siegfriedneto/projects/servicedeskn1/frontend/app/node_modules/react-dom/cjs/react-dom-client.development.js:874:13)
    at commitHookEffectListMount (/home/siegfriedneto/projects/servicedeskn1/frontend/app/node_modules/react-dom/cjs/react-dom-client.development.js:13249:29) undefined
Error: Not implemented: window.scrollTo
    at module.exports (/home/siegfriedneto/projects/servicedeskn1/frontend/app/node_modules/jsdom/lib/jsdom/browser/not-implemented.js:9:17)
    at /home/siegfriedneto/projects/servicedeskn1/frontend/app/node_modules/jsdom/lib/jsdom/browser/Window.js:960:7
    at Object.fn (file:///home/siegfriedneto/projects/servicedeskn1/frontend/app/node_modules/@tanstack/router-core/dist/esm/scroll-restoration.js:180:27)
    at RouterCore.emit (file:///home/siegfriedneto/projects/servicedeskn1/frontend/app/node_modules/@tanstack/router-core/dist/esm/router.js:178:14)
    at file:///home/siegfriedneto/projects/servicedeskn1/frontend/app/node_modules/@tanstack/react-router/dist/esm/Transitioner.js:46:25
    at settleOwner (file:///home/siegfriedneto/projects/servicedeskn1/frontend/app/node_modules/@tanstack/react-router/dist/esm/Transitioner.js:10:10)
    at file:///home/siegfriedneto/projects/servicedeskn1/frontend/app/node_modules/@tanstack/react-router/dist/esm/Matches.js:38:39
    at Object.react_stack_bottom_frame (/home/siegfriedneto/projects/servicedeskn1/frontend/app/node_modules/react-dom/cjs/react-dom-client.development.js:25989:20)
    at runWithFiberInDEV (/home/siegfriedneto/projects/servicedeskn1/frontend/app/node_modules/react-dom/cjs/react-dom-client.development.js:874:13)
    at commitHookEffectListMount (/home/siegfriedneto/projects/servicedeskn1/frontend/app/node_modules/react-dom/cjs/react-dom-client.development.js:13249:29) undefined
Error: Not implemented: window.scrollTo
    at module.exports (/home/siegfriedneto/projects/servicedeskn1/frontend/app/node_modules/jsdom/lib/jsdom/browser/not-implemented.js:9:17)
    at /home/siegfriedneto/projects/servicedeskn1/frontend/app/node_modules/jsdom/lib/jsdom/browser/Window.js:960:7
    at Object.fn (file:///home/siegfriedneto/projects/servicedeskn1/frontend/app/node_modules/@tanstack/router-core/dist/esm/scroll-restoration.js:180:27)
    at RouterCore.emit (file:///home/siegfriedneto/projects/servicedeskn1/frontend/app/node_modules/@tanstack/router-core/dist/esm/router.js:178:14)
    at file:///home/siegfriedneto/projects/servicedeskn1/frontend/app/node_modules/@tanstack/react-router/dist/esm/Transitioner.js:46:25
    at settleOwner (file:///home/siegfriedneto/projects/servicedeskn1/frontend/app/node_modules/@tanstack/react-router/dist/esm/Transitioner.js:10:10)
    at file:///home/siegfriedneto/projects/servicedeskn1/frontend/app/node_modules/@tanstack/react-router/dist/esm/Matches.js:38:39
    at Object.react_stack_bottom_frame (/home/siegfriedneto/projects/servicedeskn1/frontend/app/node_modules/react-dom/cjs/react-dom-client.development.js:25989:20)
    at runWithFiberInDEV (/home/siegfriedneto/projects/servicedeskn1/frontend/app/node_modules/react-dom/cjs/react-dom-client.development.js:874:13)
    at commitHookEffectListMount (/home/siegfriedneto/projects/servicedeskn1/frontend/app/node_modules/react-dom/cjs/react-dom-client.development.js:13249:29) undefined
Error: Not implemented: window.scrollTo
    at module.exports (/home/siegfriedneto/projects/servicedeskn1/frontend/app/node_modules/jsdom/lib/jsdom/browser/not-implemented.js:9:17)
    at /home/siegfriedneto/projects/servicedeskn1/frontend/app/node_modules/jsdom/lib/jsdom/browser/Window.js:960:7
    at Object.fn (file:///home/siegfriedneto/projects/servicedeskn1/frontend/app/node_modules/@tanstack/router-core/dist/esm/scroll-restoration.js:180:27)
    at RouterCore.emit (file:///home/siegfriedneto/projects/servicedeskn1/frontend/app/node_modules/@tanstack/router-core/dist/esm/router.js:178:14)
    at file:///home/siegfriedneto/projects/servicedeskn1/frontend/app/node_modules/@tanstack/react-router/dist/esm/Transitioner.js:46:25
    at settleOwner (file:///home/siegfriedneto/projects/servicedeskn1/frontend/app/node_modules/@tanstack/react-router/dist/esm/Transitioner.js:10:10)
    at file:///home/siegfriedneto/projects/servicedeskn1/frontend/app/node_modules/@tanstack/react-router/dist/esm/Matches.js:38:39
    at Object.react_stack_bottom_frame (/home/siegfriedneto/projects/servicedeskn1/frontend/app/node_modules/react-dom/cjs/react-dom-client.development.js:25989:20)
    at runWithFiberInDEV (/home/siegfriedneto/projects/servicedeskn1/frontend/app/node_modules/react-dom/cjs/react-dom-client.development.js:874:13)
    at commitHookEffectListMount (/home/siegfriedneto/projects/servicedeskn1/frontend/app/node_modules/react-dom/cjs/react-dom-client.development.js:13249:29) undefined
Error: Not implemented: window.scrollTo
    at module.exports (/home/siegfriedneto/projects/servicedeskn1/frontend/app/node_modules/jsdom/lib/jsdom/browser/not-implemented.js:9:17)
    at /home/siegfriedneto/projects/servicedeskn1/frontend/app/node_modules/jsdom/lib/jsdom/browser/Window.js:960:7
    at Object.fn (file:///home/siegfriedneto/projects/servicedeskn1/frontend/app/node_modules/@tanstack/router-core/dist/esm/scroll-restoration.js:180:27)
    at RouterCore.emit (file:///home/siegfriedneto/projects/servicedeskn1/frontend/app/node_modules/@tanstack/router-core/dist/esm/router.js:178:14)
    at file:///home/siegfriedneto/projects/servicedeskn1/frontend/app/node_modules/@tanstack/react-router/dist/esm/Transitioner.js:46:25
    at settleOwner (file:///home/siegfriedneto/projects/servicedeskn1/frontend/app/node_modules/@tanstack/react-router/dist/esm/Transitioner.js:10:10)
    at file:///home/siegfriedneto/projects/servicedeskn1/frontend/app/node_modules/@tanstack/react-router/dist/esm/Matches.js:38:39
    at Object.react_stack_bottom_frame (/home/siegfriedneto/projects/servicedeskn1/frontend/app/node_modules/react-dom/cjs/react-dom-client.development.js:25989:20)
    at runWithFiberInDEV (/home/siegfriedneto/projects/servicedeskn1/frontend/app/node_modules/react-dom/cjs/react-dom-client.development.js:874:13)
    at commitHookEffectListMount (/home/siegfriedneto/projects/servicedeskn1/frontend/app/node_modules/react-dom/cjs/react-dom-client.development.js:13249:29) undefined
Error: Not implemented: window.scrollTo
    at module.exports (/home/siegfriedneto/projects/servicedeskn1/frontend/app/node_modules/jsdom/lib/jsdom/browser/not-implemented.js:9:17)
    at /home/siegfriedneto/projects/servicedeskn1/frontend/app/node_modules/jsdom/lib/jsdom/browser/Window.js:960:7
    at Object.fn (file:///home/siegfriedneto/projects/servicedeskn1/frontend/app/node_modules/@tanstack/router-core/dist/esm/scroll-restoration.js:180:27)
    at RouterCore.emit (file:///home/siegfriedneto/projects/servicedeskn1/frontend/app/node_modules/@tanstack/router-core/dist/esm/router.js:178:14)
    at file:///home/siegfriedneto/projects/servicedeskn1/frontend/app/node_modules/@tanstack/react-router/dist/esm/Transitioner.js:46:25
    at settleOwner (file:///home/siegfriedneto/projects/servicedeskn1/frontend/app/node_modules/@tanstack/react-router/dist/esm/Transitioner.js:10:10)
    at file:///home/siegfriedneto/projects/servicedeskn1/frontend/app/node_modules/@tanstack/react-router/dist/esm/Matches.js:38:39
    at Object.react_stack_bottom_frame (/home/siegfriedneto/projects/servicedeskn1/frontend/app/node_modules/react-dom/cjs/react-dom-client.development.js:25989:20)
    at runWithFiberInDEV (/home/siegfriedneto/projects/servicedeskn1/frontend/app/node_modules/react-dom/cjs/react-dom-client.development.js:874:13)
    at commitHookEffectListMount (/home/siegfriedneto/projects/servicedeskn1/frontend/app/node_modules/react-dom/cjs/react-dom-client.development.js:13249:29) undefined
Error: Not implemented: window.scrollTo
    at module.exports (/home/siegfriedneto/projects/servicedeskn1/frontend/app/node_modules/jsdom/lib/jsdom/browser/not-implemented.js:9:17)
    at /home/siegfriedneto/projects/servicedeskn1/frontend/app/node_modules/jsdom/lib/jsdom/browser/Window.js:960:7
    at Object.fn (file:///home/siegfriedneto/projects/servicedeskn1/frontend/app/node_modules/@tanstack/router-core/dist/esm/scroll-restoration.js:180:27)
    at RouterCore.emit (file:///home/siegfriedneto/projects/servicedeskn1/frontend/app/node_modules/@tanstack/router-core/dist/esm/router.js:178:14)
    at file:///home/siegfriedneto/projects/servicedeskn1/frontend/app/node_modules/@tanstack/react-router/dist/esm/Transitioner.js:46:25
    at settleOwner (file:///home/siegfriedneto/projects/servicedeskn1/frontend/app/node_modules/@tanstack/react-router/dist/esm/Transitioner.js:10:10)
    at file:///home/siegfriedneto/projects/servicedeskn1/frontend/app/node_modules/@tanstack/react-router/dist/esm/Matches.js:38:39
    at Object.react_stack_bottom_frame (/home/siegfriedneto/projects/servicedeskn1/frontend/app/node_modules/react-dom/cjs/react-dom-client.development.js:25989:20)
    at runWithFiberInDEV (/home/siegfriedneto/projects/servicedeskn1/frontend/app/node_modules/react-dom/cjs/react-dom-client.development.js:874:13)
    at commitHookEffectListMount (/home/siegfriedneto/projects/servicedeskn1/frontend/app/node_modules/react-dom/cjs/react-dom-client.development.js:13249:29) undefined
Error: Not implemented: window.scrollTo
    at module.exports (/home/siegfriedneto/projects/servicedeskn1/frontend/app/node_modules/jsdom/lib/jsdom/browser/not-implemented.js:9:17)
    at /home/siegfriedneto/projects/servicedeskn1/frontend/app/node_modules/jsdom/lib/jsdom/browser/Window.js:960:7
    at Object.fn (file:///home/siegfriedneto/projects/servicedeskn1/frontend/app/node_modules/@tanstack/router-core/dist/esm/scroll-restoration.js:180:27)
    at RouterCore.emit (file:///home/siegfriedneto/projects/servicedeskn1/frontend/app/node_modules/@tanstack/router-core/dist/esm/router.js:178:14)
    at file:///home/siegfriedneto/projects/servicedeskn1/frontend/app/node_modules/@tanstack/react-router/dist/esm/Transitioner.js:46:25
    at settleOwner (file:///home/siegfriedneto/projects/servicedeskn1/frontend/app/node_modules/@tanstack/react-router/dist/esm/Transitioner.js:10:10)
    at file:///home/siegfriedneto/projects/servicedeskn1/frontend/app/node_modules/@tanstack/react-router/dist/esm/Matches.js:38:39
    at Object.react_stack_bottom_frame (/home/siegfriedneto/projects/servicedeskn1/frontend/app/node_modules/react-dom/cjs/react-dom-client.development.js:25989:20)
    at runWithFiberInDEV (/home/siegfriedneto/projects/servicedeskn1/frontend/app/node_modules/react-dom/cjs/react-dom-client.development.js:874:13)
    at commitHookEffectListMount (/home/siegfriedneto/projects/servicedeskn1/frontend/app/node_modules/react-dom/cjs/react-dom-client.development.js:13249:29) undefined
Error: Not implemented: window.scrollTo
    at module.exports (/home/siegfriedneto/projects/servicedeskn1/frontend/app/node_modules/jsdom/lib/jsdom/browser/not-implemented.js:9:17)
    at /home/siegfriedneto/projects/servicedeskn1/frontend/app/node_modules/jsdom/lib/jsdom/browser/Window.js:960:7
    at Object.fn (file:///home/siegfriedneto/projects/servicedeskn1/frontend/app/node_modules/@tanstack/router-core/dist/esm/scroll-restoration.js:180:27)
    at RouterCore.emit (file:///home/siegfriedneto/projects/servicedeskn1/frontend/app/node_modules/@tanstack/router-core/dist/esm/router.js:178:14)
    at file:///home/siegfriedneto/projects/servicedeskn1/frontend/app/node_modules/@tanstack/react-router/dist/esm/Transitioner.js:46:25
    at settleOwner (file:///home/siegfriedneto/projects/servicedeskn1/frontend/app/node_modules/@tanstack/react-router/dist/esm/Transitioner.js:10:10)
    at file:///home/siegfriedneto/projects/servicedeskn1/frontend/app/node_modules/@tanstack/react-router/dist/esm/Matches.js:38:39
    at Object.react_stack_bottom_frame (/home/siegfriedneto/projects/servicedeskn1/frontend/app/node_modules/react-dom/cjs/react-dom-client.development.js:25989:20)
    at runWithFiberInDEV (/home/siegfriedneto/projects/servicedeskn1/frontend/app/node_modules/react-dom/cjs/react-dom-client.development.js:874:13)
    at commitHookEffectListMount (/home/siegfriedneto/projects/servicedeskn1/frontend/app/node_modules/react-dom/cjs/react-dom-client.development.js:13249:29) undefined
Error: Not implemented: window.scrollTo
    at module.exports (/home/siegfriedneto/projects/servicedeskn1/frontend/app/node_modules/jsdom/lib/jsdom/browser/not-implemented.js:9:17)
    at /home/siegfriedneto/projects/servicedeskn1/frontend/app/node_modules/jsdom/lib/jsdom/browser/Window.js:960:7
    at Object.fn (file:///home/siegfriedneto/projects/servicedeskn1/frontend/app/node_modules/@tanstack/router-core/dist/esm/scroll-restoration.js:180:27)
    at RouterCore.emit (file:///home/siegfriedneto/projects/servicedeskn1/frontend/app/node_modules/@tanstack/router-core/dist/esm/router.js:178:14)
    at file:///home/siegfriedneto/projects/servicedeskn1/frontend/app/node_modules/@tanstack/react-router/dist/esm/Transitioner.js:46:25
    at settleOwner (file:///home/siegfriedneto/projects/servicedeskn1/frontend/app/node_modules/@tanstack/react-router/dist/esm/Transitioner.js:10:10)
    at file:///home/siegfriedneto/projects/servicedeskn1/frontend/app/node_modules/@tanstack/react-router/dist/esm/Matches.js:38:39
    at Object.react_stack_bottom_frame (/home/siegfriedneto/projects/servicedeskn1/frontend/app/node_modules/react-dom/cjs/react-dom-client.development.js:25989:20)
    at runWithFiberInDEV (/home/siegfriedneto/projects/servicedeskn1/frontend/app/node_modules/react-dom/cjs/react-dom-client.development.js:874:13)
    at commitHookEffectListMount (/home/siegfriedneto/projects/servicedeskn1/frontend/app/node_modules/react-dom/cjs/react-dom-client.development.js:13249:29) undefined
Error: Not implemented: window.scrollTo
    at module.exports (/home/siegfriedneto/projects/servicedeskn1/frontend/app/node_modules/jsdom/lib/jsdom/browser/not-implemented.js:9:17)
    at /home/siegfriedneto/projects/servicedeskn1/frontend/app/node_modules/jsdom/lib/jsdom/browser/Window.js:960:7
    at Object.fn (file:///home/siegfriedneto/projects/servicedeskn1/frontend/app/node_modules/@tanstack/router-core/dist/esm/scroll-restoration.js:180:27)
    at RouterCore.emit (file:///home/siegfriedneto/projects/servicedeskn1/frontend/app/node_modules/@tanstack/router-core/dist/esm/router.js:178:14)
    at file:///home/siegfriedneto/projects/servicedeskn1/frontend/app/node_modules/@tanstack/react-router/dist/esm/Transitioner.js:46:25
    at settleOwner (file:///home/siegfriedneto/projects/servicedeskn1/frontend/app/node_modules/@tanstack/react-router/dist/esm/Transitioner.js:10:10)
    at file:///home/siegfriedneto/projects/servicedeskn1/frontend/app/node_modules/@tanstack/react-router/dist/esm/Matches.js:38:39
    at Object.react_stack_bottom_frame (/home/siegfriedneto/projects/servicedeskn1/frontend/app/node_modules/react-dom/cjs/react-dom-client.development.js:25989:20)
    at runWithFiberInDEV (/home/siegfriedneto/projects/servicedeskn1/frontend/app/node_modules/react-dom/cjs/react-dom-client.development.js:874:13)
    at commitHookEffectListMount (/home/siegfriedneto/projects/servicedeskn1/frontend/app/node_modules/react-dom/cjs/react-dom-client.development.js:13249:29) undefined
Error: Not implemented: window.scrollTo
    at module.exports (/home/siegfriedneto/projects/servicedeskn1/frontend/app/node_modules/jsdom/lib/jsdom/browser/not-implemented.js:9:17)
    at /home/siegfriedneto/projects/servicedeskn1/frontend/app/node_modules/jsdom/lib/jsdom/browser/Window.js:960:7
    at Object.fn (file:///home/siegfriedneto/projects/servicedeskn1/frontend/app/node_modules/@tanstack/router-core/dist/esm/scroll-restoration.js:180:27)
    at RouterCore.emit (file:///home/siegfriedneto/projects/servicedeskn1/frontend/app/node_modules/@tanstack/router-core/dist/esm/router.js:178:14)
    at file:///home/siegfriedneto/projects/servicedeskn1/frontend/app/node_modules/@tanstack/react-router/dist/esm/Transitioner.js:46:25
    at settleOwner (file:///home/siegfriedneto/projects/servicedeskn1/frontend/app/node_modules/@tanstack/react-router/dist/esm/Transitioner.js:10:10)
    at file:///home/siegfriedneto/projects/servicedeskn1/frontend/app/node_modules/@tanstack/react-router/dist/esm/Matches.js:38:39
    at Object.react_stack_bottom_frame (/home/siegfriedneto/projects/servicedeskn1/frontend/app/node_modules/react-dom/cjs/react-dom-client.development.js:25989:20)
    at runWithFiberInDEV (/home/siegfriedneto/projects/servicedeskn1/frontend/app/node_modules/react-dom/cjs/react-dom-client.development.js:874:13)
    at commitHookEffectListMount (/home/siegfriedneto/projects/servicedeskn1/frontend/app/node_modules/react-dom/cjs/react-dom-client.development.js:13249:29) undefined
Error: Not implemented: window.scrollTo
    at module.exports (/home/siegfriedneto/projects/servicedeskn1/frontend/app/node_modules/jsdom/lib/jsdom/browser/not-implemented.js:9:17)
    at /home/siegfriedneto/projects/servicedeskn1/frontend/app/node_modules/jsdom/lib/jsdom/browser/Window.js:960:7
    at Object.fn (file:///home/siegfriedneto/projects/servicedeskn1/frontend/app/node_modules/@tanstack/router-core/dist/esm/scroll-restoration.js:180:27)
    at RouterCore.emit (file:///home/siegfriedneto/projects/servicedeskn1/frontend/app/node_modules/@tanstack/router-core/dist/esm/router.js:178:14)
    at file:///home/siegfriedneto/projects/servicedeskn1/frontend/app/node_modules/@tanstack/react-router/dist/esm/Transitioner.js:46:25
    at settleOwner (file:///home/siegfriedneto/projects/servicedeskn1/frontend/app/node_modules/@tanstack/react-router/dist/esm/Transitioner.js:10:10)
    at file:///home/siegfriedneto/projects/servicedeskn1/frontend/app/node_modules/@tanstack/react-router/dist/esm/Matches.js:38:39
    at Object.react_stack_bottom_frame (/home/siegfriedneto/projects/servicedeskn1/frontend/app/node_modules/react-dom/cjs/react-dom-client.development.js:25989:20)
    at runWithFiberInDEV (/home/siegfriedneto/projects/servicedeskn1/frontend/app/node_modules/react-dom/cjs/react-dom-client.development.js:874:13)
    at commitHookEffectListMount (/home/siegfriedneto/projects/servicedeskn1/frontend/app/node_modules/react-dom/cjs/react-dom-client.development.js:13249:29) undefined
Error: Not implemented: window.scrollTo
    at module.exports (/home/siegfriedneto/projects/servicedeskn1/frontend/app/node_modules/jsdom/lib/jsdom/browser/not-implemented.js:9:17)
    at /home/siegfriedneto/projects/servicedeskn1/frontend/app/node_modules/jsdom/lib/jsdom/browser/Window.js:960:7
    at Object.fn (file:///home/siegfriedneto/projects/servicedeskn1/frontend/app/node_modules/@tanstack/router-core/dist/esm/scroll-restoration.js:180:27)
    at RouterCore.emit (file:///home/siegfriedneto/projects/servicedeskn1/frontend/app/node_modules/@tanstack/router-core/dist/esm/router.js:178:14)
    at file:///home/siegfriedneto/projects/servicedeskn1/frontend/app/node_modules/@tanstack/react-router/dist/esm/Transitioner.js:46:25
    at settleOwner (file:///home/siegfriedneto/projects/servicedeskn1/frontend/app/node_modules/@tanstack/react-router/dist/esm/Transitioner.js:10:10)
    at file:///home/siegfriedneto/projects/servicedeskn1/frontend/app/node_modules/@tanstack/react-router/dist/esm/Matches.js:38:39
    at Object.react_stack_bottom_frame (/home/siegfriedneto/projects/servicedeskn1/frontend/app/node_modules/react-dom/cjs/react-dom-client.development.js:25989:20)
    at runWithFiberInDEV (/home/siegfriedneto/projects/servicedeskn1/frontend/app/node_modules/react-dom/cjs/react-dom-client.development.js:874:13)
    at commitHookEffectListMount (/home/siegfriedneto/projects/servicedeskn1/frontend/app/node_modules/react-dom/cjs/react-dom-client.development.js:13249:29) undefined
Error: Not implemented: window.scrollTo
    at module.exports (/home/siegfriedneto/projects/servicedeskn1/frontend/app/node_modules/jsdom/lib/jsdom/browser/not-implemented.js:9:17)
    at /home/siegfriedneto/projects/servicedeskn1/frontend/app/node_modules/jsdom/lib/jsdom/browser/Window.js:960:7
    at Object.fn (file:///home/siegfriedneto/projects/servicedeskn1/frontend/app/node_modules/@tanstack/router-core/dist/esm/scroll-restoration.js:180:27)
    at RouterCore.emit (file:///home/siegfriedneto/projects/servicedeskn1/frontend/app/node_modules/@tanstack/router-core/dist/esm/router.js:178:14)
    at file:///home/siegfriedneto/projects/servicedeskn1/frontend/app/node_modules/@tanstack/react-router/dist/esm/Transitioner.js:46:25
    at settleOwner (file:///home/siegfriedneto/projects/servicedeskn1/frontend/app/node_modules/@tanstack/react-router/dist/esm/Transitioner.js:10:10)
    at file:///home/siegfriedneto/projects/servicedeskn1/frontend/app/node_modules/@tanstack/react-router/dist/esm/Matches.js:38:39
    at Object.react_stack_bottom_frame (/home/siegfriedneto/projects/servicedeskn1/frontend/app/node_modules/react-dom/cjs/react-dom-client.development.js:25989:20)
    at runWithFiberInDEV (/home/siegfriedneto/projects/servicedeskn1/frontend/app/node_modules/react-dom/cjs/react-dom-client.development.js:874:13)
    at commitHookEffectListMount (/home/siegfriedneto/projects/servicedeskn1/frontend/app/node_modules/react-dom/cjs/react-dom-client.development.js:13249:29) undefined
Error: Not implemented: window.scrollTo
    at module.exports (/home/siegfriedneto/projects/servicedeskn1/frontend/app/node_modules/jsdom/lib/jsdom/browser/not-implemented.js:9:17)
    at /home/siegfriedneto/projects/servicedeskn1/frontend/app/node_modules/jsdom/lib/jsdom/browser/Window.js:960:7
    at Object.fn (file:///home/siegfriedneto/projects/servicedeskn1/frontend/app/node_modules/@tanstack/router-core/dist/esm/scroll-restoration.js:180:27)
    at RouterCore.emit (file:///home/siegfriedneto/projects/servicedeskn1/frontend/app/node_modules/@tanstack/router-core/dist/esm/router.js:178:14)
    at file:///home/siegfriedneto/projects/servicedeskn1/frontend/app/node_modules/@tanstack/react-router/dist/esm/Transitioner.js:46:25
    at settleOwner (file:///home/siegfriedneto/projects/servicedeskn1/frontend/app/node_modules/@tanstack/react-router/dist/esm/Transitioner.js:10:10)
    at file:///home/siegfriedneto/projects/servicedeskn1/frontend/app/node_modules/@tanstack/react-router/dist/esm/Matches.js:38:39
    at Object.react_stack_bottom_frame (/home/siegfriedneto/projects/servicedeskn1/frontend/app/node_modules/react-dom/cjs/react-dom-client.development.js:25989:20)
    at runWithFiberInDEV (/home/siegfriedneto/projects/servicedeskn1/frontend/app/node_modules/react-dom/cjs/react-dom-client.development.js:874:13)
    at commitHookEffectListMount (/home/siegfriedneto/projects/servicedeskn1/frontend/app/node_modules/react-dom/cjs/react-dom-client.development.js:13249:29) undefined
Error: Not implemented: window.scrollTo
    at module.exports (/home/siegfriedneto/projects/servicedeskn1/frontend/app/node_modules/jsdom/lib/jsdom/browser/not-implemented.js:9:17)
    at /home/siegfriedneto/projects/servicedeskn1/frontend/app/node_modules/jsdom/lib/jsdom/browser/Window.js:960:7
    at Object.fn (file:///home/siegfriedneto/projects/servicedeskn1/frontend/app/node_modules/@tanstack/router-core/dist/esm/scroll-restoration.js:180:27)
    at RouterCore.emit (file:///home/siegfriedneto/projects/servicedeskn1/frontend/app/node_modules/@tanstack/router-core/dist/esm/router.js:178:14)
    at file:///home/siegfriedneto/projects/servicedeskn1/frontend/app/node_modules/@tanstack/react-router/dist/esm/Transitioner.js:46:25
    at settleOwner (file:///home/siegfriedneto/projects/servicedeskn1/frontend/app/node_modules/@tanstack/react-router/dist/esm/Transitioner.js:10:10)
    at file:///home/siegfriedneto/projects/servicedeskn1/frontend/app/node_modules/@tanstack/react-router/dist/esm/Matches.js:38:39
    at Object.react_stack_bottom_frame (/home/siegfriedneto/projects/servicedeskn1/frontend/app/node_modules/react-dom/cjs/react-dom-client.development.js:25989:20)
    at runWithFiberInDEV (/home/siegfriedneto/projects/servicedeskn1/frontend/app/node_modules/react-dom/cjs/react-dom-client.development.js:874:13)
    at commitHookEffectListMount (/home/siegfriedneto/projects/servicedeskn1/frontend/app/node_modules/react-dom/cjs/react-dom-client.development.js:13249:29) undefined
Error: Not implemented: window.scrollTo
    at module.exports (/home/siegfriedneto/projects/servicedeskn1/frontend/app/node_modules/jsdom/lib/jsdom/browser/not-implemented.js:9:17)
    at /home/siegfriedneto/projects/servicedeskn1/frontend/app/node_modules/jsdom/lib/jsdom/browser/Window.js:960:7
    at Object.fn (file:///home/siegfriedneto/projects/servicedeskn1/frontend/app/node_modules/@tanstack/router-core/dist/esm/scroll-restoration.js:180:27)
    at RouterCore.emit (file:///home/siegfriedneto/projects/servicedeskn1/frontend/app/node_modules/@tanstack/router-core/dist/esm/router.js:178:14)
    at file:///home/siegfriedneto/projects/servicedeskn1/frontend/app/node_modules/@tanstack/react-router/dist/esm/Transitioner.js:46:25
    at settleOwner (file:///home/siegfriedneto/projects/servicedeskn1/frontend/app/node_modules/@tanstack/react-router/dist/esm/Transitioner.js:10:10)
    at file:///home/siegfriedneto/projects/servicedeskn1/frontend/app/node_modules/@tanstack/react-router/dist/esm/Matches.js:38:39
    at Object.react_stack_bottom_frame (/home/siegfriedneto/projects/servicedeskn1/frontend/app/node_modules/react-dom/cjs/react-dom-client.development.js:25989:20)
    at runWithFiberInDEV (/home/siegfriedneto/projects/servicedeskn1/frontend/app/node_modules/react-dom/cjs/react-dom-client.development.js:874:13)
    at commitHookEffectListMount (/home/siegfriedneto/projects/servicedeskn1/frontend/app/node_modules/react-dom/cjs/react-dom-client.development.js:13249:29) undefined
Error: Not implemented: window.scrollTo
    at module.exports (/home/siegfriedneto/projects/servicedeskn1/frontend/app/node_modules/jsdom/lib/jsdom/browser/not-implemented.js:9:17)
    at /home/siegfriedneto/projects/servicedeskn1/frontend/app/node_modules/jsdom/lib/jsdom/browser/Window.js:960:7
    at Object.fn (file:///home/siegfriedneto/projects/servicedeskn1/frontend/app/node_modules/@tanstack/router-core/dist/esm/scroll-restoration.js:180:27)
    at RouterCore.emit (file:///home/siegfriedneto/projects/servicedeskn1/frontend/app/node_modules/@tanstack/router-core/dist/esm/router.js:178:14)
    at file:///home/siegfriedneto/projects/servicedeskn1/frontend/app/node_modules/@tanstack/react-router/dist/esm/Transitioner.js:46:25
    at settleOwner (file:///home/siegfriedneto/projects/servicedeskn1/frontend/app/node_modules/@tanstack/react-router/dist/esm/Transitioner.js:10:10)
    at file:///home/siegfriedneto/projects/servicedeskn1/frontend/app/node_modules/@tanstack/react-router/dist/esm/Matches.js:38:39
    at Object.react_stack_bottom_frame (/home/siegfriedneto/projects/servicedeskn1/frontend/app/node_modules/react-dom/cjs/react-dom-client.development.js:25989:20)
    at runWithFiberInDEV (/home/siegfriedneto/projects/servicedeskn1/frontend/app/node_modules/react-dom/cjs/react-dom-client.development.js:874:13)
    at commitHookEffectListMount (/home/siegfriedneto/projects/servicedeskn1/frontend/app/node_modules/react-dom/cjs/react-dom-client.development.js:13249:29) undefined
Error: Not implemented: window.scrollTo
    at module.exports (/home/siegfriedneto/projects/servicedeskn1/frontend/app/node_modules/jsdom/lib/jsdom/browser/not-implemented.js:9:17)
    at /home/siegfriedneto/projects/servicedeskn1/frontend/app/node_modules/jsdom/lib/jsdom/browser/Window.js:960:7
    at Object.fn (file:///home/siegfriedneto/projects/servicedeskn1/frontend/app/node_modules/@tanstack/router-core/dist/esm/scroll-restoration.js:180:27)
    at RouterCore.emit (file:///home/siegfriedneto/projects/servicedeskn1/frontend/app/node_modules/@tanstack/router-core/dist/esm/router.js:178:14)
    at file:///home/siegfriedneto/projects/servicedeskn1/frontend/app/node_modules/@tanstack/react-router/dist/esm/Transitioner.js:46:25
    at settleOwner (file:///home/siegfriedneto/projects/servicedeskn1/frontend/app/node_modules/@tanstack/react-router/dist/esm/Transitioner.js:10:10)
    at file:///home/siegfriedneto/projects/servicedeskn1/frontend/app/node_modules/@tanstack/react-router/dist/esm/Matches.js:38:39
    at Object.react_stack_bottom_frame (/home/siegfriedneto/projects/servicedeskn1/frontend/app/node_modules/react-dom/cjs/react-dom-client.development.js:25989:20)
    at runWithFiberInDEV (/home/siegfriedneto/projects/servicedeskn1/frontend/app/node_modules/react-dom/cjs/react-dom-client.development.js:874:13)
    at commitHookEffectListMount (/home/siegfriedneto/projects/servicedeskn1/frontend/app/node_modules/react-dom/cjs/react-dom-client.development.js:13249:29) undefined
Error: Not implemented: window.scrollTo
    at module.exports (/home/siegfriedneto/projects/servicedeskn1/frontend/app/node_modules/jsdom/lib/jsdom/browser/not-implemented.js:9:17)
    at /home/siegfriedneto/projects/servicedeskn1/frontend/app/node_modules/jsdom/lib/jsdom/browser/Window.js:960:7
    at Object.fn (file:///home/siegfriedneto/projects/servicedeskn1/frontend/app/node_modules/@tanstack/router-core/dist/esm/scroll-restoration.js:180:27)
    at RouterCore.emit (file:///home/siegfriedneto/projects/servicedeskn1/frontend/app/node_modules/@tanstack/router-core/dist/esm/router.js:178:14)
    at file:///home/siegfriedneto/projects/servicedeskn1/frontend/app/node_modules/@tanstack/react-router/dist/esm/Transitioner.js:46:25
    at settleOwner (file:///home/siegfriedneto/projects/servicedeskn1/frontend/app/node_modules/@tanstack/react-router/dist/esm/Transitioner.js:10:10)
    at file:///home/siegfriedneto/projects/servicedeskn1/frontend/app/node_modules/@tanstack/react-router/dist/esm/Matches.js:38:39
    at Object.react_stack_bottom_frame (/home/siegfriedneto/projects/servicedeskn1/frontend/app/node_modules/react-dom/cjs/react-dom-client.development.js:25989:20)
    at runWithFiberInDEV (/home/siegfriedneto/projects/servicedeskn1/frontend/app/node_modules/react-dom/cjs/react-dom-client.development.js:874:13)
    at commitHookEffectListMount (/home/siegfriedneto/projects/servicedeskn1/frontend/app/node_modules/react-dom/cjs/react-dom-client.development.js:13249:29) undefined
Error: Not implemented: window.scrollTo
    at module.exports (/home/siegfriedneto/projects/servicedeskn1/frontend/app/node_modules/jsdom/lib/jsdom/browser/not-implemented.js:9:17)
    at /home/siegfriedneto/projects/servicedeskn1/frontend/app/node_modules/jsdom/lib/jsdom/browser/Window.js:960:7
    at Object.fn (file:///home/siegfriedneto/projects/servicedeskn1/frontend/app/node_modules/@tanstack/router-core/dist/esm/scroll-restoration.js:180:27)
    at RouterCore.emit (file:///home/siegfriedneto/projects/servicedeskn1/frontend/app/node_modules/@tanstack/router-core/dist/esm/router.js:178:14)
    at file:///home/siegfriedneto/projects/servicedeskn1/frontend/app/node_modules/@tanstack/react-router/dist/esm/Transitioner.js:46:25
    at settleOwner (file:///home/siegfriedneto/projects/servicedeskn1/frontend/app/node_modules/@tanstack/react-router/dist/esm/Transitioner.js:10:10)
    at file:///home/siegfriedneto/projects/servicedeskn1/frontend/app/node_modules/@tanstack/react-router/dist/esm/Matches.js:38:39
    at Object.react_stack_bottom_frame (/home/siegfriedneto/projects/servicedeskn1/frontend/app/node_modules/react-dom/cjs/react-dom-client.development.js:25989:20)
    at runWithFiberInDEV (/home/siegfriedneto/projects/servicedeskn1/frontend/app/node_modules/react-dom/cjs/react-dom-client.development.js:874:13)
    at commitHookEffectListMount (/home/siegfriedneto/projects/servicedeskn1/frontend/app/node_modules/react-dom/cjs/react-dom-client.development.js:13249:29) undefined
Error: Not implemented: window.scrollTo
    at module.exports (/home/siegfriedneto/projects/servicedeskn1/frontend/app/node_modules/jsdom/lib/jsdom/browser/not-implemented.js:9:17)
    at /home/siegfriedneto/projects/servicedeskn1/frontend/app/node_modules/jsdom/lib/jsdom/browser/Window.js:960:7
    at Object.fn (file:///home/siegfriedneto/projects/servicedeskn1/frontend/app/node_modules/@tanstack/router-core/dist/esm/scroll-restoration.js:180:27)
    at RouterCore.emit (file:///home/siegfriedneto/projects/servicedeskn1/frontend/app/node_modules/@tanstack/router-core/dist/esm/router.js:178:14)
    at file:///home/siegfriedneto/projects/servicedeskn1/frontend/app/node_modules/@tanstack/react-router/dist/esm/Transitioner.js:46:25
    at settleOwner (file:///home/siegfriedneto/projects/servicedeskn1/frontend/app/node_modules/@tanstack/react-router/dist/esm/Transitioner.js:10:10)
    at file:///home/siegfriedneto/projects/servicedeskn1/frontend/app/node_modules/@tanstack/react-router/dist/esm/Matches.js:38:39
    at Object.react_stack_bottom_frame (/home/siegfriedneto/projects/servicedeskn1/frontend/app/node_modules/react-dom/cjs/react-dom-client.development.js:25989:20)
    at runWithFiberInDEV (/home/siegfriedneto/projects/servicedeskn1/frontend/app/node_modules/react-dom/cjs/react-dom-client.development.js:874:13)
    at commitHookEffectListMount (/home/siegfriedneto/projects/servicedeskn1/frontend/app/node_modules/react-dom/cjs/react-dom-client.development.js:13249:29) undefined
Error: Not implemented: window.scrollTo
    at module.exports (/home/siegfriedneto/projects/servicedeskn1/frontend/app/node_modules/jsdom/lib/jsdom/browser/not-implemented.js:9:17)
    at /home/siegfriedneto/projects/servicedeskn1/frontend/app/node_modules/jsdom/lib/jsdom/browser/Window.js:960:7
    at Object.fn (file:///home/siegfriedneto/projects/servicedeskn1/frontend/app/node_modules/@tanstack/router-core/dist/esm/scroll-restoration.js:180:27)
    at RouterCore.emit (file:///home/siegfriedneto/projects/servicedeskn1/frontend/app/node_modules/@tanstack/router-core/dist/esm/router.js:178:14)
    at file:///home/siegfriedneto/projects/servicedeskn1/frontend/app/node_modules/@tanstack/react-router/dist/esm/Transitioner.js:46:25
    at settleOwner (file:///home/siegfriedneto/projects/servicedeskn1/frontend/app/node_modules/@tanstack/react-router/dist/esm/Transitioner.js:10:10)
    at file:///home/siegfriedneto/projects/servicedeskn1/frontend/app/node_modules/@tanstack/react-router/dist/esm/Matches.js:38:39
    at Object.react_stack_bottom_frame (/home/siegfriedneto/projects/servicedeskn1/frontend/app/node_modules/react-dom/cjs/react-dom-client.development.js:25989:20)
    at runWithFiberInDEV (/home/siegfriedneto/projects/servicedeskn1/frontend/app/node_modules/react-dom/cjs/react-dom-client.development.js:874:13)
    at commitHookEffectListMount (/home/siegfriedneto/projects/servicedeskn1/frontend/app/node_modules/react-dom/cjs/react-dom-client.development.js:13249:29) undefined
Error: Not implemented: window.scrollTo
    at module.exports (/home/siegfriedneto/projects/servicedeskn1/frontend/app/node_modules/jsdom/lib/jsdom/browser/not-implemented.js:9:17)
    at /home/siegfriedneto/projects/servicedeskn1/frontend/app/node_modules/jsdom/lib/jsdom/browser/Window.js:960:7
    at Object.fn (file:///home/siegfriedneto/projects/servicedeskn1/frontend/app/node_modules/@tanstack/router-core/dist/esm/scroll-restoration.js:180:27)
    at RouterCore.emit (file:///home/siegfriedneto/projects/servicedeskn1/frontend/app/node_modules/@tanstack/router-core/dist/esm/router.js:178:14)
    at file:///home/siegfriedneto/projects/servicedeskn1/frontend/app/node_modules/@tanstack/react-router/dist/esm/Transitioner.js:46:25
    at settleOwner (file:///home/siegfriedneto/projects/servicedeskn1/frontend/app/node_modules/@tanstack/react-router/dist/esm/Transitioner.js:10:10)
    at file:///home/siegfriedneto/projects/servicedeskn1/frontend/app/node_modules/@tanstack/react-router/dist/esm/Matches.js:38:39
    at Object.react_stack_bottom_frame (/home/siegfriedneto/projects/servicedeskn1/frontend/app/node_modules/react-dom/cjs/react-dom-client.development.js:25989:20)
    at runWithFiberInDEV (/home/siegfriedneto/projects/servicedeskn1/frontend/app/node_modules/react-dom/cjs/react-dom-client.development.js:874:13)
    at commitHookEffectListMount (/home/siegfriedneto/projects/servicedeskn1/frontend/app/node_modules/react-dom/cjs/react-dom-client.development.js:13249:29) undefined
Error: Not implemented: window.scrollTo
    at module.exports (/home/siegfriedneto/projects/servicedeskn1/frontend/app/node_modules/jsdom/lib/jsdom/browser/not-implemented.js:9:17)
    at /home/siegfriedneto/projects/servicedeskn1/frontend/app/node_modules/jsdom/lib/jsdom/browser/Window.js:960:7
    at Object.fn (file:///home/siegfriedneto/projects/servicedeskn1/frontend/app/node_modules/@tanstack/router-core/dist/esm/scroll-restoration.js:180:27)
    at RouterCore.emit (file:///home/siegfriedneto/projects/servicedeskn1/frontend/app/node_modules/@tanstack/router-core/dist/esm/router.js:178:14)
    at file:///home/siegfriedneto/projects/servicedeskn1/frontend/app/node_modules/@tanstack/react-router/dist/esm/Transitioner.js:46:25
    at settleOwner (file:///home/siegfriedneto/projects/servicedeskn1/frontend/app/node_modules/@tanstack/react-router/dist/esm/Transitioner.js:10:10)
    at file:///home/siegfriedneto/projects/servicedeskn1/frontend/app/node_modules/@tanstack/react-router/dist/esm/Matches.js:38:39
    at Object.react_stack_bottom_frame (/home/siegfriedneto/projects/servicedeskn1/frontend/app/node_modules/react-dom/cjs/react-dom-client.development.js:25989:20)
    at runWithFiberInDEV (/home/siegfriedneto/projects/servicedeskn1/frontend/app/node_modules/react-dom/cjs/react-dom-client.development.js:874:13)
    at commitHookEffectListMount (/home/siegfriedneto/projects/servicedeskn1/frontend/app/node_modules/react-dom/cjs/react-dom-client.development.js:13249:29) undefined
Error: Not implemented: window.scrollTo
    at module.exports (/home/siegfriedneto/projects/servicedeskn1/frontend/app/node_modules/jsdom/lib/jsdom/browser/not-implemented.js:9:17)
    at /home/siegfriedneto/projects/servicedeskn1/frontend/app/node_modules/jsdom/lib/jsdom/browser/Window.js:960:7
    at Object.fn (file:///home/siegfriedneto/projects/servicedeskn1/frontend/app/node_modules/@tanstack/router-core/dist/esm/scroll-restoration.js:180:27)
    at RouterCore.emit (file:///home/siegfriedneto/projects/servicedeskn1/frontend/app/node_modules/@tanstack/router-core/dist/esm/router.js:178:14)
    at file:///home/siegfriedneto/projects/servicedeskn1/frontend/app/node_modules/@tanstack/react-router/dist/esm/Transitioner.js:46:25
    at settleOwner (file:///home/siegfriedneto/projects/servicedeskn1/frontend/app/node_modules/@tanstack/react-router/dist/esm/Transitioner.js:10:10)
    at file:///home/siegfriedneto/projects/servicedeskn1/frontend/app/node_modules/@tanstack/react-router/dist/esm/Matches.js:38:39
    at Object.react_stack_bottom_frame (/home/siegfriedneto/projects/servicedeskn1/frontend/app/node_modules/react-dom/cjs/react-dom-client.development.js:25989:20)
    at runWithFiberInDEV (/home/siegfriedneto/projects/servicedeskn1/frontend/app/node_modules/react-dom/cjs/react-dom-client.development.js:874:13)
    at commitHookEffectListMount (/home/siegfriedneto/projects/servicedeskn1/frontend/app/node_modules/react-dom/cjs/react-dom-client.development.js:13249:29) undefined
Error: Not implemented: window.scrollTo
    at module.exports (/home/siegfriedneto/projects/servicedeskn1/frontend/app/node_modules/jsdom/lib/jsdom/browser/not-implemented.js:9:17)
    at /home/siegfriedneto/projects/servicedeskn1/frontend/app/node_modules/jsdom/lib/jsdom/browser/Window.js:960:7
    at Object.fn (file:///home/siegfriedneto/projects/servicedeskn1/frontend/app/node_modules/@tanstack/router-core/dist/esm/scroll-restoration.js:180:27)
    at RouterCore.emit (file:///home/siegfriedneto/projects/servicedeskn1/frontend/app/node_modules/@tanstack/router-core/dist/esm/router.js:178:14)
    at file:///home/siegfriedneto/projects/servicedeskn1/frontend/app/node_modules/@tanstack/react-router/dist/esm/Transitioner.js:46:25
    at settleOwner (file:///home/siegfriedneto/projects/servicedeskn1/frontend/app/node_modules/@tanstack/react-router/dist/esm/Transitioner.js:10:10)
    at file:///home/siegfriedneto/projects/servicedeskn1/frontend/app/node_modules/@tanstack/react-router/dist/esm/Matches.js:38:39
    at Object.react_stack_bottom_frame (/home/siegfriedneto/projects/servicedeskn1/frontend/app/node_modules/react-dom/cjs/react-dom-client.development.js:25989:20)
    at runWithFiberInDEV (/home/siegfriedneto/projects/servicedeskn1/frontend/app/node_modules/react-dom/cjs/react-dom-client.development.js:874:13)
    at commitHookEffectListMount (/home/siegfriedneto/projects/servicedeskn1/frontend/app/node_modules/react-dom/cjs/react-dom-client.development.js:13249:29) undefined
Error: Not implemented: window.scrollTo
    at module.exports (/home/siegfriedneto/projects/servicedeskn1/frontend/app/node_modules/jsdom/lib/jsdom/browser/not-implemented.js:9:17)
    at /home/siegfriedneto/projects/servicedeskn1/frontend/app/node_modules/jsdom/lib/jsdom/browser/Window.js:960:7
    at Object.fn (file:///home/siegfriedneto/projects/servicedeskn1/frontend/app/node_modules/@tanstack/router-core/dist/esm/scroll-restoration.js:180:27)
    at RouterCore.emit (file:///home/siegfriedneto/projects/servicedeskn1/frontend/app/node_modules/@tanstack/router-core/dist/esm/router.js:178:14)
    at file:///home/siegfriedneto/projects/servicedeskn1/frontend/app/node_modules/@tanstack/react-router/dist/esm/Transitioner.js:46:25
    at settleOwner (file:///home/siegfriedneto/projects/servicedeskn1/frontend/app/node_modules/@tanstack/react-router/dist/esm/Transitioner.js:10:10)
    at file:///home/siegfriedneto/projects/servicedeskn1/frontend/app/node_modules/@tanstack/react-router/dist/esm/Matches.js:38:39
    at Object.react_stack_bottom_frame (/home/siegfriedneto/projects/servicedeskn1/frontend/app/node_modules/react-dom/cjs/react-dom-client.development.js:25989:20)
    at runWithFiberInDEV (/home/siegfriedneto/projects/servicedeskn1/frontend/app/node_modules/react-dom/cjs/react-dom-client.development.js:874:13)
    at commitHookEffectListMount (/home/siegfriedneto/projects/servicedeskn1/frontend/app/node_modules/react-dom/cjs/react-dom-client.development.js:13249:29) undefined
Error: Not implemented: window.scrollTo
    at module.exports (/home/siegfriedneto/projects/servicedeskn1/frontend/app/node_modules/jsdom/lib/jsdom/browser/not-implemented.js:9:17)
    at /home/siegfriedneto/projects/servicedeskn1/frontend/app/node_modules/jsdom/lib/jsdom/browser/Window.js:960:7
    at Object.fn (file:///home/siegfriedneto/projects/servicedeskn1/frontend/app/node_modules/@tanstack/router-core/dist/esm/scroll-restoration.js:180:27)
    at RouterCore.emit (file:///home/siegfriedneto/projects/servicedeskn1/frontend/app/node_modules/@tanstack/router-core/dist/esm/router.js:178:14)
    at file:///home/siegfriedneto/projects/servicedeskn1/frontend/app/node_modules/@tanstack/react-router/dist/esm/Transitioner.js:46:25
    at settleOwner (file:///home/siegfriedneto/projects/servicedeskn1/frontend/app/node_modules/@tanstack/react-router/dist/esm/Transitioner.js:10:10)
    at file:///home/siegfriedneto/projects/servicedeskn1/frontend/app/node_modules/@tanstack/react-router/dist/esm/Matches.js:38:39
    at Object.react_stack_bottom_frame (/home/siegfriedneto/projects/servicedeskn1/frontend/app/node_modules/react-dom/cjs/react-dom-client.development.js:25989:20)
    at runWithFiberInDEV (/home/siegfriedneto/projects/servicedeskn1/frontend/app/node_modules/react-dom/cjs/react-dom-client.development.js:874:13)
    at commitHookEffectListMount (/home/siegfriedneto/projects/servicedeskn1/frontend/app/node_modules/react-dom/cjs/react-dom-client.development.js:13249:29) undefined
Error: Not implemented: window.scrollTo
    at module.exports (/home/siegfriedneto/projects/servicedeskn1/frontend/app/node_modules/jsdom/lib/jsdom/browser/not-implemented.js:9:17)
    at /home/siegfriedneto/projects/servicedeskn1/frontend/app/node_modules/jsdom/lib/jsdom/browser/Window.js:960:7
    at Object.fn (file:///home/siegfriedneto/projects/servicedeskn1/frontend/app/node_modules/@tanstack/router-core/dist/esm/scroll-restoration.js:180:27)
    at RouterCore.emit (file:///home/siegfriedneto/projects/servicedeskn1/frontend/app/node_modules/@tanstack/router-core/dist/esm/router.js:178:14)
    at file:///home/siegfriedneto/projects/servicedeskn1/frontend/app/node_modules/@tanstack/react-router/dist/esm/Transitioner.js:46:25
    at settleOwner (file:///home/siegfriedneto/projects/servicedeskn1/frontend/app/node_modules/@tanstack/react-router/dist/esm/Transitioner.js:10:10)
    at file:///home/siegfriedneto/projects/servicedeskn1/frontend/app/node_modules/@tanstack/react-router/dist/esm/Matches.js:38:39
    at Object.react_stack_bottom_frame (/home/siegfriedneto/projects/servicedeskn1/frontend/app/node_modules/react-dom/cjs/react-dom-client.development.js:25989:20)
    at runWithFiberInDEV (/home/siegfriedneto/projects/servicedeskn1/frontend/app/node_modules/react-dom/cjs/react-dom-client.development.js:874:13)
    at commitHookEffectListMount (/home/siegfriedneto/projects/servicedeskn1/frontend/app/node_modules/react-dom/cjs/react-dom-client.development.js:13249:29) undefined
Error: Not implemented: window.scrollTo
    at module.exports (/home/siegfriedneto/projects/servicedeskn1/frontend/app/node_modules/jsdom/lib/jsdom/browser/not-implemented.js:9:17)
    at /home/siegfriedneto/projects/servicedeskn1/frontend/app/node_modules/jsdom/lib/jsdom/browser/Window.js:960:7
    at Object.fn (file:///home/siegfriedneto/projects/servicedeskn1/frontend/app/node_modules/@tanstack/router-core/dist/esm/scroll-restoration.js:180:27)
    at RouterCore.emit (file:///home/siegfriedneto/projects/servicedeskn1/frontend/app/node_modules/@tanstack/router-core/dist/esm/router.js:178:14)
    at file:///home/siegfriedneto/projects/servicedeskn1/frontend/app/node_modules/@tanstack/router-core/dist/esm/load-client.js:943:46
    at Router.batch (file:///home/siegfriedneto/projects/servicedeskn1/frontend/app/node_modules/@tanstack/store/dist/esm/atom.js:39:5)
    at file:///home/siegfriedneto/projects/servicedeskn1/frontend/app/node_modules/@tanstack/router-core/dist/esm/load-client.js:936:10
    at runClientTransaction (file:///home/siegfriedneto/projects/servicedeskn1/frontend/app/node_modules/@tanstack/router-core/dist/esm/load-client.js:902:2)
    at loadClientRoute (file:///home/siegfriedneto/projects/servicedeskn1/frontend/app/node_modules/@tanstack/router-core/dist/esm/load-client.js:1034:2)
    at RouterCore.load (file:///home/siegfriedneto/projects/servicedeskn1/frontend/app/node_modules/@tanstack/router-core/dist/esm/router.js:489:4) undefined
Error: Not implemented: window.scrollTo
    at module.exports (/home/siegfriedneto/projects/servicedeskn1/frontend/app/node_modules/jsdom/lib/jsdom/browser/not-implemented.js:9:17)
    at /home/siegfriedneto/projects/servicedeskn1/frontend/app/node_modules/jsdom/lib/jsdom/browser/Window.js:960:7
    at Object.fn (file:///home/siegfriedneto/projects/servicedeskn1/frontend/app/node_modules/@tanstack/router-core/dist/esm/scroll-restoration.js:180:27)
    at RouterCore.emit (file:///home/siegfriedneto/projects/servicedeskn1/frontend/app/node_modules/@tanstack/router-core/dist/esm/router.js:178:14)
    at file:///home/siegfriedneto/projects/servicedeskn1/frontend/app/node_modules/@tanstack/react-router/dist/esm/Transitioner.js:46:25
    at settleOwner (file:///home/siegfriedneto/projects/servicedeskn1/frontend/app/node_modules/@tanstack/react-router/dist/esm/Transitioner.js:10:10)
    at file:///home/siegfriedneto/projects/servicedeskn1/frontend/app/node_modules/@tanstack/react-router/dist/esm/Matches.js:38:39
    at Object.react_stack_bottom_frame (/home/siegfriedneto/projects/servicedeskn1/frontend/app/node_modules/react-dom/cjs/react-dom-client.development.js:25989:20)
    at runWithFiberInDEV (/home/siegfriedneto/projects/servicedeskn1/frontend/app/node_modules/react-dom/cjs/react-dom-client.development.js:874:13)
    at commitHookEffectListMount (/home/siegfriedneto/projects/servicedeskn1/frontend/app/node_modules/react-dom/cjs/react-dom-client.development.js:13249:29) undefined
 ❯ src/routes/hypothesis-revision-history-current-pin.spec.ts (6 tests | 1 failed) 1168ms
     × states explicitly that the case currently uses no revision of this hypothesis when the highest-numbered version's manifest holds no entry for it, rather than marking nothing and saying nothing 95ms
Error: Not implemented: window.scrollTo
    at module.exports (/home/siegfriedneto/projects/servicedeskn1/frontend/app/node_modules/jsdom/lib/jsdom/browser/not-implemented.js:9:17)
    at /home/siegfriedneto/projects/servicedeskn1/frontend/app/node_modules/jsdom/lib/jsdom/browser/Window.js:960:7
    at Object.fn (file:///home/siegfriedneto/projects/servicedeskn1/frontend/app/node_modules/@tanstack/router-core/dist/esm/scroll-restoration.js:180:27)
    at RouterCore.emit (file:///home/siegfriedneto/projects/servicedeskn1/frontend/app/node_modules/@tanstack/router-core/dist/esm/router.js:178:14)
    at file:///home/siegfriedneto/projects/servicedeskn1/frontend/app/node_modules/@tanstack/react-router/dist/esm/Transitioner.js:46:25
    at settleOwner (file:///home/siegfriedneto/projects/servicedeskn1/frontend/app/node_modules/@tanstack/react-router/dist/esm/Transitioner.js:10:10)
    at file:///home/siegfriedneto/projects/servicedeskn1/frontend/app/node_modules/@tanstack/react-router/dist/esm/Matches.js:38:39
    at Object.react_stack_bottom_frame (/home/siegfriedneto/projects/servicedeskn1/frontend/app/node_modules/react-dom/cjs/react-dom-client.development.js:25989:20)
    at runWithFiberInDEV (/home/siegfriedneto/projects/servicedeskn1/frontend/app/node_modules/react-dom/cjs/react-dom-client.development.js:874:13)
    at commitHookEffectListMount (/home/siegfriedneto/projects/servicedeskn1/frontend/app/node_modules/react-dom/cjs/react-dom-client.development.js:13249:29) undefined
Error: Not implemented: window.scrollTo
    at module.exports (/home/siegfriedneto/projects/servicedeskn1/frontend/app/node_modules/jsdom/lib/jsdom/browser/not-implemented.js:9:17)
    at /home/siegfriedneto/projects/servicedeskn1/frontend/app/node_modules/jsdom/lib/jsdom/browser/Window.js:960:7
    at Object.fn (file:///home/siegfriedneto/projects/servicedeskn1/frontend/app/node_modules/@tanstack/router-core/dist/esm/scroll-restoration.js:180:27)
    at RouterCore.emit (file:///home/siegfriedneto/projects/servicedeskn1/frontend/app/node_modules/@tanstack/router-core/dist/esm/router.js:178:14)
    at file:///home/siegfriedneto/projects/servicedeskn1/frontend/app/node_modules/@tanstack/react-router/dist/esm/Transitioner.js:46:25
    at settleOwner (file:///home/siegfriedneto/projects/servicedeskn1/frontend/app/node_modules/@tanstack/react-router/dist/esm/Transitioner.js:10:10)
    at file:///home/siegfriedneto/projects/servicedeskn1/frontend/app/node_modules/@tanstack/react-router/dist/esm/Matches.js:38:39
    at Object.react_stack_bottom_frame (/home/siegfriedneto/projects/servicedeskn1/frontend/app/node_modules/react-dom/cjs/react-dom-client.development.js:25989:20)
    at runWithFiberInDEV (/home/siegfriedneto/projects/servicedeskn1/frontend/app/node_modules/react-dom/cjs/react-dom-client.development.js:874:13)
    at commitHookEffectListMount (/home/siegfriedneto/projects/servicedeskn1/frontend/app/node_modules/react-dom/cjs/react-dom-client.development.js:13249:29) undefined
Error: Not implemented: window.scrollTo
    at module.exports (/home/siegfriedneto/projects/servicedeskn1/frontend/app/node_modules/jsdom/lib/jsdom/browser/not-implemented.js:9:17)
    at /home/siegfriedneto/projects/servicedeskn1/frontend/app/node_modules/jsdom/lib/jsdom/browser/Window.js:960:7
    at Object.fn (file:///home/siegfriedneto/projects/servicedeskn1/frontend/app/node_modules/@tanstack/router-core/dist/esm/scroll-restoration.js:180:27)
    at RouterCore.emit (file:///home/siegfriedneto/projects/servicedeskn1/frontend/app/node_modules/@tanstack/router-core/dist/esm/router.js:178:14)
    at file:///home/siegfriedneto/projects/servicedeskn1/frontend/app/node_modules/@tanstack/react-router/dist/esm/Transitioner.js:46:25
    at settleOwner (file:///home/siegfriedneto/projects/servicedeskn1/frontend/app/node_modules/@tanstack/react-router/dist/esm/Transitioner.js:10:10)
    at file:///home/siegfriedneto/projects/servicedeskn1/frontend/app/node_modules/@tanstack/react-router/dist/esm/Matches.js:38:39
    at Object.react_stack_bottom_frame (/home/siegfriedneto/projects/servicedeskn1/frontend/app/node_modules/react-dom/cjs/react-dom-client.development.js:25989:20)
    at runWithFiberInDEV (/home/siegfriedneto/projects/servicedeskn1/frontend/app/node_modules/react-dom/cjs/react-dom-client.development.js:874:13)
    at commitHookEffectListMount (/home/siegfriedneto/projects/servicedeskn1/frontend/app/node_modules/react-dom/cjs/react-dom-client.development.js:13249:29) undefined
Error: Not implemented: window.scrollTo
    at module.exports (/home/siegfriedneto/projects/servicedeskn1/frontend/app/node_modules/jsdom/lib/jsdom/browser/not-implemented.js:9:17)
    at /home/siegfriedneto/projects/servicedeskn1/frontend/app/node_modules/jsdom/lib/jsdom/browser/Window.js:960:7
    at Object.fn (file:///home/siegfriedneto/projects/servicedeskn1/frontend/app/node_modules/@tanstack/router-core/dist/esm/scroll-restoration.js:180:27)
    at RouterCore.emit (file:///home/siegfriedneto/projects/servicedeskn1/frontend/app/node_modules/@tanstack/router-core/dist/esm/router.js:178:14)
    at file:///home/siegfriedneto/projects/servicedeskn1/frontend/app/node_modules/@tanstack/router-core/dist/esm/load-client.js:943:46
    at Router.batch (file:///home/siegfriedneto/projects/servicedeskn1/frontend/app/node_modules/@tanstack/store/dist/esm/atom.js:39:5)
    at file:///home/siegfriedneto/projects/servicedeskn1/frontend/app/node_modules/@tanstack/router-core/dist/esm/load-client.js:936:10
    at runClientTransaction (file:///home/siegfriedneto/projects/servicedeskn1/frontend/app/node_modules/@tanstack/router-core/dist/esm/load-client.js:902:2)
    at loadClientRoute (file:///home/siegfriedneto/projects/servicedeskn1/frontend/app/node_modules/@tanstack/router-core/dist/esm/load-client.js:1034:2)
    at RouterCore.load (file:///home/siegfriedneto/projects/servicedeskn1/frontend/app/node_modules/@tanstack/router-core/dist/esm/router.js:489:4) undefined
Error: Not implemented: window.scrollTo
    at module.exports (/home/siegfriedneto/projects/servicedeskn1/frontend/app/node_modules/jsdom/lib/jsdom/browser/not-implemented.js:9:17)
    at /home/siegfriedneto/projects/servicedeskn1/frontend/app/node_modules/jsdom/lib/jsdom/browser/Window.js:960:7
    at Object.fn (file:///home/siegfriedneto/projects/servicedeskn1/frontend/app/node_modules/@tanstack/router-core/dist/esm/scroll-restoration.js:180:27)
    at RouterCore.emit (file:///home/siegfriedneto/projects/servicedeskn1/frontend/app/node_modules/@tanstack/router-core/dist/esm/router.js:178:14)
    at file:///home/siegfriedneto/projects/servicedeskn1/frontend/app/node_modules/@tanstack/react-router/dist/esm/Transitioner.js:46:25
    at settleOwner (file:///home/siegfriedneto/projects/servicedeskn1/frontend/app/node_modules/@tanstack/react-router/dist/esm/Transitioner.js:10:10)
    at file:///home/siegfriedneto/projects/servicedeskn1/frontend/app/node_modules/@tanstack/react-router/dist/esm/Matches.js:38:39
    at Object.react_stack_bottom_frame (/home/siegfriedneto/projects/servicedeskn1/frontend/app/node_modules/react-dom/cjs/react-dom-client.development.js:25989:20)
    at runWithFiberInDEV (/home/siegfriedneto/projects/servicedeskn1/frontend/app/node_modules/react-dom/cjs/react-dom-client.development.js:874:13)
    at commitHookEffectListMount (/home/siegfriedneto/projects/servicedeskn1/frontend/app/node_modules/react-dom/cjs/react-dom-client.development.js:13249:29) undefined
Error: Not implemented: window.scrollTo
    at module.exports (/home/siegfriedneto/projects/servicedeskn1/frontend/app/node_modules/jsdom/lib/jsdom/browser/not-implemented.js:9:17)
    at /home/siegfriedneto/projects/servicedeskn1/frontend/app/node_modules/jsdom/lib/jsdom/browser/Window.js:960:7
    at Object.fn (file:///home/siegfriedneto/projects/servicedeskn1/frontend/app/node_modules/@tanstack/router-core/dist/esm/scroll-restoration.js:180:27)
    at RouterCore.emit (file:///home/siegfriedneto/projects/servicedeskn1/frontend/app/node_modules/@tanstack/router-core/dist/esm/router.js:178:14)
    at file:///home/siegfriedneto/projects/servicedeskn1/frontend/app/node_modules/@tanstack/react-router/dist/esm/Transitioner.js:46:25
    at settleOwner (file:///home/siegfriedneto/projects/servicedeskn1/frontend/app/node_modules/@tanstack/react-router/dist/esm/Transitioner.js:10:10)
    at file:///home/siegfriedneto/projects/servicedeskn1/frontend/app/node_modules/@tanstack/react-router/dist/esm/Matches.js:38:39
    at Object.react_stack_bottom_frame (/home/siegfriedneto/projects/servicedeskn1/frontend/app/node_modules/react-dom/cjs/react-dom-client.development.js:25989:20)
    at runWithFiberInDEV (/home/siegfriedneto/projects/servicedeskn1/frontend/app/node_modules/react-dom/cjs/react-dom-client.development.js:874:13)
    at commitHookEffectListMount (/home/siegfriedneto/projects/servicedeskn1/frontend/app/node_modules/react-dom/cjs/react-dom-client.development.js:13249:29) undefined
Error: Not implemented: window.scrollTo
    at module.exports (/home/siegfriedneto/projects/servicedeskn1/frontend/app/node_modules/jsdom/lib/jsdom/browser/not-implemented.js:9:17)
    at /home/siegfriedneto/projects/servicedeskn1/frontend/app/node_modules/jsdom/lib/jsdom/browser/Window.js:960:7
    at Object.fn (file:///home/siegfriedneto/projects/servicedeskn1/frontend/app/node_modules/@tanstack/router-core/dist/esm/scroll-restoration.js:180:27)
    at RouterCore.emit (file:///home/siegfriedneto/projects/servicedeskn1/frontend/app/node_modules/@tanstack/router-core/dist/esm/router.js:178:14)
    at file:///home/siegfriedneto/projects/servicedeskn1/frontend/app/node_modules/@tanstack/router-core/dist/esm/load-client.js:943:46
    at Router.batch (file:///home/siegfriedneto/projects/servicedeskn1/frontend/app/node_modules/@tanstack/store/dist/esm/atom.js:39:5)
    at file:///home/siegfriedneto/projects/servicedeskn1/frontend/app/node_modules/@tanstack/router-core/dist/esm/load-client.js:936:10
    at runClientTransaction (file:///home/siegfriedneto/projects/servicedeskn1/frontend/app/node_modules/@tanstack/router-core/dist/esm/load-client.js:902:2)
    at loadClientRoute (file:///home/siegfriedneto/projects/servicedeskn1/frontend/app/node_modules/@tanstack/router-core/dist/esm/load-client.js:1034:2)
    at RouterCore.load (file:///home/siegfriedneto/projects/servicedeskn1/frontend/app/node_modules/@tanstack/router-core/dist/esm/router.js:489:4) undefined
Error: Not implemented: window.scrollTo
    at module.exports (/home/siegfriedneto/projects/servicedeskn1/frontend/app/node_modules/jsdom/lib/jsdom/browser/not-implemented.js:9:17)
    at /home/siegfriedneto/projects/servicedeskn1/frontend/app/node_modules/jsdom/lib/jsdom/browser/Window.js:960:7
    at Object.fn (file:///home/siegfriedneto/projects/servicedeskn1/frontend/app/node_modules/@tanstack/router-core/dist/esm/scroll-restoration.js:180:27)
    at RouterCore.emit (file:///home/siegfriedneto/projects/servicedeskn1/frontend/app/node_modules/@tanstack/router-core/dist/esm/router.js:178:14)
    at file:///home/siegfriedneto/projects/servicedeskn1/frontend/app/node_modules/@tanstack/react-router/dist/esm/Transitioner.js:46:25
    at settleOwner (file:///home/siegfriedneto/projects/servicedeskn1/frontend/app/node_modules/@tanstack/react-router/dist/esm/Transitioner.js:10:10)
    at file:///home/siegfriedneto/projects/servicedeskn1/frontend/app/node_modules/@tanstack/react-router/dist/esm/Matches.js:38:39
    at Object.react_stack_bottom_frame (/home/siegfriedneto/projects/servicedeskn1/frontend/app/node_modules/react-dom/cjs/react-dom-client.development.js:25989:20)
    at runWithFiberInDEV (/home/siegfriedneto/projects/servicedeskn1/frontend/app/node_modules/react-dom/cjs/react-dom-client.development.js:874:13)
    at commitHookEffectListMount (/home/siegfriedneto/projects/servicedeskn1/frontend/app/node_modules/react-dom/cjs/react-dom-client.development.js:13249:29) undefined
Error: Not implemented: window.scrollTo
    at module.exports (/home/siegfriedneto/projects/servicedeskn1/frontend/app/node_modules/jsdom/lib/jsdom/browser/not-implemented.js:9:17)
    at /home/siegfriedneto/projects/servicedeskn1/frontend/app/node_modules/jsdom/lib/jsdom/browser/Window.js:960:7
    at Object.fn (file:///home/siegfriedneto/projects/servicedeskn1/frontend/app/node_modules/@tanstack/router-core/dist/esm/scroll-restoration.js:180:27)
    at RouterCore.emit (file:///home/siegfriedneto/projects/servicedeskn1/frontend/app/node_modules/@tanstack/router-core/dist/esm/router.js:178:14)
    at file:///home/siegfriedneto/projects/servicedeskn1/frontend/app/node_modules/@tanstack/router-core/dist/esm/load-client.js:943:46
    at Router.batch (file:///home/siegfriedneto/projects/servicedeskn1/frontend/app/node_modules/@tanstack/store/dist/esm/atom.js:39:5)
    at file:///home/siegfriedneto/projects/servicedeskn1/frontend/app/node_modules/@tanstack/router-core/dist/esm/load-client.js:936:10
    at runClientTransaction (file:///home/siegfriedneto/projects/servicedeskn1/frontend/app/node_modules/@tanstack/router-core/dist/esm/load-client.js:902:2)
    at loadClientRoute (file:///home/siegfriedneto/projects/servicedeskn1/frontend/app/node_modules/@tanstack/router-core/dist/esm/load-client.js:1034:2)
    at RouterCore.load (file:///home/siegfriedneto/projects/servicedeskn1/frontend/app/node_modules/@tanstack/router-core/dist/esm/router.js:489:4) undefined
Error: Not implemented: window.scrollTo
    at module.exports (/home/siegfriedneto/projects/servicedeskn1/frontend/app/node_modules/jsdom/lib/jsdom/browser/not-implemented.js:9:17)
    at /home/siegfriedneto/projects/servicedeskn1/frontend/app/node_modules/jsdom/lib/jsdom/browser/Window.js:960:7
    at Object.fn (file:///home/siegfriedneto/projects/servicedeskn1/frontend/app/node_modules/@tanstack/router-core/dist/esm/scroll-restoration.js:180:27)
    at RouterCore.emit (file:///home/siegfriedneto/projects/servicedeskn1/frontend/app/node_modules/@tanstack/router-core/dist/esm/router.js:178:14)
    at file:///home/siegfriedneto/projects/servicedeskn1/frontend/app/node_modules/@tanstack/react-router/dist/esm/Transitioner.js:46:25
    at settleOwner (file:///home/siegfriedneto/projects/servicedeskn1/frontend/app/node_modules/@tanstack/react-router/dist/esm/Transitioner.js:10:10)
    at file:///home/siegfriedneto/projects/servicedeskn1/frontend/app/node_modules/@tanstack/react-router/dist/esm/Matches.js:38:39
    at Object.react_stack_bottom_frame (/home/siegfriedneto/projects/servicedeskn1/frontend/app/node_modules/react-dom/cjs/react-dom-client.development.js:25989:20)
    at runWithFiberInDEV (/home/siegfriedneto/projects/servicedeskn1/frontend/app/node_modules/react-dom/cjs/react-dom-client.development.js:874:13)
    at commitHookEffectListMount (/home/siegfriedneto/projects/servicedeskn1/frontend/app/node_modules/react-dom/cjs/react-dom-client.development.js:13249:29) undefined
Error: Not implemented: window.scrollTo
    at module.exports (/home/siegfriedneto/projects/servicedeskn1/frontend/app/node_modules/jsdom/lib/jsdom/browser/not-implemented.js:9:17)
    at /home/siegfriedneto/projects/servicedeskn1/frontend/app/node_modules/jsdom/lib/jsdom/browser/Window.js:960:7
    at Object.fn (file:///home/siegfriedneto/projects/servicedeskn1/frontend/app/node_modules/@tanstack/router-core/dist/esm/scroll-restoration.js:180:27)
    at RouterCore.emit (file:///home/siegfriedneto/projects/servicedeskn1/frontend/app/node_modules/@tanstack/router-core/dist/esm/router.js:178:14)
    at file:///home/siegfriedneto/projects/servicedeskn1/frontend/app/node_modules/@tanstack/react-router/dist/esm/Transitioner.js:46:25
    at settleOwner (file:///home/siegfriedneto/projects/servicedeskn1/frontend/app/node_modules/@tanstack/react-router/dist/esm/Transitioner.js:10:10)
    at file:///home/siegfriedneto/projects/servicedeskn1/frontend/app/node_modules/@tanstack/react-router/dist/esm/Matches.js:38:39
    at Object.react_stack_bottom_frame (/home/siegfriedneto/projects/servicedeskn1/frontend/app/node_modules/react-dom/cjs/react-dom-client.development.js:25989:20)
    at runWithFiberInDEV (/home/siegfriedneto/projects/servicedeskn1/frontend/app/node_modules/react-dom/cjs/react-dom-client.development.js:874:13)
    at commitHookEffectListMount (/home/siegfriedneto/projects/servicedeskn1/frontend/app/node_modules/react-dom/cjs/react-dom-client.development.js:13249:29) undefined
Error: Not implemented: window.scrollTo
    at module.exports (/home/siegfriedneto/projects/servicedeskn1/frontend/app/node_modules/jsdom/lib/jsdom/browser/not-implemented.js:9:17)
    at /home/siegfriedneto/projects/servicedeskn1/frontend/app/node_modules/jsdom/lib/jsdom/browser/Window.js:960:7
    at Object.fn (file:///home/siegfriedneto/projects/servicedeskn1/frontend/app/node_modules/@tanstack/router-core/dist/esm/scroll-restoration.js:180:27)
    at RouterCore.emit (file:///home/siegfriedneto/projects/servicedeskn1/frontend/app/node_modules/@tanstack/router-core/dist/esm/router.js:178:14)
    at file:///home/siegfriedneto/projects/servicedeskn1/frontend/app/node_modules/@tanstack/react-router/dist/esm/Transitioner.js:46:25
    at settleOwner (file:///home/siegfriedneto/projects/servicedeskn1/frontend/app/node_modules/@tanstack/react-router/dist/esm/Transitioner.js:10:10)
    at file:///home/siegfriedneto/projects/servicedeskn1/frontend/app/node_modules/@tanstack/react-router/dist/esm/Matches.js:38:39
    at Object.react_stack_bottom_frame (/home/siegfriedneto/projects/servicedeskn1/frontend/app/node_modules/react-dom/cjs/react-dom-client.development.js:25989:20)
    at runWithFiberInDEV (/home/siegfriedneto/projects/servicedeskn1/frontend/app/node_modules/react-dom/cjs/react-dom-client.development.js:874:13)
    at commitHookEffectListMount (/home/siegfriedneto/projects/servicedeskn1/frontend/app/node_modules/react-dom/cjs/react-dom-client.development.js:13249:29) undefined
Error: Not implemented: window.scrollTo
    at module.exports (/home/siegfriedneto/projects/servicedeskn1/frontend/app/node_modules/jsdom/lib/jsdom/browser/not-implemented.js:9:17)
    at /home/siegfriedneto/projects/servicedeskn1/frontend/app/node_modules/jsdom/lib/jsdom/browser/Window.js:960:7
    at Object.fn (file:///home/siegfriedneto/projects/servicedeskn1/frontend/app/node_modules/@tanstack/router-core/dist/esm/scroll-restoration.js:180:27)
    at RouterCore.emit (file:///home/siegfriedneto/projects/servicedeskn1/frontend/app/node_modules/@tanstack/router-core/dist/esm/router.js:178:14)
    at file:///home/siegfriedneto/projects/servicedeskn1/frontend/app/node_modules/@tanstack/react-router/dist/esm/Transitioner.js:46:25
    at settleOwner (file:///home/siegfriedneto/projects/servicedeskn1/frontend/app/node_modules/@tanstack/react-router/dist/esm/Transitioner.js:10:10)
    at file:///home/siegfriedneto/projects/servicedeskn1/frontend/app/node_modules/@tanstack/react-router/dist/esm/Matches.js:38:39
    at Object.react_stack_bottom_frame (/home/siegfriedneto/projects/servicedeskn1/frontend/app/node_modules/react-dom/cjs/react-dom-client.development.js:25989:20)
    at runWithFiberInDEV (/home/siegfriedneto/projects/servicedeskn1/frontend/app/node_modules/react-dom/cjs/react-dom-client.development.js:874:13)
    at commitHookEffectListMount (/home/siegfriedneto/projects/servicedeskn1/frontend/app/node_modules/react-dom/cjs/react-dom-client.development.js:13249:29) undefined
Error: Not implemented: window.scrollTo
    at module.exports (/home/siegfriedneto/projects/servicedeskn1/frontend/app/node_modules/jsdom/lib/jsdom/browser/not-implemented.js:9:17)
    at /home/siegfriedneto/projects/servicedeskn1/frontend/app/node_modules/jsdom/lib/jsdom/browser/Window.js:960:7
    at Object.fn (file:///home/siegfriedneto/projects/servicedeskn1/frontend/app/node_modules/@tanstack/router-core/dist/esm/scroll-restoration.js:180:27)
    at RouterCore.emit (file:///home/siegfriedneto/projects/servicedeskn1/frontend/app/node_modules/@tanstack/router-core/dist/esm/router.js:178:14)
    at file:///home/siegfriedneto/projects/servicedeskn1/frontend/app/node_modules/@tanstack/router-core/dist/esm/load-client.js:943:46
    at Router.batch (file:///home/siegfriedneto/projects/servicedeskn1/frontend/app/node_modules/@tanstack/store/dist/esm/atom.js:39:5)
    at file:///home/siegfriedneto/projects/servicedeskn1/frontend/app/node_modules/@tanstack/router-core/dist/esm/load-client.js:936:10
    at runClientTransaction (file:///home/siegfriedneto/projects/servicedeskn1/frontend/app/node_modules/@tanstack/router-core/dist/esm/load-client.js:902:2)
    at loadClientRoute (file:///home/siegfriedneto/projects/servicedeskn1/frontend/app/node_modules/@tanstack/router-core/dist/esm/load-client.js:1034:2)
    at RouterCore.load (file:///home/siegfriedneto/projects/servicedeskn1/frontend/app/node_modules/@tanstack/router-core/dist/esm/router.js:489:4) undefined
Error: Not implemented: window.scrollTo
    at module.exports (/home/siegfriedneto/projects/servicedeskn1/frontend/app/node_modules/jsdom/lib/jsdom/browser/not-implemented.js:9:17)
    at /home/siegfriedneto/projects/servicedeskn1/frontend/app/node_modules/jsdom/lib/jsdom/browser/Window.js:960:7
    at Object.fn (file:///home/siegfriedneto/projects/servicedeskn1/frontend/app/node_modules/@tanstack/router-core/dist/esm/scroll-restoration.js:180:27)
    at RouterCore.emit (file:///home/siegfriedneto/projects/servicedeskn1/frontend/app/node_modules/@tanstack/router-core/dist/esm/router.js:178:14)
    at file:///home/siegfriedneto/projects/servicedeskn1/frontend/app/node_modules/@tanstack/react-router/dist/esm/Transitioner.js:46:25
    at settleOwner (file:///home/siegfriedneto/projects/servicedeskn1/frontend/app/node_modules/@tanstack/react-router/dist/esm/Transitioner.js:10:10)
    at file:///home/siegfriedneto/projects/servicedeskn1/frontend/app/node_modules/@tanstack/react-router/dist/esm/Matches.js:38:39
    at Object.react_stack_bottom_frame (/home/siegfriedneto/projects/servicedeskn1/frontend/app/node_modules/react-dom/cjs/react-dom-client.development.js:25989:20)
    at runWithFiberInDEV (/home/siegfriedneto/projects/servicedeskn1/frontend/app/node_modules/react-dom/cjs/react-dom-client.development.js:874:13)
    at commitHookEffectListMount (/home/siegfriedneto/projects/servicedeskn1/frontend/app/node_modules/react-dom/cjs/react-dom-client.development.js:13249:29) undefined
Error: Not implemented: window.scrollTo
    at module.exports (/home/siegfriedneto/projects/servicedeskn1/frontend/app/node_modules/jsdom/lib/jsdom/browser/not-implemented.js:9:17)
    at /home/siegfriedneto/projects/servicedeskn1/frontend/app/node_modules/jsdom/lib/jsdom/browser/Window.js:960:7
    at Object.fn (file:///home/siegfriedneto/projects/servicedeskn1/frontend/app/node_modules/@tanstack/router-core/dist/esm/scroll-restoration.js:180:27)
    at RouterCore.emit (file:///home/siegfriedneto/projects/servicedeskn1/frontend/app/node_modules/@tanstack/router-core/dist/esm/router.js:178:14)
    at file:///home/siegfriedneto/projects/servicedeskn1/frontend/app/node_modules/@tanstack/react-router/dist/esm/Transitioner.js:46:25
    at settleOwner (file:///home/siegfriedneto/projects/servicedeskn1/frontend/app/node_modules/@tanstack/react-router/dist/esm/Transitioner.js:10:10)
    at file:///home/siegfriedneto/projects/servicedeskn1/frontend/app/node_modules/@tanstack/react-router/dist/esm/Matches.js:38:39
    at Object.react_stack_bottom_frame (/home/siegfriedneto/projects/servicedeskn1/frontend/app/node_modules/react-dom/cjs/react-dom-client.development.js:25989:20)
    at runWithFiberInDEV (/home/siegfriedneto/projects/servicedeskn1/frontend/app/node_modules/react-dom/cjs/react-dom-client.development.js:874:13)
    at commitHookEffectListMount (/home/siegfriedneto/projects/servicedeskn1/frontend/app/node_modules/react-dom/cjs/react-dom-client.development.js:13249:29) undefined
Error: Not implemented: window.scrollTo
    at module.exports (/home/siegfriedneto/projects/servicedeskn1/frontend/app/node_modules/jsdom/lib/jsdom/browser/not-implemented.js:9:17)
    at /home/siegfriedneto/projects/servicedeskn1/frontend/app/node_modules/jsdom/lib/jsdom/browser/Window.js:960:7
    at Object.fn (file:///home/siegfriedneto/projects/servicedeskn1/frontend/app/node_modules/@tanstack/router-core/dist/esm/scroll-restoration.js:180:27)
    at RouterCore.emit (file:///home/siegfriedneto/projects/servicedeskn1/frontend/app/node_modules/@tanstack/router-core/dist/esm/router.js:178:14)
    at file:///home/siegfriedneto/projects/servicedeskn1/frontend/app/node_modules/@tanstack/router-core/dist/esm/load-client.js:943:46
    at Router.batch (file:///home/siegfriedneto/projects/servicedeskn1/frontend/app/node_modules/@tanstack/store/dist/esm/atom.js:39:5)
    at file:///home/siegfriedneto/projects/servicedeskn1/frontend/app/node_modules/@tanstack/router-core/dist/esm/load-client.js:936:10
    at runClientTransaction (file:///home/siegfriedneto/projects/servicedeskn1/frontend/app/node_modules/@tanstack/router-core/dist/esm/load-client.js:902:2)
    at loadClientRoute (file:///home/siegfriedneto/projects/servicedeskn1/frontend/app/node_modules/@tanstack/router-core/dist/esm/load-client.js:1034:2)
    at RouterCore.load (file:///home/siegfriedneto/projects/servicedeskn1/frontend/app/node_modules/@tanstack/router-core/dist/esm/router.js:489:4) undefined
Error: Not implemented: window.scrollTo
    at module.exports (/home/siegfriedneto/projects/servicedeskn1/frontend/app/node_modules/jsdom/lib/jsdom/browser/not-implemented.js:9:17)
    at /home/siegfriedneto/projects/servicedeskn1/frontend/app/node_modules/jsdom/lib/jsdom/browser/Window.js:960:7
    at Object.fn (file:///home/siegfriedneto/projects/servicedeskn1/frontend/app/node_modules/@tanstack/router-core/dist/esm/scroll-restoration.js:180:27)
    at RouterCore.emit (file:///home/siegfriedneto/projects/servicedeskn1/frontend/app/node_modules/@tanstack/router-core/dist/esm/router.js:178:14)
    at file:///home/siegfriedneto/projects/servicedeskn1/frontend/app/node_modules/@tanstack/react-router/dist/esm/Transitioner.js:46:25
    at settleOwner (file:///home/siegfriedneto/projects/servicedeskn1/frontend/app/node_modules/@tanstack/react-router/dist/esm/Transitioner.js:10:10)
    at file:///home/siegfriedneto/projects/servicedeskn1/frontend/app/node_modules/@tanstack/react-router/dist/esm/Matches.js:38:39
    at Object.react_stack_bottom_frame (/home/siegfriedneto/projects/servicedeskn1/frontend/app/node_modules/react-dom/cjs/react-dom-client.development.js:25989:20)
    at runWithFiberInDEV (/home/siegfriedneto/projects/servicedeskn1/frontend/app/node_modules/react-dom/cjs/react-dom-client.development.js:874:13)
    at commitHookEffectListMount (/home/siegfriedneto/projects/servicedeskn1/frontend/app/node_modules/react-dom/cjs/react-dom-client.development.js:13249:29) undefined
Error: Not implemented: window.scrollTo
    at module.exports (/home/siegfriedneto/projects/servicedeskn1/frontend/app/node_modules/jsdom/lib/jsdom/browser/not-implemented.js:9:17)
    at /home/siegfriedneto/projects/servicedeskn1/frontend/app/node_modules/jsdom/lib/jsdom/browser/Window.js:960:7
    at Object.fn (file:///home/siegfriedneto/projects/servicedeskn1/frontend/app/node_modules/@tanstack/router-core/dist/esm/scroll-restoration.js:180:27)
    at RouterCore.emit (file:///home/siegfriedneto/projects/servicedeskn1/frontend/app/node_modules/@tanstack/router-core/dist/esm/router.js:178:14)
    at file:///home/siegfriedneto/projects/servicedeskn1/frontend/app/node_modules/@tanstack/react-router/dist/esm/Transitioner.js:46:25
    at settleOwner (file:///home/siegfriedneto/projects/servicedeskn1/frontend/app/node_modules/@tanstack/react-router/dist/esm/Transitioner.js:10:10)
    at file:///home/siegfriedneto/projects/servicedeskn1/frontend/app/node_modules/@tanstack/react-router/dist/esm/Matches.js:38:39
    at Object.react_stack_bottom_frame (/home/siegfriedneto/projects/servicedeskn1/frontend/app/node_modules/react-dom/cjs/react-dom-client.development.js:25989:20)
    at runWithFiberInDEV (/home/siegfriedneto/projects/servicedeskn1/frontend/app/node_modules/react-dom/cjs/react-dom-client.development.js:874:13)
    at commitHookEffectListMount (/home/siegfriedneto/projects/servicedeskn1/frontend/app/node_modules/react-dom/cjs/react-dom-client.development.js:13249:29) undefined
Error: Not implemented: window.scrollTo
    at module.exports (/home/siegfriedneto/projects/servicedeskn1/frontend/app/node_modules/jsdom/lib/jsdom/browser/not-implemented.js:9:17)
    at /home/siegfriedneto/projects/servicedeskn1/frontend/app/node_modules/jsdom/lib/jsdom/browser/Window.js:960:7
    at Object.fn (file:///home/siegfriedneto/projects/servicedeskn1/frontend/app/node_modules/@tanstack/router-core/dist/esm/scroll-restoration.js:180:27)
    at RouterCore.emit (file:///home/siegfriedneto/projects/servicedeskn1/frontend/app/node_modules/@tanstack/router-core/dist/esm/router.js:178:14)
    at file:///home/siegfriedneto/projects/servicedeskn1/frontend/app/node_modules/@tanstack/react-router/dist/esm/Transitioner.js:46:25
    at settleOwner (file:///home/siegfriedneto/projects/servicedeskn1/frontend/app/node_modules/@tanstack/react-router/dist/esm/Transitioner.js:10:10)
    at file:///home/siegfriedneto/projects/servicedeskn1/frontend/app/node_modules/@tanstack/react-router/dist/esm/Matches.js:38:39
    at Object.react_stack_bottom_frame (/home/siegfriedneto/projects/servicedeskn1/frontend/app/node_modules/react-dom/cjs/react-dom-client.development.js:25989:20)
    at runWithFiberInDEV (/home/siegfriedneto/projects/servicedeskn1/frontend/app/node_modules/react-dom/cjs/react-dom-client.development.js:874:13)
    at commitHookEffectListMount (/home/siegfriedneto/projects/servicedeskn1/frontend/app/node_modules/react-dom/cjs/react-dom-client.development.js:13249:29) undefined
Error: Not implemented: window.scrollTo
    at module.exports (/home/siegfriedneto/projects/servicedeskn1/frontend/app/node_modules/jsdom/lib/jsdom/browser/not-implemented.js:9:17)
    at /home/siegfriedneto/projects/servicedeskn1/frontend/app/node_modules/jsdom/lib/jsdom/browser/Window.js:960:7
    at Object.fn (file:///home/siegfriedneto/projects/servicedeskn1/frontend/app/node_modules/@tanstack/router-core/dist/esm/scroll-restoration.js:180:27)
    at RouterCore.emit (file:///home/siegfriedneto/projects/servicedeskn1/frontend/app/node_modules/@tanstack/router-core/dist/esm/router.js:178:14)
    at file:///home/siegfriedneto/projects/servicedeskn1/frontend/app/node_modules/@tanstack/router-core/dist/esm/load-client.js:943:46
    at Router.batch (file:///home/siegfriedneto/projects/servicedeskn1/frontend/app/node_modules/@tanstack/store/dist/esm/atom.js:39:5)
    at file:///home/siegfriedneto/projects/servicedeskn1/frontend/app/node_modules/@tanstack/router-core/dist/esm/load-client.js:936:10
    at runClientTransaction (file:///home/siegfriedneto/projects/servicedeskn1/frontend/app/node_modules/@tanstack/router-core/dist/esm/load-client.js:902:2)
    at loadClientRoute (file:///home/siegfriedneto/projects/servicedeskn1/frontend/app/node_modules/@tanstack/router-core/dist/esm/load-client.js:1034:2)
    at RouterCore.load (file:///home/siegfriedneto/projects/servicedeskn1/frontend/app/node_modules/@tanstack/router-core/dist/esm/router.js:489:4) undefined
Error: Not implemented: window.scrollTo
    at module.exports (/home/siegfriedneto/projects/servicedeskn1/frontend/app/node_modules/jsdom/lib/jsdom/browser/not-implemented.js:9:17)
    at /home/siegfriedneto/projects/servicedeskn1/frontend/app/node_modules/jsdom/lib/jsdom/browser/Window.js:960:7
    at Object.fn (file:///home/siegfriedneto/projects/servicedeskn1/frontend/app/node_modules/@tanstack/router-core/dist/esm/scroll-restoration.js:180:27)
    at RouterCore.emit (file:///home/siegfriedneto/projects/servicedeskn1/frontend/app/node_modules/@tanstack/router-core/dist/esm/router.js:178:14)
    at file:///home/siegfriedneto/projects/servicedeskn1/frontend/app/node_modules/@tanstack/react-router/dist/esm/Transitioner.js:46:25
    at settleOwner (file:///home/siegfriedneto/projects/servicedeskn1/frontend/app/node_modules/@tanstack/react-router/dist/esm/Transitioner.js:10:10)
    at file:///home/siegfriedneto/projects/servicedeskn1/frontend/app/node_modules/@tanstack/react-router/dist/esm/Matches.js:38:39
    at Object.react_stack_bottom_frame (/home/siegfriedneto/projects/servicedeskn1/frontend/app/node_modules/react-dom/cjs/react-dom-client.development.js:25989:20)
    at runWithFiberInDEV (/home/siegfriedneto/projects/servicedeskn1/frontend/app/node_modules/react-dom/cjs/react-dom-client.development.js:874:13)
    at commitHookEffectListMount (/home/siegfriedneto/projects/servicedeskn1/frontend/app/node_modules/react-dom/cjs/react-dom-client.development.js:13249:29) undefined
Error: Not implemented: window.scrollTo
    at module.exports (/home/siegfriedneto/projects/servicedeskn1/frontend/app/node_modules/jsdom/lib/jsdom/browser/not-implemented.js:9:17)
    at /home/siegfriedneto/projects/servicedeskn1/frontend/app/node_modules/jsdom/lib/jsdom/browser/Window.js:960:7
    at Object.fn (file:///home/siegfriedneto/projects/servicedeskn1/frontend/app/node_modules/@tanstack/router-core/dist/esm/scroll-restoration.js:180:27)
    at RouterCore.emit (file:///home/siegfriedneto/projects/servicedeskn1/frontend/app/node_modules/@tanstack/router-core/dist/esm/router.js:178:14)
    at file:///home/siegfriedneto/projects/servicedeskn1/frontend/app/node_modules/@tanstack/react-router/dist/esm/Transitioner.js:46:25
    at settleOwner (file:///home/siegfriedneto/projects/servicedeskn1/frontend/app/node_modules/@tanstack/react-router/dist/esm/Transitioner.js:10:10)
    at file:///home/siegfriedneto/projects/servicedeskn1/frontend/app/node_modules/@tanstack/react-router/dist/esm/Matches.js:38:39
    at Object.react_stack_bottom_frame (/home/siegfriedneto/projects/servicedeskn1/frontend/app/node_modules/react-dom/cjs/react-dom-client.development.js:25989:20)
    at runWithFiberInDEV (/home/siegfriedneto/projects/servicedeskn1/frontend/app/node_modules/react-dom/cjs/react-dom-client.development.js:874:13)
    at commitHookEffectListMount (/home/siegfriedneto/projects/servicedeskn1/frontend/app/node_modules/react-dom/cjs/react-dom-client.development.js:13249:29) undefined
Error: Not implemented: window.scrollTo
    at module.exports (/home/siegfriedneto/projects/servicedeskn1/frontend/app/node_modules/jsdom/lib/jsdom/browser/not-implemented.js:9:17)
    at /home/siegfriedneto/projects/servicedeskn1/frontend/app/node_modules/jsdom/lib/jsdom/browser/Window.js:960:7
    at Object.fn (file:///home/siegfriedneto/projects/servicedeskn1/frontend/app/node_modules/@tanstack/router-core/dist/esm/scroll-restoration.js:180:27)
    at RouterCore.emit (file:///home/siegfriedneto/projects/servicedeskn1/frontend/app/node_modules/@tanstack/router-core/dist/esm/router.js:178:14)
    at file:///home/siegfriedneto/projects/servicedeskn1/frontend/app/node_modules/@tanstack/react-router/dist/esm/Transitioner.js:46:25
    at settleOwner (file:///home/siegfriedneto/projects/servicedeskn1/frontend/app/node_modules/@tanstack/react-router/dist/esm/Transitioner.js:10:10)
    at file:///home/siegfriedneto/projects/servicedeskn1/frontend/app/node_modules/@tanstack/react-router/dist/esm/Matches.js:38:39
    at Object.react_stack_bottom_frame (/home/siegfriedneto/projects/servicedeskn1/frontend/app/node_modules/react-dom/cjs/react-dom-client.development.js:25989:20)
    at runWithFiberInDEV (/home/siegfriedneto/projects/servicedeskn1/frontend/app/node_modules/react-dom/cjs/react-dom-client.development.js:874:13)
    at commitHookEffectListMount (/home/siegfriedneto/projects/servicedeskn1/frontend/app/node_modules/react-dom/cjs/react-dom-client.development.js:13249:29) undefined
Error: Not implemented: window.scrollTo
    at module.exports (/home/siegfriedneto/projects/servicedeskn1/frontend/app/node_modules/jsdom/lib/jsdom/browser/not-implemented.js:9:17)
    at /home/siegfriedneto/projects/servicedeskn1/frontend/app/node_modules/jsdom/lib/jsdom/browser/Window.js:960:7
    at Object.fn (file:///home/siegfriedneto/projects/servicedeskn1/frontend/app/node_modules/@tanstack/router-core/dist/esm/scroll-restoration.js:180:27)
    at RouterCore.emit (file:///home/siegfriedneto/projects/servicedeskn1/frontend/app/node_modules/@tanstack/router-core/dist/esm/router.js:178:14)
    at file:///home/siegfriedneto/projects/servicedeskn1/frontend/app/node_modules/@tanstack/react-router/dist/esm/Transitioner.js:46:25
    at settleOwner (file:///home/siegfriedneto/projects/servicedeskn1/frontend/app/node_modules/@tanstack/react-router/dist/esm/Transitioner.js:10:10)
    at file:///home/siegfriedneto/projects/servicedeskn1/frontend/app/node_modules/@tanstack/react-router/dist/esm/Matches.js:38:39
    at Object.react_stack_bottom_frame (/home/siegfriedneto/projects/servicedeskn1/frontend/app/node_modules/react-dom/cjs/react-dom-client.development.js:25989:20)
    at runWithFiberInDEV (/home/siegfriedneto/projects/servicedeskn1/frontend/app/node_modules/react-dom/cjs/react-dom-client.development.js:874:13)
    at commitHookEffectListMount (/home/siegfriedneto/projects/servicedeskn1/frontend/app/node_modules/react-dom/cjs/react-dom-client.development.js:13249:29) undefined
Error: Not implemented: window.scrollTo
    at module.exports (/home/siegfriedneto/projects/servicedeskn1/frontend/app/node_modules/jsdom/lib/jsdom/browser/not-implemented.js:9:17)
    at /home/siegfriedneto/projects/servicedeskn1/frontend/app/node_modules/jsdom/lib/jsdom/browser/Window.js:960:7
    at Object.fn (file:///home/siegfriedneto/projects/servicedeskn1/frontend/app/node_modules/@tanstack/router-core/dist/esm/scroll-restoration.js:180:27)
    at RouterCore.emit (file:///home/siegfriedneto/projects/servicedeskn1/frontend/app/node_modules/@tanstack/router-core/dist/esm/router.js:178:14)
    at file:///home/siegfriedneto/projects/servicedeskn1/frontend/app/node_modules/@tanstack/react-router/dist/esm/Transitioner.js:46:25
    at settleOwner (file:///home/siegfriedneto/projects/servicedeskn1/frontend/app/node_modules/@tanstack/react-router/dist/esm/Transitioner.js:10:10)
    at file:///home/siegfriedneto/projects/servicedeskn1/frontend/app/node_modules/@tanstack/react-router/dist/esm/Matches.js:38:39
    at Object.react_stack_bottom_frame (/home/siegfriedneto/projects/servicedeskn1/frontend/app/node_modules/react-dom/cjs/react-dom-client.development.js:25989:20)
    at runWithFiberInDEV (/home/siegfriedneto/projects/servicedeskn1/frontend/app/node_modules/react-dom/cjs/react-dom-client.development.js:874:13)
    at commitHookEffectListMount (/home/siegfriedneto/projects/servicedeskn1/frontend/app/node_modules/react-dom/cjs/react-dom-client.development.js:13249:29) undefined
Error: Not implemented: window.scrollTo
    at module.exports (/home/siegfriedneto/projects/servicedeskn1/frontend/app/node_modules/jsdom/lib/jsdom/browser/not-implemented.js:9:17)
    at /home/siegfriedneto/projects/servicedeskn1/frontend/app/node_modules/jsdom/lib/jsdom/browser/Window.js:960:7
    at Object.fn (file:///home/siegfriedneto/projects/servicedeskn1/frontend/app/node_modules/@tanstack/router-core/dist/esm/scroll-restoration.js:180:27)
    at RouterCore.emit (file:///home/siegfriedneto/projects/servicedeskn1/frontend/app/node_modules/@tanstack/router-core/dist/esm/router.js:178:14)
    at file:///home/siegfriedneto/projects/servicedeskn1/frontend/app/node_modules/@tanstack/react-router/dist/esm/Transitioner.js:46:25
    at settleOwner (file:///home/siegfriedneto/projects/servicedeskn1/frontend/app/node_modules/@tanstack/react-router/dist/esm/Transitioner.js:10:10)
    at file:///home/siegfriedneto/projects/servicedeskn1/frontend/app/node_modules/@tanstack/react-router/dist/esm/Matches.js:38:39
    at Object.react_stack_bottom_frame (/home/siegfriedneto/projects/servicedeskn1/frontend/app/node_modules/react-dom/cjs/react-dom-client.development.js:25989:20)
    at runWithFiberInDEV (/home/siegfriedneto/projects/servicedeskn1/frontend/app/node_modules/react-dom/cjs/react-dom-client.development.js:874:13)
    at commitHookEffectListMount (/home/siegfriedneto/projects/servicedeskn1/frontend/app/node_modules/react-dom/cjs/react-dom-client.development.js:13249:29) undefined
Error: Not implemented: window.scrollTo
    at module.exports (/home/siegfriedneto/projects/servicedeskn1/frontend/app/node_modules/jsdom/lib/jsdom/browser/not-implemented.js:9:17)
    at /home/siegfriedneto/projects/servicedeskn1/frontend/app/node_modules/jsdom/lib/jsdom/browser/Window.js:960:7
    at Object.fn (file:///home/siegfriedneto/projects/servicedeskn1/frontend/app/node_modules/@tanstack/router-core/dist/esm/scroll-restoration.js:180:27)
    at RouterCore.emit (file:///home/siegfriedneto/projects/servicedeskn1/frontend/app/node_modules/@tanstack/router-core/dist/esm/router.js:178:14)
    at file:///home/siegfriedneto/projects/servicedeskn1/frontend/app/node_modules/@tanstack/react-router/dist/esm/Transitioner.js:46:25
    at settleOwner (file:///home/siegfriedneto/projects/servicedeskn1/frontend/app/node_modules/@tanstack/react-router/dist/esm/Transitioner.js:10:10)
    at file:///home/siegfriedneto/projects/servicedeskn1/frontend/app/node_modules/@tanstack/react-router/dist/esm/Matches.js:38:39
    at Object.react_stack_bottom_frame (/home/siegfriedneto/projects/servicedeskn1/frontend/app/node_modules/react-dom/cjs/react-dom-client.development.js:25989:20)
    at runWithFiberInDEV (/home/siegfriedneto/projects/servicedeskn1/frontend/app/node_modules/react-dom/cjs/react-dom-client.development.js:874:13)
    at commitHookEffectListMount (/home/siegfriedneto/projects/servicedeskn1/frontend/app/node_modules/react-dom/cjs/react-dom-client.development.js:13249:29) undefined
Error: Not implemented: window.scrollTo
    at module.exports (/home/siegfriedneto/projects/servicedeskn1/frontend/app/node_modules/jsdom/lib/jsdom/browser/not-implemented.js:9:17)
    at /home/siegfriedneto/projects/servicedeskn1/frontend/app/node_modules/jsdom/lib/jsdom/browser/Window.js:960:7
    at Object.fn (file:///home/siegfriedneto/projects/servicedeskn1/frontend/app/node_modules/@tanstack/router-core/dist/esm/scroll-restoration.js:180:27)
    at RouterCore.emit (file:///home/siegfriedneto/projects/servicedeskn1/frontend/app/node_modules/@tanstack/router-core/dist/esm/router.js:178:14)
    at file:///home/siegfriedneto/projects/servicedeskn1/frontend/app/node_modules/@tanstack/react-router/dist/esm/Transitioner.js:46:25
    at settleOwner (file:///home/siegfriedneto/projects/servicedeskn1/frontend/app/node_modules/@tanstack/react-router/dist/esm/Transitioner.js:10:10)
    at file:///home/siegfriedneto/projects/servicedeskn1/frontend/app/node_modules/@tanstack/react-router/dist/esm/Matches.js:38:39
    at Object.react_stack_bottom_frame (/home/siegfriedneto/projects/servicedeskn1/frontend/app/node_modules/react-dom/cjs/react-dom-client.development.js:25989:20)
    at runWithFiberInDEV (/home/siegfriedneto/projects/servicedeskn1/frontend/app/node_modules/react-dom/cjs/react-dom-client.development.js:874:13)
    at commitHookEffectListMount (/home/siegfriedneto/projects/servicedeskn1/frontend/app/node_modules/react-dom/cjs/react-dom-client.development.js:13249:29) undefined
Error: Not implemented: window.scrollTo
    at module.exports (/home/siegfriedneto/projects/servicedeskn1/frontend/app/node_modules/jsdom/lib/jsdom/browser/not-implemented.js:9:17)
    at /home/siegfriedneto/projects/servicedeskn1/frontend/app/node_modules/jsdom/lib/jsdom/browser/Window.js:960:7
    at Object.fn (file:///home/siegfriedneto/projects/servicedeskn1/frontend/app/node_modules/@tanstack/router-core/dist/esm/scroll-restoration.js:180:27)
    at RouterCore.emit (file:///home/siegfriedneto/projects/servicedeskn1/frontend/app/node_modules/@tanstack/router-core/dist/esm/router.js:178:14)
    at file:///home/siegfriedneto/projects/servicedeskn1/frontend/app/node_modules/@tanstack/react-router/dist/esm/Transitioner.js:46:25
    at settleOwner (file:///home/siegfriedneto/projects/servicedeskn1/frontend/app/node_modules/@tanstack/react-router/dist/esm/Transitioner.js:10:10)
    at file:///home/siegfriedneto/projects/servicedeskn1/frontend/app/node_modules/@tanstack/react-router/dist/esm/Matches.js:38:39
    at Object.react_stack_bottom_frame (/home/siegfriedneto/projects/servicedeskn1/frontend/app/node_modules/react-dom/cjs/react-dom-client.development.js:25989:20)
    at runWithFiberInDEV (/home/siegfriedneto/projects/servicedeskn1/frontend/app/node_modules/react-dom/cjs/react-dom-client.development.js:874:13)
    at commitHookEffectListMount (/home/siegfriedneto/projects/servicedeskn1/frontend/app/node_modules/react-dom/cjs/react-dom-client.development.js:13249:29) undefined
Error: Not implemented: window.scrollTo
    at module.exports (/home/siegfriedneto/projects/servicedeskn1/frontend/app/node_modules/jsdom/lib/jsdom/browser/not-implemented.js:9:17)
    at /home/siegfriedneto/projects/servicedeskn1/frontend/app/node_modules/jsdom/lib/jsdom/browser/Window.js:960:7
    at Object.fn (file:///home/siegfriedneto/projects/servicedeskn1/frontend/app/node_modules/@tanstack/router-core/dist/esm/scroll-restoration.js:180:27)
    at RouterCore.emit (file:///home/siegfriedneto/projects/servicedeskn1/frontend/app/node_modules/@tanstack/router-core/dist/esm/router.js:178:14)
    at file:///home/siegfriedneto/projects/servicedeskn1/frontend/app/node_modules/@tanstack/react-router/dist/esm/Transitioner.js:46:25
    at settleOwner (file:///home/siegfriedneto/projects/servicedeskn1/frontend/app/node_modules/@tanstack/react-router/dist/esm/Transitioner.js:10:10)
    at file:///home/siegfriedneto/projects/servicedeskn1/frontend/app/node_modules/@tanstack/react-router/dist/esm/Matches.js:38:39
    at Object.react_stack_bottom_frame (/home/siegfriedneto/projects/servicedeskn1/frontend/app/node_modules/react-dom/cjs/react-dom-client.development.js:25989:20)
    at runWithFiberInDEV (/home/siegfriedneto/projects/servicedeskn1/frontend/app/node_modules/react-dom/cjs/react-dom-client.development.js:874:13)
    at commitHookEffectListMount (/home/siegfriedneto/projects/servicedeskn1/frontend/app/node_modules/react-dom/cjs/react-dom-client.development.js:13249:29) undefined
Error: Not implemented: window.scrollTo
    at module.exports (/home/siegfriedneto/projects/servicedeskn1/frontend/app/node_modules/jsdom/lib/jsdom/browser/not-implemented.js:9:17)
    at /home/siegfriedneto/projects/servicedeskn1/frontend/app/node_modules/jsdom/lib/jsdom/browser/Window.js:960:7
    at Object.fn (file:///home/siegfriedneto/projects/servicedeskn1/frontend/app/node_modules/@tanstack/router-core/dist/esm/scroll-restoration.js:180:27)
    at RouterCore.emit (file:///home/siegfriedneto/projects/servicedeskn1/frontend/app/node_modules/@tanstack/router-core/dist/esm/router.js:178:14)
    at file:///home/siegfriedneto/projects/servicedeskn1/frontend/app/node_modules/@tanstack/react-router/dist/esm/Transitioner.js:46:25
    at settleOwner (file:///home/siegfriedneto/projects/servicedeskn1/frontend/app/node_modules/@tanstack/react-router/dist/esm/Transitioner.js:10:10)
    at file:///home/siegfriedneto/projects/servicedeskn1/frontend/app/node_modules/@tanstack/react-router/dist/esm/Matches.js:38:39
    at Object.react_stack_bottom_frame (/home/siegfriedneto/projects/servicedeskn1/frontend/app/node_modules/react-dom/cjs/react-dom-client.development.js:25989:20)
    at runWithFiberInDEV (/home/siegfriedneto/projects/servicedeskn1/frontend/app/node_modules/react-dom/cjs/react-dom-client.development.js:874:13)
    at commitHookEffectListMount (/home/siegfriedneto/projects/servicedeskn1/frontend/app/node_modules/react-dom/cjs/react-dom-client.development.js:13249:29) undefined
Error: Not implemented: window.scrollTo
    at module.exports (/home/siegfriedneto/projects/servicedeskn1/frontend/app/node_modules/jsdom/lib/jsdom/browser/not-implemented.js:9:17)
    at /home/siegfriedneto/projects/servicedeskn1/frontend/app/node_modules/jsdom/lib/jsdom/browser/Window.js:960:7
    at Object.fn (file:///home/siegfriedneto/projects/servicedeskn1/frontend/app/node_modules/@tanstack/router-core/dist/esm/scroll-restoration.js:180:27)
    at RouterCore.emit (file:///home/siegfriedneto/projects/servicedeskn1/frontend/app/node_modules/@tanstack/router-core/dist/esm/router.js:178:14)
    at file:///home/siegfriedneto/projects/servicedeskn1/frontend/app/node_modules/@tanstack/react-router/dist/esm/Transitioner.js:46:25
    at settleOwner (file:///home/siegfriedneto/projects/servicedeskn1/frontend/app/node_modules/@tanstack/react-router/dist/esm/Transitioner.js:10:10)
    at file:///home/siegfriedneto/projects/servicedeskn1/frontend/app/node_modules/@tanstack/react-router/dist/esm/Matches.js:38:39
    at Object.react_stack_bottom_frame (/home/siegfriedneto/projects/servicedeskn1/frontend/app/node_modules/react-dom/cjs/react-dom-client.development.js:25989:20)
    at runWithFiberInDEV (/home/siegfriedneto/projects/servicedeskn1/frontend/app/node_modules/react-dom/cjs/react-dom-client.development.js:874:13)
    at commitHookEffectListMount (/home/siegfriedneto/projects/servicedeskn1/frontend/app/node_modules/react-dom/cjs/react-dom-client.development.js:13249:29) undefined
Error: Not implemented: window.scrollTo
    at module.exports (/home/siegfriedneto/projects/servicedeskn1/frontend/app/node_modules/jsdom/lib/jsdom/browser/not-implemented.js:9:17)
    at /home/siegfriedneto/projects/servicedeskn1/frontend/app/node_modules/jsdom/lib/jsdom/browser/Window.js:960:7
    at Object.fn (file:///home/siegfriedneto/projects/servicedeskn1/frontend/app/node_modules/@tanstack/router-core/dist/esm/scroll-restoration.js:180:27)
    at RouterCore.emit (file:///home/siegfriedneto/projects/servicedeskn1/frontend/app/node_modules/@tanstack/router-core/dist/esm/router.js:178:14)
    at file:///home/siegfriedneto/projects/servicedeskn1/frontend/app/node_modules/@tanstack/react-router/dist/esm/Transitioner.js:46:25
    at settleOwner (file:///home/siegfriedneto/projects/servicedeskn1/frontend/app/node_modules/@tanstack/react-router/dist/esm/Transitioner.js:10:10)
    at file:///home/siegfriedneto/projects/servicedeskn1/frontend/app/node_modules/@tanstack/react-router/dist/esm/Matches.js:38:39
    at Object.react_stack_bottom_frame (/home/siegfriedneto/projects/servicedeskn1/frontend/app/node_modules/react-dom/cjs/react-dom-client.development.js:25989:20)
    at runWithFiberInDEV (/home/siegfriedneto/projects/servicedeskn1/frontend/app/node_modules/react-dom/cjs/react-dom-client.development.js:874:13)
    at commitHookEffectListMount (/home/siegfriedneto/projects/servicedeskn1/frontend/app/node_modules/react-dom/cjs/react-dom-client.development.js:13249:29) undefined
Error: Not implemented: window.scrollTo
    at module.exports (/home/siegfriedneto/projects/servicedeskn1/frontend/app/node_modules/jsdom/lib/jsdom/browser/not-implemented.js:9:17)
    at /home/siegfriedneto/projects/servicedeskn1/frontend/app/node_modules/jsdom/lib/jsdom/browser/Window.js:960:7
    at Object.fn (file:///home/siegfriedneto/projects/servicedeskn1/frontend/app/node_modules/@tanstack/router-core/dist/esm/scroll-restoration.js:180:27)
    at RouterCore.emit (file:///home/siegfriedneto/projects/servicedeskn1/frontend/app/node_modules/@tanstack/router-core/dist/esm/router.js:178:14)
    at file:///home/siegfriedneto/projects/servicedeskn1/frontend/app/node_modules/@tanstack/react-router/dist/esm/Transitioner.js:46:25
    at settleOwner (file:///home/siegfriedneto/projects/servicedeskn1/frontend/app/node_modules/@tanstack/react-router/dist/esm/Transitioner.js:10:10)
    at file:///home/siegfriedneto/projects/servicedeskn1/frontend/app/node_modules/@tanstack/react-router/dist/esm/Matches.js:38:39
    at Object.react_stack_bottom_frame (/home/siegfriedneto/projects/servicedeskn1/frontend/app/node_modules/react-dom/cjs/react-dom-client.development.js:25989:20)
    at runWithFiberInDEV (/home/siegfriedneto/projects/servicedeskn1/frontend/app/node_modules/react-dom/cjs/react-dom-client.development.js:874:13)
    at commitHookEffectListMount (/home/siegfriedneto/projects/servicedeskn1/frontend/app/node_modules/react-dom/cjs/react-dom-client.development.js:13249:29) undefined
Error: Not implemented: window.scrollTo
    at module.exports (/home/siegfriedneto/projects/servicedeskn1/frontend/app/node_modules/jsdom/lib/jsdom/browser/not-implemented.js:9:17)
    at /home/siegfriedneto/projects/servicedeskn1/frontend/app/node_modules/jsdom/lib/jsdom/browser/Window.js:960:7
    at Object.fn (file:///home/siegfriedneto/projects/servicedeskn1/frontend/app/node_modules/@tanstack/router-core/dist/esm/scroll-restoration.js:180:27)
    at RouterCore.emit (file:///home/siegfriedneto/projects/servicedeskn1/frontend/app/node_modules/@tanstack/router-core/dist/esm/router.js:178:14)
    at file:///home/siegfriedneto/projects/servicedeskn1/frontend/app/node_modules/@tanstack/react-router/dist/esm/Transitioner.js:46:25
    at settleOwner (file:///home/siegfriedneto/projects/servicedeskn1/frontend/app/node_modules/@tanstack/react-router/dist/esm/Transitioner.js:10:10)
    at file:///home/siegfriedneto/projects/servicedeskn1/frontend/app/node_modules/@tanstack/react-router/dist/esm/Matches.js:38:39
    at Object.react_stack_bottom_frame (/home/siegfriedneto/projects/servicedeskn1/frontend/app/node_modules/react-dom/cjs/react-dom-client.development.js:25989:20)
    at runWithFiberInDEV (/home/siegfriedneto/projects/servicedeskn1/frontend/app/node_modules/react-dom/cjs/react-dom-client.development.js:874:13)
    at commitHookEffectListMount (/home/siegfriedneto/projects/servicedeskn1/frontend/app/node_modules/react-dom/cjs/react-dom-client.development.js:13249:29) undefined
Error: Not implemented: window.scrollTo
    at module.exports (/home/siegfriedneto/projects/servicedeskn1/frontend/app/node_modules/jsdom/lib/jsdom/browser/not-implemented.js:9:17)
    at /home/siegfriedneto/projects/servicedeskn1/frontend/app/node_modules/jsdom/lib/jsdom/browser/Window.js:960:7
    at Object.fn (file:///home/siegfriedneto/projects/servicedeskn1/frontend/app/node_modules/@tanstack/router-core/dist/esm/scroll-restoration.js:180:27)
    at RouterCore.emit (file:///home/siegfriedneto/projects/servicedeskn1/frontend/app/node_modules/@tanstack/router-core/dist/esm/router.js:178:14)
    at file:///home/siegfriedneto/projects/servicedeskn1/frontend/app/node_modules/@tanstack/react-router/dist/esm/Transitioner.js:46:25
    at settleOwner (file:///home/siegfriedneto/projects/servicedeskn1/frontend/app/node_modules/@tanstack/react-router/dist/esm/Transitioner.js:10:10)
    at file:///home/siegfriedneto/projects/servicedeskn1/frontend/app/node_modules/@tanstack/react-router/dist/esm/Matches.js:38:39
    at Object.react_stack_bottom_frame (/home/siegfriedneto/projects/servicedeskn1/frontend/app/node_modules/react-dom/cjs/react-dom-client.development.js:25989:20)
    at runWithFiberInDEV (/home/siegfriedneto/projects/servicedeskn1/frontend/app/node_modules/react-dom/cjs/react-dom-client.development.js:874:13)
    at commitHookEffectListMount (/home/siegfriedneto/projects/servicedeskn1/frontend/app/node_modules/react-dom/cjs/react-dom-client.development.js:13249:29) undefined
Error: Not implemented: window.scrollTo
    at module.exports (/home/siegfriedneto/projects/servicedeskn1/frontend/app/node_modules/jsdom/lib/jsdom/browser/not-implemented.js:9:17)
    at /home/siegfriedneto/projects/servicedeskn1/frontend/app/node_modules/jsdom/lib/jsdom/browser/Window.js:960:7
    at Object.fn (file:///home/siegfriedneto/projects/servicedeskn1/frontend/app/node_modules/@tanstack/router-core/dist/esm/scroll-restoration.js:180:27)
    at RouterCore.emit (file:///home/siegfriedneto/projects/servicedeskn1/frontend/app/node_modules/@tanstack/router-core/dist/esm/router.js:178:14)
    at file:///home/siegfriedneto/projects/servicedeskn1/frontend/app/node_modules/@tanstack/react-router/dist/esm/Transitioner.js:46:25
    at settleOwner (file:///home/siegfriedneto/projects/servicedeskn1/frontend/app/node_modules/@tanstack/react-router/dist/esm/Transitioner.js:10:10)
    at file:///home/siegfriedneto/projects/servicedeskn1/frontend/app/node_modules/@tanstack/react-router/dist/esm/Matches.js:38:39
    at Object.react_stack_bottom_frame (/home/siegfriedneto/projects/servicedeskn1/frontend/app/node_modules/react-dom/cjs/react-dom-client.development.js:25989:20)
    at runWithFiberInDEV (/home/siegfriedneto/projects/servicedeskn1/frontend/app/node_modules/react-dom/cjs/react-dom-client.development.js:874:13)
    at commitHookEffectListMount (/home/siegfriedneto/projects/servicedeskn1/frontend/app/node_modules/react-dom/cjs/react-dom-client.development.js:13249:29) undefined
Error: Not implemented: window.scrollTo
    at module.exports (/home/siegfriedneto/projects/servicedeskn1/frontend/app/node_modules/jsdom/lib/jsdom/browser/not-implemented.js:9:17)
    at /home/siegfriedneto/projects/servicedeskn1/frontend/app/node_modules/jsdom/lib/jsdom/browser/Window.js:960:7
    at Object.fn (file:///home/siegfriedneto/projects/servicedeskn1/frontend/app/node_modules/@tanstack/router-core/dist/esm/scroll-restoration.js:180:27)
    at RouterCore.emit (file:///home/siegfriedneto/projects/servicedeskn1/frontend/app/node_modules/@tanstack/router-core/dist/esm/router.js:178:14)
    at file:///home/siegfriedneto/projects/servicedeskn1/frontend/app/node_modules/@tanstack/react-router/dist/esm/Transitioner.js:46:25
    at settleOwner (file:///home/siegfriedneto/projects/servicedeskn1/frontend/app/node_modules/@tanstack/react-router/dist/esm/Transitioner.js:10:10)
    at file:///home/siegfriedneto/projects/servicedeskn1/frontend/app/node_modules/@tanstack/react-router/dist/esm/Matches.js:38:39
    at Object.react_stack_bottom_frame (/home/siegfriedneto/projects/servicedeskn1/frontend/app/node_modules/react-dom/cjs/react-dom-client.development.js:25989:20)
    at runWithFiberInDEV (/home/siegfriedneto/projects/servicedeskn1/frontend/app/node_modules/react-dom/cjs/react-dom-client.development.js:874:13)
    at commitHookEffectListMount (/home/siegfriedneto/projects/servicedeskn1/frontend/app/node_modules/react-dom/cjs/react-dom-client.development.js:13249:29) undefined
Error: Not implemented: window.scrollTo
    at module.exports (/home/siegfriedneto/projects/servicedeskn1/frontend/app/node_modules/jsdom/lib/jsdom/browser/not-implemented.js:9:17)
    at /home/siegfriedneto/projects/servicedeskn1/frontend/app/node_modules/jsdom/lib/jsdom/browser/Window.js:960:7
    at Object.fn (file:///home/siegfriedneto/projects/servicedeskn1/frontend/app/node_modules/@tanstack/router-core/dist/esm/scroll-restoration.js:180:27)
    at RouterCore.emit (file:///home/siegfriedneto/projects/servicedeskn1/frontend/app/node_modules/@tanstack/router-core/dist/esm/router.js:178:14)
    at file:///home/siegfriedneto/projects/servicedeskn1/frontend/app/node_modules/@tanstack/react-router/dist/esm/Transitioner.js:46:25
    at settleOwner (file:///home/siegfriedneto/projects/servicedeskn1/frontend/app/node_modules/@tanstack/react-router/dist/esm/Transitioner.js:10:10)
    at file:///home/siegfriedneto/projects/servicedeskn1/frontend/app/node_modules/@tanstack/react-router/dist/esm/Matches.js:38:39
    at Object.react_stack_bottom_frame (/home/siegfriedneto/projects/servicedeskn1/frontend/app/node_modules/react-dom/cjs/react-dom-client.development.js:25989:20)
    at runWithFiberInDEV (/home/siegfriedneto/projects/servicedeskn1/frontend/app/node_modules/react-dom/cjs/react-dom-client.development.js:874:13)
    at commitHookEffectListMount (/home/siegfriedneto/projects/servicedeskn1/frontend/app/node_modules/react-dom/cjs/react-dom-client.development.js:13249:29) undefined
Error: Not implemented: window.scrollTo
    at module.exports (/home/siegfriedneto/projects/servicedeskn1/frontend/app/node_modules/jsdom/lib/jsdom/browser/not-implemented.js:9:17)
    at /home/siegfriedneto/projects/servicedeskn1/frontend/app/node_modules/jsdom/lib/jsdom/browser/Window.js:960:7
    at Object.fn (file:///home/siegfriedneto/projects/servicedeskn1/frontend/app/node_modules/@tanstack/router-core/dist/esm/scroll-restoration.js:180:27)
    at RouterCore.emit (file:///home/siegfriedneto/projects/servicedeskn1/frontend/app/node_modules/@tanstack/router-core/dist/esm/router.js:178:14)
    at file:///home/siegfriedneto/projects/servicedeskn1/frontend/app/node_modules/@tanstack/react-router/dist/esm/Transitioner.js:46:25
    at settleOwner (file:///home/siegfriedneto/projects/servicedeskn1/frontend/app/node_modules/@tanstack/react-router/dist/esm/Transitioner.js:10:10)
    at file:///home/siegfriedneto/projects/servicedeskn1/frontend/app/node_modules/@tanstack/react-router/dist/esm/Matches.js:38:39
    at Object.react_stack_bottom_frame (/home/siegfriedneto/projects/servicedeskn1/frontend/app/node_modules/react-dom/cjs/react-dom-client.development.js:25989:20)
    at runWithFiberInDEV (/home/siegfriedneto/projects/servicedeskn1/frontend/app/node_modules/react-dom/cjs/react-dom-client.development.js:874:13)
    at commitHookEffectListMount (/home/siegfriedneto/projects/servicedeskn1/frontend/app/node_modules/react-dom/cjs/react-dom-client.development.js:13249:29) undefined
Error: Not implemented: window.scrollTo
    at module.exports (/home/siegfriedneto/projects/servicedeskn1/frontend/app/node_modules/jsdom/lib/jsdom/browser/not-implemented.js:9:17)
    at /home/siegfriedneto/projects/servicedeskn1/frontend/app/node_modules/jsdom/lib/jsdom/browser/Window.js:960:7
    at Object.fn (file:///home/siegfriedneto/projects/servicedeskn1/frontend/app/node_modules/@tanstack/router-core/dist/esm/scroll-restoration.js:180:27)
    at RouterCore.emit (file:///home/siegfriedneto/projects/servicedeskn1/frontend/app/node_modules/@tanstack/router-core/dist/esm/router.js:178:14)
    at file:///home/siegfriedneto/projects/servicedeskn1/frontend/app/node_modules/@tanstack/react-router/dist/esm/Transitioner.js:46:25
    at settleOwner (file:///home/siegfriedneto/projects/servicedeskn1/frontend/app/node_modules/@tanstack/react-router/dist/esm/Transitioner.js:10:10)
    at file:///home/siegfriedneto/projects/servicedeskn1/frontend/app/node_modules/@tanstack/react-router/dist/esm/Matches.js:38:39
    at Object.react_stack_bottom_frame (/home/siegfriedneto/projects/servicedeskn1/frontend/app/node_modules/react-dom/cjs/react-dom-client.development.js:25989:20)
    at runWithFiberInDEV (/home/siegfriedneto/projects/servicedeskn1/frontend/app/node_modules/react-dom/cjs/react-dom-client.development.js:874:13)
    at commitHookEffectListMount (/home/siegfriedneto/projects/servicedeskn1/frontend/app/node_modules/react-dom/cjs/react-dom-client.development.js:13249:29) undefined
Error: Not implemented: window.scrollTo
    at module.exports (/home/siegfriedneto/projects/servicedeskn1/frontend/app/node_modules/jsdom/lib/jsdom/browser/not-implemented.js:9:17)
    at /home/siegfriedneto/projects/servicedeskn1/frontend/app/node_modules/jsdom/lib/jsdom/browser/Window.js:960:7
    at Object.fn (file:///home/siegfriedneto/projects/servicedeskn1/frontend/app/node_modules/@tanstack/router-core/dist/esm/scroll-restoration.js:180:27)
    at RouterCore.emit (file:///home/siegfriedneto/projects/servicedeskn1/frontend/app/node_modules/@tanstack/router-core/dist/esm/router.js:178:14)
    at file:///home/siegfriedneto/projects/servicedeskn1/frontend/app/node_modules/@tanstack/react-router/dist/esm/Transitioner.js:46:25
    at settleOwner (file:///home/siegfriedneto/projects/servicedeskn1/frontend/app/node_modules/@tanstack/react-router/dist/esm/Transitioner.js:10:10)
    at file:///home/siegfriedneto/projects/servicedeskn1/frontend/app/node_modules/@tanstack/react-router/dist/esm/Matches.js:38:39
    at Object.react_stack_bottom_frame (/home/siegfriedneto/projects/servicedeskn1/frontend/app/node_modules/react-dom/cjs/react-dom-client.development.js:25989:20)
    at runWithFiberInDEV (/home/siegfriedneto/projects/servicedeskn1/frontend/app/node_modules/react-dom/cjs/react-dom-client.development.js:874:13)
    at commitHookEffectListMount (/home/siegfriedneto/projects/servicedeskn1/frontend/app/node_modules/react-dom/cjs/react-dom-client.development.js:13249:29) undefined
Error: Not implemented: window.scrollTo
    at module.exports (/home/siegfriedneto/projects/servicedeskn1/frontend/app/node_modules/jsdom/lib/jsdom/browser/not-implemented.js:9:17)
    at /home/siegfriedneto/projects/servicedeskn1/frontend/app/node_modules/jsdom/lib/jsdom/browser/Window.js:960:7
    at Object.fn (file:///home/siegfriedneto/projects/servicedeskn1/frontend/app/node_modules/@tanstack/router-core/dist/esm/scroll-restoration.js:180:27)
    at RouterCore.emit (file:///home/siegfriedneto/projects/servicedeskn1/frontend/app/node_modules/@tanstack/router-core/dist/esm/router.js:178:14)
    at file:///home/siegfriedneto/projects/servicedeskn1/frontend/app/node_modules/@tanstack/react-router/dist/esm/Transitioner.js:46:25
    at settleOwner (file:///home/siegfriedneto/projects/servicedeskn1/frontend/app/node_modules/@tanstack/react-router/dist/esm/Transitioner.js:10:10)
    at file:///home/siegfriedneto/projects/servicedeskn1/frontend/app/node_modules/@tanstack/react-router/dist/esm/Matches.js:38:39
    at Object.react_stack_bottom_frame (/home/siegfriedneto/projects/servicedeskn1/frontend/app/node_modules/react-dom/cjs/react-dom-client.development.js:25989:20)
    at runWithFiberInDEV (/home/siegfriedneto/projects/servicedeskn1/frontend/app/node_modules/react-dom/cjs/react-dom-client.development.js:874:13)
    at commitHookEffectListMount (/home/siegfriedneto/projects/servicedeskn1/frontend/app/node_modules/react-dom/cjs/react-dom-client.development.js:13249:29) undefined
Error: Not implemented: window.scrollTo
    at module.exports (/home/siegfriedneto/projects/servicedeskn1/frontend/app/node_modules/jsdom/lib/jsdom/browser/not-implemented.js:9:17)
    at /home/siegfriedneto/projects/servicedeskn1/frontend/app/node_modules/jsdom/lib/jsdom/browser/Window.js:960:7
    at Object.fn (file:///home/siegfriedneto/projects/servicedeskn1/frontend/app/node_modules/@tanstack/router-core/dist/esm/scroll-restoration.js:180:27)
    at RouterCore.emit (file:///home/siegfriedneto/projects/servicedeskn1/frontend/app/node_modules/@tanstack/router-core/dist/esm/router.js:178:14)
    at file:///home/siegfriedneto/projects/servicedeskn1/frontend/app/node_modules/@tanstack/react-router/dist/esm/Transitioner.js:46:25
    at settleOwner (file:///home/siegfriedneto/projects/servicedeskn1/frontend/app/node_modules/@tanstack/react-router/dist/esm/Transitioner.js:10:10)
    at file:///home/siegfriedneto/projects/servicedeskn1/frontend/app/node_modules/@tanstack/react-router/dist/esm/Matches.js:38:39
    at Object.react_stack_bottom_frame (/home/siegfriedneto/projects/servicedeskn1/frontend/app/node_modules/react-dom/cjs/react-dom-client.development.js:25989:20)
    at runWithFiberInDEV (/home/siegfriedneto/projects/servicedeskn1/frontend/app/node_modules/react-dom/cjs/react-dom-client.development.js:874:13)
    at commitHookEffectListMount (/home/siegfriedneto/projects/servicedeskn1/frontend/app/node_modules/react-dom/cjs/react-dom-client.development.js:13249:29) undefined
Error: Not implemented: window.scrollTo
    at module.exports (/home/siegfriedneto/projects/servicedeskn1/frontend/app/node_modules/jsdom/lib/jsdom/browser/not-implemented.js:9:17)
    at /home/siegfriedneto/projects/servicedeskn1/frontend/app/node_modules/jsdom/lib/jsdom/browser/Window.js:960:7
    at Object.fn (file:///home/siegfriedneto/projects/servicedeskn1/frontend/app/node_modules/@tanstack/router-core/dist/esm/scroll-restoration.js:180:27)
    at RouterCore.emit (file:///home/siegfriedneto/projects/servicedeskn1/frontend/app/node_modules/@tanstack/router-core/dist/esm/router.js:178:14)
    at file:///home/siegfriedneto/projects/servicedeskn1/frontend/app/node_modules/@tanstack/react-router/dist/esm/Transitioner.js:46:25
    at settleOwner (file:///home/siegfriedneto/projects/servicedeskn1/frontend/app/node_modules/@tanstack/react-router/dist/esm/Transitioner.js:10:10)
    at file:///home/siegfriedneto/projects/servicedeskn1/frontend/app/node_modules/@tanstack/react-router/dist/esm/Matches.js:38:39
    at Object.react_stack_bottom_frame (/home/siegfriedneto/projects/servicedeskn1/frontend/app/node_modules/react-dom/cjs/react-dom-client.development.js:25989:20)
    at runWithFiberInDEV (/home/siegfriedneto/projects/servicedeskn1/frontend/app/node_modules/react-dom/cjs/react-dom-client.development.js:874:13)
    at commitHookEffectListMount (/home/siegfriedneto/projects/servicedeskn1/frontend/app/node_modules/react-dom/cjs/react-dom-client.development.js:13249:29) undefined
Error: Not implemented: window.scrollTo
    at module.exports (/home/siegfriedneto/projects/servicedeskn1/frontend/app/node_modules/jsdom/lib/jsdom/browser/not-implemented.js:9:17)
    at /home/siegfriedneto/projects/servicedeskn1/frontend/app/node_modules/jsdom/lib/jsdom/browser/Window.js:960:7
    at Object.fn (file:///home/siegfriedneto/projects/servicedeskn1/frontend/app/node_modules/@tanstack/router-core/dist/esm/scroll-restoration.js:180:27)
    at RouterCore.emit (file:///home/siegfriedneto/projects/servicedeskn1/frontend/app/node_modules/@tanstack/router-core/dist/esm/router.js:178:14)
    at file:///home/siegfriedneto/projects/servicedeskn1/frontend/app/node_modules/@tanstack/react-router/dist/esm/Transitioner.js:46:25
    at settleOwner (file:///home/siegfriedneto/projects/servicedeskn1/frontend/app/node_modules/@tanstack/react-router/dist/esm/Transitioner.js:10:10)
    at file:///home/siegfriedneto/projects/servicedeskn1/frontend/app/node_modules/@tanstack/react-router/dist/esm/Matches.js:38:39
    at Object.react_stack_bottom_frame (/home/siegfriedneto/projects/servicedeskn1/frontend/app/node_modules/react-dom/cjs/react-dom-client.development.js:25989:20)
    at runWithFiberInDEV (/home/siegfriedneto/projects/servicedeskn1/frontend/app/node_modules/react-dom/cjs/react-dom-client.development.js:874:13)
    at commitHookEffectListMount (/home/siegfriedneto/projects/servicedeskn1/frontend/app/node_modules/react-dom/cjs/react-dom-client.development.js:13249:29) undefined
Error: Not implemented: window.scrollTo
    at module.exports (/home/siegfriedneto/projects/servicedeskn1/frontend/app/node_modules/jsdom/lib/jsdom/browser/not-implemented.js:9:17)
    at /home/siegfriedneto/projects/servicedeskn1/frontend/app/node_modules/jsdom/lib/jsdom/browser/Window.js:960:7
    at Object.fn (file:///home/siegfriedneto/projects/servicedeskn1/frontend/app/node_modules/@tanstack/router-core/dist/esm/scroll-restoration.js:180:27)
    at RouterCore.emit (file:///home/siegfriedneto/projects/servicedeskn1/frontend/app/node_modules/@tanstack/router-core/dist/esm/router.js:178:14)
    at file:///home/siegfriedneto/projects/servicedeskn1/frontend/app/node_modules/@tanstack/react-router/dist/esm/Transitioner.js:46:25
    at settleOwner (file:///home/siegfriedneto/projects/servicedeskn1/frontend/app/node_modules/@tanstack/react-router/dist/esm/Transitioner.js:10:10)
    at file:///home/siegfriedneto/projects/servicedeskn1/frontend/app/node_modules/@tanstack/react-router/dist/esm/Matches.js:38:39
    at Object.react_stack_bottom_frame (/home/siegfriedneto/projects/servicedeskn1/frontend/app/node_modules/react-dom/cjs/react-dom-client.development.js:25989:20)
    at runWithFiberInDEV (/home/siegfriedneto/projects/servicedeskn1/frontend/app/node_modules/react-dom/cjs/react-dom-client.development.js:874:13)
    at commitHookEffectListMount (/home/siegfriedneto/projects/servicedeskn1/frontend/app/node_modules/react-dom/cjs/react-dom-client.development.js:13249:29) undefined
Error: Not implemented: window.scrollTo
    at module.exports (/home/siegfriedneto/projects/servicedeskn1/frontend/app/node_modules/jsdom/lib/jsdom/browser/not-implemented.js:9:17)
    at /home/siegfriedneto/projects/servicedeskn1/frontend/app/node_modules/jsdom/lib/jsdom/browser/Window.js:960:7
    at Object.fn (file:///home/siegfriedneto/projects/servicedeskn1/frontend/app/node_modules/@tanstack/router-core/dist/esm/scroll-restoration.js:180:27)
    at RouterCore.emit (file:///home/siegfriedneto/projects/servicedeskn1/frontend/app/node_modules/@tanstack/router-core/dist/esm/router.js:178:14)
    at file:///home/siegfriedneto/projects/servicedeskn1/frontend/app/node_modules/@tanstack/react-router/dist/esm/Transitioner.js:46:25
    at settleOwner (file:///home/siegfriedneto/projects/servicedeskn1/frontend/app/node_modules/@tanstack/react-router/dist/esm/Transitioner.js:10:10)
    at file:///home/siegfriedneto/projects/servicedeskn1/frontend/app/node_modules/@tanstack/react-router/dist/esm/Matches.js:38:39
    at Object.react_stack_bottom_frame (/home/siegfriedneto/projects/servicedeskn1/frontend/app/node_modules/react-dom/cjs/react-dom-client.development.js:25989:20)
    at runWithFiberInDEV (/home/siegfriedneto/projects/servicedeskn1/frontend/app/node_modules/react-dom/cjs/react-dom-client.development.js:874:13)
    at commitHookEffectListMount (/home/siegfriedneto/projects/servicedeskn1/frontend/app/node_modules/react-dom/cjs/react-dom-client.development.js:13249:29) undefined
Error: Not implemented: window.scrollTo
    at module.exports (/home/siegfriedneto/projects/servicedeskn1/frontend/app/node_modules/jsdom/lib/jsdom/browser/not-implemented.js:9:17)
    at /home/siegfriedneto/projects/servicedeskn1/frontend/app/node_modules/jsdom/lib/jsdom/browser/Window.js:960:7
    at Object.fn (file:///home/siegfriedneto/projects/servicedeskn1/frontend/app/node_modules/@tanstack/router-core/dist/esm/scroll-restoration.js:180:27)
    at RouterCore.emit (file:///home/siegfriedneto/projects/servicedeskn1/frontend/app/node_modules/@tanstack/router-core/dist/esm/router.js:178:14)
    at file:///home/siegfriedneto/projects/servicedeskn1/frontend/app/node_modules/@tanstack/react-router/dist/esm/Transitioner.js:46:25
    at settleOwner (file:///home/siegfriedneto/projects/servicedeskn1/frontend/app/node_modules/@tanstack/react-router/dist/esm/Transitioner.js:10:10)
    at file:///home/siegfriedneto/projects/servicedeskn1/frontend/app/node_modules/@tanstack/react-router/dist/esm/Matches.js:38:39
    at Object.react_stack_bottom_frame (/home/siegfriedneto/projects/servicedeskn1/frontend/app/node_modules/react-dom/cjs/react-dom-client.development.js:25989:20)
    at runWithFiberInDEV (/home/siegfriedneto/projects/servicedeskn1/frontend/app/node_modules/react-dom/cjs/react-dom-client.development.js:874:13)
    at commitHookEffectListMount (/home/siegfriedneto/projects/servicedeskn1/frontend/app/node_modules/react-dom/cjs/react-dom-client.development.js:13249:29) undefined
Error: Not implemented: window.scrollTo
    at module.exports (/home/siegfriedneto/projects/servicedeskn1/frontend/app/node_modules/jsdom/lib/jsdom/browser/not-implemented.js:9:17)
    at /home/siegfriedneto/projects/servicedeskn1/frontend/app/node_modules/jsdom/lib/jsdom/browser/Window.js:960:7
    at Object.fn (file:///home/siegfriedneto/projects/servicedeskn1/frontend/app/node_modules/@tanstack/router-core/dist/esm/scroll-restoration.js:180:27)
    at RouterCore.emit (file:///home/siegfriedneto/projects/servicedeskn1/frontend/app/node_modules/@tanstack/router-core/dist/esm/router.js:178:14)
    at file:///home/siegfriedneto/projects/servicedeskn1/frontend/app/node_modules/@tanstack/react-router/dist/esm/Transitioner.js:46:25
    at settleOwner (file:///home/siegfriedneto/projects/servicedeskn1/frontend/app/node_modules/@tanstack/react-router/dist/esm/Transitioner.js:10:10)
    at file:///home/siegfriedneto/projects/servicedeskn1/frontend/app/node_modules/@tanstack/react-router/dist/esm/Matches.js:38:39
    at Object.react_stack_bottom_frame (/home/siegfriedneto/projects/servicedeskn1/frontend/app/node_modules/react-dom/cjs/react-dom-client.development.js:25989:20)
    at runWithFiberInDEV (/home/siegfriedneto/projects/servicedeskn1/frontend/app/node_modules/react-dom/cjs/react-dom-client.development.js:874:13)
    at commitHookEffectListMount (/home/siegfriedneto/projects/servicedeskn1/frontend/app/node_modules/react-dom/cjs/react-dom-client.development.js:13249:29) undefined
Error: Not implemented: window.scrollTo
    at module.exports (/home/siegfriedneto/projects/servicedeskn1/frontend/app/node_modules/jsdom/lib/jsdom/browser/not-implemented.js:9:17)
    at /home/siegfriedneto/projects/servicedeskn1/frontend/app/node_modules/jsdom/lib/jsdom/browser/Window.js:960:7
    at Object.fn (file:///home/siegfriedneto/projects/servicedeskn1/frontend/app/node_modules/@tanstack/router-core/dist/esm/scroll-restoration.js:180:27)
    at RouterCore.emit (file:///home/siegfriedneto/projects/servicedeskn1/frontend/app/node_modules/@tanstack/router-core/dist/esm/router.js:178:14)
    at file:///home/siegfriedneto/projects/servicedeskn1/frontend/app/node_modules/@tanstack/react-router/dist/esm/Transitioner.js:46:25
    at settleOwner (file:///home/siegfriedneto/projects/servicedeskn1/frontend/app/node_modules/@tanstack/react-router/dist/esm/Transitioner.js:10:10)
    at file:///home/siegfriedneto/projects/servicedeskn1/frontend/app/node_modules/@tanstack/react-router/dist/esm/Matches.js:38:39
    at Object.react_stack_bottom_frame (/home/siegfriedneto/projects/servicedeskn1/frontend/app/node_modules/react-dom/cjs/react-dom-client.development.js:25989:20)
    at runWithFiberInDEV (/home/siegfriedneto/projects/servicedeskn1/frontend/app/node_modules/react-dom/cjs/react-dom-client.development.js:874:13)
    at commitHookEffectListMount (/home/siegfriedneto/projects/servicedeskn1/frontend/app/node_modules/react-dom/cjs/react-dom-client.development.js:13249:29) undefined
Error: Not implemented: window.scrollTo
    at module.exports (/home/siegfriedneto/projects/servicedeskn1/frontend/app/node_modules/jsdom/lib/jsdom/browser/not-implemented.js:9:17)
    at /home/siegfriedneto/projects/servicedeskn1/frontend/app/node_modules/jsdom/lib/jsdom/browser/Window.js:960:7
    at Object.fn (file:///home/siegfriedneto/projects/servicedeskn1/frontend/app/node_modules/@tanstack/router-core/dist/esm/scroll-restoration.js:180:27)
    at RouterCore.emit (file:///home/siegfriedneto/projects/servicedeskn1/frontend/app/node_modules/@tanstack/router-core/dist/esm/router.js:178:14)
    at file:///home/siegfriedneto/projects/servicedeskn1/frontend/app/node_modules/@tanstack/react-router/dist/esm/Transitioner.js:46:25
    at settleOwner (file:///home/siegfriedneto/projects/servicedeskn1/frontend/app/node_modules/@tanstack/react-router/dist/esm/Transitioner.js:10:10)
    at file:///home/siegfriedneto/projects/servicedeskn1/frontend/app/node_modules/@tanstack/react-router/dist/esm/Matches.js:38:39
    at Object.react_stack_bottom_frame (/home/siegfriedneto/projects/servicedeskn1/frontend/app/node_modules/react-dom/cjs/react-dom-client.development.js:25989:20)
    at runWithFiberInDEV (/home/siegfriedneto/projects/servicedeskn1/frontend/app/node_modules/react-dom/cjs/react-dom-client.development.js:874:13)
    at commitHookEffectListMount (/home/siegfriedneto/projects/servicedeskn1/frontend/app/node_modules/react-dom/cjs/react-dom-client.development.js:13249:29) undefined
Error: Not implemented: window.scrollTo
    at module.exports (/home/siegfriedneto/projects/servicedeskn1/frontend/app/node_modules/jsdom/lib/jsdom/browser/not-implemented.js:9:17)
    at /home/siegfriedneto/projects/servicedeskn1/frontend/app/node_modules/jsdom/lib/jsdom/browser/Window.js:960:7
    at Object.fn (file:///home/siegfriedneto/projects/servicedeskn1/frontend/app/node_modules/@tanstack/router-core/dist/esm/scroll-restoration.js:180:27)
    at RouterCore.emit (file:///home/siegfriedneto/projects/servicedeskn1/frontend/app/node_modules/@tanstack/router-core/dist/esm/router.js:178:14)
    at file:///home/siegfriedneto/projects/servicedeskn1/frontend/app/node_modules/@tanstack/react-router/dist/esm/Transitioner.js:46:25
    at settleOwner (file:///home/siegfriedneto/projects/servicedeskn1/frontend/app/node_modules/@tanstack/react-router/dist/esm/Transitioner.js:10:10)
    at file:///home/siegfriedneto/projects/servicedeskn1/frontend/app/node_modules/@tanstack/react-router/dist/esm/Matches.js:38:39
    at Object.react_stack_bottom_frame (/home/siegfriedneto/projects/servicedeskn1/frontend/app/node_modules/react-dom/cjs/react-dom-client.development.js:25989:20)
    at runWithFiberInDEV (/home/siegfriedneto/projects/servicedeskn1/frontend/app/node_modules/react-dom/cjs/react-dom-client.development.js:874:13)
    at commitHookEffectListMount (/home/siegfriedneto/projects/servicedeskn1/frontend/app/node_modules/react-dom/cjs/react-dom-client.development.js:13249:29) undefined
Error: Not implemented: window.scrollTo
    at module.exports (/home/siegfriedneto/projects/servicedeskn1/frontend/app/node_modules/jsdom/lib/jsdom/browser/not-implemented.js:9:17)
    at /home/siegfriedneto/projects/servicedeskn1/frontend/app/node_modules/jsdom/lib/jsdom/browser/Window.js:960:7
    at Object.fn (file:///home/siegfriedneto/projects/servicedeskn1/frontend/app/node_modules/@tanstack/router-core/dist/esm/scroll-restoration.js:180:27)
    at RouterCore.emit (file:///home/siegfriedneto/projects/servicedeskn1/frontend/app/node_modules/@tanstack/router-core/dist/esm/router.js:178:14)
    at file:///home/siegfriedneto/projects/servicedeskn1/frontend/app/node_modules/@tanstack/router-core/dist/esm/load-client.js:943:46
    at Router.batch (file:///home/siegfriedneto/projects/servicedeskn1/frontend/app/node_modules/@tanstack/store/dist/esm/atom.js:39:5)
    at file:///home/siegfriedneto/projects/servicedeskn1/frontend/app/node_modules/@tanstack/router-core/dist/esm/load-client.js:936:10
    at runClientTransaction (file:///home/siegfriedneto/projects/servicedeskn1/frontend/app/node_modules/@tanstack/router-core/dist/esm/load-client.js:902:2)
    at loadClientRoute (file:///home/siegfriedneto/projects/servicedeskn1/frontend/app/node_modules/@tanstack/router-core/dist/esm/load-client.js:1034:2)
    at RouterCore.load (file:///home/siegfriedneto/projects/servicedeskn1/frontend/app/node_modules/@tanstack/router-core/dist/esm/router.js:489:4) undefined
Error: Not implemented: window.scrollTo
    at module.exports (/home/siegfriedneto/projects/servicedeskn1/frontend/app/node_modules/jsdom/lib/jsdom/browser/not-implemented.js:9:17)
    at /home/siegfriedneto/projects/servicedeskn1/frontend/app/node_modules/jsdom/lib/jsdom/browser/Window.js:960:7
    at Object.fn (file:///home/siegfriedneto/projects/servicedeskn1/frontend/app/node_modules/@tanstack/router-core/dist/esm/scroll-restoration.js:180:27)
    at RouterCore.emit (file:///home/siegfriedneto/projects/servicedeskn1/frontend/app/node_modules/@tanstack/router-core/dist/esm/router.js:178:14)
    at file:///home/siegfriedneto/projects/servicedeskn1/frontend/app/node_modules/@tanstack/react-router/dist/esm/Transitioner.js:46:25
    at settleOwner (file:///home/siegfriedneto/projects/servicedeskn1/frontend/app/node_modules/@tanstack/react-router/dist/esm/Transitioner.js:10:10)
    at file:///home/siegfriedneto/projects/servicedeskn1/frontend/app/node_modules/@tanstack/react-router/dist/esm/Matches.js:38:39
    at Object.react_stack_bottom_frame (/home/siegfriedneto/projects/servicedeskn1/frontend/app/node_modules/react-dom/cjs/react-dom-client.development.js:25989:20)
    at runWithFiberInDEV (/home/siegfriedneto/projects/servicedeskn1/frontend/app/node_modules/react-dom/cjs/react-dom-client.development.js:874:13)
    at commitHookEffectListMount (/home/siegfriedneto/projects/servicedeskn1/frontend/app/node_modules/react-dom/cjs/react-dom-client.development.js:13249:29) undefined
Error: Not implemented: window.scrollTo
    at module.exports (/home/siegfriedneto/projects/servicedeskn1/frontend/app/node_modules/jsdom/lib/jsdom/browser/not-implemented.js:9:17)
    at /home/siegfriedneto/projects/servicedeskn1/frontend/app/node_modules/jsdom/lib/jsdom/browser/Window.js:960:7
    at Object.fn (file:///home/siegfriedneto/projects/servicedeskn1/frontend/app/node_modules/@tanstack/router-core/dist/esm/scroll-restoration.js:180:27)
    at RouterCore.emit (file:///home/siegfriedneto/projects/servicedeskn1/frontend/app/node_modules/@tanstack/router-core/dist/esm/router.js:178:14)
    at file:///home/siegfriedneto/projects/servicedeskn1/frontend/app/node_modules/@tanstack/react-router/dist/esm/Transitioner.js:46:25
    at settleOwner (file:///home/siegfriedneto/projects/servicedeskn1/frontend/app/node_modules/@tanstack/react-router/dist/esm/Transitioner.js:10:10)
    at file:///home/siegfriedneto/projects/servicedeskn1/frontend/app/node_modules/@tanstack/react-router/dist/esm/Matches.js:38:39
    at Object.react_stack_bottom_frame (/home/siegfriedneto/projects/servicedeskn1/frontend/app/node_modules/react-dom/cjs/react-dom-client.development.js:25989:20)
    at runWithFiberInDEV (/home/siegfriedneto/projects/servicedeskn1/frontend/app/node_modules/react-dom/cjs/react-dom-client.development.js:874:13)
    at commitHookEffectListMount (/home/siegfriedneto/projects/servicedeskn1/frontend/app/node_modules/react-dom/cjs/react-dom-client.development.js:13249:29) undefined
Error: Not implemented: window.scrollTo
    at module.exports (/home/siegfriedneto/projects/servicedeskn1/frontend/app/node_modules/jsdom/lib/jsdom/browser/not-implemented.js:9:17)
    at /home/siegfriedneto/projects/servicedeskn1/frontend/app/node_modules/jsdom/lib/jsdom/browser/Window.js:960:7
    at Object.fn (file:///home/siegfriedneto/projects/servicedeskn1/frontend/app/node_modules/@tanstack/router-core/dist/esm/scroll-restoration.js:180:27)
    at RouterCore.emit (file:///home/siegfriedneto/projects/servicedeskn1/frontend/app/node_modules/@tanstack/router-core/dist/esm/router.js:178:14)
    at file:///home/siegfriedneto/projects/servicedeskn1/frontend/app/node_modules/@tanstack/react-router/dist/esm/Transitioner.js:46:25
    at settleOwner (file:///home/siegfriedneto/projects/servicedeskn1/frontend/app/node_modules/@tanstack/react-router/dist/esm/Transitioner.js:10:10)
    at file:///home/siegfriedneto/projects/servicedeskn1/frontend/app/node_modules/@tanstack/react-router/dist/esm/Matches.js:38:39
    at Object.react_stack_bottom_frame (/home/siegfriedneto/projects/servicedeskn1/frontend/app/node_modules/react-dom/cjs/react-dom-client.development.js:25989:20)
    at runWithFiberInDEV (/home/siegfriedneto/projects/servicedeskn1/frontend/app/node_modules/react-dom/cjs/react-dom-client.development.js:874:13)
    at commitHookEffectListMount (/home/siegfriedneto/projects/servicedeskn1/frontend/app/node_modules/react-dom/cjs/react-dom-client.development.js:13249:29) undefined
Error: Not implemented: window.scrollTo
    at module.exports (/home/siegfriedneto/projects/servicedeskn1/frontend/app/node_modules/jsdom/lib/jsdom/browser/not-implemented.js:9:17)
    at /home/siegfriedneto/projects/servicedeskn1/frontend/app/node_modules/jsdom/lib/jsdom/browser/Window.js:960:7
    at Object.fn (file:///home/siegfriedneto/projects/servicedeskn1/frontend/app/node_modules/@tanstack/router-core/dist/esm/scroll-restoration.js:180:27)
    at RouterCore.emit (file:///home/siegfriedneto/projects/servicedeskn1/frontend/app/node_modules/@tanstack/router-core/dist/esm/router.js:178:14)
    at file:///home/siegfriedneto/projects/servicedeskn1/frontend/app/node_modules/@tanstack/router-core/dist/esm/load-client.js:943:46
    at Router.batch (file:///home/siegfriedneto/projects/servicedeskn1/frontend/app/node_modules/@tanstack/store/dist/esm/atom.js:39:5)
    at file:///home/siegfriedneto/projects/servicedeskn1/frontend/app/node_modules/@tanstack/router-core/dist/esm/load-client.js:936:10
    at runClientTransaction (file:///home/siegfriedneto/projects/servicedeskn1/frontend/app/node_modules/@tanstack/router-core/dist/esm/load-client.js:902:2)
    at loadClientRoute (file:///home/siegfriedneto/projects/servicedeskn1/frontend/app/node_modules/@tanstack/router-core/dist/esm/load-client.js:1034:2)
    at RouterCore.load (file:///home/siegfriedneto/projects/servicedeskn1/frontend/app/node_modules/@tanstack/router-core/dist/esm/router.js:489:4) undefined
Error: Not implemented: window.scrollTo
    at module.exports (/home/siegfriedneto/projects/servicedeskn1/frontend/app/node_modules/jsdom/lib/jsdom/browser/not-implemented.js:9:17)
    at /home/siegfriedneto/projects/servicedeskn1/frontend/app/node_modules/jsdom/lib/jsdom/browser/Window.js:960:7
    at Object.fn (file:///home/siegfriedneto/projects/servicedeskn1/frontend/app/node_modules/@tanstack/router-core/dist/esm/scroll-restoration.js:180:27)
    at RouterCore.emit (file:///home/siegfriedneto/projects/servicedeskn1/frontend/app/node_modules/@tanstack/router-core/dist/esm/router.js:178:14)
    at file:///home/siegfriedneto/projects/servicedeskn1/frontend/app/node_modules/@tanstack/react-router/dist/esm/Transitioner.js:46:25
    at settleOwner (file:///home/siegfriedneto/projects/servicedeskn1/frontend/app/node_modules/@tanstack/react-router/dist/esm/Transitioner.js:10:10)
    at file:///home/siegfriedneto/projects/servicedeskn1/frontend/app/node_modules/@tanstack/react-router/dist/esm/Matches.js:38:39
    at Object.react_stack_bottom_frame (/home/siegfriedneto/projects/servicedeskn1/frontend/app/node_modules/react-dom/cjs/react-dom-client.development.js:25989:20)
    at runWithFiberInDEV (/home/siegfriedneto/projects/servicedeskn1/frontend/app/node_modules/react-dom/cjs/react-dom-client.development.js:874:13)
    at commitHookEffectListMount (/home/siegfriedneto/projects/servicedeskn1/frontend/app/node_modules/react-dom/cjs/react-dom-client.development.js:13249:29) undefined
Error: Not implemented: window.scrollTo
    at module.exports (/home/siegfriedneto/projects/servicedeskn1/frontend/app/node_modules/jsdom/lib/jsdom/browser/not-implemented.js:9:17)
    at /home/siegfriedneto/projects/servicedeskn1/frontend/app/node_modules/jsdom/lib/jsdom/browser/Window.js:960:7
    at Object.fn (file:///home/siegfriedneto/projects/servicedeskn1/frontend/app/node_modules/@tanstack/router-core/dist/esm/scroll-restoration.js:180:27)
    at RouterCore.emit (file:///home/siegfriedneto/projects/servicedeskn1/frontend/app/node_modules/@tanstack/router-core/dist/esm/router.js:178:14)
    at file:///home/siegfriedneto/projects/servicedeskn1/frontend/app/node_modules/@tanstack/react-router/dist/esm/Transitioner.js:46:25
    at settleOwner (file:///home/siegfriedneto/projects/servicedeskn1/frontend/app/node_modules/@tanstack/react-router/dist/esm/Transitioner.js:10:10)
    at file:///home/siegfriedneto/projects/servicedeskn1/frontend/app/node_modules/@tanstack/react-router/dist/esm/Matches.js:38:39
    at Object.react_stack_bottom_frame (/home/siegfriedneto/projects/servicedeskn1/frontend/app/node_modules/react-dom/cjs/react-dom-client.development.js:25989:20)
    at runWithFiberInDEV (/home/siegfriedneto/projects/servicedeskn1/frontend/app/node_modules/react-dom/cjs/react-dom-client.development.js:874:13)
    at commitHookEffectListMount (/home/siegfriedneto/projects/servicedeskn1/frontend/app/node_modules/react-dom/cjs/react-dom-client.development.js:13249:29) undefined
Error: Not implemented: window.scrollTo
    at module.exports (/home/siegfriedneto/projects/servicedeskn1/frontend/app/node_modules/jsdom/lib/jsdom/browser/not-implemented.js:9:17)
    at /home/siegfriedneto/projects/servicedeskn1/frontend/app/node_modules/jsdom/lib/jsdom/browser/Window.js:960:7
    at Object.fn (file:///home/siegfriedneto/projects/servicedeskn1/frontend/app/node_modules/@tanstack/router-core/dist/esm/scroll-restoration.js:180:27)
    at RouterCore.emit (file:///home/siegfriedneto/projects/servicedeskn1/frontend/app/node_modules/@tanstack/router-core/dist/esm/router.js:178:14)
    at file:///home/siegfriedneto/projects/servicedeskn1/frontend/app/node_modules/@tanstack/router-core/dist/esm/load-client.js:943:46
    at Router.batch (file:///home/siegfriedneto/projects/servicedeskn1/frontend/app/node_modules/@tanstack/store/dist/esm/atom.js:39:5)
    at file:///home/siegfriedneto/projects/servicedeskn1/frontend/app/node_modules/@tanstack/router-core/dist/esm/load-client.js:936:10
    at runClientTransaction (file:///home/siegfriedneto/projects/servicedeskn1/frontend/app/node_modules/@tanstack/router-core/dist/esm/load-client.js:902:2)
    at loadClientRoute (file:///home/siegfriedneto/projects/servicedeskn1/frontend/app/node_modules/@tanstack/router-core/dist/esm/load-client.js:1034:2)
    at RouterCore.load (file:///home/siegfriedneto/projects/servicedeskn1/frontend/app/node_modules/@tanstack/router-core/dist/esm/router.js:489:4) undefined
Error: Not implemented: window.scrollTo
    at module.exports (/home/siegfriedneto/projects/servicedeskn1/frontend/app/node_modules/jsdom/lib/jsdom/browser/not-implemented.js:9:17)
    at /home/siegfriedneto/projects/servicedeskn1/frontend/app/node_modules/jsdom/lib/jsdom/browser/Window.js:960:7
    at Object.fn (file:///home/siegfriedneto/projects/servicedeskn1/frontend/app/node_modules/@tanstack/router-core/dist/esm/scroll-restoration.js:180:27)
    at RouterCore.emit (file:///home/siegfriedneto/projects/servicedeskn1/frontend/app/node_modules/@tanstack/router-core/dist/esm/router.js:178:14)
    at file:///home/siegfriedneto/projects/servicedeskn1/frontend/app/node_modules/@tanstack/react-router/dist/esm/Transitioner.js:46:25
    at settleOwner (file:///home/siegfriedneto/projects/servicedeskn1/frontend/app/node_modules/@tanstack/react-router/dist/esm/Transitioner.js:10:10)
    at file:///home/siegfriedneto/projects/servicedeskn1/frontend/app/node_modules/@tanstack/react-router/dist/esm/Matches.js:38:39
    at Object.react_stack_bottom_frame (/home/siegfriedneto/projects/servicedeskn1/frontend/app/node_modules/react-dom/cjs/react-dom-client.development.js:25989:20)
    at runWithFiberInDEV (/home/siegfriedneto/projects/servicedeskn1/frontend/app/node_modules/react-dom/cjs/react-dom-client.development.js:874:13)
    at commitHookEffectListMount (/home/siegfriedneto/projects/servicedeskn1/frontend/app/node_modules/react-dom/cjs/react-dom-client.development.js:13249:29) undefined
Error: Not implemented: window.scrollTo
    at module.exports (/home/siegfriedneto/projects/servicedeskn1/frontend/app/node_modules/jsdom/lib/jsdom/browser/not-implemented.js:9:17)
    at /home/siegfriedneto/projects/servicedeskn1/frontend/app/node_modules/jsdom/lib/jsdom/browser/Window.js:960:7
    at Object.fn (file:///home/siegfriedneto/projects/servicedeskn1/frontend/app/node_modules/@tanstack/router-core/dist/esm/scroll-restoration.js:180:27)
    at RouterCore.emit (file:///home/siegfriedneto/projects/servicedeskn1/frontend/app/node_modules/@tanstack/router-core/dist/esm/router.js:178:14)
    at file:///home/siegfriedneto/projects/servicedeskn1/frontend/app/node_modules/@tanstack/router-core/dist/esm/load-client.js:943:46
    at Router.batch (file:///home/siegfriedneto/projects/servicedeskn1/frontend/app/node_modules/@tanstack/store/dist/esm/atom.js:39:5)
    at file:///home/siegfriedneto/projects/servicedeskn1/frontend/app/node_modules/@tanstack/router-core/dist/esm/load-client.js:936:10
    at runClientTransaction (file:///home/siegfriedneto/projects/servicedeskn1/frontend/app/node_modules/@tanstack/router-core/dist/esm/load-client.js:902:2)
    at loadClientRoute (file:///home/siegfriedneto/projects/servicedeskn1/frontend/app/node_modules/@tanstack/router-core/dist/esm/load-client.js:1034:2)
    at RouterCore.load (file:///home/siegfriedneto/projects/servicedeskn1/frontend/app/node_modules/@tanstack/router-core/dist/esm/router.js:489:4) undefined
Error: Not implemented: window.scrollTo
    at module.exports (/home/siegfriedneto/projects/servicedeskn1/frontend/app/node_modules/jsdom/lib/jsdom/browser/not-implemented.js:9:17)
    at /home/siegfriedneto/projects/servicedeskn1/frontend/app/node_modules/jsdom/lib/jsdom/browser/Window.js:960:7
    at Object.fn (file:///home/siegfriedneto/projects/servicedeskn1/frontend/app/node_modules/@tanstack/router-core/dist/esm/scroll-restoration.js:180:27)
    at RouterCore.emit (file:///home/siegfriedneto/projects/servicedeskn1/frontend/app/node_modules/@tanstack/router-core/dist/esm/router.js:178:14)
    at file:///home/siegfriedneto/projects/servicedeskn1/frontend/app/node_modules/@tanstack/react-router/dist/esm/Transitioner.js:46:25
    at settleOwner (file:///home/siegfriedneto/projects/servicedeskn1/frontend/app/node_modules/@tanstack/react-router/dist/esm/Transitioner.js:10:10)
    at file:///home/siegfriedneto/projects/servicedeskn1/frontend/app/node_modules/@tanstack/react-router/dist/esm/Matches.js:38:39
    at Object.react_stack_bottom_frame (/home/siegfriedneto/projects/servicedeskn1/frontend/app/node_modules/react-dom/cjs/react-dom-client.development.js:25989:20)
    at runWithFiberInDEV (/home/siegfriedneto/projects/servicedeskn1/frontend/app/node_modules/react-dom/cjs/react-dom-client.development.js:874:13)
    at commitHookEffectListMount (/home/siegfriedneto/projects/servicedeskn1/frontend/app/node_modules/react-dom/cjs/react-dom-client.development.js:13249:29) undefined
Error: Not implemented: window.scrollTo
    at module.exports (/home/siegfriedneto/projects/servicedeskn1/frontend/app/node_modules/jsdom/lib/jsdom/browser/not-implemented.js:9:17)
    at /home/siegfriedneto/projects/servicedeskn1/frontend/app/node_modules/jsdom/lib/jsdom/browser/Window.js:960:7
    at Object.fn (file:///home/siegfriedneto/projects/servicedeskn1/frontend/app/node_modules/@tanstack/router-core/dist/esm/scroll-restoration.js:180:27)
    at RouterCore.emit (file:///home/siegfriedneto/projects/servicedeskn1/frontend/app/node_modules/@tanstack/router-core/dist/esm/router.js:178:14)
    at file:///home/siegfriedneto/projects/servicedeskn1/frontend/app/node_modules/@tanstack/react-router/dist/esm/Transitioner.js:46:25
    at settleOwner (file:///home/siegfriedneto/projects/servicedeskn1/frontend/app/node_modules/@tanstack/react-router/dist/esm/Transitioner.js:10:10)
    at file:///home/siegfriedneto/projects/servicedeskn1/frontend/app/node_modules/@tanstack/react-router/dist/esm/Matches.js:38:39
    at Object.react_stack_bottom_frame (/home/siegfriedneto/projects/servicedeskn1/frontend/app/node_modules/react-dom/cjs/react-dom-client.development.js:25989:20)
    at runWithFiberInDEV (/home/siegfriedneto/projects/servicedeskn1/frontend/app/node_modules/react-dom/cjs/react-dom-client.development.js:874:13)
    at commitHookEffectListMount (/home/siegfriedneto/projects/servicedeskn1/frontend/app/node_modules/react-dom/cjs/react-dom-client.development.js:13249:29) undefined
Error: Not implemented: window.scrollTo
    at module.exports (/home/siegfriedneto/projects/servicedeskn1/frontend/app/node_modules/jsdom/lib/jsdom/browser/not-implemented.js:9:17)
    at /home/siegfriedneto/projects/servicedeskn1/frontend/app/node_modules/jsdom/lib/jsdom/browser/Window.js:960:7
    at Object.fn (file:///home/siegfriedneto/projects/servicedeskn1/frontend/app/node_modules/@tanstack/router-core/dist/esm/scroll-restoration.js:180:27)
    at RouterCore.emit (file:///home/siegfriedneto/projects/servicedeskn1/frontend/app/node_modules/@tanstack/router-core/dist/esm/router.js:178:14)
    at file:///home/siegfriedneto/projects/servicedeskn1/frontend/app/node_modules/@tanstack/react-router/dist/esm/Transitioner.js:46:25
    at settleOwner (file:///home/siegfriedneto/projects/servicedeskn1/frontend/app/node_modules/@tanstack/react-router/dist/esm/Transitioner.js:10:10)
    at file:///home/siegfriedneto/projects/servicedeskn1/frontend/app/node_modules/@tanstack/react-router/dist/esm/Matches.js:38:39
    at Object.react_stack_bottom_frame (/home/siegfriedneto/projects/servicedeskn1/frontend/app/node_modules/react-dom/cjs/react-dom-client.development.js:25989:20)
    at runWithFiberInDEV (/home/siegfriedneto/projects/servicedeskn1/frontend/app/node_modules/react-dom/cjs/react-dom-client.development.js:874:13)
    at commitHookEffectListMount (/home/siegfriedneto/projects/servicedeskn1/frontend/app/node_modules/react-dom/cjs/react-dom-client.development.js:13249:29) undefined
Error: Not implemented: window.scrollTo
    at module.exports (/home/siegfriedneto/projects/servicedeskn1/frontend/app/node_modules/jsdom/lib/jsdom/browser/not-implemented.js:9:17)
    at /home/siegfriedneto/projects/servicedeskn1/frontend/app/node_modules/jsdom/lib/jsdom/browser/Window.js:960:7
    at Object.fn (file:///home/siegfriedneto/projects/servicedeskn1/frontend/app/node_modules/@tanstack/router-core/dist/esm/scroll-restoration.js:180:27)
    at RouterCore.emit (file:///home/siegfriedneto/projects/servicedeskn1/frontend/app/node_modules/@tanstack/router-core/dist/esm/router.js:178:14)
    at file:///home/siegfriedneto/projects/servicedeskn1/frontend/app/node_modules/@tanstack/react-router/dist/esm/Transitioner.js:46:25
    at settleOwner (file:///home/siegfriedneto/projects/servicedeskn1/frontend/app/node_modules/@tanstack/react-router/dist/esm/Transitioner.js:10:10)
    at file:///home/siegfriedneto/projects/servicedeskn1/frontend/app/node_modules/@tanstack/react-router/dist/esm/Matches.js:38:39
    at Object.react_stack_bottom_frame (/home/siegfriedneto/projects/servicedeskn1/frontend/app/node_modules/react-dom/cjs/react-dom-client.development.js:25989:20)
    at runWithFiberInDEV (/home/siegfriedneto/projects/servicedeskn1/frontend/app/node_modules/react-dom/cjs/react-dom-client.development.js:874:13)
    at commitHookEffectListMount (/home/siegfriedneto/projects/servicedeskn1/frontend/app/node_modules/react-dom/cjs/react-dom-client.development.js:13249:29) undefined
Error: Not implemented: window.scrollTo
    at module.exports (/home/siegfriedneto/projects/servicedeskn1/frontend/app/node_modules/jsdom/lib/jsdom/browser/not-implemented.js:9:17)
    at /home/siegfriedneto/projects/servicedeskn1/frontend/app/node_modules/jsdom/lib/jsdom/browser/Window.js:960:7
    at Object.fn (file:///home/siegfriedneto/projects/servicedeskn1/frontend/app/node_modules/@tanstack/router-core/dist/esm/scroll-restoration.js:180:27)
    at RouterCore.emit (file:///home/siegfriedneto/projects/servicedeskn1/frontend/app/node_modules/@tanstack/router-core/dist/esm/router.js:178:14)
    at file:///home/siegfriedneto/projects/servicedeskn1/frontend/app/node_modules/@tanstack/react-router/dist/esm/Transitioner.js:46:25
    at settleOwner (file:///home/siegfriedneto/projects/servicedeskn1/frontend/app/node_modules/@tanstack/react-router/dist/esm/Transitioner.js:10:10)
    at file:///home/siegfriedneto/projects/servicedeskn1/frontend/app/node_modules/@tanstack/react-router/dist/esm/Matches.js:38:39
    at Object.react_stack_bottom_frame (/home/siegfriedneto/projects/servicedeskn1/frontend/app/node_modules/react-dom/cjs/react-dom-client.development.js:25989:20)
    at runWithFiberInDEV (/home/siegfriedneto/projects/servicedeskn1/frontend/app/node_modules/react-dom/cjs/react-dom-client.development.js:874:13)
    at commitHookEffectListMount (/home/siegfriedneto/projects/servicedeskn1/frontend/app/node_modules/react-dom/cjs/react-dom-client.development.js:13249:29) undefined
Error: Not implemented: window.scrollTo
    at module.exports (/home/siegfriedneto/projects/servicedeskn1/frontend/app/node_modules/jsdom/lib/jsdom/browser/not-implemented.js:9:17)
    at /home/siegfriedneto/projects/servicedeskn1/frontend/app/node_modules/jsdom/lib/jsdom/browser/Window.js:960:7
    at Object.fn (file:///home/siegfriedneto/projects/servicedeskn1/frontend/app/node_modules/@tanstack/router-core/dist/esm/scroll-restoration.js:180:27)
    at RouterCore.emit (file:///home/siegfriedneto/projects/servicedeskn1/frontend/app/node_modules/@tanstack/router-core/dist/esm/router.js:178:14)
    at file:///home/siegfriedneto/projects/servicedeskn1/frontend/app/node_modules/@tanstack/react-router/dist/esm/Transitioner.js:46:25
    at settleOwner (file:///home/siegfriedneto/projects/servicedeskn1/frontend/app/node_modules/@tanstack/react-router/dist/esm/Transitioner.js:10:10)
    at file:///home/siegfriedneto/projects/servicedeskn1/frontend/app/node_modules/@tanstack/react-router/dist/esm/Matches.js:38:39
    at Object.react_stack_bottom_frame (/home/siegfriedneto/projects/servicedeskn1/frontend/app/node_modules/react-dom/cjs/react-dom-client.development.js:25989:20)
    at runWithFiberInDEV (/home/siegfriedneto/projects/servicedeskn1/frontend/app/node_modules/react-dom/cjs/react-dom-client.development.js:874:13)
    at commitHookEffectListMount (/home/siegfriedneto/projects/servicedeskn1/frontend/app/node_modules/react-dom/cjs/react-dom-client.development.js:13249:29) undefined
Error: Not implemented: window.scrollTo
    at module.exports (/home/siegfriedneto/projects/servicedeskn1/frontend/app/node_modules/jsdom/lib/jsdom/browser/not-implemented.js:9:17)
    at /home/siegfriedneto/projects/servicedeskn1/frontend/app/node_modules/jsdom/lib/jsdom/browser/Window.js:960:7
    at Object.fn (file:///home/siegfriedneto/projects/servicedeskn1/frontend/app/node_modules/@tanstack/router-core/dist/esm/scroll-restoration.js:180:27)
    at RouterCore.emit (file:///home/siegfriedneto/projects/servicedeskn1/frontend/app/node_modules/@tanstack/router-core/dist/esm/router.js:178:14)
    at file:///home/siegfriedneto/projects/servicedeskn1/frontend/app/node_modules/@tanstack/react-router/dist/esm/Transitioner.js:46:25
    at settleOwner (file:///home/siegfriedneto/projects/servicedeskn1/frontend/app/node_modules/@tanstack/react-router/dist/esm/Transitioner.js:10:10)
    at file:///home/siegfriedneto/projects/servicedeskn1/frontend/app/node_modules/@tanstack/react-router/dist/esm/Matches.js:38:39
    at Object.react_stack_bottom_frame (/home/siegfriedneto/projects/servicedeskn1/frontend/app/node_modules/react-dom/cjs/react-dom-client.development.js:25989:20)
    at runWithFiberInDEV (/home/siegfriedneto/projects/servicedeskn1/frontend/app/node_modules/react-dom/cjs/react-dom-client.development.js:874:13)
    at commitHookEffectListMount (/home/siegfriedneto/projects/servicedeskn1/frontend/app/node_modules/react-dom/cjs/react-dom-client.development.js:13249:29) undefined
Error: Not implemented: window.scrollTo
    at module.exports (/home/siegfriedneto/projects/servicedeskn1/frontend/app/node_modules/jsdom/lib/jsdom/browser/not-implemented.js:9:17)
    at /home/siegfriedneto/projects/servicedeskn1/frontend/app/node_modules/jsdom/lib/jsdom/browser/Window.js:960:7
    at Object.fn (file:///home/siegfriedneto/projects/servicedeskn1/frontend/app/node_modules/@tanstack/router-core/dist/esm/scroll-restoration.js:180:27)
    at RouterCore.emit (file:///home/siegfriedneto/projects/servicedeskn1/frontend/app/node_modules/@tanstack/router-core/dist/esm/router.js:178:14)
    at file:///home/siegfriedneto/projects/servicedeskn1/frontend/app/node_modules/@tanstack/react-router/dist/esm/Transitioner.js:46:25
    at settleOwner (file:///home/siegfriedneto/projects/servicedeskn1/frontend/app/node_modules/@tanstack/react-router/dist/esm/Transitioner.js:10:10)
    at file:///home/siegfriedneto/projects/servicedeskn1/frontend/app/node_modules/@tanstack/react-router/dist/esm/Matches.js:38:39
    at Object.react_stack_bottom_frame (/home/siegfriedneto/projects/servicedeskn1/frontend/app/node_modules/react-dom/cjs/react-dom-client.development.js:25989:20)
    at runWithFiberInDEV (/home/siegfriedneto/projects/servicedeskn1/frontend/app/node_modules/react-dom/cjs/react-dom-client.development.js:874:13)
    at commitHookEffectListMount (/home/siegfriedneto/projects/servicedeskn1/frontend/app/node_modules/react-dom/cjs/react-dom-client.development.js:13249:29) undefined
Error: Not implemented: window.scrollTo
    at module.exports (/home/siegfriedneto/projects/servicedeskn1/frontend/app/node_modules/jsdom/lib/jsdom/browser/not-implemented.js:9:17)
    at /home/siegfriedneto/projects/servicedeskn1/frontend/app/node_modules/jsdom/lib/jsdom/browser/Window.js:960:7
    at Object.fn (file:///home/siegfriedneto/projects/servicedeskn1/frontend/app/node_modules/@tanstack/router-core/dist/esm/scroll-restoration.js:180:27)
    at RouterCore.emit (file:///home/siegfriedneto/projects/servicedeskn1/frontend/app/node_modules/@tanstack/router-core/dist/esm/router.js:178:14)
    at file:///home/siegfriedneto/projects/servicedeskn1/frontend/app/node_modules/@tanstack/react-router/dist/esm/Transitioner.js:46:25
    at settleOwner (file:///home/siegfriedneto/projects/servicedeskn1/frontend/app/node_modules/@tanstack/react-router/dist/esm/Transitioner.js:10:10)
    at file:///home/siegfriedneto/projects/servicedeskn1/frontend/app/node_modules/@tanstack/react-router/dist/esm/Matches.js:38:39
    at Object.react_stack_bottom_frame (/home/siegfriedneto/projects/servicedeskn1/frontend/app/node_modules/react-dom/cjs/react-dom-client.development.js:25989:20)
    at runWithFiberInDEV (/home/siegfriedneto/projects/servicedeskn1/frontend/app/node_modules/react-dom/cjs/react-dom-client.development.js:874:13)
    at commitHookEffectListMount (/home/siegfriedneto/projects/servicedeskn1/frontend/app/node_modules/react-dom/cjs/react-dom-client.development.js:13249:29) undefined
Error: Not implemented: window.scrollTo
    at module.exports (/home/siegfriedneto/projects/servicedeskn1/frontend/app/node_modules/jsdom/lib/jsdom/browser/not-implemented.js:9:17)
    at /home/siegfriedneto/projects/servicedeskn1/frontend/app/node_modules/jsdom/lib/jsdom/browser/Window.js:960:7
    at Object.fn (file:///home/siegfriedneto/projects/servicedeskn1/frontend/app/node_modules/@tanstack/router-core/dist/esm/scroll-restoration.js:180:27)
    at RouterCore.emit (file:///home/siegfriedneto/projects/servicedeskn1/frontend/app/node_modules/@tanstack/router-core/dist/esm/router.js:178:14)
    at file:///home/siegfriedneto/projects/servicedeskn1/frontend/app/node_modules/@tanstack/react-router/dist/esm/Transitioner.js:46:25
    at settleOwner (file:///home/siegfriedneto/projects/servicedeskn1/frontend/app/node_modules/@tanstack/react-router/dist/esm/Transitioner.js:10:10)
    at file:///home/siegfriedneto/projects/servicedeskn1/frontend/app/node_modules/@tanstack/react-router/dist/esm/Matches.js:38:39
    at Object.react_stack_bottom_frame (/home/siegfriedneto/projects/servicedeskn1/frontend/app/node_modules/react-dom/cjs/react-dom-client.development.js:25989:20)
    at runWithFiberInDEV (/home/siegfriedneto/projects/servicedeskn1/frontend/app/node_modules/react-dom/cjs/react-dom-client.development.js:874:13)
    at commitHookEffectListMount (/home/siegfriedneto/projects/servicedeskn1/frontend/app/node_modules/react-dom/cjs/react-dom-client.development.js:13249:29) undefined
Error: Not implemented: window.scrollTo
    at module.exports (/home/siegfriedneto/projects/servicedeskn1/frontend/app/node_modules/jsdom/lib/jsdom/browser/not-implemented.js:9:17)
    at /home/siegfriedneto/projects/servicedeskn1/frontend/app/node_modules/jsdom/lib/jsdom/browser/Window.js:960:7
    at Object.fn (file:///home/siegfriedneto/projects/servicedeskn1/frontend/app/node_modules/@tanstack/router-core/dist/esm/scroll-restoration.js:180:27)
    at RouterCore.emit (file:///home/siegfriedneto/projects/servicedeskn1/frontend/app/node_modules/@tanstack/router-core/dist/esm/router.js:178:14)
    at file:///home/siegfriedneto/projects/servicedeskn1/frontend/app/node_modules/@tanstack/react-router/dist/esm/Transitioner.js:46:25
    at settleOwner (file:///home/siegfriedneto/projects/servicedeskn1/frontend/app/node_modules/@tanstack/react-router/dist/esm/Transitioner.js:10:10)
    at file:///home/siegfriedneto/projects/servicedeskn1/frontend/app/node_modules/@tanstack/react-router/dist/esm/Matches.js:38:39
    at Object.react_stack_bottom_frame (/home/siegfriedneto/projects/servicedeskn1/frontend/app/node_modules/react-dom/cjs/react-dom-client.development.js:25989:20)
    at runWithFiberInDEV (/home/siegfriedneto/projects/servicedeskn1/frontend/app/node_modules/react-dom/cjs/react-dom-client.development.js:874:13)
    at commitHookEffectListMount (/home/siegfriedneto/projects/servicedeskn1/frontend/app/node_modules/react-dom/cjs/react-dom-client.development.js:13249:29) undefined
Error: Not implemented: window.scrollTo
    at module.exports (/home/siegfriedneto/projects/servicedeskn1/frontend/app/node_modules/jsdom/lib/jsdom/browser/not-implemented.js:9:17)
    at /home/siegfriedneto/projects/servicedeskn1/frontend/app/node_modules/jsdom/lib/jsdom/browser/Window.js:960:7
    at Object.fn (file:///home/siegfriedneto/projects/servicedeskn1/frontend/app/node_modules/@tanstack/router-core/dist/esm/scroll-restoration.js:180:27)
    at RouterCore.emit (file:///home/siegfriedneto/projects/servicedeskn1/frontend/app/node_modules/@tanstack/router-core/dist/esm/router.js:178:14)
    at file:///home/siegfriedneto/projects/servicedeskn1/frontend/app/node_modules/@tanstack/react-router/dist/esm/Transitioner.js:46:25
    at settleOwner (file:///home/siegfriedneto/projects/servicedeskn1/frontend/app/node_modules/@tanstack/react-router/dist/esm/Transitioner.js:10:10)
    at file:///home/siegfriedneto/projects/servicedeskn1/frontend/app/node_modules/@tanstack/react-router/dist/esm/Matches.js:38:39
    at Object.react_stack_bottom_frame (/home/siegfriedneto/projects/servicedeskn1/frontend/app/node_modules/react-dom/cjs/react-dom-client.development.js:25989:20)
    at runWithFiberInDEV (/home/siegfriedneto/projects/servicedeskn1/frontend/app/node_modules/react-dom/cjs/react-dom-client.development.js:874:13)
    at commitHookEffectListMount (/home/siegfriedneto/projects/servicedeskn1/frontend/app/node_modules/react-dom/cjs/react-dom-client.development.js:13249:29) undefined
Error: Not implemented: window.scrollTo
    at module.exports (/home/siegfriedneto/projects/servicedeskn1/frontend/app/node_modules/jsdom/lib/jsdom/browser/not-implemented.js:9:17)
    at /home/siegfriedneto/projects/servicedeskn1/frontend/app/node_modules/jsdom/lib/jsdom/browser/Window.js:960:7
    at Object.fn (file:///home/siegfriedneto/projects/servicedeskn1/frontend/app/node_modules/@tanstack/router-core/dist/esm/scroll-restoration.js:180:27)
    at RouterCore.emit (file:///home/siegfriedneto/projects/servicedeskn1/frontend/app/node_modules/@tanstack/router-core/dist/esm/router.js:178:14)
    at file:///home/siegfriedneto/projects/servicedeskn1/frontend/app/node_modules/@tanstack/react-router/dist/esm/Transitioner.js:46:25
    at settleOwner (file:///home/siegfriedneto/projects/servicedeskn1/frontend/app/node_modules/@tanstack/react-router/dist/esm/Transitioner.js:10:10)
    at file:///home/siegfriedneto/projects/servicedeskn1/frontend/app/node_modules/@tanstack/react-router/dist/esm/Matches.js:38:39
    at Object.react_stack_bottom_frame (/home/siegfriedneto/projects/servicedeskn1/frontend/app/node_modules/react-dom/cjs/react-dom-client.development.js:25989:20)
    at runWithFiberInDEV (/home/siegfriedneto/projects/servicedeskn1/frontend/app/node_modules/react-dom/cjs/react-dom-client.development.js:874:13)
    at commitHookEffectListMount (/home/siegfriedneto/projects/servicedeskn1/frontend/app/node_modules/react-dom/cjs/react-dom-client.development.js:13249:29) undefined
Error: Not implemented: window.scrollTo
    at module.exports (/home/siegfriedneto/projects/servicedeskn1/frontend/app/node_modules/jsdom/lib/jsdom/browser/not-implemented.js:9:17)
    at /home/siegfriedneto/projects/servicedeskn1/frontend/app/node_modules/jsdom/lib/jsdom/browser/Window.js:960:7
    at Object.fn (file:///home/siegfriedneto/projects/servicedeskn1/frontend/app/node_modules/@tanstack/router-core/dist/esm/scroll-restoration.js:180:27)
    at RouterCore.emit (file:///home/siegfriedneto/projects/servicedeskn1/frontend/app/node_modules/@tanstack/router-core/dist/esm/router.js:178:14)
    at file:///home/siegfriedneto/projects/servicedeskn1/frontend/app/node_modules/@tanstack/react-router/dist/esm/Transitioner.js:46:25
    at settleOwner (file:///home/siegfriedneto/projects/servicedeskn1/frontend/app/node_modules/@tanstack/react-router/dist/esm/Transitioner.js:10:10)
    at file:///home/siegfriedneto/projects/servicedeskn1/frontend/app/node_modules/@tanstack/react-router/dist/esm/Matches.js:38:39
    at Object.react_stack_bottom_frame (/home/siegfriedneto/projects/servicedeskn1/frontend/app/node_modules/react-dom/cjs/react-dom-client.development.js:25989:20)
    at runWithFiberInDEV (/home/siegfriedneto/projects/servicedeskn1/frontend/app/node_modules/react-dom/cjs/react-dom-client.development.js:874:13)
    at commitHookEffectListMount (/home/siegfriedneto/projects/servicedeskn1/frontend/app/node_modules/react-dom/cjs/react-dom-client.development.js:13249:29) undefined
Error: Not implemented: window.scrollTo
    at module.exports (/home/siegfriedneto/projects/servicedeskn1/frontend/app/node_modules/jsdom/lib/jsdom/browser/not-implemented.js:9:17)
    at /home/siegfriedneto/projects/servicedeskn1/frontend/app/node_modules/jsdom/lib/jsdom/browser/Window.js:960:7
    at Object.fn (file:///home/siegfriedneto/projects/servicedeskn1/frontend/app/node_modules/@tanstack/router-core/dist/esm/scroll-restoration.js:180:27)
    at RouterCore.emit (file:///home/siegfriedneto/projects/servicedeskn1/frontend/app/node_modules/@tanstack/router-core/dist/esm/router.js:178:14)
    at file:///home/siegfriedneto/projects/servicedeskn1/frontend/app/node_modules/@tanstack/react-router/dist/esm/Transitioner.js:46:25
    at settleOwner (file:///home/siegfriedneto/projects/servicedeskn1/frontend/app/node_modules/@tanstack/react-router/dist/esm/Transitioner.js:10:10)
    at file:///home/siegfriedneto/projects/servicedeskn1/frontend/app/node_modules/@tanstack/react-router/dist/esm/Matches.js:38:39
    at Object.react_stack_bottom_frame (/home/siegfriedneto/projects/servicedeskn1/frontend/app/node_modules/react-dom/cjs/react-dom-client.development.js:25989:20)
    at runWithFiberInDEV (/home/siegfriedneto/projects/servicedeskn1/frontend/app/node_modules/react-dom/cjs/react-dom-client.development.js:874:13)
    at commitHookEffectListMount (/home/siegfriedneto/projects/servicedeskn1/frontend/app/node_modules/react-dom/cjs/react-dom-client.development.js:13249:29) undefined
Error: Not implemented: window.scrollTo
    at module.exports (/home/siegfriedneto/projects/servicedeskn1/frontend/app/node_modules/jsdom/lib/jsdom/browser/not-implemented.js:9:17)
    at /home/siegfriedneto/projects/servicedeskn1/frontend/app/node_modules/jsdom/lib/jsdom/browser/Window.js:960:7
    at Object.fn (file:///home/siegfriedneto/projects/servicedeskn1/frontend/app/node_modules/@tanstack/router-core/dist/esm/scroll-restoration.js:180:27)
    at RouterCore.emit (file:///home/siegfriedneto/projects/servicedeskn1/frontend/app/node_modules/@tanstack/router-core/dist/esm/router.js:178:14)
    at file:///home/siegfriedneto/projects/servicedeskn1/frontend/app/node_modules/@tanstack/react-router/dist/esm/Transitioner.js:46:25
    at settleOwner (file:///home/siegfriedneto/projects/servicedeskn1/frontend/app/node_modules/@tanstack/react-router/dist/esm/Transitioner.js:10:10)
    at file:///home/siegfriedneto/projects/servicedeskn1/frontend/app/node_modules/@tanstack/react-router/dist/esm/Matches.js:38:39
    at Object.react_stack_bottom_frame (/home/siegfriedneto/projects/servicedeskn1/frontend/app/node_modules/react-dom/cjs/react-dom-client.development.js:25989:20)
    at runWithFiberInDEV (/home/siegfriedneto/projects/servicedeskn1/frontend/app/node_modules/react-dom/cjs/react-dom-client.development.js:874:13)
    at commitHookEffectListMount (/home/siegfriedneto/projects/servicedeskn1/frontend/app/node_modules/react-dom/cjs/react-dom-client.development.js:13249:29) undefined
Error: Not implemented: window.scrollTo
    at module.exports (/home/siegfriedneto/projects/servicedeskn1/frontend/app/node_modules/jsdom/lib/jsdom/browser/not-implemented.js:9:17)
    at /home/siegfriedneto/projects/servicedeskn1/frontend/app/node_modules/jsdom/lib/jsdom/browser/Window.js:960:7
    at Object.fn (file:///home/siegfriedneto/projects/servicedeskn1/frontend/app/node_modules/@tanstack/router-core/dist/esm/scroll-restoration.js:180:27)
    at RouterCore.emit (file:///home/siegfriedneto/projects/servicedeskn1/frontend/app/node_modules/@tanstack/router-core/dist/esm/router.js:178:14)
    at file:///home/siegfriedneto/projects/servicedeskn1/frontend/app/node_modules/@tanstack/react-router/dist/esm/Transitioner.js:46:25
    at settleOwner (file:///home/siegfriedneto/projects/servicedeskn1/frontend/app/node_modules/@tanstack/react-router/dist/esm/Transitioner.js:10:10)
    at file:///home/siegfriedneto/projects/servicedeskn1/frontend/app/node_modules/@tanstack/react-router/dist/esm/Matches.js:38:39
    at Object.react_stack_bottom_frame (/home/siegfriedneto/projects/servicedeskn1/frontend/app/node_modules/react-dom/cjs/react-dom-client.development.js:25989:20)
    at runWithFiberInDEV (/home/siegfriedneto/projects/servicedeskn1/frontend/app/node_modules/react-dom/cjs/react-dom-client.development.js:874:13)
    at commitHookEffectListMount (/home/siegfriedneto/projects/servicedeskn1/frontend/app/node_modules/react-dom/cjs/react-dom-client.development.js:13249:29) undefined
Error: Not implemented: window.scrollTo
    at module.exports (/home/siegfriedneto/projects/servicedeskn1/frontend/app/node_modules/jsdom/lib/jsdom/browser/not-implemented.js:9:17)
    at /home/siegfriedneto/projects/servicedeskn1/frontend/app/node_modules/jsdom/lib/jsdom/browser/Window.js:960:7
    at Object.fn (file:///home/siegfriedneto/projects/servicedeskn1/frontend/app/node_modules/@tanstack/router-core/dist/esm/scroll-restoration.js:180:27)
    at RouterCore.emit (file:///home/siegfriedneto/projects/servicedeskn1/frontend/app/node_modules/@tanstack/router-core/dist/esm/router.js:178:14)
    at file:///home/siegfriedneto/projects/servicedeskn1/frontend/app/node_modules/@tanstack/react-router/dist/esm/Transitioner.js:46:25
    at settleOwner (file:///home/siegfriedneto/projects/servicedeskn1/frontend/app/node_modules/@tanstack/react-router/dist/esm/Transitioner.js:10:10)
    at file:///home/siegfriedneto/projects/servicedeskn1/frontend/app/node_modules/@tanstack/react-router/dist/esm/Matches.js:38:39
    at Object.react_stack_bottom_frame (/home/siegfriedneto/projects/servicedeskn1/frontend/app/node_modules/react-dom/cjs/react-dom-client.development.js:25989:20)
    at runWithFiberInDEV (/home/siegfriedneto/projects/servicedeskn1/frontend/app/node_modules/react-dom/cjs/react-dom-client.development.js:874:13)
    at commitHookEffectListMount (/home/siegfriedneto/projects/servicedeskn1/frontend/app/node_modules/react-dom/cjs/react-dom-client.development.js:13249:29) undefined
Error: Not implemented: window.scrollTo
    at module.exports (/home/siegfriedneto/projects/servicedeskn1/frontend/app/node_modules/jsdom/lib/jsdom/browser/not-implemented.js:9:17)
    at /home/siegfriedneto/projects/servicedeskn1/frontend/app/node_modules/jsdom/lib/jsdom/browser/Window.js:960:7
    at Object.fn (file:///home/siegfriedneto/projects/servicedeskn1/frontend/app/node_modules/@tanstack/router-core/dist/esm/scroll-restoration.js:180:27)
    at RouterCore.emit (file:///home/siegfriedneto/projects/servicedeskn1/frontend/app/node_modules/@tanstack/router-core/dist/esm/router.js:178:14)
    at file:///home/siegfriedneto/projects/servicedeskn1/frontend/app/node_modules/@tanstack/react-router/dist/esm/Transitioner.js:46:25
    at settleOwner (file:///home/siegfriedneto/projects/servicedeskn1/frontend/app/node_modules/@tanstack/react-router/dist/esm/Transitioner.js:10:10)
    at file:///home/siegfriedneto/projects/servicedeskn1/frontend/app/node_modules/@tanstack/react-router/dist/esm/Matches.js:38:39
    at Object.react_stack_bottom_frame (/home/siegfriedneto/projects/servicedeskn1/frontend/app/node_modules/react-dom/cjs/react-dom-client.development.js:25989:20)
    at runWithFiberInDEV (/home/siegfriedneto/projects/servicedeskn1/frontend/app/node_modules/react-dom/cjs/react-dom-client.development.js:874:13)
    at commitHookEffectListMount (/home/siegfriedneto/projects/servicedeskn1/frontend/app/node_modules/react-dom/cjs/react-dom-client.development.js:13249:29) undefined
Error: Not implemented: window.scrollTo
    at module.exports (/home/siegfriedneto/projects/servicedeskn1/frontend/app/node_modules/jsdom/lib/jsdom/browser/not-implemented.js:9:17)
    at /home/siegfriedneto/projects/servicedeskn1/frontend/app/node_modules/jsdom/lib/jsdom/browser/Window.js:960:7
    at Object.fn (file:///home/siegfriedneto/projects/servicedeskn1/frontend/app/node_modules/@tanstack/router-core/dist/esm/scroll-restoration.js:180:27)
    at RouterCore.emit (file:///home/siegfriedneto/projects/servicedeskn1/frontend/app/node_modules/@tanstack/router-core/dist/esm/router.js:178:14)
    at file:///home/siegfriedneto/projects/servicedeskn1/frontend/app/node_modules/@tanstack/react-router/dist/esm/Transitioner.js:46:25
    at settleOwner (file:///home/siegfriedneto/projects/servicedeskn1/frontend/app/node_modules/@tanstack/react-router/dist/esm/Transitioner.js:10:10)
    at file:///home/siegfriedneto/projects/servicedeskn1/frontend/app/node_modules/@tanstack/react-router/dist/esm/Matches.js:38:39
    at Object.react_stack_bottom_frame (/home/siegfriedneto/projects/servicedeskn1/frontend/app/node_modules/react-dom/cjs/react-dom-client.development.js:25989:20)
    at runWithFiberInDEV (/home/siegfriedneto/projects/servicedeskn1/frontend/app/node_modules/react-dom/cjs/react-dom-client.development.js:874:13)
    at commitHookEffectListMount (/home/siegfriedneto/projects/servicedeskn1/frontend/app/node_modules/react-dom/cjs/react-dom-client.development.js:13249:29) undefined
Error: Not implemented: window.scrollTo
    at module.exports (/home/siegfriedneto/projects/servicedeskn1/frontend/app/node_modules/jsdom/lib/jsdom/browser/not-implemented.js:9:17)
    at /home/siegfriedneto/projects/servicedeskn1/frontend/app/node_modules/jsdom/lib/jsdom/browser/Window.js:960:7
    at Object.fn (file:///home/siegfriedneto/projects/servicedeskn1/frontend/app/node_modules/@tanstack/router-core/dist/esm/scroll-restoration.js:180:27)
    at RouterCore.emit (file:///home/siegfriedneto/projects/servicedeskn1/frontend/app/node_modules/@tanstack/router-core/dist/esm/router.js:178:14)
    at file:///home/siegfriedneto/projects/servicedeskn1/frontend/app/node_modules/@tanstack/react-router/dist/esm/Transitioner.js:46:25
    at settleOwner (file:///home/siegfriedneto/projects/servicedeskn1/frontend/app/node_modules/@tanstack/react-router/dist/esm/Transitioner.js:10:10)
    at file:///home/siegfriedneto/projects/servicedeskn1/frontend/app/node_modules/@tanstack/react-router/dist/esm/Matches.js:38:39
    at Object.react_stack_bottom_frame (/home/siegfriedneto/projects/servicedeskn1/frontend/app/node_modules/react-dom/cjs/react-dom-client.development.js:25989:20)
    at runWithFiberInDEV (/home/siegfriedneto/projects/servicedeskn1/frontend/app/node_modules/react-dom/cjs/react-dom-client.development.js:874:13)
    at commitHookEffectListMount (/home/siegfriedneto/projects/servicedeskn1/frontend/app/node_modules/react-dom/cjs/react-dom-client.development.js:13249:29) undefined
Error: Not implemented: window.scrollTo
    at module.exports (/home/siegfriedneto/projects/servicedeskn1/frontend/app/node_modules/jsdom/lib/jsdom/browser/not-implemented.js:9:17)
    at /home/siegfriedneto/projects/servicedeskn1/frontend/app/node_modules/jsdom/lib/jsdom/browser/Window.js:960:7
    at Object.fn (file:///home/siegfriedneto/projects/servicedeskn1/frontend/app/node_modules/@tanstack/router-core/dist/esm/scroll-restoration.js:180:27)
    at RouterCore.emit (file:///home/siegfriedneto/projects/servicedeskn1/frontend/app/node_modules/@tanstack/router-core/dist/esm/router.js:178:14)
    at file:///home/siegfriedneto/projects/servicedeskn1/frontend/app/node_modules/@tanstack/react-router/dist/esm/Transitioner.js:46:25
    at settleOwner (file:///home/siegfriedneto/projects/servicedeskn1/frontend/app/node_modules/@tanstack/react-router/dist/esm/Transitioner.js:10:10)
    at file:///home/siegfriedneto/projects/servicedeskn1/frontend/app/node_modules/@tanstack/react-router/dist/esm/Matches.js:38:39
    at Object.react_stack_bottom_frame (/home/siegfriedneto/projects/servicedeskn1/frontend/app/node_modules/react-dom/cjs/react-dom-client.development.js:25989:20)
    at runWithFiberInDEV (/home/siegfriedneto/projects/servicedeskn1/frontend/app/node_modules/react-dom/cjs/react-dom-client.development.js:874:13)
    at commitHookEffectListMount (/home/siegfriedneto/projects/servicedeskn1/frontend/app/node_modules/react-dom/cjs/react-dom-client.development.js:13249:29) undefined
Error: Not implemented: window.scrollTo
    at module.exports (/home/siegfriedneto/projects/servicedeskn1/frontend/app/node_modules/jsdom/lib/jsdom/browser/not-implemented.js:9:17)
    at /home/siegfriedneto/projects/servicedeskn1/frontend/app/node_modules/jsdom/lib/jsdom/browser/Window.js:960:7
    at Object.fn (file:///home/siegfriedneto/projects/servicedeskn1/frontend/app/node_modules/@tanstack/router-core/dist/esm/scroll-restoration.js:180:27)
    at RouterCore.emit (file:///home/siegfriedneto/projects/servicedeskn1/frontend/app/node_modules/@tanstack/router-core/dist/esm/router.js:178:14)
    at file:///home/siegfriedneto/projects/servicedeskn1/frontend/app/node_modules/@tanstack/router-core/dist/esm/load-client.js:943:46
    at Router.batch (file:///home/siegfriedneto/projects/servicedeskn1/frontend/app/node_modules/@tanstack/store/dist/esm/atom.js:39:5)
    at file:///home/siegfriedneto/projects/servicedeskn1/frontend/app/node_modules/@tanstack/router-core/dist/esm/load-client.js:936:10
    at runClientTransaction (file:///home/siegfriedneto/projects/servicedeskn1/frontend/app/node_modules/@tanstack/router-core/dist/esm/load-client.js:902:2)
    at loadClientRoute (file:///home/siegfriedneto/projects/servicedeskn1/frontend/app/node_modules/@tanstack/router-core/dist/esm/load-client.js:1034:2)
    at RouterCore.load (file:///home/siegfriedneto/projects/servicedeskn1/frontend/app/node_modules/@tanstack/router-core/dist/esm/router.js:489:4) undefined
Error: Not implemented: window.scrollTo
    at module.exports (/home/siegfriedneto/projects/servicedeskn1/frontend/app/node_modules/jsdom/lib/jsdom/browser/not-implemented.js:9:17)
    at /home/siegfriedneto/projects/servicedeskn1/frontend/app/node_modules/jsdom/lib/jsdom/browser/Window.js:960:7
    at Object.fn (file:///home/siegfriedneto/projects/servicedeskn1/frontend/app/node_modules/@tanstack/router-core/dist/esm/scroll-restoration.js:180:27)
    at RouterCore.emit (file:///home/siegfriedneto/projects/servicedeskn1/frontend/app/node_modules/@tanstack/router-core/dist/esm/router.js:178:14)
    at file:///home/siegfriedneto/projects/servicedeskn1/frontend/app/node_modules/@tanstack/react-router/dist/esm/Transitioner.js:46:25
    at settleOwner (file:///home/siegfriedneto/projects/servicedeskn1/frontend/app/node_modules/@tanstack/react-router/dist/esm/Transitioner.js:10:10)
    at file:///home/siegfriedneto/projects/servicedeskn1/frontend/app/node_modules/@tanstack/react-router/dist/esm/Matches.js:38:39
    at Object.react_stack_bottom_frame (/home/siegfriedneto/projects/servicedeskn1/frontend/app/node_modules/react-dom/cjs/react-dom-client.development.js:25989:20)
    at runWithFiberInDEV (/home/siegfriedneto/projects/servicedeskn1/frontend/app/node_modules/react-dom/cjs/react-dom-client.development.js:874:13)
    at commitHookEffectListMount (/home/siegfriedneto/projects/servicedeskn1/frontend/app/node_modules/react-dom/cjs/react-dom-client.development.js:13249:29) undefined
Error: Not implemented: window.scrollTo
    at module.exports (/home/siegfriedneto/projects/servicedeskn1/frontend/app/node_modules/jsdom/lib/jsdom/browser/not-implemented.js:9:17)
    at /home/siegfriedneto/projects/servicedeskn1/frontend/app/node_modules/jsdom/lib/jsdom/browser/Window.js:960:7
    at Object.fn (file:///home/siegfriedneto/projects/servicedeskn1/frontend/app/node_modules/@tanstack/router-core/dist/esm/scroll-restoration.js:180:27)
    at RouterCore.emit (file:///home/siegfriedneto/projects/servicedeskn1/frontend/app/node_modules/@tanstack/router-core/dist/esm/router.js:178:14)
    at file:///home/siegfriedneto/projects/servicedeskn1/frontend/app/node_modules/@tanstack/router-core/dist/esm/load-client.js:943:46
    at Router.batch (file:///home/siegfriedneto/projects/servicedeskn1/frontend/app/node_modules/@tanstack/store/dist/esm/atom.js:39:5)
    at file:///home/siegfriedneto/projects/servicedeskn1/frontend/app/node_modules/@tanstack/router-core/dist/esm/load-client.js:936:10
    at runClientTransaction (file:///home/siegfriedneto/projects/servicedeskn1/frontend/app/node_modules/@tanstack/router-core/dist/esm/load-client.js:902:2)
    at loadClientRoute (file:///home/siegfriedneto/projects/servicedeskn1/frontend/app/node_modules/@tanstack/router-core/dist/esm/load-client.js:1034:2)
    at RouterCore.load (file:///home/siegfriedneto/projects/servicedeskn1/frontend/app/node_modules/@tanstack/router-core/dist/esm/router.js:489:4) undefined
Error: Not implemented: window.scrollTo
    at module.exports (/home/siegfriedneto/projects/servicedeskn1/frontend/app/node_modules/jsdom/lib/jsdom/browser/not-implemented.js:9:17)
    at /home/siegfriedneto/projects/servicedeskn1/frontend/app/node_modules/jsdom/lib/jsdom/browser/Window.js:960:7
    at Object.fn (file:///home/siegfriedneto/projects/servicedeskn1/frontend/app/node_modules/@tanstack/router-core/dist/esm/scroll-restoration.js:180:27)
    at RouterCore.emit (file:///home/siegfriedneto/projects/servicedeskn1/frontend/app/node_modules/@tanstack/router-core/dist/esm/router.js:178:14)
    at file:///home/siegfriedneto/projects/servicedeskn1/frontend/app/node_modules/@tanstack/router-core/dist/esm/load-client.js:943:46
    at Router.batch (file:///home/siegfriedneto/projects/servicedeskn1/frontend/app/node_modules/@tanstack/store/dist/esm/atom.js:39:5)
    at file:///home/siegfriedneto/projects/servicedeskn1/frontend/app/node_modules/@tanstack/router-core/dist/esm/load-client.js:936:10
    at runNextTicks (node:internal/process/task_queues:64:5)
    at listOnTimeout (node:internal/timers:547:9)
    at processTimers (node:internal/timers:521:7) undefined
Error: Not implemented: window.scrollTo
    at module.exports (/home/siegfriedneto/projects/servicedeskn1/frontend/app/node_modules/jsdom/lib/jsdom/browser/not-implemented.js:9:17)
    at /home/siegfriedneto/projects/servicedeskn1/frontend/app/node_modules/jsdom/lib/jsdom/browser/Window.js:960:7
    at Object.fn (file:///home/siegfriedneto/projects/servicedeskn1/frontend/app/node_modules/@tanstack/router-core/dist/esm/scroll-restoration.js:180:27)
    at RouterCore.emit (file:///home/siegfriedneto/projects/servicedeskn1/frontend/app/node_modules/@tanstack/router-core/dist/esm/router.js:178:14)
    at file:///home/siegfriedneto/projects/servicedeskn1/frontend/app/node_modules/@tanstack/react-router/dist/esm/Transitioner.js:46:25
    at settleOwner (file:///home/siegfriedneto/projects/servicedeskn1/frontend/app/node_modules/@tanstack/react-router/dist/esm/Transitioner.js:10:10)
    at file:///home/siegfriedneto/projects/servicedeskn1/frontend/app/node_modules/@tanstack/react-router/dist/esm/Matches.js:38:39
    at Object.react_stack_bottom_frame (/home/siegfriedneto/projects/servicedeskn1/frontend/app/node_modules/react-dom/cjs/react-dom-client.development.js:25989:20)
    at runWithFiberInDEV (/home/siegfriedneto/projects/servicedeskn1/frontend/app/node_modules/react-dom/cjs/react-dom-client.development.js:874:13)
    at commitHookEffectListMount (/home/siegfriedneto/projects/servicedeskn1/frontend/app/node_modules/react-dom/cjs/react-dom-client.development.js:13249:29) undefined
Error: Not implemented: window.scrollTo
    at module.exports (/home/siegfriedneto/projects/servicedeskn1/frontend/app/node_modules/jsdom/lib/jsdom/browser/not-implemented.js:9:17)
    at /home/siegfriedneto/projects/servicedeskn1/frontend/app/node_modules/jsdom/lib/jsdom/browser/Window.js:960:7
    at Object.fn (file:///home/siegfriedneto/projects/servicedeskn1/frontend/app/node_modules/@tanstack/router-core/dist/esm/scroll-restoration.js:180:27)
    at RouterCore.emit (file:///home/siegfriedneto/projects/servicedeskn1/frontend/app/node_modules/@tanstack/router-core/dist/esm/router.js:178:14)
    at file:///home/siegfriedneto/projects/servicedeskn1/frontend/app/node_modules/@tanstack/router-core/dist/esm/load-client.js:943:46
    at Router.batch (file:///home/siegfriedneto/projects/servicedeskn1/frontend/app/node_modules/@tanstack/store/dist/esm/atom.js:39:5)
    at file:///home/siegfriedneto/projects/servicedeskn1/frontend/app/node_modules/@tanstack/router-core/dist/esm/load-client.js:936:10
    at runClientTransaction (file:///home/siegfriedneto/projects/servicedeskn1/frontend/app/node_modules/@tanstack/router-core/dist/esm/load-client.js:902:2) undefined
Error: Not implemented: window.scrollTo
    at module.exports (/home/siegfriedneto/projects/servicedeskn1/frontend/app/node_modules/jsdom/lib/jsdom/browser/not-implemented.js:9:17)
    at /home/siegfriedneto/projects/servicedeskn1/frontend/app/node_modules/jsdom/lib/jsdom/browser/Window.js:960:7
    at Object.fn (file:///home/siegfriedneto/projects/servicedeskn1/frontend/app/node_modules/@tanstack/router-core/dist/esm/scroll-restoration.js:180:27)
    at RouterCore.emit (file:///home/siegfriedneto/projects/servicedeskn1/frontend/app/node_modules/@tanstack/router-core/dist/esm/router.js:178:14)
    at file:///home/siegfriedneto/projects/servicedeskn1/frontend/app/node_modules/@tanstack/router-core/dist/esm/load-client.js:943:46
    at Router.batch (file:///home/siegfriedneto/projects/servicedeskn1/frontend/app/node_modules/@tanstack/store/dist/esm/atom.js:39:5)
    at file:///home/siegfriedneto/projects/servicedeskn1/frontend/app/node_modules/@tanstack/router-core/dist/esm/load-client.js:936:10
    at runClientTransaction (file:///home/siegfriedneto/projects/servicedeskn1/frontend/app/node_modules/@tanstack/router-core/dist/esm/load-client.js:902:2)
    at loadClientRoute (file:///home/siegfriedneto/projects/servicedeskn1/frontend/app/node_modules/@tanstack/router-core/dist/esm/load-client.js:1034:2)
    at RouterCore.load (file:///home/siegfriedneto/projects/servicedeskn1/frontend/app/node_modules/@tanstack/router-core/dist/esm/router.js:489:4) undefined
Error: Not implemented: window.scrollTo
    at module.exports (/home/siegfriedneto/projects/servicedeskn1/frontend/app/node_modules/jsdom/lib/jsdom/browser/not-implemented.js:9:17)
    at /home/siegfriedneto/projects/servicedeskn1/frontend/app/node_modules/jsdom/lib/jsdom/browser/Window.js:960:7
    at Object.fn (file:///home/siegfriedneto/projects/servicedeskn1/frontend/app/node_modules/@tanstack/router-core/dist/esm/scroll-restoration.js:180:27)
    at RouterCore.emit (file:///home/siegfriedneto/projects/servicedeskn1/frontend/app/node_modules/@tanstack/router-core/dist/esm/router.js:178:14)
    at file:///home/siegfriedneto/projects/servicedeskn1/frontend/app/node_modules/@tanstack/react-router/dist/esm/Transitioner.js:46:25
    at settleOwner (file:///home/siegfriedneto/projects/servicedeskn1/frontend/app/node_modules/@tanstack/react-router/dist/esm/Transitioner.js:10:10)
    at file:///home/siegfriedneto/projects/servicedeskn1/frontend/app/node_modules/@tanstack/react-router/dist/esm/Matches.js:38:39
    at Object.react_stack_bottom_frame (/home/siegfriedneto/projects/servicedeskn1/frontend/app/node_modules/react-dom/cjs/react-dom-client.development.js:25989:20)
    at runWithFiberInDEV (/home/siegfriedneto/projects/servicedeskn1/frontend/app/node_modules/react-dom/cjs/react-dom-client.development.js:874:13)
    at commitHookEffectListMount (/home/siegfriedneto/projects/servicedeskn1/frontend/app/node_modules/react-dom/cjs/react-dom-client.development.js:13249:29) undefined
Error: Not implemented: window.scrollTo
    at module.exports (/home/siegfriedneto/projects/servicedeskn1/frontend/app/node_modules/jsdom/lib/jsdom/browser/not-implemented.js:9:17)
    at /home/siegfriedneto/projects/servicedeskn1/frontend/app/node_modules/jsdom/lib/jsdom/browser/Window.js:960:7
    at Object.fn (file:///home/siegfriedneto/projects/servicedeskn1/frontend/app/node_modules/@tanstack/router-core/dist/esm/scroll-restoration.js:180:27)
    at RouterCore.emit (file:///home/siegfriedneto/projects/servicedeskn1/frontend/app/node_modules/@tanstack/router-core/dist/esm/router.js:178:14)
    at file:///home/siegfriedneto/projects/servicedeskn1/frontend/app/node_modules/@tanstack/react-router/dist/esm/Transitioner.js:46:25
    at settleOwner (file:///home/siegfriedneto/projects/servicedeskn1/frontend/app/node_modules/@tanstack/react-router/dist/esm/Transitioner.js:10:10)
    at file:///home/siegfriedneto/projects/servicedeskn1/frontend/app/node_modules/@tanstack/react-router/dist/esm/Matches.js:38:39
    at Object.react_stack_bottom_frame (/home/siegfriedneto/projects/servicedeskn1/frontend/app/node_modules/react-dom/cjs/react-dom-client.development.js:25989:20)
    at runWithFiberInDEV (/home/siegfriedneto/projects/servicedeskn1/frontend/app/node_modules/react-dom/cjs/react-dom-client.development.js:874:13)
    at commitHookEffectListMount (/home/siegfriedneto/projects/servicedeskn1/frontend/app/node_modules/react-dom/cjs/react-dom-client.development.js:13249:29) undefined
Error: Not implemented: window.scrollTo
    at module.exports (/home/siegfriedneto/projects/servicedeskn1/frontend/app/node_modules/jsdom/lib/jsdom/browser/not-implemented.js:9:17)
    at /home/siegfriedneto/projects/servicedeskn1/frontend/app/node_modules/jsdom/lib/jsdom/browser/Window.js:960:7
    at Object.fn (file:///home/siegfriedneto/projects/servicedeskn1/frontend/app/node_modules/@tanstack/router-core/dist/esm/scroll-restoration.js:180:27)
    at RouterCore.emit (file:///home/siegfriedneto/projects/servicedeskn1/frontend/app/node_modules/@tanstack/router-core/dist/esm/router.js:178:14)
    at file:///home/siegfriedneto/projects/servicedeskn1/frontend/app/node_modules/@tanstack/router-core/dist/esm/load-client.js:943:46
    at Router.batch (file:///home/siegfriedneto/projects/servicedeskn1/frontend/app/node_modules/@tanstack/store/dist/esm/atom.js:39:5)
    at file:///home/siegfriedneto/projects/servicedeskn1/frontend/app/node_modules/@tanstack/router-core/dist/esm/load-client.js:936:10
    at runClientTransaction (file:///home/siegfriedneto/projects/servicedeskn1/frontend/app/node_modules/@tanstack/router-core/dist/esm/load-client.js:902:2)
    at loadClientRoute (file:///home/siegfriedneto/projects/servicedeskn1/frontend/app/node_modules/@tanstack/router-core/dist/esm/load-client.js:1034:2)
    at RouterCore.load (file:///home/siegfriedneto/projects/servicedeskn1/frontend/app/node_modules/@tanstack/router-core/dist/esm/router.js:489:4) undefined
Error: Not implemented: window.scrollTo
    at module.exports (/home/siegfriedneto/projects/servicedeskn1/frontend/app/node_modules/jsdom/lib/jsdom/browser/not-implemented.js:9:17)
    at /home/siegfriedneto/projects/servicedeskn1/frontend/app/node_modules/jsdom/lib/jsdom/browser/Window.js:960:7
    at Object.fn (file:///home/siegfriedneto/projects/servicedeskn1/frontend/app/node_modules/@tanstack/router-core/dist/esm/scroll-restoration.js:180:27)
    at RouterCore.emit (file:///home/siegfriedneto/projects/servicedeskn1/frontend/app/node_modules/@tanstack/router-core/dist/esm/router.js:178:14)
    at file:///home/siegfriedneto/projects/servicedeskn1/frontend/app/node_modules/@tanstack/router-core/dist/esm/load-client.js:943:46
    at Router.batch (file:///home/siegfriedneto/projects/servicedeskn1/frontend/app/node_modules/@tanstack/store/dist/esm/atom.js:39:5)
    at file:///home/siegfriedneto/projects/servicedeskn1/frontend/app/node_modules/@tanstack/router-core/dist/esm/load-client.js:936:10
    at runClientTransaction (file:///home/siegfriedneto/projects/servicedeskn1/frontend/app/node_modules/@tanstack/router-core/dist/esm/load-client.js:902:2)
    at loadClientRoute (file:///home/siegfriedneto/projects/servicedeskn1/frontend/app/node_modules/@tanstack/router-core/dist/esm/load-client.js:1034:2)
    at RouterCore.load (file:///home/siegfriedneto/projects/servicedeskn1/frontend/app/node_modules/@tanstack/router-core/dist/esm/router.js:489:4) undefined
Error: Not implemented: window.scrollTo
    at module.exports (/home/siegfriedneto/projects/servicedeskn1/frontend/app/node_modules/jsdom/lib/jsdom/browser/not-implemented.js:9:17)
    at /home/siegfriedneto/projects/servicedeskn1/frontend/app/node_modules/jsdom/lib/jsdom/browser/Window.js:960:7
    at Object.fn (file:///home/siegfriedneto/projects/servicedeskn1/frontend/app/node_modules/@tanstack/router-core/dist/esm/scroll-restoration.js:180:27)
    at RouterCore.emit (file:///home/siegfriedneto/projects/servicedeskn1/frontend/app/node_modules/@tanstack/router-core/dist/esm/router.js:178:14)
    at file:///home/siegfriedneto/projects/servicedeskn1/frontend/app/node_modules/@tanstack/react-router/dist/esm/Transitioner.js:46:25
    at settleOwner (file:///home/siegfriedneto/projects/servicedeskn1/frontend/app/node_modules/@tanstack/react-router/dist/esm/Transitioner.js:10:10)
    at file:///home/siegfriedneto/projects/servicedeskn1/frontend/app/node_modules/@tanstack/react-router/dist/esm/Matches.js:38:39
    at Object.react_stack_bottom_frame (/home/siegfriedneto/projects/servicedeskn1/frontend/app/node_modules/react-dom/cjs/react-dom-client.development.js:25989:20)
    at runWithFiberInDEV (/home/siegfriedneto/projects/servicedeskn1/frontend/app/node_modules/react-dom/cjs/react-dom-client.development.js:874:13)
    at commitHookEffectListMount (/home/siegfriedneto/projects/servicedeskn1/frontend/app/node_modules/react-dom/cjs/react-dom-client.development.js:13249:29) undefined
Error: Not implemented: window.scrollTo
    at module.exports (/home/siegfriedneto/projects/servicedeskn1/frontend/app/node_modules/jsdom/lib/jsdom/browser/not-implemented.js:9:17)
    at /home/siegfriedneto/projects/servicedeskn1/frontend/app/node_modules/jsdom/lib/jsdom/browser/Window.js:960:7
    at Object.fn (file:///home/siegfriedneto/projects/servicedeskn1/frontend/app/node_modules/@tanstack/router-core/dist/esm/scroll-restoration.js:180:27)
    at RouterCore.emit (file:///home/siegfriedneto/projects/servicedeskn1/frontend/app/node_modules/@tanstack/router-core/dist/esm/router.js:178:14)
    at file:///home/siegfriedneto/projects/servicedeskn1/frontend/app/node_modules/@tanstack/react-router/dist/esm/Transitioner.js:46:25
    at settleOwner (file:///home/siegfriedneto/projects/servicedeskn1/frontend/app/node_modules/@tanstack/react-router/dist/esm/Transitioner.js:10:10)
    at file:///home/siegfriedneto/projects/servicedeskn1/frontend/app/node_modules/@tanstack/react-router/dist/esm/Matches.js:38:39
    at Object.react_stack_bottom_frame (/home/siegfriedneto/projects/servicedeskn1/frontend/app/node_modules/react-dom/cjs/react-dom-client.development.js:25989:20)
    at runWithFiberInDEV (/home/siegfriedneto/projects/servicedeskn1/frontend/app/node_modules/react-dom/cjs/react-dom-client.development.js:874:13)
    at commitHookEffectListMount (/home/siegfriedneto/projects/servicedeskn1/frontend/app/node_modules/react-dom/cjs/react-dom-client.development.js:13249:29) undefined
Error: Not implemented: window.scrollTo
    at module.exports (/home/siegfriedneto/projects/servicedeskn1/frontend/app/node_modules/jsdom/lib/jsdom/browser/not-implemented.js:9:17)
    at /home/siegfriedneto/projects/servicedeskn1/frontend/app/node_modules/jsdom/lib/jsdom/browser/Window.js:960:7
    at Object.fn (file:///home/siegfriedneto/projects/servicedeskn1/frontend/app/node_modules/@tanstack/router-core/dist/esm/scroll-restoration.js:180:27)
    at RouterCore.emit (file:///home/siegfriedneto/projects/servicedeskn1/frontend/app/node_modules/@tanstack/router-core/dist/esm/router.js:178:14)
    at file:///home/siegfriedneto/projects/servicedeskn1/frontend/app/node_modules/@tanstack/react-router/dist/esm/Transitioner.js:46:25
    at settleOwner (file:///home/siegfriedneto/projects/servicedeskn1/frontend/app/node_modules/@tanstack/react-router/dist/esm/Transitioner.js:10:10)
    at file:///home/siegfriedneto/projects/servicedeskn1/frontend/app/node_modules/@tanstack/react-router/dist/esm/Matches.js:38:39
    at Object.react_stack_bottom_frame (/home/siegfriedneto/projects/servicedeskn1/frontend/app/node_modules/react-dom/cjs/react-dom-client.development.js:25989:20)
    at runWithFiberInDEV (/home/siegfriedneto/projects/servicedeskn1/frontend/app/node_modules/react-dom/cjs/react-dom-client.development.js:874:13)
    at commitHookEffectListMount (/home/siegfriedneto/projects/servicedeskn1/frontend/app/node_modules/react-dom/cjs/react-dom-client.development.js:13249:29) undefined
Error: Not implemented: window.scrollTo
    at module.exports (/home/siegfriedneto/projects/servicedeskn1/frontend/app/node_modules/jsdom/lib/jsdom/browser/not-implemented.js:9:17)
    at /home/siegfriedneto/projects/servicedeskn1/frontend/app/node_modules/jsdom/lib/jsdom/browser/Window.js:960:7
    at Object.fn (file:///home/siegfriedneto/projects/servicedeskn1/frontend/app/node_modules/@tanstack/router-core/dist/esm/scroll-restoration.js:180:27)
    at RouterCore.emit (file:///home/siegfriedneto/projects/servicedeskn1/frontend/app/node_modules/@tanstack/router-core/dist/esm/router.js:178:14)
    at file:///home/siegfriedneto/projects/servicedeskn1/frontend/app/node_modules/@tanstack/router-core/dist/esm/load-client.js:943:46
    at Router.batch (file:///home/siegfriedneto/projects/servicedeskn1/frontend/app/node_modules/@tanstack/store/dist/esm/atom.js:39:5)
    at file:///home/siegfriedneto/projects/servicedeskn1/frontend/app/node_modules/@tanstack/router-core/dist/esm/load-client.js:936:10
    at runClientTransaction (file:///home/siegfriedneto/projects/servicedeskn1/frontend/app/node_modules/@tanstack/router-core/dist/esm/load-client.js:902:2)
    at loadClientRoute (file:///home/siegfriedneto/projects/servicedeskn1/frontend/app/node_modules/@tanstack/router-core/dist/esm/load-client.js:1034:2)
    at RouterCore.load (file:///home/siegfriedneto/projects/servicedeskn1/frontend/app/node_modules/@tanstack/router-core/dist/esm/router.js:489:4) undefined
Error: Not implemented: window.scrollTo
    at module.exports (/home/siegfriedneto/projects/servicedeskn1/frontend/app/node_modules/jsdom/lib/jsdom/browser/not-implemented.js:9:17)
    at /home/siegfriedneto/projects/servicedeskn1/frontend/app/node_modules/jsdom/lib/jsdom/browser/Window.js:960:7
    at Object.fn (file:///home/siegfriedneto/projects/servicedeskn1/frontend/app/node_modules/@tanstack/router-core/dist/esm/scroll-restoration.js:180:27)
    at RouterCore.emit (file:///home/siegfriedneto/projects/servicedeskn1/frontend/app/node_modules/@tanstack/router-core/dist/esm/router.js:178:14)
    at file:///home/siegfriedneto/projects/servicedeskn1/frontend/app/node_modules/@tanstack/router-core/dist/esm/load-client.js:943:46
    at Router.batch (file:///home/siegfriedneto/projects/servicedeskn1/frontend/app/node_modules/@tanstack/store/dist/esm/atom.js:39:5)
    at file:///home/siegfriedneto/projects/servicedeskn1/frontend/app/node_modules/@tanstack/router-core/dist/esm/load-client.js:936:10
    at runClientTransaction (file:///home/siegfriedneto/projects/servicedeskn1/frontend/app/node_modules/@tanstack/router-core/dist/esm/load-client.js:902:2)
    at loadClientRoute (file:///home/siegfriedneto/projects/servicedeskn1/frontend/app/node_modules/@tanstack/router-core/dist/esm/load-client.js:1034:2)
    at RouterCore.load (file:///home/siegfriedneto/projects/servicedeskn1/frontend/app/node_modules/@tanstack/router-core/dist/esm/router.js:489:4) undefined
Error: Not implemented: window.scrollTo
    at module.exports (/home/siegfriedneto/projects/servicedeskn1/frontend/app/node_modules/jsdom/lib/jsdom/browser/not-implemented.js:9:17)
    at /home/siegfriedneto/projects/servicedeskn1/frontend/app/node_modules/jsdom/lib/jsdom/browser/Window.js:960:7
    at Object.fn (file:///home/siegfriedneto/projects/servicedeskn1/frontend/app/node_modules/@tanstack/router-core/dist/esm/scroll-restoration.js:180:27)
    at RouterCore.emit (file:///home/siegfriedneto/projects/servicedeskn1/frontend/app/node_modules/@tanstack/router-core/dist/esm/router.js:178:14)
    at file:///home/siegfriedneto/projects/servicedeskn1/frontend/app/node_modules/@tanstack/react-router/dist/esm/Transitioner.js:46:25
    at settleOwner (file:///home/siegfriedneto/projects/servicedeskn1/frontend/app/node_modules/@tanstack/react-router/dist/esm/Transitioner.js:10:10)
    at file:///home/siegfriedneto/projects/servicedeskn1/frontend/app/node_modules/@tanstack/react-router/dist/esm/Matches.js:38:39
    at Object.react_stack_bottom_frame (/home/siegfriedneto/projects/servicedeskn1/frontend/app/node_modules/react-dom/cjs/react-dom-client.development.js:25989:20)
    at runWithFiberInDEV (/home/siegfriedneto/projects/servicedeskn1/frontend/app/node_modules/react-dom/cjs/react-dom-client.development.js:874:13)
    at commitHookEffectListMount (/home/siegfriedneto/projects/servicedeskn1/frontend/app/node_modules/react-dom/cjs/react-dom-client.development.js:13249:29) undefined
Error: Not implemented: window.scrollTo
    at module.exports (/home/siegfriedneto/projects/servicedeskn1/frontend/app/node_modules/jsdom/lib/jsdom/browser/not-implemented.js:9:17)
    at /home/siegfriedneto/projects/servicedeskn1/frontend/app/node_modules/jsdom/lib/jsdom/browser/Window.js:960:7
    at Object.fn (file:///home/siegfriedneto/projects/servicedeskn1/frontend/app/node_modules/@tanstack/router-core/dist/esm/scroll-restoration.js:180:27)
    at RouterCore.emit (file:///home/siegfriedneto/projects/servicedeskn1/frontend/app/node_modules/@tanstack/router-core/dist/esm/router.js:178:14)
    at file:///home/siegfriedneto/projects/servicedeskn1/frontend/app/node_modules/@tanstack/react-router/dist/esm/Transitioner.js:46:25
    at settleOwner (file:///home/siegfriedneto/projects/servicedeskn1/frontend/app/node_modules/@tanstack/react-router/dist/esm/Transitioner.js:10:10)
    at file:///home/siegfriedneto/projects/servicedeskn1/frontend/app/node_modules/@tanstack/react-router/dist/esm/Matches.js:38:39
    at Object.react_stack_bottom_frame (/home/siegfriedneto/projects/servicedeskn1/frontend/app/node_modules/react-dom/cjs/react-dom-client.development.js:25989:20)
    at runWithFiberInDEV (/home/siegfriedneto/projects/servicedeskn1/frontend/app/node_modules/react-dom/cjs/react-dom-client.development.js:874:13)
    at commitHookEffectListMount (/home/siegfriedneto/projects/servicedeskn1/frontend/app/node_modules/react-dom/cjs/react-dom-client.development.js:13249:29) undefined
Error: Not implemented: window.scrollTo
    at module.exports (/home/siegfriedneto/projects/servicedeskn1/frontend/app/node_modules/jsdom/lib/jsdom/browser/not-implemented.js:9:17)
    at /home/siegfriedneto/projects/servicedeskn1/frontend/app/node_modules/jsdom/lib/jsdom/browser/Window.js:960:7
    at Object.fn (file:///home/siegfriedneto/projects/servicedeskn1/frontend/app/node_modules/@tanstack/router-core/dist/esm/scroll-restoration.js:180:27)
    at RouterCore.emit (file:///home/siegfriedneto/projects/servicedeskn1/frontend/app/node_modules/@tanstack/router-core/dist/esm/router.js:178:14)
    at file:///home/siegfriedneto/projects/servicedeskn1/frontend/app/node_modules/@tanstack/react-router/dist/esm/Transitioner.js:46:25
    at settleOwner (file:///home/siegfriedneto/projects/servicedeskn1/frontend/app/node_modules/@tanstack/react-router/dist/esm/Transitioner.js:10:10)
    at file:///home/siegfriedneto/projects/servicedeskn1/frontend/app/node_modules/@tanstack/react-router/dist/esm/Matches.js:38:39
    at Object.react_stack_bottom_frame (/home/siegfriedneto/projects/servicedeskn1/frontend/app/node_modules/react-dom/cjs/react-dom-client.development.js:25989:20)
    at runWithFiberInDEV (/home/siegfriedneto/projects/servicedeskn1/frontend/app/node_modules/react-dom/cjs/react-dom-client.development.js:874:13)
    at commitHookEffectListMount (/home/siegfriedneto/projects/servicedeskn1/frontend/app/node_modules/react-dom/cjs/react-dom-client.development.js:13249:29) undefined
Error: Not implemented: window.scrollTo
    at module.exports (/home/siegfriedneto/projects/servicedeskn1/frontend/app/node_modules/jsdom/lib/jsdom/browser/not-implemented.js:9:17)
    at /home/siegfriedneto/projects/servicedeskn1/frontend/app/node_modules/jsdom/lib/jsdom/browser/Window.js:960:7
    at Object.fn (file:///home/siegfriedneto/projects/servicedeskn1/frontend/app/node_modules/@tanstack/router-core/dist/esm/scroll-restoration.js:180:27)
    at RouterCore.emit (file:///home/siegfriedneto/projects/servicedeskn1/frontend/app/node_modules/@tanstack/router-core/dist/esm/router.js:178:14)
    at file:///home/siegfriedneto/projects/servicedeskn1/frontend/app/node_modules/@tanstack/router-core/dist/esm/load-client.js:943:46
    at Router.batch (file:///home/siegfriedneto/projects/servicedeskn1/frontend/app/node_modules/@tanstack/store/dist/esm/atom.js:39:5)
    at file:///home/siegfriedneto/projects/servicedeskn1/frontend/app/node_modules/@tanstack/router-core/dist/esm/load-client.js:936:10
    at runClientTransaction (file:///home/siegfriedneto/projects/servicedeskn1/frontend/app/node_modules/@tanstack/router-core/dist/esm/load-client.js:902:2)
    at loadClientRoute (file:///home/siegfriedneto/projects/servicedeskn1/frontend/app/node_modules/@tanstack/router-core/dist/esm/load-client.js:1034:2)
    at RouterCore.load (file:///home/siegfriedneto/projects/servicedeskn1/frontend/app/node_modules/@tanstack/router-core/dist/esm/router.js:489:4) undefined
Error: Not implemented: window.scrollTo
    at module.exports (/home/siegfriedneto/projects/servicedeskn1/frontend/app/node_modules/jsdom/lib/jsdom/browser/not-implemented.js:9:17)
    at /home/siegfriedneto/projects/servicedeskn1/frontend/app/node_modules/jsdom/lib/jsdom/browser/Window.js:960:7
    at Object.fn (file:///home/siegfriedneto/projects/servicedeskn1/frontend/app/node_modules/@tanstack/router-core/dist/esm/scroll-restoration.js:180:27)
    at RouterCore.emit (file:///home/siegfriedneto/projects/servicedeskn1/frontend/app/node_modules/@tanstack/router-core/dist/esm/router.js:178:14)
    at file:///home/siegfriedneto/projects/servicedeskn1/frontend/app/node_modules/@tanstack/react-router/dist/esm/Transitioner.js:46:25
    at settleOwner (file:///home/siegfriedneto/projects/servicedeskn1/frontend/app/node_modules/@tanstack/react-router/dist/esm/Transitioner.js:10:10)
    at file:///home/siegfriedneto/projects/servicedeskn1/frontend/app/node_modules/@tanstack/react-router/dist/esm/Matches.js:38:39
    at Object.react_stack_bottom_frame (/home/siegfriedneto/projects/servicedeskn1/frontend/app/node_modules/react-dom/cjs/react-dom-client.development.js:25989:20)
    at runWithFiberInDEV (/home/siegfriedneto/projects/servicedeskn1/frontend/app/node_modules/react-dom/cjs/react-dom-client.development.js:874:13)
    at commitHookEffectListMount (/home/siegfriedneto/projects/servicedeskn1/frontend/app/node_modules/react-dom/cjs/react-dom-client.development.js:13249:29) undefined
Error: Not implemented: window.scrollTo
    at module.exports (/home/siegfriedneto/projects/servicedeskn1/frontend/app/node_modules/jsdom/lib/jsdom/browser/not-implemented.js:9:17)
    at /home/siegfriedneto/projects/servicedeskn1/frontend/app/node_modules/jsdom/lib/jsdom/browser/Window.js:960:7
    at Object.fn (file:///home/siegfriedneto/projects/servicedeskn1/frontend/app/node_modules/@tanstack/router-core/dist/esm/scroll-restoration.js:180:27)
    at RouterCore.emit (file:///home/siegfriedneto/projects/servicedeskn1/frontend/app/node_modules/@tanstack/router-core/dist/esm/router.js:178:14)
    at file:///home/siegfriedneto/projects/servicedeskn1/frontend/app/node_modules/@tanstack/router-core/dist/esm/load-client.js:943:46
    at Router.batch (file:///home/siegfriedneto/projects/servicedeskn1/frontend/app/node_modules/@tanstack/store/dist/esm/atom.js:39:5)
    at file:///home/siegfriedneto/projects/servicedeskn1/frontend/app/node_modules/@tanstack/router-core/dist/esm/load-client.js:936:10
    at runClientTransaction (file:///home/siegfriedneto/projects/servicedeskn1/frontend/app/node_modules/@tanstack/router-core/dist/esm/load-client.js:902:2)
    at loadClientRoute (file:///home/siegfriedneto/projects/servicedeskn1/frontend/app/node_modules/@tanstack/router-core/dist/esm/load-client.js:1034:2)
    at RouterCore.load (file:///home/siegfriedneto/projects/servicedeskn1/frontend/app/node_modules/@tanstack/router-core/dist/esm/router.js:489:4) undefined
Error: Not implemented: window.scrollTo
    at module.exports (/home/siegfriedneto/projects/servicedeskn1/frontend/app/node_modules/jsdom/lib/jsdom/browser/not-implemented.js:9:17)
    at /home/siegfriedneto/projects/servicedeskn1/frontend/app/node_modules/jsdom/lib/jsdom/browser/Window.js:960:7
    at Object.fn (file:///home/siegfriedneto/projects/servicedeskn1/frontend/app/node_modules/@tanstack/router-core/dist/esm/scroll-restoration.js:180:27)
    at RouterCore.emit (file:///home/siegfriedneto/projects/servicedeskn1/frontend/app/node_modules/@tanstack/router-core/dist/esm/router.js:178:14)
    at file:///home/siegfriedneto/projects/servicedeskn1/frontend/app/node_modules/@tanstack/react-router/dist/esm/Transitioner.js:46:25
    at settleOwner (file:///home/siegfriedneto/projects/servicedeskn1/frontend/app/node_modules/@tanstack/react-router/dist/esm/Transitioner.js:10:10)
    at file:///home/siegfriedneto/projects/servicedeskn1/frontend/app/node_modules/@tanstack/react-router/dist/esm/Matches.js:38:39
    at Object.react_stack_bottom_frame (/home/siegfriedneto/projects/servicedeskn1/frontend/app/node_modules/react-dom/cjs/react-dom-client.development.js:25989:20)
    at runWithFiberInDEV (/home/siegfriedneto/projects/servicedeskn1/frontend/app/node_modules/react-dom/cjs/react-dom-client.development.js:874:13)
    at commitHookEffectListMount (/home/siegfriedneto/projects/servicedeskn1/frontend/app/node_modules/react-dom/cjs/react-dom-client.development.js:13249:29) undefined
Error: Not implemented: window.scrollTo
    at module.exports (/home/siegfriedneto/projects/servicedeskn1/frontend/app/node_modules/jsdom/lib/jsdom/browser/not-implemented.js:9:17)
    at /home/siegfriedneto/projects/servicedeskn1/frontend/app/node_modules/jsdom/lib/jsdom/browser/Window.js:960:7
    at Object.fn (file:///home/siegfriedneto/projects/servicedeskn1/frontend/app/node_modules/@tanstack/router-core/dist/esm/scroll-restoration.js:180:27)
    at RouterCore.emit (file:///home/siegfriedneto/projects/servicedeskn1/frontend/app/node_modules/@tanstack/router-core/dist/esm/router.js:178:14)
    at file:///home/siegfriedneto/projects/servicedeskn1/frontend/app/node_modules/@tanstack/react-router/dist/esm/Transitioner.js:46:25
    at settleOwner (file:///home/siegfriedneto/projects/servicedeskn1/frontend/app/node_modules/@tanstack/react-router/dist/esm/Transitioner.js:10:10)
    at file:///home/siegfriedneto/projects/servicedeskn1/frontend/app/node_modules/@tanstack/react-router/dist/esm/Matches.js:38:39
    at Object.react_stack_bottom_frame (/home/siegfriedneto/projects/servicedeskn1/frontend/app/node_modules/react-dom/cjs/react-dom-client.development.js:25989:20)
    at runWithFiberInDEV (/home/siegfriedneto/projects/servicedeskn1/frontend/app/node_modules/react-dom/cjs/react-dom-client.development.js:874:13)
    at commitHookEffectListMount (/home/siegfriedneto/projects/servicedeskn1/frontend/app/node_modules/react-dom/cjs/react-dom-client.development.js:13249:29) undefined
Error: Not implemented: window.scrollTo
    at module.exports (/home/siegfriedneto/projects/servicedeskn1/frontend/app/node_modules/jsdom/lib/jsdom/browser/not-implemented.js:9:17)
    at /home/siegfriedneto/projects/servicedeskn1/frontend/app/node_modules/jsdom/lib/jsdom/browser/Window.js:960:7
    at Object.fn (file:///home/siegfriedneto/projects/servicedeskn1/frontend/app/node_modules/@tanstack/router-core/dist/esm/scroll-restoration.js:180:27)
    at RouterCore.emit (file:///home/siegfriedneto/projects/servicedeskn1/frontend/app/node_modules/@tanstack/router-core/dist/esm/router.js:178:14)
    at file:///home/siegfriedneto/projects/servicedeskn1/frontend/app/node_modules/@tanstack/react-router/dist/esm/Transitioner.js:46:25
    at settleOwner (file:///home/siegfriedneto/projects/servicedeskn1/frontend/app/node_modules/@tanstack/react-router/dist/esm/Transitioner.js:10:10)
    at file:///home/siegfriedneto/projects/servicedeskn1/frontend/app/node_modules/@tanstack/react-router/dist/esm/Matches.js:38:39
    at Object.react_stack_bottom_frame (/home/siegfriedneto/projects/servicedeskn1/frontend/app/node_modules/react-dom/cjs/react-dom-client.development.js:25989:20)
    at runWithFiberInDEV (/home/siegfriedneto/projects/servicedeskn1/frontend/app/node_modules/react-dom/cjs/react-dom-client.development.js:874:13)
    at commitHookEffectListMount (/home/siegfriedneto/projects/servicedeskn1/frontend/app/node_modules/react-dom/cjs/react-dom-client.development.js:13249:29) undefined
Error: Not implemented: window.scrollTo
    at module.exports (/home/siegfriedneto/projects/servicedeskn1/frontend/app/node_modules/jsdom/lib/jsdom/browser/not-implemented.js:9:17)
    at /home/siegfriedneto/projects/servicedeskn1/frontend/app/node_modules/jsdom/lib/jsdom/browser/Window.js:960:7
    at Object.fn (file:///home/siegfriedneto/projects/servicedeskn1/frontend/app/node_modules/@tanstack/router-core/dist/esm/scroll-restoration.js:180:27)
    at RouterCore.emit (file:///home/siegfriedneto/projects/servicedeskn1/frontend/app/node_modules/@tanstack/router-core/dist/esm/router.js:178:14)
    at file:///home/siegfriedneto/projects/servicedeskn1/frontend/app/node_modules/@tanstack/react-router/dist/esm/Transitioner.js:46:25
    at settleOwner (file:///home/siegfriedneto/projects/servicedeskn1/frontend/app/node_modules/@tanstack/react-router/dist/esm/Transitioner.js:10:10)
    at file:///home/siegfriedneto/projects/servicedeskn1/frontend/app/node_modules/@tanstack/react-router/dist/esm/Matches.js:38:39
    at Object.react_stack_bottom_frame (/home/siegfriedneto/projects/servicedeskn1/frontend/app/node_modules/react-dom/cjs/react-dom-client.development.js:25989:20)
    at runWithFiberInDEV (/home/siegfriedneto/projects/servicedeskn1/frontend/app/node_modules/react-dom/cjs/react-dom-client.development.js:874:13)
    at commitHookEffectListMount (/home/siegfriedneto/projects/servicedeskn1/frontend/app/node_modules/react-dom/cjs/react-dom-client.development.js:13249:29) undefined
Error: Not implemented: window.scrollTo
    at module.exports (/home/siegfriedneto/projects/servicedeskn1/frontend/app/node_modules/jsdom/lib/jsdom/browser/not-implemented.js:9:17)
    at /home/siegfriedneto/projects/servicedeskn1/frontend/app/node_modules/jsdom/lib/jsdom/browser/Window.js:960:7
    at Object.fn (file:///home/siegfriedneto/projects/servicedeskn1/frontend/app/node_modules/@tanstack/router-core/dist/esm/scroll-restoration.js:180:27)
    at RouterCore.emit (file:///home/siegfriedneto/projects/servicedeskn1/frontend/app/node_modules/@tanstack/router-core/dist/esm/router.js:178:14)
    at file:///home/siegfriedneto/projects/servicedeskn1/frontend/app/node_modules/@tanstack/react-router/dist/esm/Transitioner.js:46:25
    at settleOwner (file:///home/siegfriedneto/projects/servicedeskn1/frontend/app/node_modules/@tanstack/react-router/dist/esm/Transitioner.js:10:10)
    at file:///home/siegfriedneto/projects/servicedeskn1/frontend/app/node_modules/@tanstack/react-router/dist/esm/Matches.js:38:39
    at Object.react_stack_bottom_frame (/home/siegfriedneto/projects/servicedeskn1/frontend/app/node_modules/react-dom/cjs/react-dom-client.development.js:25989:20)
    at runWithFiberInDEV (/home/siegfriedneto/projects/servicedeskn1/frontend/app/node_modules/react-dom/cjs/react-dom-client.development.js:874:13)
    at commitHookEffectListMount (/home/siegfriedneto/projects/servicedeskn1/frontend/app/node_modules/react-dom/cjs/react-dom-client.development.js:13249:29) undefined
Error: Not implemented: window.scrollTo
    at module.exports (/home/siegfriedneto/projects/servicedeskn1/frontend/app/node_modules/jsdom/lib/jsdom/browser/not-implemented.js:9:17)
    at /home/siegfriedneto/projects/servicedeskn1/frontend/app/node_modules/jsdom/lib/jsdom/browser/Window.js:960:7
    at Object.fn (file:///home/siegfriedneto/projects/servicedeskn1/frontend/app/node_modules/@tanstack/router-core/dist/esm/scroll-restoration.js:180:27)
    at RouterCore.emit (file:///home/siegfriedneto/projects/servicedeskn1/frontend/app/node_modules/@tanstack/router-core/dist/esm/router.js:178:14)
    at file:///home/siegfriedneto/projects/servicedeskn1/frontend/app/node_modules/@tanstack/router-core/dist/esm/load-client.js:943:46
    at Router.batch (file:///home/siegfriedneto/projects/servicedeskn1/frontend/app/node_modules/@tanstack/store/dist/esm/atom.js:39:5)
    at file:///home/siegfriedneto/projects/servicedeskn1/frontend/app/node_modules/@tanstack/router-core/dist/esm/load-client.js:936:10
    at runClientTransaction (file:///home/siegfriedneto/projects/servicedeskn1/frontend/app/node_modules/@tanstack/router-core/dist/esm/load-client.js:902:2)
    at loadClientRoute (file:///home/siegfriedneto/projects/servicedeskn1/frontend/app/node_modules/@tanstack/router-core/dist/esm/load-client.js:1034:2)
    at RouterCore.load (file:///home/siegfriedneto/projects/servicedeskn1/frontend/app/node_modules/@tanstack/router-core/dist/esm/router.js:489:4) undefined
Error: Not implemented: window.scrollTo
    at module.exports (/home/siegfriedneto/projects/servicedeskn1/frontend/app/node_modules/jsdom/lib/jsdom/browser/not-implemented.js:9:17)
    at /home/siegfriedneto/projects/servicedeskn1/frontend/app/node_modules/jsdom/lib/jsdom/browser/Window.js:960:7
    at Object.fn (file:///home/siegfriedneto/projects/servicedeskn1/frontend/app/node_modules/@tanstack/router-core/dist/esm/scroll-restoration.js:180:27)
    at RouterCore.emit (file:///home/siegfriedneto/projects/servicedeskn1/frontend/app/node_modules/@tanstack/router-core/dist/esm/router.js:178:14)
    at file:///home/siegfriedneto/projects/servicedeskn1/frontend/app/node_modules/@tanstack/react-router/dist/esm/Transitioner.js:46:25
    at settleOwner (file:///home/siegfriedneto/projects/servicedeskn1/frontend/app/node_modules/@tanstack/react-router/dist/esm/Transitioner.js:10:10)
    at file:///home/siegfriedneto/projects/servicedeskn1/frontend/app/node_modules/@tanstack/react-router/dist/esm/Matches.js:38:39
    at Object.react_stack_bottom_frame (/home/siegfriedneto/projects/servicedeskn1/frontend/app/node_modules/react-dom/cjs/react-dom-client.development.js:25989:20)
    at runWithFiberInDEV (/home/siegfriedneto/projects/servicedeskn1/frontend/app/node_modules/react-dom/cjs/react-dom-client.development.js:874:13)
    at commitHookEffectListMount (/home/siegfriedneto/projects/servicedeskn1/frontend/app/node_modules/react-dom/cjs/react-dom-client.development.js:13249:29) undefined
Error: Not implemented: window.scrollTo
    at module.exports (/home/siegfriedneto/projects/servicedeskn1/frontend/app/node_modules/jsdom/lib/jsdom/browser/not-implemented.js:9:17)
    at /home/siegfriedneto/projects/servicedeskn1/frontend/app/node_modules/jsdom/lib/jsdom/browser/Window.js:960:7
    at Object.fn (file:///home/siegfriedneto/projects/servicedeskn1/frontend/app/node_modules/@tanstack/router-core/dist/esm/scroll-restoration.js:180:27)
    at RouterCore.emit (file:///home/siegfriedneto/projects/servicedeskn1/frontend/app/node_modules/@tanstack/router-core/dist/esm/router.js:178:14)
    at file:///home/siegfriedneto/projects/servicedeskn1/frontend/app/node_modules/@tanstack/react-router/dist/esm/Transitioner.js:46:25
    at settleOwner (file:///home/siegfriedneto/projects/servicedeskn1/frontend/app/node_modules/@tanstack/react-router/dist/esm/Transitioner.js:10:10)
    at file:///home/siegfriedneto/projects/servicedeskn1/frontend/app/node_modules/@tanstack/react-router/dist/esm/Matches.js:38:39
    at Object.react_stack_bottom_frame (/home/siegfriedneto/projects/servicedeskn1/frontend/app/node_modules/react-dom/cjs/react-dom-client.development.js:25989:20)
    at runWithFiberInDEV (/home/siegfriedneto/projects/servicedeskn1/frontend/app/node_modules/react-dom/cjs/react-dom-client.development.js:874:13)
    at commitHookEffectListMount (/home/siegfriedneto/projects/servicedeskn1/frontend/app/node_modules/react-dom/cjs/react-dom-client.development.js:13249:29) undefined
Error: Not implemented: window.scrollTo
    at module.exports (/home/siegfriedneto/projects/servicedeskn1/frontend/app/node_modules/jsdom/lib/jsdom/browser/not-implemented.js:9:17)
    at /home/siegfriedneto/projects/servicedeskn1/frontend/app/node_modules/jsdom/lib/jsdom/browser/Window.js:960:7
    at Object.fn (file:///home/siegfriedneto/projects/servicedeskn1/frontend/app/node_modules/@tanstack/router-core/dist/esm/scroll-restoration.js:180:27)
    at RouterCore.emit (file:///home/siegfriedneto/projects/servicedeskn1/frontend/app/node_modules/@tanstack/router-core/dist/esm/router.js:178:14)
    at file:///home/siegfriedneto/projects/servicedeskn1/frontend/app/node_modules/@tanstack/react-router/dist/esm/Transitioner.js:46:25
    at settleOwner (file:///home/siegfriedneto/projects/servicedeskn1/frontend/app/node_modules/@tanstack/react-router/dist/esm/Transitioner.js:10:10)
    at file:///home/siegfriedneto/projects/servicedeskn1/frontend/app/node_modules/@tanstack/react-router/dist/esm/Matches.js:38:39
    at Object.react_stack_bottom_frame (/home/siegfriedneto/projects/servicedeskn1/frontend/app/node_modules/react-dom/cjs/react-dom-client.development.js:25989:20)
    at runWithFiberInDEV (/home/siegfriedneto/projects/servicedeskn1/frontend/app/node_modules/react-dom/cjs/react-dom-client.development.js:874:13)
    at commitHookEffectListMount (/home/siegfriedneto/projects/servicedeskn1/frontend/app/node_modules/react-dom/cjs/react-dom-client.development.js:13249:29) undefined
Error: Not implemented: window.scrollTo
    at module.exports (/home/siegfriedneto/projects/servicedeskn1/frontend/app/node_modules/jsdom/lib/jsdom/browser/not-implemented.js:9:17)
    at /home/siegfriedneto/projects/servicedeskn1/frontend/app/node_modules/jsdom/lib/jsdom/browser/Window.js:960:7
    at Object.fn (file:///home/siegfriedneto/projects/servicedeskn1/frontend/app/node_modules/@tanstack/router-core/dist/esm/scroll-restoration.js:180:27)
    at RouterCore.emit (file:///home/siegfriedneto/projects/servicedeskn1/frontend/app/node_modules/@tanstack/router-core/dist/esm/router.js:178:14)
    at file:///home/siegfriedneto/projects/servicedeskn1/frontend/app/node_modules/@tanstack/react-router/dist/esm/Transitioner.js:46:25
    at settleOwner (file:///home/siegfriedneto/projects/servicedeskn1/frontend/app/node_modules/@tanstack/react-router/dist/esm/Transitioner.js:10:10)
    at file:///home/siegfriedneto/projects/servicedeskn1/frontend/app/node_modules/@tanstack/react-router/dist/esm/Matches.js:38:39
    at Object.react_stack_bottom_frame (/home/siegfriedneto/projects/servicedeskn1/frontend/app/node_modules/react-dom/cjs/react-dom-client.development.js:25989:20)
    at runWithFiberInDEV (/home/siegfriedneto/projects/servicedeskn1/frontend/app/node_modules/react-dom/cjs/react-dom-client.development.js:874:13)
    at commitHookEffectListMount (/home/siegfriedneto/projects/servicedeskn1/frontend/app/node_modules/react-dom/cjs/react-dom-client.development.js:13249:29) undefined
Error: Not implemented: window.scrollTo
    at module.exports (/home/siegfriedneto/projects/servicedeskn1/frontend/app/node_modules/jsdom/lib/jsdom/browser/not-implemented.js:9:17)
    at /home/siegfriedneto/projects/servicedeskn1/frontend/app/node_modules/jsdom/lib/jsdom/browser/Window.js:960:7
    at Object.fn (file:///home/siegfriedneto/projects/servicedeskn1/frontend/app/node_modules/@tanstack/router-core/dist/esm/scroll-restoration.js:180:27)
    at RouterCore.emit (file:///home/siegfriedneto/projects/servicedeskn1/frontend/app/node_modules/@tanstack/router-core/dist/esm/router.js:178:14)
    at file:///home/siegfriedneto/projects/servicedeskn1/frontend/app/node_modules/@tanstack/react-router/dist/esm/Transitioner.js:46:25
    at settleOwner (file:///home/siegfriedneto/projects/servicedeskn1/frontend/app/node_modules/@tanstack/react-router/dist/esm/Transitioner.js:10:10)
    at file:///home/siegfriedneto/projects/servicedeskn1/frontend/app/node_modules/@tanstack/react-router/dist/esm/Matches.js:38:39
    at Object.react_stack_bottom_frame (/home/siegfriedneto/projects/servicedeskn1/frontend/app/node_modules/react-dom/cjs/react-dom-client.development.js:25989:20)
    at runWithFiberInDEV (/home/siegfriedneto/projects/servicedeskn1/frontend/app/node_modules/react-dom/cjs/react-dom-client.development.js:874:13)
    at commitHookEffectListMount (/home/siegfriedneto/projects/servicedeskn1/frontend/app/node_modules/react-dom/cjs/react-dom-client.development.js:13249:29) undefined
Error: Not implemented: window.scrollTo
    at module.exports (/home/siegfriedneto/projects/servicedeskn1/frontend/app/node_modules/jsdom/lib/jsdom/browser/not-implemented.js:9:17)
    at /home/siegfriedneto/projects/servicedeskn1/frontend/app/node_modules/jsdom/lib/jsdom/browser/Window.js:960:7
    at Object.fn (file:///home/siegfriedneto/projects/servicedeskn1/frontend/app/node_modules/@tanstack/router-core/dist/esm/scroll-restoration.js:180:27)
    at RouterCore.emit (file:///home/siegfriedneto/projects/servicedeskn1/frontend/app/node_modules/@tanstack/router-core/dist/esm/router.js:178:14)
    at file:///home/siegfriedneto/projects/servicedeskn1/frontend/app/node_modules/@tanstack/react-router/dist/esm/Transitioner.js:46:25
    at settleOwner (file:///home/siegfriedneto/projects/servicedeskn1/frontend/app/node_modules/@tanstack/react-router/dist/esm/Transitioner.js:10:10)
    at file:///home/siegfriedneto/projects/servicedeskn1/frontend/app/node_modules/@tanstack/react-router/dist/esm/Matches.js:38:39
    at Object.react_stack_bottom_frame (/home/siegfriedneto/projects/servicedeskn1/frontend/app/node_modules/react-dom/cjs/react-dom-client.development.js:25989:20)
    at runWithFiberInDEV (/home/siegfriedneto/projects/servicedeskn1/frontend/app/node_modules/react-dom/cjs/react-dom-client.development.js:874:13)
    at commitHookEffectListMount (/home/siegfriedneto/projects/servicedeskn1/frontend/app/node_modules/react-dom/cjs/react-dom-client.development.js:13249:29) undefined
Error: Not implemented: window.scrollTo
    at module.exports (/home/siegfriedneto/projects/servicedeskn1/frontend/app/node_modules/jsdom/lib/jsdom/browser/not-implemented.js:9:17)
    at /home/siegfriedneto/projects/servicedeskn1/frontend/app/node_modules/jsdom/lib/jsdom/browser/Window.js:960:7
    at Object.fn (file:///home/siegfriedneto/projects/servicedeskn1/frontend/app/node_modules/@tanstack/router-core/dist/esm/scroll-restoration.js:180:27)
    at RouterCore.emit (file:///home/siegfriedneto/projects/servicedeskn1/frontend/app/node_modules/@tanstack/router-core/dist/esm/router.js:178:14)
    at file:///home/siegfriedneto/projects/servicedeskn1/frontend/app/node_modules/@tanstack/react-router/dist/esm/Transitioner.js:46:25
    at settleOwner (file:///home/siegfriedneto/projects/servicedeskn1/frontend/app/node_modules/@tanstack/react-router/dist/esm/Transitioner.js:10:10)
    at file:///home/siegfriedneto/projects/servicedeskn1/frontend/app/node_modules/@tanstack/react-router/dist/esm/Matches.js:38:39
    at Object.react_stack_bottom_frame (/home/siegfriedneto/projects/servicedeskn1/frontend/app/node_modules/react-dom/cjs/react-dom-client.development.js:25989:20)
    at runWithFiberInDEV (/home/siegfriedneto/projects/servicedeskn1/frontend/app/node_modules/react-dom/cjs/react-dom-client.development.js:874:13)
    at commitHookEffectListMount (/home/siegfriedneto/projects/servicedeskn1/frontend/app/node_modules/react-dom/cjs/react-dom-client.development.js:13249:29) undefined
Error: Not implemented: window.scrollTo
    at module.exports (/home/siegfriedneto/projects/servicedeskn1/frontend/app/node_modules/jsdom/lib/jsdom/browser/not-implemented.js:9:17)
    at /home/siegfriedneto/projects/servicedeskn1/frontend/app/node_modules/jsdom/lib/jsdom/browser/Window.js:960:7
    at Object.fn (file:///home/siegfriedneto/projects/servicedeskn1/frontend/app/node_modules/@tanstack/router-core/dist/esm/scroll-restoration.js:180:27)
    at RouterCore.emit (file:///home/siegfriedneto/projects/servicedeskn1/frontend/app/node_modules/@tanstack/router-core/dist/esm/router.js:178:14)
    at file:///home/siegfriedneto/projects/servicedeskn1/frontend/app/node_modules/@tanstack/react-router/dist/esm/Transitioner.js:46:25
    at settleOwner (file:///home/siegfriedneto/projects/servicedeskn1/frontend/app/node_modules/@tanstack/react-router/dist/esm/Transitioner.js:10:10)
    at file:///home/siegfriedneto/projects/servicedeskn1/frontend/app/node_modules/@tanstack/react-router/dist/esm/Matches.js:38:39
    at Object.react_stack_bottom_frame (/home/siegfriedneto/projects/servicedeskn1/frontend/app/node_modules/react-dom/cjs/react-dom-client.development.js:25989:20)
    at runWithFiberInDEV (/home/siegfriedneto/projects/servicedeskn1/frontend/app/node_modules/react-dom/cjs/react-dom-client.development.js:874:13)
    at commitHookEffectListMount (/home/siegfriedneto/projects/servicedeskn1/frontend/app/node_modules/react-dom/cjs/react-dom-client.development.js:13249:29) undefined
Error: Not implemented: window.scrollTo
    at module.exports (/home/siegfriedneto/projects/servicedeskn1/frontend/app/node_modules/jsdom/lib/jsdom/browser/not-implemented.js:9:17)
    at /home/siegfriedneto/projects/servicedeskn1/frontend/app/node_modules/jsdom/lib/jsdom/browser/Window.js:960:7
    at Object.fn (file:///home/siegfriedneto/projects/servicedeskn1/frontend/app/node_modules/@tanstack/router-core/dist/esm/scroll-restoration.js:180:27)
    at RouterCore.emit (file:///home/siegfriedneto/projects/servicedeskn1/frontend/app/node_modules/@tanstack/router-core/dist/esm/router.js:178:14)
    at file:///home/siegfriedneto/projects/servicedeskn1/frontend/app/node_modules/@tanstack/react-router/dist/esm/Transitioner.js:46:25
    at settleOwner (file:///home/siegfriedneto/projects/servicedeskn1/frontend/app/node_modules/@tanstack/react-router/dist/esm/Transitioner.js:10:10)
    at file:///home/siegfriedneto/projects/servicedeskn1/frontend/app/node_modules/@tanstack/react-router/dist/esm/Matches.js:38:39
    at Object.react_stack_bottom_frame (/home/siegfriedneto/projects/servicedeskn1/frontend/app/node_modules/react-dom/cjs/react-dom-client.development.js:25989:20)
    at runWithFiberInDEV (/home/siegfriedneto/projects/servicedeskn1/frontend/app/node_modules/react-dom/cjs/react-dom-client.development.js:874:13)
    at commitHookEffectListMount (/home/siegfriedneto/projects/servicedeskn1/frontend/app/node_modules/react-dom/cjs/react-dom-client.development.js:13249:29) undefined
Error: Not implemented: window.scrollTo
    at module.exports (/home/siegfriedneto/projects/servicedeskn1/frontend/app/node_modules/jsdom/lib/jsdom/browser/not-implemented.js:9:17)
    at /home/siegfriedneto/projects/servicedeskn1/frontend/app/node_modules/jsdom/lib/jsdom/browser/Window.js:960:7
    at Object.fn (file:///home/siegfriedneto/projects/servicedeskn1/frontend/app/node_modules/@tanstack/router-core/dist/esm/scroll-restoration.js:180:27)
    at RouterCore.emit (file:///home/siegfriedneto/projects/servicedeskn1/frontend/app/node_modules/@tanstack/router-core/dist/esm/router.js:178:14)
    at file:///home/siegfriedneto/projects/servicedeskn1/frontend/app/node_modules/@tanstack/react-router/dist/esm/Transitioner.js:46:25
    at settleOwner (file:///home/siegfriedneto/projects/servicedeskn1/frontend/app/node_modules/@tanstack/react-router/dist/esm/Transitioner.js:10:10)
    at file:///home/siegfriedneto/projects/servicedeskn1/frontend/app/node_modules/@tanstack/react-router/dist/esm/Matches.js:38:39
    at Object.react_stack_bottom_frame (/home/siegfriedneto/projects/servicedeskn1/frontend/app/node_modules/react-dom/cjs/react-dom-client.development.js:25989:20)
    at runWithFiberInDEV (/home/siegfriedneto/projects/servicedeskn1/frontend/app/node_modules/react-dom/cjs/react-dom-client.development.js:874:13)
    at commitHookEffectListMount (/home/siegfriedneto/projects/servicedeskn1/frontend/app/node_modules/react-dom/cjs/react-dom-client.development.js:13249:29) undefined
Error: Not implemented: window.scrollTo
    at module.exports (/home/siegfriedneto/projects/servicedeskn1/frontend/app/node_modules/jsdom/lib/jsdom/browser/not-implemented.js:9:17)
    at /home/siegfriedneto/projects/servicedeskn1/frontend/app/node_modules/jsdom/lib/jsdom/browser/Window.js:960:7
    at Object.fn (file:///home/siegfriedneto/projects/servicedeskn1/frontend/app/node_modules/@tanstack/router-core/dist/esm/scroll-restoration.js:180:27)
    at RouterCore.emit (file:///home/siegfriedneto/projects/servicedeskn1/frontend/app/node_modules/@tanstack/router-core/dist/esm/router.js:178:14)
    at file:///home/siegfriedneto/projects/servicedeskn1/frontend/app/node_modules/@tanstack/react-router/dist/esm/Transitioner.js:46:25
    at settleOwner (file:///home/siegfriedneto/projects/servicedeskn1/frontend/app/node_modules/@tanstack/react-router/dist/esm/Transitioner.js:10:10)
    at file:///home/siegfriedneto/projects/servicedeskn1/frontend/app/node_modules/@tanstack/react-router/dist/esm/Matches.js:38:39
    at Object.react_stack_bottom_frame (/home/siegfriedneto/projects/servicedeskn1/frontend/app/node_modules/react-dom/cjs/react-dom-client.development.js:25989:20)
    at runWithFiberInDEV (/home/siegfriedneto/projects/servicedeskn1/frontend/app/node_modules/react-dom/cjs/react-dom-client.development.js:874:13)
    at commitHookEffectListMount (/home/siegfriedneto/projects/servicedeskn1/frontend/app/node_modules/react-dom/cjs/react-dom-client.development.js:13249:29) undefined
Error: Not implemented: window.scrollTo
    at module.exports (/home/siegfriedneto/projects/servicedeskn1/frontend/app/node_modules/jsdom/lib/jsdom/browser/not-implemented.js:9:17)
    at /home/siegfriedneto/projects/servicedeskn1/frontend/app/node_modules/jsdom/lib/jsdom/browser/Window.js:960:7
    at Object.fn (file:///home/siegfriedneto/projects/servicedeskn1/frontend/app/node_modules/@tanstack/router-core/dist/esm/scroll-restoration.js:180:27)
    at RouterCore.emit (file:///home/siegfriedneto/projects/servicedeskn1/frontend/app/node_modules/@tanstack/router-core/dist/esm/router.js:178:14)
    at file:///home/siegfriedneto/projects/servicedeskn1/frontend/app/node_modules/@tanstack/router-core/dist/esm/load-client.js:943:46
    at Router.batch (file:///home/siegfriedneto/projects/servicedeskn1/frontend/app/node_modules/@tanstack/store/dist/esm/atom.js:39:5)
    at file:///home/siegfriedneto/projects/servicedeskn1/frontend/app/node_modules/@tanstack/router-core/dist/esm/load-client.js:936:10
    at runClientTransaction (file:///home/siegfriedneto/projects/servicedeskn1/frontend/app/node_modules/@tanstack/router-core/dist/esm/load-client.js:902:2)
    at loadClientRoute (file:///home/siegfriedneto/projects/servicedeskn1/frontend/app/node_modules/@tanstack/router-core/dist/esm/load-client.js:1034:2)
    at RouterCore.load (file:///home/siegfriedneto/projects/servicedeskn1/frontend/app/node_modules/@tanstack/router-core/dist/esm/router.js:489:4) undefined
Error: Not implemented: window.scrollTo
    at module.exports (/home/siegfriedneto/projects/servicedeskn1/frontend/app/node_modules/jsdom/lib/jsdom/browser/not-implemented.js:9:17)
    at /home/siegfriedneto/projects/servicedeskn1/frontend/app/node_modules/jsdom/lib/jsdom/browser/Window.js:960:7
    at Object.fn (file:///home/siegfriedneto/projects/servicedeskn1/frontend/app/node_modules/@tanstack/router-core/dist/esm/scroll-restoration.js:180:27)
    at RouterCore.emit (file:///home/siegfriedneto/projects/servicedeskn1/frontend/app/node_modules/@tanstack/router-core/dist/esm/router.js:178:14)
    at file:///home/siegfriedneto/projects/servicedeskn1/frontend/app/node_modules/@tanstack/react-router/dist/esm/Transitioner.js:46:25
    at settleOwner (file:///home/siegfriedneto/projects/servicedeskn1/frontend/app/node_modules/@tanstack/react-router/dist/esm/Transitioner.js:10:10)
    at file:///home/siegfriedneto/projects/servicedeskn1/frontend/app/node_modules/@tanstack/react-router/dist/esm/Matches.js:38:39
    at Object.react_stack_bottom_frame (/home/siegfriedneto/projects/servicedeskn1/frontend/app/node_modules/react-dom/cjs/react-dom-client.development.js:25989:20)
    at runWithFiberInDEV (/home/siegfriedneto/projects/servicedeskn1/frontend/app/node_modules/react-dom/cjs/react-dom-client.development.js:874:13)
    at commitHookEffectListMount (/home/siegfriedneto/projects/servicedeskn1/frontend/app/node_modules/react-dom/cjs/react-dom-client.development.js:13249:29) undefined
Error: Not implemented: window.scrollTo
    at module.exports (/home/siegfriedneto/projects/servicedeskn1/frontend/app/node_modules/jsdom/lib/jsdom/browser/not-implemented.js:9:17)
    at /home/siegfriedneto/projects/servicedeskn1/frontend/app/node_modules/jsdom/lib/jsdom/browser/Window.js:960:7
    at Object.fn (file:///home/siegfriedneto/projects/servicedeskn1/frontend/app/node_modules/@tanstack/router-core/dist/esm/scroll-restoration.js:180:27)
    at RouterCore.emit (file:///home/siegfriedneto/projects/servicedeskn1/frontend/app/node_modules/@tanstack/router-core/dist/esm/router.js:178:14)
    at file:///home/siegfriedneto/projects/servicedeskn1/frontend/app/node_modules/@tanstack/react-router/dist/esm/Transitioner.js:46:25
    at settleOwner (file:///home/siegfriedneto/projects/servicedeskn1/frontend/app/node_modules/@tanstack/react-router/dist/esm/Transitioner.js:10:10)
    at file:///home/siegfriedneto/projects/servicedeskn1/frontend/app/node_modules/@tanstack/react-router/dist/esm/Matches.js:38:39
    at Object.react_stack_bottom_frame (/home/siegfriedneto/projects/servicedeskn1/frontend/app/node_modules/react-dom/cjs/react-dom-client.development.js:25989:20)
    at runWithFiberInDEV (/home/siegfriedneto/projects/servicedeskn1/frontend/app/node_modules/react-dom/cjs/react-dom-client.development.js:874:13)
    at commitHookEffectListMount (/home/siegfriedneto/projects/servicedeskn1/frontend/app/node_modules/react-dom/cjs/react-dom-client.development.js:13249:29) undefined
Error: Not implemented: window.scrollTo
    at module.exports (/home/siegfriedneto/projects/servicedeskn1/frontend/app/node_modules/jsdom/lib/jsdom/browser/not-implemented.js:9:17)
    at /home/siegfriedneto/projects/servicedeskn1/frontend/app/node_modules/jsdom/lib/jsdom/browser/Window.js:960:7
    at Object.fn (file:///home/siegfriedneto/projects/servicedeskn1/frontend/app/node_modules/@tanstack/router-core/dist/esm/scroll-restoration.js:180:27)
    at RouterCore.emit (file:///home/siegfriedneto/projects/servicedeskn1/frontend/app/node_modules/@tanstack/router-core/dist/esm/router.js:178:14)
    at file:///home/siegfriedneto/projects/servicedeskn1/frontend/app/node_modules/@tanstack/react-router/dist/esm/Transitioner.js:46:25
    at settleOwner (file:///home/siegfriedneto/projects/servicedeskn1/frontend/app/node_modules/@tanstack/react-router/dist/esm/Transitioner.js:10:10)
    at file:///home/siegfriedneto/projects/servicedeskn1/frontend/app/node_modules/@tanstack/react-router/dist/esm/Matches.js:38:39
    at Object.react_stack_bottom_frame (/home/siegfriedneto/projects/servicedeskn1/frontend/app/node_modules/react-dom/cjs/react-dom-client.development.js:25989:20)
    at runWithFiberInDEV (/home/siegfriedneto/projects/servicedeskn1/frontend/app/node_modules/react-dom/cjs/react-dom-client.development.js:874:13)
    at commitHookEffectListMount (/home/siegfriedneto/projects/servicedeskn1/frontend/app/node_modules/react-dom/cjs/react-dom-client.development.js:13249:29) undefined
Error: Not implemented: window.scrollTo
    at module.exports (/home/siegfriedneto/projects/servicedeskn1/frontend/app/node_modules/jsdom/lib/jsdom/browser/not-implemented.js:9:17)
    at /home/siegfriedneto/projects/servicedeskn1/frontend/app/node_modules/jsdom/lib/jsdom/browser/Window.js:960:7
    at Object.fn (file:///home/siegfriedneto/projects/servicedeskn1/frontend/app/node_modules/@tanstack/router-core/dist/esm/scroll-restoration.js:180:27)
    at RouterCore.emit (file:///home/siegfriedneto/projects/servicedeskn1/frontend/app/node_modules/@tanstack/router-core/dist/esm/router.js:178:14)
    at file:///home/siegfriedneto/projects/servicedeskn1/frontend/app/node_modules/@tanstack/react-router/dist/esm/Transitioner.js:46:25
    at settleOwner (file:///home/siegfriedneto/projects/servicedeskn1/frontend/app/node_modules/@tanstack/react-router/dist/esm/Transitioner.js:10:10)
    at file:///home/siegfriedneto/projects/servicedeskn1/frontend/app/node_modules/@tanstack/react-router/dist/esm/Matches.js:38:39
    at Object.react_stack_bottom_frame (/home/siegfriedneto/projects/servicedeskn1/frontend/app/node_modules/react-dom/cjs/react-dom-client.development.js:25989:20)
    at runWithFiberInDEV (/home/siegfriedneto/projects/servicedeskn1/frontend/app/node_modules/react-dom/cjs/react-dom-client.development.js:874:13)
    at commitHookEffectListMount (/home/siegfriedneto/projects/servicedeskn1/frontend/app/node_modules/react-dom/cjs/react-dom-client.development.js:13249:29) undefined
Error: Not implemented: window.scrollTo
    at module.exports (/home/siegfriedneto/projects/servicedeskn1/frontend/app/node_modules/jsdom/lib/jsdom/browser/not-implemented.js:9:17)
    at /home/siegfriedneto/projects/servicedeskn1/frontend/app/node_modules/jsdom/lib/jsdom/browser/Window.js:960:7
    at Object.fn (file:///home/siegfriedneto/projects/servicedeskn1/frontend/app/node_modules/@tanstack/router-core/dist/esm/scroll-restoration.js:180:27)
    at RouterCore.emit (file:///home/siegfriedneto/projects/servicedeskn1/frontend/app/node_modules/@tanstack/router-core/dist/esm/router.js:178:14)
    at file:///home/siegfriedneto/projects/servicedeskn1/frontend/app/node_modules/@tanstack/react-router/dist/esm/Transitioner.js:46:25
    at settleOwner (file:///home/siegfriedneto/projects/servicedeskn1/frontend/app/node_modules/@tanstack/react-router/dist/esm/Transitioner.js:10:10)
    at file:///home/siegfriedneto/projects/servicedeskn1/frontend/app/node_modules/@tanstack/react-router/dist/esm/Matches.js:38:39
    at Object.react_stack_bottom_frame (/home/siegfriedneto/projects/servicedeskn1/frontend/app/node_modules/react-dom/cjs/react-dom-client.development.js:25989:20)
    at runWithFiberInDEV (/home/siegfriedneto/projects/servicedeskn1/frontend/app/node_modules/react-dom/cjs/react-dom-client.development.js:874:13)
    at commitHookEffectListMount (/home/siegfriedneto/projects/servicedeskn1/frontend/app/node_modules/react-dom/cjs/react-dom-client.development.js:13249:29) undefined
Error: Not implemented: window.scrollTo
    at module.exports (/home/siegfriedneto/projects/servicedeskn1/frontend/app/node_modules/jsdom/lib/jsdom/browser/not-implemented.js:9:17)
    at /home/siegfriedneto/projects/servicedeskn1/frontend/app/node_modules/jsdom/lib/jsdom/browser/Window.js:960:7
    at Object.fn (file:///home/siegfriedneto/projects/servicedeskn1/frontend/app/node_modules/@tanstack/router-core/dist/esm/scroll-restoration.js:180:27)
    at RouterCore.emit (file:///home/siegfriedneto/projects/servicedeskn1/frontend/app/node_modules/@tanstack/router-core/dist/esm/router.js:178:14)
    at file:///home/siegfriedneto/projects/servicedeskn1/frontend/app/node_modules/@tanstack/react-router/dist/esm/Transitioner.js:46:25
    at settleOwner (file:///home/siegfriedneto/projects/servicedeskn1/frontend/app/node_modules/@tanstack/react-router/dist/esm/Transitioner.js:10:10)
    at file:///home/siegfriedneto/projects/servicedeskn1/frontend/app/node_modules/@tanstack/react-router/dist/esm/Matches.js:38:39
    at Object.react_stack_bottom_frame (/home/siegfriedneto/projects/servicedeskn1/frontend/app/node_modules/react-dom/cjs/react-dom-client.development.js:25989:20)
    at runWithFiberInDEV (/home/siegfriedneto/projects/servicedeskn1/frontend/app/node_modules/react-dom/cjs/react-dom-client.development.js:874:13)
    at commitHookEffectListMount (/home/siegfriedneto/projects/servicedeskn1/frontend/app/node_modules/react-dom/cjs/react-dom-client.development.js:13249:29) undefined
Error: Not implemented: window.scrollTo
    at module.exports (/home/siegfriedneto/projects/servicedeskn1/frontend/app/node_modules/jsdom/lib/jsdom/browser/not-implemented.js:9:17)
    at /home/siegfriedneto/projects/servicedeskn1/frontend/app/node_modules/jsdom/lib/jsdom/browser/Window.js:960:7
    at Object.fn (file:///home/siegfriedneto/projects/servicedeskn1/frontend/app/node_modules/@tanstack/router-core/dist/esm/scroll-restoration.js:180:27)
    at RouterCore.emit (file:///home/siegfriedneto/projects/servicedeskn1/frontend/app/node_modules/@tanstack/router-core/dist/esm/router.js:178:14)
    at file:///home/siegfriedneto/projects/servicedeskn1/frontend/app/node_modules/@tanstack/react-router/dist/esm/Transitioner.js:46:25
    at settleOwner (file:///home/siegfriedneto/projects/servicedeskn1/frontend/app/node_modules/@tanstack/react-router/dist/esm/Transitioner.js:10:10)
    at file:///home/siegfriedneto/projects/servicedeskn1/frontend/app/node_modules/@tanstack/react-router/dist/esm/Matches.js:38:39
    at Object.react_stack_bottom_frame (/home/siegfriedneto/projects/servicedeskn1/frontend/app/node_modules/react-dom/cjs/react-dom-client.development.js:25989:20)
    at runWithFiberInDEV (/home/siegfriedneto/projects/servicedeskn1/frontend/app/node_modules/react-dom/cjs/react-dom-client.development.js:874:13)
    at commitHookEffectListMount (/home/siegfriedneto/projects/servicedeskn1/frontend/app/node_modules/react-dom/cjs/react-dom-client.development.js:13249:29) undefined
Error: Not implemented: window.scrollTo
    at module.exports (/home/siegfriedneto/projects/servicedeskn1/frontend/app/node_modules/jsdom/lib/jsdom/browser/not-implemented.js:9:17)
    at /home/siegfriedneto/projects/servicedeskn1/frontend/app/node_modules/jsdom/lib/jsdom/browser/Window.js:960:7
    at Object.fn (file:///home/siegfriedneto/projects/servicedeskn1/frontend/app/node_modules/@tanstack/router-core/dist/esm/scroll-restoration.js:180:27)
    at RouterCore.emit (file:///home/siegfriedneto/projects/servicedeskn1/frontend/app/node_modules/@tanstack/router-core/dist/esm/router.js:178:14)
    at file:///home/siegfriedneto/projects/servicedeskn1/frontend/app/node_modules/@tanstack/react-router/dist/esm/Transitioner.js:46:25
    at settleOwner (file:///home/siegfriedneto/projects/servicedeskn1/frontend/app/node_modules/@tanstack/react-router/dist/esm/Transitioner.js:10:10)
    at file:///home/siegfriedneto/projects/servicedeskn1/frontend/app/node_modules/@tanstack/react-router/dist/esm/Matches.js:38:39
    at Object.react_stack_bottom_frame (/home/siegfriedneto/projects/servicedeskn1/frontend/app/node_modules/react-dom/cjs/react-dom-client.development.js:25989:20)
    at runWithFiberInDEV (/home/siegfriedneto/projects/servicedeskn1/frontend/app/node_modules/react-dom/cjs/react-dom-client.development.js:874:13)
    at commitHookEffectListMount (/home/siegfriedneto/projects/servicedeskn1/frontend/app/node_modules/react-dom/cjs/react-dom-client.development.js:13249:29) undefined
Error: Not implemented: window.scrollTo
    at module.exports (/home/siegfriedneto/projects/servicedeskn1/frontend/app/node_modules/jsdom/lib/jsdom/browser/not-implemented.js:9:17)
    at /home/siegfriedneto/projects/servicedeskn1/frontend/app/node_modules/jsdom/lib/jsdom/browser/Window.js:960:7
    at Object.fn (file:///home/siegfriedneto/projects/servicedeskn1/frontend/app/node_modules/@tanstack/router-core/dist/esm/scroll-restoration.js:180:27)
    at RouterCore.emit (file:///home/siegfriedneto/projects/servicedeskn1/frontend/app/node_modules/@tanstack/router-core/dist/esm/router.js:178:14)
    at file:///home/siegfriedneto/projects/servicedeskn1/frontend/app/node_modules/@tanstack/react-router/dist/esm/Transitioner.js:46:25
    at settleOwner (file:///home/siegfriedneto/projects/servicedeskn1/frontend/app/node_modules/@tanstack/react-router/dist/esm/Transitioner.js:10:10)
    at file:///home/siegfriedneto/projects/servicedeskn1/frontend/app/node_modules/@tanstack/react-router/dist/esm/Matches.js:38:39
    at Object.react_stack_bottom_frame (/home/siegfriedneto/projects/servicedeskn1/frontend/app/node_modules/react-dom/cjs/react-dom-client.development.js:25989:20)
    at runWithFiberInDEV (/home/siegfriedneto/projects/servicedeskn1/frontend/app/node_modules/react-dom/cjs/react-dom-client.development.js:874:13)
    at commitHookEffectListMount (/home/siegfriedneto/projects/servicedeskn1/frontend/app/node_modules/react-dom/cjs/react-dom-client.development.js:13249:29) undefined
Error: Not implemented: window.scrollTo
    at module.exports (/home/siegfriedneto/projects/servicedeskn1/frontend/app/node_modules/jsdom/lib/jsdom/browser/not-implemented.js:9:17)
    at /home/siegfriedneto/projects/servicedeskn1/frontend/app/node_modules/jsdom/lib/jsdom/browser/Window.js:960:7
    at Object.fn (file:///home/siegfriedneto/projects/servicedeskn1/frontend/app/node_modules/@tanstack/router-core/dist/esm/scroll-restoration.js:180:27)
    at RouterCore.emit (file:///home/siegfriedneto/projects/servicedeskn1/frontend/app/node_modules/@tanstack/router-core/dist/esm/router.js:178:14)
    at file:///home/siegfriedneto/projects/servicedeskn1/frontend/app/node_modules/@tanstack/react-router/dist/esm/Transitioner.js:46:25
    at settleOwner (file:///home/siegfriedneto/projects/servicedeskn1/frontend/app/node_modules/@tanstack/react-router/dist/esm/Transitioner.js:10:10)
    at file:///home/siegfriedneto/projects/servicedeskn1/frontend/app/node_modules/@tanstack/react-router/dist/esm/Matches.js:38:39
    at Object.react_stack_bottom_frame (/home/siegfriedneto/projects/servicedeskn1/frontend/app/node_modules/react-dom/cjs/react-dom-client.development.js:25989:20)
    at runWithFiberInDEV (/home/siegfriedneto/projects/servicedeskn1/frontend/app/node_modules/react-dom/cjs/react-dom-client.development.js:874:13)
    at commitHookEffectListMount (/home/siegfriedneto/projects/servicedeskn1/frontend/app/node_modules/react-dom/cjs/react-dom-client.development.js:13249:29) undefined
Error: Not implemented: window.scrollTo
    at module.exports (/home/siegfriedneto/projects/servicedeskn1/frontend/app/node_modules/jsdom/lib/jsdom/browser/not-implemented.js:9:17)
    at /home/siegfriedneto/projects/servicedeskn1/frontend/app/node_modules/jsdom/lib/jsdom/browser/Window.js:960:7
    at Object.fn (file:///home/siegfriedneto/projects/servicedeskn1/frontend/app/node_modules/@tanstack/router-core/dist/esm/scroll-restoration.js:180:27)
    at RouterCore.emit (file:///home/siegfriedneto/projects/servicedeskn1/frontend/app/node_modules/@tanstack/router-core/dist/esm/router.js:178:14)
    at file:///home/siegfriedneto/projects/servicedeskn1/frontend/app/node_modules/@tanstack/router-core/dist/esm/load-client.js:943:46
    at Router.batch (file:///home/siegfriedneto/projects/servicedeskn1/frontend/app/node_modules/@tanstack/store/dist/esm/atom.js:39:5)
    at file:///home/siegfriedneto/projects/servicedeskn1/frontend/app/node_modules/@tanstack/router-core/dist/esm/load-client.js:936:10
    at runClientTransaction (file:///home/siegfriedneto/projects/servicedeskn1/frontend/app/node_modules/@tanstack/router-core/dist/esm/load-client.js:902:2)
    at loadClientRoute (file:///home/siegfriedneto/projects/servicedeskn1/frontend/app/node_modules/@tanstack/router-core/dist/esm/load-client.js:1034:2)
    at RouterCore.load (file:///home/siegfriedneto/projects/servicedeskn1/frontend/app/node_modules/@tanstack/router-core/dist/esm/router.js:489:4) undefined
Error: Not implemented: window.scrollTo
    at module.exports (/home/siegfriedneto/projects/servicedeskn1/frontend/app/node_modules/jsdom/lib/jsdom/browser/not-implemented.js:9:17)
    at /home/siegfriedneto/projects/servicedeskn1/frontend/app/node_modules/jsdom/lib/jsdom/browser/Window.js:960:7
    at Object.fn (file:///home/siegfriedneto/projects/servicedeskn1/frontend/app/node_modules/@tanstack/router-core/dist/esm/scroll-restoration.js:180:27)
    at RouterCore.emit (file:///home/siegfriedneto/projects/servicedeskn1/frontend/app/node_modules/@tanstack/router-core/dist/esm/router.js:178:14)
    at file:///home/siegfriedneto/projects/servicedeskn1/frontend/app/node_modules/@tanstack/react-router/dist/esm/Transitioner.js:46:25
    at settleOwner (file:///home/siegfriedneto/projects/servicedeskn1/frontend/app/node_modules/@tanstack/react-router/dist/esm/Transitioner.js:10:10)
    at file:///home/siegfriedneto/projects/servicedeskn1/frontend/app/node_modules/@tanstack/react-router/dist/esm/Matches.js:38:39
    at Object.react_stack_bottom_frame (/home/siegfriedneto/projects/servicedeskn1/frontend/app/node_modules/react-dom/cjs/react-dom-client.development.js:25989:20)
    at runWithFiberInDEV (/home/siegfriedneto/projects/servicedeskn1/frontend/app/node_modules/react-dom/cjs/react-dom-client.development.js:874:13)
    at commitHookEffectListMount (/home/siegfriedneto/projects/servicedeskn1/frontend/app/node_modules/react-dom/cjs/react-dom-client.development.js:13249:29) undefined
Error: Not implemented: window.scrollTo
    at module.exports (/home/siegfriedneto/projects/servicedeskn1/frontend/app/node_modules/jsdom/lib/jsdom/browser/not-implemented.js:9:17)
    at /home/siegfriedneto/projects/servicedeskn1/frontend/app/node_modules/jsdom/lib/jsdom/browser/Window.js:960:7
    at Object.fn (file:///home/siegfriedneto/projects/servicedeskn1/frontend/app/node_modules/@tanstack/router-core/dist/esm/scroll-restoration.js:180:27)
    at RouterCore.emit (file:///home/siegfriedneto/projects/servicedeskn1/frontend/app/node_modules/@tanstack/router-core/dist/esm/router.js:178:14)
    at file:///home/siegfriedneto/projects/servicedeskn1/frontend/app/node_modules/@tanstack/react-router/dist/esm/Transitioner.js:46:25
    at settleOwner (file:///home/siegfriedneto/projects/servicedeskn1/frontend/app/node_modules/@tanstack/react-router/dist/esm/Transitioner.js:10:10)
    at file:///home/siegfriedneto/projects/servicedeskn1/frontend/app/node_modules/@tanstack/react-router/dist/esm/Matches.js:38:39
    at Object.react_stack_bottom_frame (/home/siegfriedneto/projects/servicedeskn1/frontend/app/node_modules/react-dom/cjs/react-dom-client.development.js:25989:20)
    at runWithFiberInDEV (/home/siegfriedneto/projects/servicedeskn1/frontend/app/node_modules/react-dom/cjs/react-dom-client.development.js:874:13)
    at commitHookEffectListMount (/home/siegfriedneto/projects/servicedeskn1/frontend/app/node_modules/react-dom/cjs/react-dom-client.development.js:13249:29) undefined
Error: Not implemented: window.scrollTo
    at module.exports (/home/siegfriedneto/projects/servicedeskn1/frontend/app/node_modules/jsdom/lib/jsdom/browser/not-implemented.js:9:17)
    at /home/siegfriedneto/projects/servicedeskn1/frontend/app/node_modules/jsdom/lib/jsdom/browser/Window.js:960:7
    at Object.fn (file:///home/siegfriedneto/projects/servicedeskn1/frontend/app/node_modules/@tanstack/router-core/dist/esm/scroll-restoration.js:180:27)
    at RouterCore.emit (file:///home/siegfriedneto/projects/servicedeskn1/frontend/app/node_modules/@tanstack/router-core/dist/esm/router.js:178:14)
    at file:///home/siegfriedneto/projects/servicedeskn1/frontend/app/node_modules/@tanstack/react-router/dist/esm/Transitioner.js:46:25
    at settleOwner (file:///home/siegfriedneto/projects/servicedeskn1/frontend/app/node_modules/@tanstack/react-router/dist/esm/Transitioner.js:10:10)
    at file:///home/siegfriedneto/projects/servicedeskn1/frontend/app/node_modules/@tanstack/react-router/dist/esm/Matches.js:38:39
    at Object.react_stack_bottom_frame (/home/siegfriedneto/projects/servicedeskn1/frontend/app/node_modules/react-dom/cjs/react-dom-client.development.js:25989:20)
    at runWithFiberInDEV (/home/siegfriedneto/projects/servicedeskn1/frontend/app/node_modules/react-dom/cjs/react-dom-client.development.js:874:13)
    at commitHookEffectListMount (/home/siegfriedneto/projects/servicedeskn1/frontend/app/node_modules/react-dom/cjs/react-dom-client.development.js:13249:29) undefined
Error: Not implemented: window.scrollTo
    at module.exports (/home/siegfriedneto/projects/servicedeskn1/frontend/app/node_modules/jsdom/lib/jsdom/browser/not-implemented.js:9:17)
    at /home/siegfriedneto/projects/servicedeskn1/frontend/app/node_modules/jsdom/lib/jsdom/browser/Window.js:960:7
    at Object.fn (file:///home/siegfriedneto/projects/servicedeskn1/frontend/app/node_modules/@tanstack/router-core/dist/esm/scroll-restoration.js:180:27)
    at RouterCore.emit (file:///home/siegfriedneto/projects/servicedeskn1/frontend/app/node_modules/@tanstack/router-core/dist/esm/router.js:178:14)
    at file:///home/siegfriedneto/projects/servicedeskn1/frontend/app/node_modules/@tanstack/react-router/dist/esm/Transitioner.js:46:25
    at settleOwner (file:///home/siegfriedneto/projects/servicedeskn1/frontend/app/node_modules/@tanstack/react-router/dist/esm/Transitioner.js:10:10)
    at file:///home/siegfriedneto/projects/servicedeskn1/frontend/app/node_modules/@tanstack/react-router/dist/esm/Matches.js:38:39
    at Object.react_stack_bottom_frame (/home/siegfriedneto/projects/servicedeskn1/frontend/app/node_modules/react-dom/cjs/react-dom-client.development.js:25989:20)
    at runWithFiberInDEV (/home/siegfriedneto/projects/servicedeskn1/frontend/app/node_modules/react-dom/cjs/react-dom-client.development.js:874:13)
    at commitHookEffectListMount (/home/siegfriedneto/projects/servicedeskn1/frontend/app/node_modules/react-dom/cjs/react-dom-client.development.js:13249:29) undefined
Error: Not implemented: window.scrollTo
    at module.exports (/home/siegfriedneto/projects/servicedeskn1/frontend/app/node_modules/jsdom/lib/jsdom/browser/not-implemented.js:9:17)
    at /home/siegfriedneto/projects/servicedeskn1/frontend/app/node_modules/jsdom/lib/jsdom/browser/Window.js:960:7
    at Object.fn (file:///home/siegfriedneto/projects/servicedeskn1/frontend/app/node_modules/@tanstack/router-core/dist/esm/scroll-restoration.js:180:27)
    at RouterCore.emit (file:///home/siegfriedneto/projects/servicedeskn1/frontend/app/node_modules/@tanstack/router-core/dist/esm/router.js:178:14)
    at file:///home/siegfriedneto/projects/servicedeskn1/frontend/app/node_modules/@tanstack/react-router/dist/esm/Transitioner.js:46:25
    at settleOwner (file:///home/siegfriedneto/projects/servicedeskn1/frontend/app/node_modules/@tanstack/react-router/dist/esm/Transitioner.js:10:10)
    at file:///home/siegfriedneto/projects/servicedeskn1/frontend/app/node_modules/@tanstack/react-router/dist/esm/Matches.js:38:39
    at Object.react_stack_bottom_frame (/home/siegfriedneto/projects/servicedeskn1/frontend/app/node_modules/react-dom/cjs/react-dom-client.development.js:25989:20)
    at runWithFiberInDEV (/home/siegfriedneto/projects/servicedeskn1/frontend/app/node_modules/react-dom/cjs/react-dom-client.development.js:874:13)
    at commitHookEffectListMount (/home/siegfriedneto/projects/servicedeskn1/frontend/app/node_modules/react-dom/cjs/react-dom-client.development.js:13249:29) undefined
Error: Not implemented: window.scrollTo
    at module.exports (/home/siegfriedneto/projects/servicedeskn1/frontend/app/node_modules/jsdom/lib/jsdom/browser/not-implemented.js:9:17)
    at /home/siegfriedneto/projects/servicedeskn1/frontend/app/node_modules/jsdom/lib/jsdom/browser/Window.js:960:7
    at Object.fn (file:///home/siegfriedneto/projects/servicedeskn1/frontend/app/node_modules/@tanstack/router-core/dist/esm/scroll-restoration.js:180:27)
    at RouterCore.emit (file:///home/siegfriedneto/projects/servicedeskn1/frontend/app/node_modules/@tanstack/router-core/dist/esm/router.js:178:14)
    at file:///home/siegfriedneto/projects/servicedeskn1/frontend/app/node_modules/@tanstack/react-router/dist/esm/Transitioner.js:46:25
    at settleOwner (file:///home/siegfriedneto/projects/servicedeskn1/frontend/app/node_modules/@tanstack/react-router/dist/esm/Transitioner.js:10:10)
    at file:///home/siegfriedneto/projects/servicedeskn1/frontend/app/node_modules/@tanstack/react-router/dist/esm/Matches.js:38:39
    at Object.react_stack_bottom_frame (/home/siegfriedneto/projects/servicedeskn1/frontend/app/node_modules/react-dom/cjs/react-dom-client.development.js:25989:20)
    at runWithFiberInDEV (/home/siegfriedneto/projects/servicedeskn1/frontend/app/node_modules/react-dom/cjs/react-dom-client.development.js:874:13)
    at commitHookEffectListMount (/home/siegfriedneto/projects/servicedeskn1/frontend/app/node_modules/react-dom/cjs/react-dom-client.development.js:13249:29) undefined
Error: Not implemented: window.scrollTo
    at module.exports (/home/siegfriedneto/projects/servicedeskn1/frontend/app/node_modules/jsdom/lib/jsdom/browser/not-implemented.js:9:17)
    at /home/siegfriedneto/projects/servicedeskn1/frontend/app/node_modules/jsdom/lib/jsdom/browser/Window.js:960:7
    at Object.fn (file:///home/siegfriedneto/projects/servicedeskn1/frontend/app/node_modules/@tanstack/router-core/dist/esm/scroll-restoration.js:180:27)
    at RouterCore.emit (file:///home/siegfriedneto/projects/servicedeskn1/frontend/app/node_modules/@tanstack/router-core/dist/esm/router.js:178:14)
    at file:///home/siegfriedneto/projects/servicedeskn1/frontend/app/node_modules/@tanstack/react-router/dist/esm/Transitioner.js:46:25
    at settleOwner (file:///home/siegfriedneto/projects/servicedeskn1/frontend/app/node_modules/@tanstack/react-router/dist/esm/Transitioner.js:10:10)
    at file:///home/siegfriedneto/projects/servicedeskn1/frontend/app/node_modules/@tanstack/react-router/dist/esm/Matches.js:38:39
    at Object.react_stack_bottom_frame (/home/siegfriedneto/projects/servicedeskn1/frontend/app/node_modules/react-dom/cjs/react-dom-client.development.js:25989:20)
    at runWithFiberInDEV (/home/siegfriedneto/projects/servicedeskn1/frontend/app/node_modules/react-dom/cjs/react-dom-client.development.js:874:13)
    at commitHookEffectListMount (/home/siegfriedneto/projects/servicedeskn1/frontend/app/node_modules/react-dom/cjs/react-dom-client.development.js:13249:29) undefined
Error: Not implemented: window.scrollTo
    at module.exports (/home/siegfriedneto/projects/servicedeskn1/frontend/app/node_modules/jsdom/lib/jsdom/browser/not-implemented.js:9:17)
    at /home/siegfriedneto/projects/servicedeskn1/frontend/app/node_modules/jsdom/lib/jsdom/browser/Window.js:960:7
    at Object.fn (file:///home/siegfriedneto/projects/servicedeskn1/frontend/app/node_modules/@tanstack/router-core/dist/esm/scroll-restoration.js:180:27)
    at RouterCore.emit (file:///home/siegfriedneto/projects/servicedeskn1/frontend/app/node_modules/@tanstack/router-core/dist/esm/router.js:178:14)
    at file:///home/siegfriedneto/projects/servicedeskn1/frontend/app/node_modules/@tanstack/react-router/dist/esm/Transitioner.js:46:25
    at settleOwner (file:///home/siegfriedneto/projects/servicedeskn1/frontend/app/node_modules/@tanstack/react-router/dist/esm/Transitioner.js:10:10)
    at file:///home/siegfriedneto/projects/servicedeskn1/frontend/app/node_modules/@tanstack/react-router/dist/esm/Matches.js:38:39
    at Object.react_stack_bottom_frame (/home/siegfriedneto/projects/servicedeskn1/frontend/app/node_modules/react-dom/cjs/react-dom-client.development.js:25989:20)
    at runWithFiberInDEV (/home/siegfriedneto/projects/servicedeskn1/frontend/app/node_modules/react-dom/cjs/react-dom-client.development.js:874:13)
    at commitHookEffectListMount (/home/siegfriedneto/projects/servicedeskn1/frontend/app/node_modules/react-dom/cjs/react-dom-client.development.js:13249:29) undefined
Error: Not implemented: window.scrollTo
    at module.exports (/home/siegfriedneto/projects/servicedeskn1/frontend/app/node_modules/jsdom/lib/jsdom/browser/not-implemented.js:9:17)
    at /home/siegfriedneto/projects/servicedeskn1/frontend/app/node_modules/jsdom/lib/jsdom/browser/Window.js:960:7
    at Object.fn (file:///home/siegfriedneto/projects/servicedeskn1/frontend/app/node_modules/@tanstack/router-core/dist/esm/scroll-restoration.js:180:27)
    at RouterCore.emit (file:///home/siegfriedneto/projects/servicedeskn1/frontend/app/node_modules/@tanstack/router-core/dist/esm/router.js:178:14)
    at file:///home/siegfriedneto/projects/servicedeskn1/frontend/app/node_modules/@tanstack/react-router/dist/esm/Transitioner.js:46:25
    at settleOwner (file:///home/siegfriedneto/projects/servicedeskn1/frontend/app/node_modules/@tanstack/react-router/dist/esm/Transitioner.js:10:10)
    at file:///home/siegfriedneto/projects/servicedeskn1/frontend/app/node_modules/@tanstack/react-router/dist/esm/Matches.js:38:39
    at Object.react_stack_bottom_frame (/home/siegfriedneto/projects/servicedeskn1/frontend/app/node_modules/react-dom/cjs/react-dom-client.development.js:25989:20)
    at runWithFiberInDEV (/home/siegfriedneto/projects/servicedeskn1/frontend/app/node_modules/react-dom/cjs/react-dom-client.development.js:874:13)
    at commitHookEffectListMount (/home/siegfriedneto/projects/servicedeskn1/frontend/app/node_modules/react-dom/cjs/react-dom-client.development.js:13249:29) undefined
Error: Not implemented: window.scrollTo
    at module.exports (/home/siegfriedneto/projects/servicedeskn1/frontend/app/node_modules/jsdom/lib/jsdom/browser/not-implemented.js:9:17)
    at /home/siegfriedneto/projects/servicedeskn1/frontend/app/node_modules/jsdom/lib/jsdom/browser/Window.js:960:7
    at Object.fn (file:///home/siegfriedneto/projects/servicedeskn1/frontend/app/node_modules/@tanstack/router-core/dist/esm/scroll-restoration.js:180:27)
    at RouterCore.emit (file:///home/siegfriedneto/projects/servicedeskn1/frontend/app/node_modules/@tanstack/router-core/dist/esm/router.js:178:14)
    at file:///home/siegfriedneto/projects/servicedeskn1/frontend/app/node_modules/@tanstack/react-router/dist/esm/Transitioner.js:46:25
    at settleOwner (file:///home/siegfriedneto/projects/servicedeskn1/frontend/app/node_modules/@tanstack/react-router/dist/esm/Transitioner.js:10:10)
    at file:///home/siegfriedneto/projects/servicedeskn1/frontend/app/node_modules/@tanstack/react-router/dist/esm/Matches.js:38:39
    at Object.react_stack_bottom_frame (/home/siegfriedneto/projects/servicedeskn1/frontend/app/node_modules/react-dom/cjs/react-dom-client.development.js:25989:20)
    at runWithFiberInDEV (/home/siegfriedneto/projects/servicedeskn1/frontend/app/node_modules/react-dom/cjs/react-dom-client.development.js:874:13)
    at commitHookEffectListMount (/home/siegfriedneto/projects/servicedeskn1/frontend/app/node_modules/react-dom/cjs/react-dom-client.development.js:13249:29) undefined
Error: Not implemented: window.scrollTo
    at module.exports (/home/siegfriedneto/projects/servicedeskn1/frontend/app/node_modules/jsdom/lib/jsdom/browser/not-implemented.js:9:17)
    at /home/siegfriedneto/projects/servicedeskn1/frontend/app/node_modules/jsdom/lib/jsdom/browser/Window.js:960:7
    at Object.fn (file:///home/siegfriedneto/projects/servicedeskn1/frontend/app/node_modules/@tanstack/router-core/dist/esm/scroll-restoration.js:180:27)
    at RouterCore.emit (file:///home/siegfriedneto/projects/servicedeskn1/frontend/app/node_modules/@tanstack/router-core/dist/esm/router.js:178:14)
    at file:///home/siegfriedneto/projects/servicedeskn1/frontend/app/node_modules/@tanstack/react-router/dist/esm/Transitioner.js:46:25
    at settleOwner (file:///home/siegfriedneto/projects/servicedeskn1/frontend/app/node_modules/@tanstack/react-router/dist/esm/Transitioner.js:10:10)
    at file:///home/siegfriedneto/projects/servicedeskn1/frontend/app/node_modules/@tanstack/react-router/dist/esm/Matches.js:38:39
    at Object.react_stack_bottom_frame (/home/siegfriedneto/projects/servicedeskn1/frontend/app/node_modules/react-dom/cjs/react-dom-client.development.js:25989:20)
    at runWithFiberInDEV (/home/siegfriedneto/projects/servicedeskn1/frontend/app/node_modules/react-dom/cjs/react-dom-client.development.js:874:13)
    at commitHookEffectListMount (/home/siegfriedneto/projects/servicedeskn1/frontend/app/node_modules/react-dom/cjs/react-dom-client.development.js:13249:29) undefined
Error: Not implemented: window.scrollTo
    at module.exports (/home/siegfriedneto/projects/servicedeskn1/frontend/app/node_modules/jsdom/lib/jsdom/browser/not-implemented.js:9:17)
    at /home/siegfriedneto/projects/servicedeskn1/frontend/app/node_modules/jsdom/lib/jsdom/browser/Window.js:960:7
    at Object.fn (file:///home/siegfriedneto/projects/servicedeskn1/frontend/app/node_modules/@tanstack/router-core/dist/esm/scroll-restoration.js:180:27)
    at RouterCore.emit (file:///home/siegfriedneto/projects/servicedeskn1/frontend/app/node_modules/@tanstack/router-core/dist/esm/router.js:178:14)
    at file:///home/siegfriedneto/projects/servicedeskn1/frontend/app/node_modules/@tanstack/router-core/dist/esm/load-client.js:943:46
    at Router.batch (file:///home/siegfriedneto/projects/servicedeskn1/frontend/app/node_modules/@tanstack/store/dist/esm/atom.js:39:5)
    at file:///home/siegfriedneto/projects/servicedeskn1/frontend/app/node_modules/@tanstack/router-core/dist/esm/load-client.js:936:10
    at runClientTransaction (file:///home/siegfriedneto/projects/servicedeskn1/frontend/app/node_modules/@tanstack/router-core/dist/esm/load-client.js:902:2)
    at loadClientRoute (file:///home/siegfriedneto/projects/servicedeskn1/frontend/app/node_modules/@tanstack/router-core/dist/esm/load-client.js:1034:2)
    at RouterCore.load (file:///home/siegfriedneto/projects/servicedeskn1/frontend/app/node_modules/@tanstack/router-core/dist/esm/router.js:489:4) undefined
Error: Not implemented: window.scrollTo
    at module.exports (/home/siegfriedneto/projects/servicedeskn1/frontend/app/node_modules/jsdom/lib/jsdom/browser/not-implemented.js:9:17)
    at /home/siegfriedneto/projects/servicedeskn1/frontend/app/node_modules/jsdom/lib/jsdom/browser/Window.js:960:7
    at Object.fn (file:///home/siegfriedneto/projects/servicedeskn1/frontend/app/node_modules/@tanstack/router-core/dist/esm/scroll-restoration.js:180:27)
    at RouterCore.emit (file:///home/siegfriedneto/projects/servicedeskn1/frontend/app/node_modules/@tanstack/router-core/dist/esm/router.js:178:14)
    at file:///home/siegfriedneto/projects/servicedeskn1/frontend/app/node_modules/@tanstack/react-router/dist/esm/Transitioner.js:46:25
    at settleOwner (file:///home/siegfriedneto/projects/servicedeskn1/frontend/app/node_modules/@tanstack/react-router/dist/esm/Transitioner.js:10:10)
    at file:///home/siegfriedneto/projects/servicedeskn1/frontend/app/node_modules/@tanstack/react-router/dist/esm/Matches.js:38:39
    at Object.react_stack_bottom_frame (/home/siegfriedneto/projects/servicedeskn1/frontend/app/node_modules/react-dom/cjs/react-dom-client.development.js:25989:20)
    at runWithFiberInDEV (/home/siegfriedneto/projects/servicedeskn1/frontend/app/node_modules/react-dom/cjs/react-dom-client.development.js:874:13)
    at commitHookEffectListMount (/home/siegfriedneto/projects/servicedeskn1/frontend/app/node_modules/react-dom/cjs/react-dom-client.development.js:13249:29) undefined
Error: Not implemented: window.scrollTo
    at module.exports (/home/siegfriedneto/projects/servicedeskn1/frontend/app/node_modules/jsdom/lib/jsdom/browser/not-implemented.js:9:17)
    at /home/siegfriedneto/projects/servicedeskn1/frontend/app/node_modules/jsdom/lib/jsdom/browser/Window.js:960:7
    at Object.fn (file:///home/siegfriedneto/projects/servicedeskn1/frontend/app/node_modules/@tanstack/router-core/dist/esm/scroll-restoration.js:180:27)
    at RouterCore.emit (file:///home/siegfriedneto/projects/servicedeskn1/frontend/app/node_modules/@tanstack/router-core/dist/esm/router.js:178:14)
    at file:///home/siegfriedneto/projects/servicedeskn1/frontend/app/node_modules/@tanstack/react-router/dist/esm/Transitioner.js:46:25
    at settleOwner (file:///home/siegfriedneto/projects/servicedeskn1/frontend/app/node_modules/@tanstack/react-router/dist/esm/Transitioner.js:10:10)
    at file:///home/siegfriedneto/projects/servicedeskn1/frontend/app/node_modules/@tanstack/react-router/dist/esm/Matches.js:38:39
    at Object.react_stack_bottom_frame (/home/siegfriedneto/projects/servicedeskn1/frontend/app/node_modules/react-dom/cjs/react-dom-client.development.js:25989:20)
    at runWithFiberInDEV (/home/siegfriedneto/projects/servicedeskn1/frontend/app/node_modules/react-dom/cjs/react-dom-client.development.js:874:13)
    at commitHookEffectListMount (/home/siegfriedneto/projects/servicedeskn1/frontend/app/node_modules/react-dom/cjs/react-dom-client.development.js:13249:29) undefined
Error: Not implemented: window.scrollTo
    at module.exports (/home/siegfriedneto/projects/servicedeskn1/frontend/app/node_modules/jsdom/lib/jsdom/browser/not-implemented.js:9:17)
    at /home/siegfriedneto/projects/servicedeskn1/frontend/app/node_modules/jsdom/lib/jsdom/browser/Window.js:960:7
    at Object.fn (file:///home/siegfriedneto/projects/servicedeskn1/frontend/app/node_modules/@tanstack/router-core/dist/esm/scroll-restoration.js:180:27)
    at RouterCore.emit (file:///home/siegfriedneto/projects/servicedeskn1/frontend/app/node_modules/@tanstack/router-core/dist/esm/router.js:178:14)
    at file:///home/siegfriedneto/projects/servicedeskn1/frontend/app/node_modules/@tanstack/react-router/dist/esm/Transitioner.js:46:25
    at settleOwner (file:///home/siegfriedneto/projects/servicedeskn1/frontend/app/node_modules/@tanstack/react-router/dist/esm/Transitioner.js:10:10)
    at file:///home/siegfriedneto/projects/servicedeskn1/frontend/app/node_modules/@tanstack/react-router/dist/esm/Matches.js:38:39
    at Object.react_stack_bottom_frame (/home/siegfriedneto/projects/servicedeskn1/frontend/app/node_modules/react-dom/cjs/react-dom-client.development.js:25989:20)
    at runWithFiberInDEV (/home/siegfriedneto/projects/servicedeskn1/frontend/app/node_modules/react-dom/cjs/react-dom-client.development.js:874:13)
    at commitHookEffectListMount (/home/siegfriedneto/projects/servicedeskn1/frontend/app/node_modules/react-dom/cjs/react-dom-client.development.js:13249:29) undefined
Error: Not implemented: window.scrollTo
    at module.exports (/home/siegfriedneto/projects/servicedeskn1/frontend/app/node_modules/jsdom/lib/jsdom/browser/not-implemented.js:9:17)
    at /home/siegfriedneto/projects/servicedeskn1/frontend/app/node_modules/jsdom/lib/jsdom/browser/Window.js:960:7
    at Object.fn (file:///home/siegfriedneto/projects/servicedeskn1/frontend/app/node_modules/@tanstack/router-core/dist/esm/scroll-restoration.js:180:27)
    at RouterCore.emit (file:///home/siegfriedneto/projects/servicedeskn1/frontend/app/node_modules/@tanstack/router-core/dist/esm/router.js:178:14)
    at file:///home/siegfriedneto/projects/servicedeskn1/frontend/app/node_modules/@tanstack/router-core/dist/esm/load-client.js:943:46
    at Router.batch (file:///home/siegfriedneto/projects/servicedeskn1/frontend/app/node_modules/@tanstack/store/dist/esm/atom.js:39:5)
    at file:///home/siegfriedneto/projects/servicedeskn1/frontend/app/node_modules/@tanstack/router-core/dist/esm/load-client.js:936:10
    at runClientTransaction (file:///home/siegfriedneto/projects/servicedeskn1/frontend/app/node_modules/@tanstack/router-core/dist/esm/load-client.js:902:2)
    at loadClientRoute (file:///home/siegfriedneto/projects/servicedeskn1/frontend/app/node_modules/@tanstack/router-core/dist/esm/load-client.js:1034:2)
    at RouterCore.load (file:///home/siegfriedneto/projects/servicedeskn1/frontend/app/node_modules/@tanstack/router-core/dist/esm/router.js:489:4) undefined
Error: Not implemented: window.scrollTo
    at module.exports (/home/siegfriedneto/projects/servicedeskn1/frontend/app/node_modules/jsdom/lib/jsdom/browser/not-implemented.js:9:17)
    at /home/siegfriedneto/projects/servicedeskn1/frontend/app/node_modules/jsdom/lib/jsdom/browser/Window.js:960:7
    at Object.fn (file:///home/siegfriedneto/projects/servicedeskn1/frontend/app/node_modules/@tanstack/router-core/dist/esm/scroll-restoration.js:180:27)
    at RouterCore.emit (file:///home/siegfriedneto/projects/servicedeskn1/frontend/app/node_modules/@tanstack/router-core/dist/esm/router.js:178:14)
    at file:///home/siegfriedneto/projects/servicedeskn1/frontend/app/node_modules/@tanstack/router-core/dist/esm/load-client.js:943:46
    at Router.batch (file:///home/siegfriedneto/projects/servicedeskn1/frontend/app/node_modules/@tanstack/store/dist/esm/atom.js:39:5)
    at file:///home/siegfriedneto/projects/servicedeskn1/frontend/app/node_modules/@tanstack/router-core/dist/esm/load-client.js:936:10
    at runClientTransaction (file:///home/siegfriedneto/projects/servicedeskn1/frontend/app/node_modules/@tanstack/router-core/dist/esm/load-client.js:902:2)
    at loadClientRoute (file:///home/siegfriedneto/projects/servicedeskn1/frontend/app/node_modules/@tanstack/router-core/dist/esm/load-client.js:1034:2)
    at RouterCore.load (file:///home/siegfriedneto/projects/servicedeskn1/frontend/app/node_modules/@tanstack/router-core/dist/esm/router.js:489:4) undefined
Error: Not implemented: window.scrollTo
    at module.exports (/home/siegfriedneto/projects/servicedeskn1/frontend/app/node_modules/jsdom/lib/jsdom/browser/not-implemented.js:9:17)
    at /home/siegfriedneto/projects/servicedeskn1/frontend/app/node_modules/jsdom/lib/jsdom/browser/Window.js:960:7
    at Object.fn (file:///home/siegfriedneto/projects/servicedeskn1/frontend/app/node_modules/@tanstack/router-core/dist/esm/scroll-restoration.js:180:27)
    at RouterCore.emit (file:///home/siegfriedneto/projects/servicedeskn1/frontend/app/node_modules/@tanstack/router-core/dist/esm/router.js:178:14)
    at file:///home/siegfriedneto/projects/servicedeskn1/frontend/app/node_modules/@tanstack/react-router/dist/esm/Transitioner.js:46:25
    at settleOwner (file:///home/siegfriedneto/projects/servicedeskn1/frontend/app/node_modules/@tanstack/react-router/dist/esm/Transitioner.js:10:10)
    at file:///home/siegfriedneto/projects/servicedeskn1/frontend/app/node_modules/@tanstack/react-router/dist/esm/Matches.js:38:39
    at Object.react_stack_bottom_frame (/home/siegfriedneto/projects/servicedeskn1/frontend/app/node_modules/react-dom/cjs/react-dom-client.development.js:25989:20)
    at runWithFiberInDEV (/home/siegfriedneto/projects/servicedeskn1/frontend/app/node_modules/react-dom/cjs/react-dom-client.development.js:874:13)
    at commitHookEffectListMount (/home/siegfriedneto/projects/servicedeskn1/frontend/app/node_modules/react-dom/cjs/react-dom-client.development.js:13249:29) undefined
Error: Not implemented: window.scrollTo
    at module.exports (/home/siegfriedneto/projects/servicedeskn1/frontend/app/node_modules/jsdom/lib/jsdom/browser/not-implemented.js:9:17)
    at /home/siegfriedneto/projects/servicedeskn1/frontend/app/node_modules/jsdom/lib/jsdom/browser/Window.js:960:7
    at Object.fn (file:///home/siegfriedneto/projects/servicedeskn1/frontend/app/node_modules/@tanstack/router-core/dist/esm/scroll-restoration.js:180:27)
    at RouterCore.emit (file:///home/siegfriedneto/projects/servicedeskn1/frontend/app/node_modules/@tanstack/router-core/dist/esm/router.js:178:14)
    at file:///home/siegfriedneto/projects/servicedeskn1/frontend/app/node_modules/@tanstack/react-router/dist/esm/Transitioner.js:46:25
    at settleOwner (file:///home/siegfriedneto/projects/servicedeskn1/frontend/app/node_modules/@tanstack/react-router/dist/esm/Transitioner.js:10:10)
    at file:///home/siegfriedneto/projects/servicedeskn1/frontend/app/node_modules/@tanstack/react-router/dist/esm/Matches.js:38:39
    at Object.react_stack_bottom_frame (/home/siegfriedneto/projects/servicedeskn1/frontend/app/node_modules/react-dom/cjs/react-dom-client.development.js:25989:20)
    at runWithFiberInDEV (/home/siegfriedneto/projects/servicedeskn1/frontend/app/node_modules/react-dom/cjs/react-dom-client.development.js:874:13)
    at commitHookEffectListMount (/home/siegfriedneto/projects/servicedeskn1/frontend/app/node_modules/react-dom/cjs/react-dom-client.development.js:13249:29) undefined
Error: Not implemented: window.scrollTo
    at module.exports (/home/siegfriedneto/projects/servicedeskn1/frontend/app/node_modules/jsdom/lib/jsdom/browser/not-implemented.js:9:17)
    at /home/siegfriedneto/projects/servicedeskn1/frontend/app/node_modules/jsdom/lib/jsdom/browser/Window.js:960:7
    at Object.fn (file:///home/siegfriedneto/projects/servicedeskn1/frontend/app/node_modules/@tanstack/router-core/dist/esm/scroll-restoration.js:180:27)
    at RouterCore.emit (file:///home/siegfriedneto/projects/servicedeskn1/frontend/app/node_modules/@tanstack/router-core/dist/esm/router.js:178:14)
    at file:///home/siegfriedneto/projects/servicedeskn1/frontend/app/node_modules/@tanstack/react-router/dist/esm/Transitioner.js:46:25
    at settleOwner (file:///home/siegfriedneto/projects/servicedeskn1/frontend/app/node_modules/@tanstack/react-router/dist/esm/Transitioner.js:10:10)
    at file:///home/siegfriedneto/projects/servicedeskn1/frontend/app/node_modules/@tanstack/react-router/dist/esm/Matches.js:38:39
    at Object.react_stack_bottom_frame (/home/siegfriedneto/projects/servicedeskn1/frontend/app/node_modules/react-dom/cjs/react-dom-client.development.js:25989:20)
    at runWithFiberInDEV (/home/siegfriedneto/projects/servicedeskn1/frontend/app/node_modules/react-dom/cjs/react-dom-client.development.js:874:13)
    at commitHookEffectListMount (/home/siegfriedneto/projects/servicedeskn1/frontend/app/node_modules/react-dom/cjs/react-dom-client.development.js:13249:29) undefined
Error: Not implemented: window.scrollTo
    at module.exports (/home/siegfriedneto/projects/servicedeskn1/frontend/app/node_modules/jsdom/lib/jsdom/browser/not-implemented.js:9:17)
    at /home/siegfriedneto/projects/servicedeskn1/frontend/app/node_modules/jsdom/lib/jsdom/browser/Window.js:960:7
    at Object.fn (file:///home/siegfriedneto/projects/servicedeskn1/frontend/app/node_modules/@tanstack/router-core/dist/esm/scroll-restoration.js:180:27)
    at RouterCore.emit (file:///home/siegfriedneto/projects/servicedeskn1/frontend/app/node_modules/@tanstack/router-core/dist/esm/router.js:178:14)
    at file:///home/siegfriedneto/projects/servicedeskn1/frontend/app/node_modules/@tanstack/react-router/dist/esm/Transitioner.js:46:25
    at settleOwner (file:///home/siegfriedneto/projects/servicedeskn1/frontend/app/node_modules/@tanstack/react-router/dist/esm/Transitioner.js:10:10)
    at file:///home/siegfriedneto/projects/servicedeskn1/frontend/app/node_modules/@tanstack/react-router/dist/esm/Matches.js:38:39
    at Object.react_stack_bottom_frame (/home/siegfriedneto/projects/servicedeskn1/frontend/app/node_modules/react-dom/cjs/react-dom-client.development.js:25989:20)
    at runWithFiberInDEV (/home/siegfriedneto/projects/servicedeskn1/frontend/app/node_modules/react-dom/cjs/react-dom-client.development.js:874:13)
    at commitHookEffectListMount (/home/siegfriedneto/projects/servicedeskn1/frontend/app/node_modules/react-dom/cjs/react-dom-client.development.js:13249:29) undefined
Error: Not implemented: window.scrollTo
    at module.exports (/home/siegfriedneto/projects/servicedeskn1/frontend/app/node_modules/jsdom/lib/jsdom/browser/not-implemented.js:9:17)
    at /home/siegfriedneto/projects/servicedeskn1/frontend/app/node_modules/jsdom/lib/jsdom/browser/Window.js:960:7
    at Object.fn (file:///home/siegfriedneto/projects/servicedeskn1/frontend/app/node_modules/@tanstack/router-core/dist/esm/scroll-restoration.js:180:27)
    at RouterCore.emit (file:///home/siegfriedneto/projects/servicedeskn1/frontend/app/node_modules/@tanstack/router-core/dist/esm/router.js:178:14)
    at file:///home/siegfriedneto/projects/servicedeskn1/frontend/app/node_modules/@tanstack/react-router/dist/esm/Transitioner.js:46:25
    at settleOwner (file:///home/siegfriedneto/projects/servicedeskn1/frontend/app/node_modules/@tanstack/react-router/dist/esm/Transitioner.js:10:10)
    at file:///home/siegfriedneto/projects/servicedeskn1/frontend/app/node_modules/@tanstack/react-router/dist/esm/Matches.js:38:39
    at Object.react_stack_bottom_frame (/home/siegfriedneto/projects/servicedeskn1/frontend/app/node_modules/react-dom/cjs/react-dom-client.development.js:25989:20)
    at runWithFiberInDEV (/home/siegfriedneto/projects/servicedeskn1/frontend/app/node_modules/react-dom/cjs/react-dom-client.development.js:874:13)
    at commitHookEffectListMount (/home/siegfriedneto/projects/servicedeskn1/frontend/app/node_modules/react-dom/cjs/react-dom-client.development.js:13249:29) undefined
Error: Not implemented: window.scrollTo
    at module.exports (/home/siegfriedneto/projects/servicedeskn1/frontend/app/node_modules/jsdom/lib/jsdom/browser/not-implemented.js:9:17)
    at /home/siegfriedneto/projects/servicedeskn1/frontend/app/node_modules/jsdom/lib/jsdom/browser/Window.js:960:7
    at Object.fn (file:///home/siegfriedneto/projects/servicedeskn1/frontend/app/node_modules/@tanstack/router-core/dist/esm/scroll-restoration.js:180:27)
    at RouterCore.emit (file:///home/siegfriedneto/projects/servicedeskn1/frontend/app/node_modules/@tanstack/router-core/dist/esm/router.js:178:14)
    at file:///home/siegfriedneto/projects/servicedeskn1/frontend/app/node_modules/@tanstack/react-router/dist/esm/Transitioner.js:46:25
    at settleOwner (file:///home/siegfriedneto/projects/servicedeskn1/frontend/app/node_modules/@tanstack/react-router/dist/esm/Transitioner.js:10:10)
    at file:///home/siegfriedneto/projects/servicedeskn1/frontend/app/node_modules/@tanstack/react-router/dist/esm/Matches.js:38:39
    at Object.react_stack_bottom_frame (/home/siegfriedneto/projects/servicedeskn1/frontend/app/node_modules/react-dom/cjs/react-dom-client.development.js:25989:20)
    at runWithFiberInDEV (/home/siegfriedneto/projects/servicedeskn1/frontend/app/node_modules/react-dom/cjs/react-dom-client.development.js:874:13)
    at commitHookEffectListMount (/home/siegfriedneto/projects/servicedeskn1/frontend/app/node_modules/react-dom/cjs/react-dom-client.development.js:13249:29) undefined
Error: Not implemented: window.scrollTo
    at module.exports (/home/siegfriedneto/projects/servicedeskn1/frontend/app/node_modules/jsdom/lib/jsdom/browser/not-implemented.js:9:17)
    at /home/siegfriedneto/projects/servicedeskn1/frontend/app/node_modules/jsdom/lib/jsdom/browser/Window.js:960:7
    at Object.fn (file:///home/siegfriedneto/projects/servicedeskn1/frontend/app/node_modules/@tanstack/router-core/dist/esm/scroll-restoration.js:180:27)
    at RouterCore.emit (file:///home/siegfriedneto/projects/servicedeskn1/frontend/app/node_modules/@tanstack/router-core/dist/esm/router.js:178:14)
    at file:///home/siegfriedneto/projects/servicedeskn1/frontend/app/node_modules/@tanstack/react-router/dist/esm/Transitioner.js:46:25
    at settleOwner (file:///home/siegfriedneto/projects/servicedeskn1/frontend/app/node_modules/@tanstack/react-router/dist/esm/Transitioner.js:10:10)
    at file:///home/siegfriedneto/projects/servicedeskn1/frontend/app/node_modules/@tanstack/react-router/dist/esm/Matches.js:38:39
    at Object.react_stack_bottom_frame (/home/siegfriedneto/projects/servicedeskn1/frontend/app/node_modules/react-dom/cjs/react-dom-client.development.js:25989:20)
    at runWithFiberInDEV (/home/siegfriedneto/projects/servicedeskn1/frontend/app/node_modules/react-dom/cjs/react-dom-client.development.js:874:13)
    at commitHookEffectListMount (/home/siegfriedneto/projects/servicedeskn1/frontend/app/node_modules/react-dom/cjs/react-dom-client.development.js:13249:29) undefined
Error: Not implemented: window.scrollTo
    at module.exports (/home/siegfriedneto/projects/servicedeskn1/frontend/app/node_modules/jsdom/lib/jsdom/browser/not-implemented.js:9:17)
    at /home/siegfriedneto/projects/servicedeskn1/frontend/app/node_modules/jsdom/lib/jsdom/browser/Window.js:960:7
    at Object.fn (file:///home/siegfriedneto/projects/servicedeskn1/frontend/app/node_modules/@tanstack/router-core/dist/esm/scroll-restoration.js:180:27)
    at RouterCore.emit (file:///home/siegfriedneto/projects/servicedeskn1/frontend/app/node_modules/@tanstack/router-core/dist/esm/router.js:178:14)
    at file:///home/siegfriedneto/projects/servicedeskn1/frontend/app/node_modules/@tanstack/react-router/dist/esm/Transitioner.js:46:25
    at settleOwner (file:///home/siegfriedneto/projects/servicedeskn1/frontend/app/node_modules/@tanstack/react-router/dist/esm/Transitioner.js:10:10)
    at file:///home/siegfriedneto/projects/servicedeskn1/frontend/app/node_modules/@tanstack/react-router/dist/esm/Matches.js:38:39
    at Object.react_stack_bottom_frame (/home/siegfriedneto/projects/servicedeskn1/frontend/app/node_modules/react-dom/cjs/react-dom-client.development.js:25989:20)
    at runWithFiberInDEV (/home/siegfriedneto/projects/servicedeskn1/frontend/app/node_modules/react-dom/cjs/react-dom-client.development.js:874:13)
    at commitHookEffectListMount (/home/siegfriedneto/projects/servicedeskn1/frontend/app/node_modules/react-dom/cjs/react-dom-client.development.js:13249:29) undefined
Error: Not implemented: window.scrollTo
    at module.exports (/home/siegfriedneto/projects/servicedeskn1/frontend/app/node_modules/jsdom/lib/jsdom/browser/not-implemented.js:9:17)
    at /home/siegfriedneto/projects/servicedeskn1/frontend/app/node_modules/jsdom/lib/jsdom/browser/Window.js:960:7
    at Object.fn (file:///home/siegfriedneto/projects/servicedeskn1/frontend/app/node_modules/@tanstack/router-core/dist/esm/scroll-restoration.js:180:27)
    at RouterCore.emit (file:///home/siegfriedneto/projects/servicedeskn1/frontend/app/node_modules/@tanstack/router-core/dist/esm/router.js:178:14)
    at file:///home/siegfriedneto/projects/servicedeskn1/frontend/app/node_modules/@tanstack/react-router/dist/esm/Transitioner.js:46:25
    at settleOwner (file:///home/siegfriedneto/projects/servicedeskn1/frontend/app/node_modules/@tanstack/react-router/dist/esm/Transitioner.js:10:10)
    at file:///home/siegfriedneto/projects/servicedeskn1/frontend/app/node_modules/@tanstack/react-router/dist/esm/Matches.js:38:39
    at Object.react_stack_bottom_frame (/home/siegfriedneto/projects/servicedeskn1/frontend/app/node_modules/react-dom/cjs/react-dom-client.development.js:25989:20)
    at runWithFiberInDEV (/home/siegfriedneto/projects/servicedeskn1/frontend/app/node_modules/react-dom/cjs/react-dom-client.development.js:874:13)
    at commitHookEffectListMount (/home/siegfriedneto/projects/servicedeskn1/frontend/app/node_modules/react-dom/cjs/react-dom-client.development.js:13249:29) undefined
Error: Not implemented: window.scrollTo
    at module.exports (/home/siegfriedneto/projects/servicedeskn1/frontend/app/node_modules/jsdom/lib/jsdom/browser/not-implemented.js:9:17)
    at /home/siegfriedneto/projects/servicedeskn1/frontend/app/node_modules/jsdom/lib/jsdom/browser/Window.js:960:7
    at Object.fn (file:///home/siegfriedneto/projects/servicedeskn1/frontend/app/node_modules/@tanstack/router-core/dist/esm/scroll-restoration.js:180:27)
    at RouterCore.emit (file:///home/siegfriedneto/projects/servicedeskn1/frontend/app/node_modules/@tanstack/router-core/dist/esm/router.js:178:14)
    at file:///home/siegfriedneto/projects/servicedeskn1/frontend/app/node_modules/@tanstack/react-router/dist/esm/Transitioner.js:46:25
    at settleOwner (file:///home/siegfriedneto/projects/servicedeskn1/frontend/app/node_modules/@tanstack/react-router/dist/esm/Transitioner.js:10:10)
    at file:///home/siegfriedneto/projects/servicedeskn1/frontend/app/node_modules/@tanstack/react-router/dist/esm/Matches.js:38:39
    at Object.react_stack_bottom_frame (/home/siegfriedneto/projects/servicedeskn1/frontend/app/node_modules/react-dom/cjs/react-dom-client.development.js:25989:20)
    at runWithFiberInDEV (/home/siegfriedneto/projects/servicedeskn1/frontend/app/node_modules/react-dom/cjs/react-dom-client.development.js:874:13)
    at commitHookEffectListMount (/home/siegfriedneto/projects/servicedeskn1/frontend/app/node_modules/react-dom/cjs/react-dom-client.development.js:13249:29) undefined
Error: Not implemented: window.scrollTo
    at module.exports (/home/siegfriedneto/projects/servicedeskn1/frontend/app/node_modules/jsdom/lib/jsdom/browser/not-implemented.js:9:17)
    at /home/siegfriedneto/projects/servicedeskn1/frontend/app/node_modules/jsdom/lib/jsdom/browser/Window.js:960:7
    at Object.fn (file:///home/siegfriedneto/projects/servicedeskn1/frontend/app/node_modules/@tanstack/router-core/dist/esm/scroll-restoration.js:180:27)
    at RouterCore.emit (file:///home/siegfriedneto/projects/servicedeskn1/frontend/app/node_modules/@tanstack/router-core/dist/esm/router.js:178:14)
    at file:///home/siegfriedneto/projects/servicedeskn1/frontend/app/node_modules/@tanstack/react-router/dist/esm/Transitioner.js:46:25
    at settleOwner (file:///home/siegfriedneto/projects/servicedeskn1/frontend/app/node_modules/@tanstack/react-router/dist/esm/Transitioner.js:10:10)
    at file:///home/siegfriedneto/projects/servicedeskn1/frontend/app/node_modules/@tanstack/react-router/dist/esm/Matches.js:38:39
    at Object.react_stack_bottom_frame (/home/siegfriedneto/projects/servicedeskn1/frontend/app/node_modules/react-dom/cjs/react-dom-client.development.js:25989:20)
    at runWithFiberInDEV (/home/siegfriedneto/projects/servicedeskn1/frontend/app/node_modules/react-dom/cjs/react-dom-client.development.js:874:13)
    at commitHookEffectListMount (/home/siegfriedneto/projects/servicedeskn1/frontend/app/node_modules/react-dom/cjs/react-dom-client.development.js:13249:29) undefined
Error: Not implemented: window.scrollTo
    at module.exports (/home/siegfriedneto/projects/servicedeskn1/frontend/app/node_modules/jsdom/lib/jsdom/browser/not-implemented.js:9:17)
    at /home/siegfriedneto/projects/servicedeskn1/frontend/app/node_modules/jsdom/lib/jsdom/browser/Window.js:960:7
    at Object.fn (file:///home/siegfriedneto/projects/servicedeskn1/frontend/app/node_modules/@tanstack/router-core/dist/esm/scroll-restoration.js:180:27)
    at RouterCore.emit (file:///home/siegfriedneto/projects/servicedeskn1/frontend/app/node_modules/@tanstack/router-core/dist/esm/router.js:178:14)
    at file:///home/siegfriedneto/projects/servicedeskn1/frontend/app/node_modules/@tanstack/react-router/dist/esm/Transitioner.js:46:25
    at settleOwner (file:///home/siegfriedneto/projects/servicedeskn1/frontend/app/node_modules/@tanstack/react-router/dist/esm/Transitioner.js:10:10)
    at file:///home/siegfriedneto/projects/servicedeskn1/frontend/app/node_modules/@tanstack/react-router/dist/esm/Matches.js:38:39
    at Object.react_stack_bottom_frame (/home/siegfriedneto/projects/servicedeskn1/frontend/app/node_modules/react-dom/cjs/react-dom-client.development.js:25989:20)
    at runWithFiberInDEV (/home/siegfriedneto/projects/servicedeskn1/frontend/app/node_modules/react-dom/cjs/react-dom-client.development.js:874:13)
    at commitHookEffectListMount (/home/siegfriedneto/projects/servicedeskn1/frontend/app/node_modules/react-dom/cjs/react-dom-client.development.js:13249:29) undefined
Error: Not implemented: window.scrollTo
    at module.exports (/home/siegfriedneto/projects/servicedeskn1/frontend/app/node_modules/jsdom/lib/jsdom/browser/not-implemented.js:9:17)
    at /home/siegfriedneto/projects/servicedeskn1/frontend/app/node_modules/jsdom/lib/jsdom/browser/Window.js:960:7
    at Object.fn (file:///home/siegfriedneto/projects/servicedeskn1/frontend/app/node_modules/@tanstack/router-core/dist/esm/scroll-restoration.js:180:27)
    at RouterCore.emit (file:///home/siegfriedneto/projects/servicedeskn1/frontend/app/node_modules/@tanstack/router-core/dist/esm/router.js:178:14)
    at file:///home/siegfriedneto/projects/servicedeskn1/frontend/app/node_modules/@tanstack/react-router/dist/esm/Transitioner.js:46:25
    at settleOwner (file:///home/siegfriedneto/projects/servicedeskn1/frontend/app/node_modules/@tanstack/react-router/dist/esm/Transitioner.js:10:10)
    at file:///home/siegfriedneto/projects/servicedeskn1/frontend/app/node_modules/@tanstack/react-router/dist/esm/Matches.js:38:39
    at Object.react_stack_bottom_frame (/home/siegfriedneto/projects/servicedeskn1/frontend/app/node_modules/react-dom/cjs/react-dom-client.development.js:25989:20)
    at runWithFiberInDEV (/home/siegfriedneto/projects/servicedeskn1/frontend/app/node_modules/react-dom/cjs/react-dom-client.development.js:874:13)
    at commitHookEffectListMount (/home/siegfriedneto/projects/servicedeskn1/frontend/app/node_modules/react-dom/cjs/react-dom-client.development.js:13249:29) undefined
Error: Not implemented: window.scrollTo
    at module.exports (/home/siegfriedneto/projects/servicedeskn1/frontend/app/node_modules/jsdom/lib/jsdom/browser/not-implemented.js:9:17)
    at /home/siegfriedneto/projects/servicedeskn1/frontend/app/node_modules/jsdom/lib/jsdom/browser/Window.js:960:7
    at Object.fn (file:///home/siegfriedneto/projects/servicedeskn1/frontend/app/node_modules/@tanstack/router-core/dist/esm/scroll-restoration.js:180:27)
    at RouterCore.emit (file:///home/siegfriedneto/projects/servicedeskn1/frontend/app/node_modules/@tanstack/router-core/dist/esm/router.js:178:14)
    at file:///home/siegfriedneto/projects/servicedeskn1/frontend/app/node_modules/@tanstack/react-router/dist/esm/Transitioner.js:46:25
    at settleOwner (file:///home/siegfriedneto/projects/servicedeskn1/frontend/app/node_modules/@tanstack/react-router/dist/esm/Transitioner.js:10:10)
    at file:///home/siegfriedneto/projects/servicedeskn1/frontend/app/node_modules/@tanstack/react-router/dist/esm/Matches.js:38:39
    at Object.react_stack_bottom_frame (/home/siegfriedneto/projects/servicedeskn1/frontend/app/node_modules/react-dom/cjs/react-dom-client.development.js:25989:20)
    at runWithFiberInDEV (/home/siegfriedneto/projects/servicedeskn1/frontend/app/node_modules/react-dom/cjs/react-dom-client.development.js:874:13)
    at commitHookEffectListMount (/home/siegfriedneto/projects/servicedeskn1/frontend/app/node_modules/react-dom/cjs/react-dom-client.development.js:13249:29) undefined
Error: Not implemented: window.scrollTo
    at module.exports (/home/siegfriedneto/projects/servicedeskn1/frontend/app/node_modules/jsdom/lib/jsdom/browser/not-implemented.js:9:17)
    at /home/siegfriedneto/projects/servicedeskn1/frontend/app/node_modules/jsdom/lib/jsdom/browser/Window.js:960:7
    at Object.fn (file:///home/siegfriedneto/projects/servicedeskn1/frontend/app/node_modules/@tanstack/router-core/dist/esm/scroll-restoration.js:180:27)
    at RouterCore.emit (file:///home/siegfriedneto/projects/servicedeskn1/frontend/app/node_modules/@tanstack/router-core/dist/esm/router.js:178:14)
    at file:///home/siegfriedneto/projects/servicedeskn1/frontend/app/node_modules/@tanstack/react-router/dist/esm/Transitioner.js:46:25
    at settleOwner (file:///home/siegfriedneto/projects/servicedeskn1/frontend/app/node_modules/@tanstack/react-router/dist/esm/Transitioner.js:10:10)
    at file:///home/siegfriedneto/projects/servicedeskn1/frontend/app/node_modules/@tanstack/react-router/dist/esm/Matches.js:38:39
    at Object.react_stack_bottom_frame (/home/siegfriedneto/projects/servicedeskn1/frontend/app/node_modules/react-dom/cjs/react-dom-client.development.js:25989:20)
    at runWithFiberInDEV (/home/siegfriedneto/projects/servicedeskn1/frontend/app/node_modules/react-dom/cjs/react-dom-client.development.js:874:13)
    at commitHookEffectListMount (/home/siegfriedneto/projects/servicedeskn1/frontend/app/node_modules/react-dom/cjs/react-dom-client.development.js:13249:29) undefined
Error: Not implemented: window.scrollTo
    at module.exports (/home/siegfriedneto/projects/servicedeskn1/frontend/app/node_modules/jsdom/lib/jsdom/browser/not-implemented.js:9:17)
    at /home/siegfriedneto/projects/servicedeskn1/frontend/app/node_modules/jsdom/lib/jsdom/browser/Window.js:960:7
    at Object.fn (file:///home/siegfriedneto/projects/servicedeskn1/frontend/app/node_modules/@tanstack/router-core/dist/esm/scroll-restoration.js:180:27)
    at RouterCore.emit (file:///home/siegfriedneto/projects/servicedeskn1/frontend/app/node_modules/@tanstack/router-core/dist/esm/router.js:178:14)
    at file:///home/siegfriedneto/projects/servicedeskn1/frontend/app/node_modules/@tanstack/router-core/dist/esm/load-client.js:943:46
    at Router.batch (file:///home/siegfriedneto/projects/servicedeskn1/frontend/app/node_modules/@tanstack/store/dist/esm/atom.js:39:5)
    at file:///home/siegfriedneto/projects/servicedeskn1/frontend/app/node_modules/@tanstack/router-core/dist/esm/load-client.js:936:10
    at runClientTransaction (file:///home/siegfriedneto/projects/servicedeskn1/frontend/app/node_modules/@tanstack/router-core/dist/esm/load-client.js:902:2)
    at loadClientRoute (file:///home/siegfriedneto/projects/servicedeskn1/frontend/app/node_modules/@tanstack/router-core/dist/esm/load-client.js:1034:2)
    at RouterCore.load (file:///home/siegfriedneto/projects/servicedeskn1/frontend/app/node_modules/@tanstack/router-core/dist/esm/router.js:489:4) undefined
Error: Not implemented: window.scrollTo
    at module.exports (/home/siegfriedneto/projects/servicedeskn1/frontend/app/node_modules/jsdom/lib/jsdom/browser/not-implemented.js:9:17)
    at /home/siegfriedneto/projects/servicedeskn1/frontend/app/node_modules/jsdom/lib/jsdom/browser/Window.js:960:7
    at Object.fn (file:///home/siegfriedneto/projects/servicedeskn1/frontend/app/node_modules/@tanstack/router-core/dist/esm/scroll-restoration.js:180:27)
    at RouterCore.emit (file:///home/siegfriedneto/projects/servicedeskn1/frontend/app/node_modules/@tanstack/router-core/dist/esm/router.js:178:14)
    at file:///home/siegfriedneto/projects/servicedeskn1/frontend/app/node_modules/@tanstack/react-router/dist/esm/Transitioner.js:46:25
    at settleOwner (file:///home/siegfriedneto/projects/servicedeskn1/frontend/app/node_modules/@tanstack/react-router/dist/esm/Transitioner.js:10:10)
    at file:///home/siegfriedneto/projects/servicedeskn1/frontend/app/node_modules/@tanstack/react-router/dist/esm/Matches.js:38:39
    at Object.react_stack_bottom_frame (/home/siegfriedneto/projects/servicedeskn1/frontend/app/node_modules/react-dom/cjs/react-dom-client.development.js:25989:20)
    at runWithFiberInDEV (/home/siegfriedneto/projects/servicedeskn1/frontend/app/node_modules/react-dom/cjs/react-dom-client.development.js:874:13)
    at commitHookEffectListMount (/home/siegfriedneto/projects/servicedeskn1/frontend/app/node_modules/react-dom/cjs/react-dom-client.development.js:13249:29) undefined
Error: Not implemented: window.scrollTo
    at module.exports (/home/siegfriedneto/projects/servicedeskn1/frontend/app/node_modules/jsdom/lib/jsdom/browser/not-implemented.js:9:17)
    at /home/siegfriedneto/projects/servicedeskn1/frontend/app/node_modules/jsdom/lib/jsdom/browser/Window.js:960:7
    at Object.fn (file:///home/siegfriedneto/projects/servicedeskn1/frontend/app/node_modules/@tanstack/router-core/dist/esm/scroll-restoration.js:180:27)
    at RouterCore.emit (file:///home/siegfriedneto/projects/servicedeskn1/frontend/app/node_modules/@tanstack/router-core/dist/esm/router.js:178:14)
    at file:///home/siegfriedneto/projects/servicedeskn1/frontend/app/node_modules/@tanstack/react-router/dist/esm/Transitioner.js:46:25
    at settleOwner (file:///home/siegfriedneto/projects/servicedeskn1/frontend/app/node_modules/@tanstack/react-router/dist/esm/Transitioner.js:10:10)
    at file:///home/siegfriedneto/projects/servicedeskn1/frontend/app/node_modules/@tanstack/react-router/dist/esm/Matches.js:38:39
    at Object.react_stack_bottom_frame (/home/siegfriedneto/projects/servicedeskn1/frontend/app/node_modules/react-dom/cjs/react-dom-client.development.js:25989:20)
    at runWithFiberInDEV (/home/siegfriedneto/projects/servicedeskn1/frontend/app/node_modules/react-dom/cjs/react-dom-client.development.js:874:13)
    at commitHookEffectListMount (/home/siegfriedneto/projects/servicedeskn1/frontend/app/node_modules/react-dom/cjs/react-dom-client.development.js:13249:29) undefined
Error: Not implemented: window.scrollTo
    at module.exports (/home/siegfriedneto/projects/servicedeskn1/frontend/app/node_modules/jsdom/lib/jsdom/browser/not-implemented.js:9:17)
    at /home/siegfriedneto/projects/servicedeskn1/frontend/app/node_modules/jsdom/lib/jsdom/browser/Window.js:960:7
    at Object.fn (file:///home/siegfriedneto/projects/servicedeskn1/frontend/app/node_modules/@tanstack/router-core/dist/esm/scroll-restoration.js:180:27)
    at RouterCore.emit (file:///home/siegfriedneto/projects/servicedeskn1/frontend/app/node_modules/@tanstack/router-core/dist/esm/router.js:178:14)
    at file:///home/siegfriedneto/projects/servicedeskn1/frontend/app/node_modules/@tanstack/react-router/dist/esm/Transitioner.js:46:25
    at settleOwner (file:///home/siegfriedneto/projects/servicedeskn1/frontend/app/node_modules/@tanstack/react-router/dist/esm/Transitioner.js:10:10)
    at file:///home/siegfriedneto/projects/servicedeskn1/frontend/app/node_modules/@tanstack/react-router/dist/esm/Matches.js:38:39
    at Object.react_stack_bottom_frame (/home/siegfriedneto/projects/servicedeskn1/frontend/app/node_modules/react-dom/cjs/react-dom-client.development.js:25989:20)
    at runWithFiberInDEV (/home/siegfriedneto/projects/servicedeskn1/frontend/app/node_modules/react-dom/cjs/react-dom-client.development.js:874:13)
    at commitHookEffectListMount (/home/siegfriedneto/projects/servicedeskn1/frontend/app/node_modules/react-dom/cjs/react-dom-client.development.js:13249:29) undefined
Error: Not implemented: window.scrollTo
    at module.exports (/home/siegfriedneto/projects/servicedeskn1/frontend/app/node_modules/jsdom/lib/jsdom/browser/not-implemented.js:9:17)
    at /home/siegfriedneto/projects/servicedeskn1/frontend/app/node_modules/jsdom/lib/jsdom/browser/Window.js:960:7
    at Object.fn (file:///home/siegfriedneto/projects/servicedeskn1/frontend/app/node_modules/@tanstack/router-core/dist/esm/scroll-restoration.js:180:27)
    at RouterCore.emit (file:///home/siegfriedneto/projects/servicedeskn1/frontend/app/node_modules/@tanstack/router-core/dist/esm/router.js:178:14)
    at file:///home/siegfriedneto/projects/servicedeskn1/frontend/app/node_modules/@tanstack/react-router/dist/esm/Transitioner.js:46:25
    at settleOwner (file:///home/siegfriedneto/projects/servicedeskn1/frontend/app/node_modules/@tanstack/react-router/dist/esm/Transitioner.js:10:10)
    at file:///home/siegfriedneto/projects/servicedeskn1/frontend/app/node_modules/@tanstack/react-router/dist/esm/Matches.js:38:39
    at Object.react_stack_bottom_frame (/home/siegfriedneto/projects/servicedeskn1/frontend/app/node_modules/react-dom/cjs/react-dom-client.development.js:25989:20)
    at runWithFiberInDEV (/home/siegfriedneto/projects/servicedeskn1/frontend/app/node_modules/react-dom/cjs/react-dom-client.development.js:874:13)
    at commitHookEffectListMount (/home/siegfriedneto/projects/servicedeskn1/frontend/app/node_modules/react-dom/cjs/react-dom-client.development.js:13249:29) undefined
Error: Not implemented: window.scrollTo
    at module.exports (/home/siegfriedneto/projects/servicedeskn1/frontend/app/node_modules/jsdom/lib/jsdom/browser/not-implemented.js:9:17)
    at /home/siegfriedneto/projects/servicedeskn1/frontend/app/node_modules/jsdom/lib/jsdom/browser/Window.js:960:7
    at Object.fn (file:///home/siegfriedneto/projects/servicedeskn1/frontend/app/node_modules/@tanstack/router-core/dist/esm/scroll-restoration.js:180:27)
    at RouterCore.emit (file:///home/siegfriedneto/projects/servicedeskn1/frontend/app/node_modules/@tanstack/router-core/dist/esm/router.js:178:14)
    at file:///home/siegfriedneto/projects/servicedeskn1/frontend/app/node_modules/@tanstack/react-router/dist/esm/Transitioner.js:46:25
    at settleOwner (file:///home/siegfriedneto/projects/servicedeskn1/frontend/app/node_modules/@tanstack/react-router/dist/esm/Transitioner.js:10:10)
    at file:///home/siegfriedneto/projects/servicedeskn1/frontend/app/node_modules/@tanstack/react-router/dist/esm/Matches.js:38:39
    at Object.react_stack_bottom_frame (/home/siegfriedneto/projects/servicedeskn1/frontend/app/node_modules/react-dom/cjs/react-dom-client.development.js:25989:20)
    at runWithFiberInDEV (/home/siegfriedneto/projects/servicedeskn1/frontend/app/node_modules/react-dom/cjs/react-dom-client.development.js:874:13)
    at commitHookEffectListMount (/home/siegfriedneto/projects/servicedeskn1/frontend/app/node_modules/react-dom/cjs/react-dom-client.development.js:13249:29) undefined
Error: Not implemented: window.scrollTo
    at module.exports (/home/siegfriedneto/projects/servicedeskn1/frontend/app/node_modules/jsdom/lib/jsdom/browser/not-implemented.js:9:17)
    at /home/siegfriedneto/projects/servicedeskn1/frontend/app/node_modules/jsdom/lib/jsdom/browser/Window.js:960:7
    at Object.fn (file:///home/siegfriedneto/projects/servicedeskn1/frontend/app/node_modules/@tanstack/router-core/dist/esm/scroll-restoration.js:180:27)
    at RouterCore.emit (file:///home/siegfriedneto/projects/servicedeskn1/frontend/app/node_modules/@tanstack/router-core/dist/esm/router.js:178:14)
    at file:///home/siegfriedneto/projects/servicedeskn1/frontend/app/node_modules/@tanstack/react-router/dist/esm/Transitioner.js:46:25
    at settleOwner (file:///home/siegfriedneto/projects/servicedeskn1/frontend/app/node_modules/@tanstack/react-router/dist/esm/Transitioner.js:10:10)
    at file:///home/siegfriedneto/projects/servicedeskn1/frontend/app/node_modules/@tanstack/react-router/dist/esm/Matches.js:38:39
    at Object.react_stack_bottom_frame (/home/siegfriedneto/projects/servicedeskn1/frontend/app/node_modules/react-dom/cjs/react-dom-client.development.js:25989:20)
    at runWithFiberInDEV (/home/siegfriedneto/projects/servicedeskn1/frontend/app/node_modules/react-dom/cjs/react-dom-client.development.js:874:13)
    at commitHookEffectListMount (/home/siegfriedneto/projects/servicedeskn1/frontend/app/node_modules/react-dom/cjs/react-dom-client.development.js:13249:29) undefined
Error: Not implemented: window.scrollTo
    at module.exports (/home/siegfriedneto/projects/servicedeskn1/frontend/app/node_modules/jsdom/lib/jsdom/browser/not-implemented.js:9:17)
    at /home/siegfriedneto/projects/servicedeskn1/frontend/app/node_modules/jsdom/lib/jsdom/browser/Window.js:960:7
    at Object.fn (file:///home/siegfriedneto/projects/servicedeskn1/frontend/app/node_modules/@tanstack/router-core/dist/esm/scroll-restoration.js:180:27)
    at RouterCore.emit (file:///home/siegfriedneto/projects/servicedeskn1/frontend/app/node_modules/@tanstack/router-core/dist/esm/router.js:178:14)
    at file:///home/siegfriedneto/projects/servicedeskn1/frontend/app/node_modules/@tanstack/react-router/dist/esm/Transitioner.js:46:25
    at settleOwner (file:///home/siegfriedneto/projects/servicedeskn1/frontend/app/node_modules/@tanstack/react-router/dist/esm/Transitioner.js:10:10)
    at file:///home/siegfriedneto/projects/servicedeskn1/frontend/app/node_modules/@tanstack/react-router/dist/esm/Matches.js:38:39
    at Object.react_stack_bottom_frame (/home/siegfriedneto/projects/servicedeskn1/frontend/app/node_modules/react-dom/cjs/react-dom-client.development.js:25989:20)
    at runWithFiberInDEV (/home/siegfriedneto/projects/servicedeskn1/frontend/app/node_modules/react-dom/cjs/react-dom-client.development.js:874:13)
    at commitHookEffectListMount (/home/siegfriedneto/projects/servicedeskn1/frontend/app/node_modules/react-dom/cjs/react-dom-client.development.js:13249:29) undefined
Error: Not implemented: window.scrollTo
    at module.exports (/home/siegfriedneto/projects/servicedeskn1/frontend/app/node_modules/jsdom/lib/jsdom/browser/not-implemented.js:9:17)
    at /home/siegfriedneto/projects/servicedeskn1/frontend/app/node_modules/jsdom/lib/jsdom/browser/Window.js:960:7
    at Object.fn (file:///home/siegfriedneto/projects/servicedeskn1/frontend/app/node_modules/@tanstack/router-core/dist/esm/scroll-restoration.js:180:27)
    at RouterCore.emit (file:///home/siegfriedneto/projects/servicedeskn1/frontend/app/node_modules/@tanstack/router-core/dist/esm/router.js:178:14)
    at file:///home/siegfriedneto/projects/servicedeskn1/frontend/app/node_modules/@tanstack/react-router/dist/esm/Transitioner.js:46:25
    at settleOwner (file:///home/siegfriedneto/projects/servicedeskn1/frontend/app/node_modules/@tanstack/react-router/dist/esm/Transitioner.js:10:10)
    at file:///home/siegfriedneto/projects/servicedeskn1/frontend/app/node_modules/@tanstack/react-router/dist/esm/Matches.js:38:39
    at Object.react_stack_bottom_frame (/home/siegfriedneto/projects/servicedeskn1/frontend/app/node_modules/react-dom/cjs/react-dom-client.development.js:25989:20)
    at runWithFiberInDEV (/home/siegfriedneto/projects/servicedeskn1/frontend/app/node_modules/react-dom/cjs/react-dom-client.development.js:874:13)
    at commitHookEffectListMount (/home/siegfriedneto/projects/servicedeskn1/frontend/app/node_modules/react-dom/cjs/react-dom-client.development.js:13249:29) undefined
Error: Not implemented: window.scrollTo
    at module.exports (/home/siegfriedneto/projects/servicedeskn1/frontend/app/node_modules/jsdom/lib/jsdom/browser/not-implemented.js:9:17)
    at /home/siegfriedneto/projects/servicedeskn1/frontend/app/node_modules/jsdom/lib/jsdom/browser/Window.js:960:7
    at Object.fn (file:///home/siegfriedneto/projects/servicedeskn1/frontend/app/node_modules/@tanstack/router-core/dist/esm/scroll-restoration.js:180:27)
    at RouterCore.emit (file:///home/siegfriedneto/projects/servicedeskn1/frontend/app/node_modules/@tanstack/router-core/dist/esm/router.js:178:14)
    at file:///home/siegfriedneto/projects/servicedeskn1/frontend/app/node_modules/@tanstack/react-router/dist/esm/Transitioner.js:46:25
    at settleOwner (file:///home/siegfriedneto/projects/servicedeskn1/frontend/app/node_modules/@tanstack/react-router/dist/esm/Transitioner.js:10:10)
    at file:///home/siegfriedneto/projects/servicedeskn1/frontend/app/node_modules/@tanstack/react-router/dist/esm/Matches.js:38:39
    at Object.react_stack_bottom_frame (/home/siegfriedneto/projects/servicedeskn1/frontend/app/node_modules/react-dom/cjs/react-dom-client.development.js:25989:20)
    at runWithFiberInDEV (/home/siegfriedneto/projects/servicedeskn1/frontend/app/node_modules/react-dom/cjs/react-dom-client.development.js:874:13)
    at commitHookEffectListMount (/home/siegfriedneto/projects/servicedeskn1/frontend/app/node_modules/react-dom/cjs/react-dom-client.development.js:13249:29) undefined
Error: Not implemented: window.scrollTo
    at module.exports (/home/siegfriedneto/projects/servicedeskn1/frontend/app/node_modules/jsdom/lib/jsdom/browser/not-implemented.js:9:17)
    at /home/siegfriedneto/projects/servicedeskn1/frontend/app/node_modules/jsdom/lib/jsdom/browser/Window.js:960:7
    at Object.fn (file:///home/siegfriedneto/projects/servicedeskn1/frontend/app/node_modules/@tanstack/router-core/dist/esm/scroll-restoration.js:180:27)
    at RouterCore.emit (file:///home/siegfriedneto/projects/servicedeskn1/frontend/app/node_modules/@tanstack/router-core/dist/esm/router.js:178:14)
    at file:///home/siegfriedneto/projects/servicedeskn1/frontend/app/node_modules/@tanstack/react-router/dist/esm/Transitioner.js:46:25
    at settleOwner (file:///home/siegfriedneto/projects/servicedeskn1/frontend/app/node_modules/@tanstack/react-router/dist/esm/Transitioner.js:10:10)
    at file:///home/siegfriedneto/projects/servicedeskn1/frontend/app/node_modules/@tanstack/react-router/dist/esm/Matches.js:38:39
    at Object.react_stack_bottom_frame (/home/siegfriedneto/projects/servicedeskn1/frontend/app/node_modules/react-dom/cjs/react-dom-client.development.js:25989:20)
    at runWithFiberInDEV (/home/siegfriedneto/projects/servicedeskn1/frontend/app/node_modules/react-dom/cjs/react-dom-client.development.js:874:13)
    at commitHookEffectListMount (/home/siegfriedneto/projects/servicedeskn1/frontend/app/node_modules/react-dom/cjs/react-dom-client.development.js:13249:29) undefined
Error: Not implemented: window.scrollTo
    at module.exports (/home/siegfriedneto/projects/servicedeskn1/frontend/app/node_modules/jsdom/lib/jsdom/browser/not-implemented.js:9:17)
    at /home/siegfriedneto/projects/servicedeskn1/frontend/app/node_modules/jsdom/lib/jsdom/browser/Window.js:960:7
    at Object.fn (file:///home/siegfriedneto/projects/servicedeskn1/frontend/app/node_modules/@tanstack/router-core/dist/esm/scroll-restoration.js:180:27)
    at RouterCore.emit (file:///home/siegfriedneto/projects/servicedeskn1/frontend/app/node_modules/@tanstack/router-core/dist/esm/router.js:178:14)
    at file:///home/siegfriedneto/projects/servicedeskn1/frontend/app/node_modules/@tanstack/react-router/dist/esm/Transitioner.js:46:25
    at settleOwner (file:///home/siegfriedneto/projects/servicedeskn1/frontend/app/node_modules/@tanstack/react-router/dist/esm/Transitioner.js:10:10)
    at file:///home/siegfriedneto/projects/servicedeskn1/frontend/app/node_modules/@tanstack/react-router/dist/esm/Matches.js:38:39
    at Object.react_stack_bottom_frame (/home/siegfriedneto/projects/servicedeskn1/frontend/app/node_modules/react-dom/cjs/react-dom-client.development.js:25989:20)
    at runWithFiberInDEV (/home/siegfriedneto/projects/servicedeskn1/frontend/app/node_modules/react-dom/cjs/react-dom-client.development.js:874:13)
    at commitHookEffectListMount (/home/siegfriedneto/projects/servicedeskn1/frontend/app/node_modules/react-dom/cjs/react-dom-client.development.js:13249:29) undefined
Error: Not implemented: window.scrollTo
    at module.exports (/home/siegfriedneto/projects/servicedeskn1/frontend/app/node_modules/jsdom/lib/jsdom/browser/not-implemented.js:9:17)
    at /home/siegfriedneto/projects/servicedeskn1/frontend/app/node_modules/jsdom/lib/jsdom/browser/Window.js:960:7
    at Object.fn (file:///home/siegfriedneto/projects/servicedeskn1/frontend/app/node_modules/@tanstack/router-core/dist/esm/scroll-restoration.js:180:27)
    at RouterCore.emit (file:///home/siegfriedneto/projects/servicedeskn1/frontend/app/node_modules/@tanstack/router-core/dist/esm/router.js:178:14)
    at file:///home/siegfriedneto/projects/servicedeskn1/frontend/app/node_modules/@tanstack/react-router/dist/esm/Transitioner.js:46:25
    at settleOwner (file:///home/siegfriedneto/projects/servicedeskn1/frontend/app/node_modules/@tanstack/react-router/dist/esm/Transitioner.js:10:10)
    at file:///home/siegfriedneto/projects/servicedeskn1/frontend/app/node_modules/@tanstack/react-router/dist/esm/Matches.js:38:39
    at Object.react_stack_bottom_frame (/home/siegfriedneto/projects/servicedeskn1/frontend/app/node_modules/react-dom/cjs/react-dom-client.development.js:25989:20)
    at runWithFiberInDEV (/home/siegfriedneto/projects/servicedeskn1/frontend/app/node_modules/react-dom/cjs/react-dom-client.development.js:874:13)
    at commitHookEffectListMount (/home/siegfriedneto/projects/servicedeskn1/frontend/app/node_modules/react-dom/cjs/react-dom-client.development.js:13249:29) undefined
Error: Not implemented: window.scrollTo
    at module.exports (/home/siegfriedneto/projects/servicedeskn1/frontend/app/node_modules/jsdom/lib/jsdom/browser/not-implemented.js:9:17)
    at /home/siegfriedneto/projects/servicedeskn1/frontend/app/node_modules/jsdom/lib/jsdom/browser/Window.js:960:7
    at Object.fn (file:///home/siegfriedneto/projects/servicedeskn1/frontend/app/node_modules/@tanstack/router-core/dist/esm/scroll-restoration.js:180:27)
    at RouterCore.emit (file:///home/siegfriedneto/projects/servicedeskn1/frontend/app/node_modules/@tanstack/router-core/dist/esm/router.js:178:14)
    at file:///home/siegfriedneto/projects/servicedeskn1/frontend/app/node_modules/@tanstack/react-router/dist/esm/Transitioner.js:46:25
    at settleOwner (file:///home/siegfriedneto/projects/servicedeskn1/frontend/app/node_modules/@tanstack/react-router/dist/esm/Transitioner.js:10:10)
    at file:///home/siegfriedneto/projects/servicedeskn1/frontend/app/node_modules/@tanstack/react-router/dist/esm/Matches.js:38:39
    at Object.react_stack_bottom_frame (/home/siegfriedneto/projects/servicedeskn1/frontend/app/node_modules/react-dom/cjs/react-dom-client.development.js:25989:20)
    at runWithFiberInDEV (/home/siegfriedneto/projects/servicedeskn1/frontend/app/node_modules/react-dom/cjs/react-dom-client.development.js:874:13)
    at commitHookEffectListMount (/home/siegfriedneto/projects/servicedeskn1/frontend/app/node_modules/react-dom/cjs/react-dom-client.development.js:13249:29) undefined
Error: Not implemented: window.scrollTo
    at module.exports (/home/siegfriedneto/projects/servicedeskn1/frontend/app/node_modules/jsdom/lib/jsdom/browser/not-implemented.js:9:17)
    at /home/siegfriedneto/projects/servicedeskn1/frontend/app/node_modules/jsdom/lib/jsdom/browser/Window.js:960:7
    at Object.fn (file:///home/siegfriedneto/projects/servicedeskn1/frontend/app/node_modules/@tanstack/router-core/dist/esm/scroll-restoration.js:180:27)
    at RouterCore.emit (file:///home/siegfriedneto/projects/servicedeskn1/frontend/app/node_modules/@tanstack/router-core/dist/esm/router.js:178:14)
    at file:///home/siegfriedneto/projects/servicedeskn1/frontend/app/node_modules/@tanstack/react-router/dist/esm/Transitioner.js:46:25
    at settleOwner (file:///home/siegfriedneto/projects/servicedeskn1/frontend/app/node_modules/@tanstack/react-router/dist/esm/Transitioner.js:10:10)
    at file:///home/siegfriedneto/projects/servicedeskn1/frontend/app/node_modules/@tanstack/react-router/dist/esm/Matches.js:38:39
    at Object.react_stack_bottom_frame (/home/siegfriedneto/projects/servicedeskn1/frontend/app/node_modules/react-dom/cjs/react-dom-client.development.js:25989:20)
    at runWithFiberInDEV (/home/siegfriedneto/projects/servicedeskn1/frontend/app/node_modules/react-dom/cjs/react-dom-client.development.js:874:13)
    at commitHookEffectListMount (/home/siegfriedneto/projects/servicedeskn1/frontend/app/node_modules/react-dom/cjs/react-dom-client.development.js:13249:29) undefined
Error: Not implemented: window.scrollTo
    at module.exports (/home/siegfriedneto/projects/servicedeskn1/frontend/app/node_modules/jsdom/lib/jsdom/browser/not-implemented.js:9:17)
    at /home/siegfriedneto/projects/servicedeskn1/frontend/app/node_modules/jsdom/lib/jsdom/browser/Window.js:960:7
    at Object.fn (file:///home/siegfriedneto/projects/servicedeskn1/frontend/app/node_modules/@tanstack/router-core/dist/esm/scroll-restoration.js:180:27)
    at RouterCore.emit (file:///home/siegfriedneto/projects/servicedeskn1/frontend/app/node_modules/@tanstack/router-core/dist/esm/router.js:178:14)
    at file:///home/siegfriedneto/projects/servicedeskn1/frontend/app/node_modules/@tanstack/router-core/dist/esm/load-client.js:943:46
    at Router.batch (file:///home/siegfriedneto/projects/servicedeskn1/frontend/app/node_modules/@tanstack/store/dist/esm/atom.js:39:5)
    at file:///home/siegfriedneto/projects/servicedeskn1/frontend/app/node_modules/@tanstack/router-core/dist/esm/load-client.js:936:10
    at runClientTransaction (file:///home/siegfriedneto/projects/servicedeskn1/frontend/app/node_modules/@tanstack/router-core/dist/esm/load-client.js:902:2)
    at loadClientRoute (file:///home/siegfriedneto/projects/servicedeskn1/frontend/app/node_modules/@tanstack/router-core/dist/esm/load-client.js:1034:2)
    at RouterCore.load (file:///home/siegfriedneto/projects/servicedeskn1/frontend/app/node_modules/@tanstack/router-core/dist/esm/router.js:489:4) undefined
Error: Not implemented: window.scrollTo
    at module.exports (/home/siegfriedneto/projects/servicedeskn1/frontend/app/node_modules/jsdom/lib/jsdom/browser/not-implemented.js:9:17)
    at /home/siegfriedneto/projects/servicedeskn1/frontend/app/node_modules/jsdom/lib/jsdom/browser/Window.js:960:7
    at Object.fn (file:///home/siegfriedneto/projects/servicedeskn1/frontend/app/node_modules/@tanstack/router-core/dist/esm/scroll-restoration.js:180:27)
    at RouterCore.emit (file:///home/siegfriedneto/projects/servicedeskn1/frontend/app/node_modules/@tanstack/router-core/dist/esm/router.js:178:14)
    at file:///home/siegfriedneto/projects/servicedeskn1/frontend/app/node_modules/@tanstack/react-router/dist/esm/Transitioner.js:46:25
    at settleOwner (file:///home/siegfriedneto/projects/servicedeskn1/frontend/app/node_modules/@tanstack/react-router/dist/esm/Transitioner.js:10:10)
    at file:///home/siegfriedneto/projects/servicedeskn1/frontend/app/node_modules/@tanstack/react-router/dist/esm/Matches.js:38:39
    at Object.react_stack_bottom_frame (/home/siegfriedneto/projects/servicedeskn1/frontend/app/node_modules/react-dom/cjs/react-dom-client.development.js:25989:20)
    at runWithFiberInDEV (/home/siegfriedneto/projects/servicedeskn1/frontend/app/node_modules/react-dom/cjs/react-dom-client.development.js:874:13)
    at commitHookEffectListMount (/home/siegfriedneto/projects/servicedeskn1/frontend/app/node_modules/react-dom/cjs/react-dom-client.development.js:13249:29) undefined
Error: Not implemented: window.scrollTo
    at module.exports (/home/siegfriedneto/projects/servicedeskn1/frontend/app/node_modules/jsdom/lib/jsdom/browser/not-implemented.js:9:17)
    at /home/siegfriedneto/projects/servicedeskn1/frontend/app/node_modules/jsdom/lib/jsdom/browser/Window.js:960:7
    at Object.fn (file:///home/siegfriedneto/projects/servicedeskn1/frontend/app/node_modules/@tanstack/router-core/dist/esm/scroll-restoration.js:180:27)
    at RouterCore.emit (file:///home/siegfriedneto/projects/servicedeskn1/frontend/app/node_modules/@tanstack/router-core/dist/esm/router.js:178:14)
    at file:///home/siegfriedneto/projects/servicedeskn1/frontend/app/node_modules/@tanstack/react-router/dist/esm/Transitioner.js:46:25
    at settleOwner (file:///home/siegfriedneto/projects/servicedeskn1/frontend/app/node_modules/@tanstack/react-router/dist/esm/Transitioner.js:10:10)
    at file:///home/siegfriedneto/projects/servicedeskn1/frontend/app/node_modules/@tanstack/react-router/dist/esm/Matches.js:38:39
    at Object.react_stack_bottom_frame (/home/siegfriedneto/projects/servicedeskn1/frontend/app/node_modules/react-dom/cjs/react-dom-client.development.js:25989:20)
    at runWithFiberInDEV (/home/siegfriedneto/projects/servicedeskn1/frontend/app/node_modules/react-dom/cjs/react-dom-client.development.js:874:13)
    at commitHookEffectListMount (/home/siegfriedneto/projects/servicedeskn1/frontend/app/node_modules/react-dom/cjs/react-dom-client.development.js:13249:29) undefined
Error: Not implemented: window.scrollTo
    at module.exports (/home/siegfriedneto/projects/servicedeskn1/frontend/app/node_modules/jsdom/lib/jsdom/browser/not-implemented.js:9:17)
    at /home/siegfriedneto/projects/servicedeskn1/frontend/app/node_modules/jsdom/lib/jsdom/browser/Window.js:960:7
    at Object.fn (file:///home/siegfriedneto/projects/servicedeskn1/frontend/app/node_modules/@tanstack/router-core/dist/esm/scroll-restoration.js:180:27)
    at RouterCore.emit (file:///home/siegfriedneto/projects/servicedeskn1/frontend/app/node_modules/@tanstack/router-core/dist/esm/router.js:178:14)
    at file:///home/siegfriedneto/projects/servicedeskn1/frontend/app/node_modules/@tanstack/react-router/dist/esm/Transitioner.js:46:25
    at settleOwner (file:///home/siegfriedneto/projects/servicedeskn1/frontend/app/node_modules/@tanstack/react-router/dist/esm/Transitioner.js:10:10)
    at file:///home/siegfriedneto/projects/servicedeskn1/frontend/app/node_modules/@tanstack/react-router/dist/esm/Matches.js:38:39
    at Object.react_stack_bottom_frame (/home/siegfriedneto/projects/servicedeskn1/frontend/app/node_modules/react-dom/cjs/react-dom-client.development.js:25989:20)
    at runWithFiberInDEV (/home/siegfriedneto/projects/servicedeskn1/frontend/app/node_modules/react-dom/cjs/react-dom-client.development.js:874:13)
    at commitHookEffectListMount (/home/siegfriedneto/projects/servicedeskn1/frontend/app/node_modules/react-dom/cjs/react-dom-client.development.js:13249:29) undefined
Error: Not implemented: window.scrollTo
    at module.exports (/home/siegfriedneto/projects/servicedeskn1/frontend/app/node_modules/jsdom/lib/jsdom/browser/not-implemented.js:9:17)
    at /home/siegfriedneto/projects/servicedeskn1/frontend/app/node_modules/jsdom/lib/jsdom/browser/Window.js:960:7
    at Object.fn (file:///home/siegfriedneto/projects/servicedeskn1/frontend/app/node_modules/@tanstack/router-core/dist/esm/scroll-restoration.js:180:27)
    at RouterCore.emit (file:///home/siegfriedneto/projects/servicedeskn1/frontend/app/node_modules/@tanstack/router-core/dist/esm/router.js:178:14)
    at file:///home/siegfriedneto/projects/servicedeskn1/frontend/app/node_modules/@tanstack/react-router/dist/esm/Transitioner.js:46:25
    at settleOwner (file:///home/siegfriedneto/projects/servicedeskn1/frontend/app/node_modules/@tanstack/react-router/dist/esm/Transitioner.js:10:10)
    at file:///home/siegfriedneto/projects/servicedeskn1/frontend/app/node_modules/@tanstack/react-router/dist/esm/Matches.js:38:39
    at Object.react_stack_bottom_frame (/home/siegfriedneto/projects/servicedeskn1/frontend/app/node_modules/react-dom/cjs/react-dom-client.development.js:25989:20)
    at runWithFiberInDEV (/home/siegfriedneto/projects/servicedeskn1/frontend/app/node_modules/react-dom/cjs/react-dom-client.development.js:874:13)
    at commitHookEffectListMount (/home/siegfriedneto/projects/servicedeskn1/frontend/app/node_modules/react-dom/cjs/react-dom-client.development.js:13249:29) undefined
Error: Not implemented: window.scrollTo
    at module.exports (/home/siegfriedneto/projects/servicedeskn1/frontend/app/node_modules/jsdom/lib/jsdom/browser/not-implemented.js:9:17)
    at /home/siegfriedneto/projects/servicedeskn1/frontend/app/node_modules/jsdom/lib/jsdom/browser/Window.js:960:7
    at Object.fn (file:///home/siegfriedneto/projects/servicedeskn1/frontend/app/node_modules/@tanstack/router-core/dist/esm/scroll-restoration.js:180:27)
    at RouterCore.emit (file:///home/siegfriedneto/projects/servicedeskn1/frontend/app/node_modules/@tanstack/router-core/dist/esm/router.js:178:14)
    at file:///home/siegfriedneto/projects/servicedeskn1/frontend/app/node_modules/@tanstack/react-router/dist/esm/Transitioner.js:46:25
    at settleOwner (file:///home/siegfriedneto/projects/servicedeskn1/frontend/app/node_modules/@tanstack/react-router/dist/esm/Transitioner.js:10:10)
    at file:///home/siegfriedneto/projects/servicedeskn1/frontend/app/node_modules/@tanstack/react-router/dist/esm/Matches.js:38:39
    at Object.react_stack_bottom_frame (/home/siegfriedneto/projects/servicedeskn1/frontend/app/node_modules/react-dom/cjs/react-dom-client.development.js:25989:20)
    at runWithFiberInDEV (/home/siegfriedneto/projects/servicedeskn1/frontend/app/node_modules/react-dom/cjs/react-dom-client.development.js:874:13)
    at commitHookEffectListMount (/home/siegfriedneto/projects/servicedeskn1/frontend/app/node_modules/react-dom/cjs/react-dom-client.development.js:13249:29) undefined
Error: Not implemented: window.scrollTo
    at module.exports (/home/siegfriedneto/projects/servicedeskn1/frontend/app/node_modules/jsdom/lib/jsdom/browser/not-implemented.js:9:17)
    at /home/siegfriedneto/projects/servicedeskn1/frontend/app/node_modules/jsdom/lib/jsdom/browser/Window.js:960:7
    at Object.fn (file:///home/siegfriedneto/projects/servicedeskn1/frontend/app/node_modules/@tanstack/router-core/dist/esm/scroll-restoration.js:180:27)
    at RouterCore.emit (file:///home/siegfriedneto/projects/servicedeskn1/frontend/app/node_modules/@tanstack/router-core/dist/esm/router.js:178:14)
    at file:///home/siegfriedneto/projects/servicedeskn1/frontend/app/node_modules/@tanstack/react-router/dist/esm/Transitioner.js:46:25
    at settleOwner (file:///home/siegfriedneto/projects/servicedeskn1/frontend/app/node_modules/@tanstack/react-router/dist/esm/Transitioner.js:10:10)
    at file:///home/siegfriedneto/projects/servicedeskn1/frontend/app/node_modules/@tanstack/react-router/dist/esm/Matches.js:38:39
    at Object.react_stack_bottom_frame (/home/siegfriedneto/projects/servicedeskn1/frontend/app/node_modules/react-dom/cjs/react-dom-client.development.js:25989:20)
    at runWithFiberInDEV (/home/siegfriedneto/projects/servicedeskn1/frontend/app/node_modules/react-dom/cjs/react-dom-client.development.js:874:13)
    at commitHookEffectListMount (/home/siegfriedneto/projects/servicedeskn1/frontend/app/node_modules/react-dom/cjs/react-dom-client.development.js:13249:29) undefined
Error: Not implemented: window.scrollTo
    at module.exports (/home/siegfriedneto/projects/servicedeskn1/frontend/app/node_modules/jsdom/lib/jsdom/browser/not-implemented.js:9:17)
    at /home/siegfriedneto/projects/servicedeskn1/frontend/app/node_modules/jsdom/lib/jsdom/browser/Window.js:960:7
    at Object.fn (file:///home/siegfriedneto/projects/servicedeskn1/frontend/app/node_modules/@tanstack/router-core/dist/esm/scroll-restoration.js:180:27)
    at RouterCore.emit (file:///home/siegfriedneto/projects/servicedeskn1/frontend/app/node_modules/@tanstack/router-core/dist/esm/router.js:178:14)
    at file:///home/siegfriedneto/projects/servicedeskn1/frontend/app/node_modules/@tanstack/router-core/dist/esm/load-client.js:943:46
    at Router.batch (file:///home/siegfriedneto/projects/servicedeskn1/frontend/app/node_modules/@tanstack/store/dist/esm/atom.js:39:5)
    at file:///home/siegfriedneto/projects/servicedeskn1/frontend/app/node_modules/@tanstack/router-core/dist/esm/load-client.js:936:10
    at runClientTransaction (file:///home/siegfriedneto/projects/servicedeskn1/frontend/app/node_modules/@tanstack/router-core/dist/esm/load-client.js:902:2)
    at loadClientRoute (file:///home/siegfriedneto/projects/servicedeskn1/frontend/app/node_modules/@tanstack/router-core/dist/esm/load-client.js:1034:2)
    at RouterCore.load (file:///home/siegfriedneto/projects/servicedeskn1/frontend/app/node_modules/@tanstack/router-core/dist/esm/router.js:489:4) undefined
Error: Not implemented: window.scrollTo
    at module.exports (/home/siegfriedneto/projects/servicedeskn1/frontend/app/node_modules/jsdom/lib/jsdom/browser/not-implemented.js:9:17)
    at /home/siegfriedneto/projects/servicedeskn1/frontend/app/node_modules/jsdom/lib/jsdom/browser/Window.js:960:7
    at Object.fn (file:///home/siegfriedneto/projects/servicedeskn1/frontend/app/node_modules/@tanstack/router-core/dist/esm/scroll-restoration.js:180:27)
    at RouterCore.emit (file:///home/siegfriedneto/projects/servicedeskn1/frontend/app/node_modules/@tanstack/router-core/dist/esm/router.js:178:14)
    at file:///home/siegfriedneto/projects/servicedeskn1/frontend/app/node_modules/@tanstack/react-router/dist/esm/Transitioner.js:46:25
    at settleOwner (file:///home/siegfriedneto/projects/servicedeskn1/frontend/app/node_modules/@tanstack/react-router/dist/esm/Transitioner.js:10:10)
    at file:///home/siegfriedneto/projects/servicedeskn1/frontend/app/node_modules/@tanstack/react-router/dist/esm/Matches.js:38:39
    at Object.react_stack_bottom_frame (/home/siegfriedneto/projects/servicedeskn1/frontend/app/node_modules/react-dom/cjs/react-dom-client.development.js:25989:20)
    at runWithFiberInDEV (/home/siegfriedneto/projects/servicedeskn1/frontend/app/node_modules/react-dom/cjs/react-dom-client.development.js:874:13)
    at commitHookEffectListMount (/home/siegfriedneto/projects/servicedeskn1/frontend/app/node_modules/react-dom/cjs/react-dom-client.development.js:13249:29) undefined
Error: Not implemented: window.scrollTo
    at module.exports (/home/siegfriedneto/projects/servicedeskn1/frontend/app/node_modules/jsdom/lib/jsdom/browser/not-implemented.js:9:17)
    at /home/siegfriedneto/projects/servicedeskn1/frontend/app/node_modules/jsdom/lib/jsdom/browser/Window.js:960:7
    at Object.fn (file:///home/siegfriedneto/projects/servicedeskn1/frontend/app/node_modules/@tanstack/router-core/dist/esm/scroll-restoration.js:180:27)
    at RouterCore.emit (file:///home/siegfriedneto/projects/servicedeskn1/frontend/app/node_modules/@tanstack/router-core/dist/esm/router.js:178:14)
    at file:///home/siegfriedneto/projects/servicedeskn1/frontend/app/node_modules/@tanstack/router-core/dist/esm/load-client.js:943:46
    at Router.batch (file:///home/siegfriedneto/projects/servicedeskn1/frontend/app/node_modules/@tanstack/store/dist/esm/atom.js:39:5)
    at file:///home/siegfriedneto/projects/servicedeskn1/frontend/app/node_modules/@tanstack/router-core/dist/esm/load-client.js:936:10
    at runClientTransaction (file:///home/siegfriedneto/projects/servicedeskn1/frontend/app/node_modules/@tanstack/router-core/dist/esm/load-client.js:902:2)
    at loadClientRoute (file:///home/siegfriedneto/projects/servicedeskn1/frontend/app/node_modules/@tanstack/router-core/dist/esm/load-client.js:1034:2)
    at RouterCore.load (file:///home/siegfriedneto/projects/servicedeskn1/frontend/app/node_modules/@tanstack/router-core/dist/esm/router.js:489:4) undefined
Error: Not implemented: window.scrollTo
    at module.exports (/home/siegfriedneto/projects/servicedeskn1/frontend/app/node_modules/jsdom/lib/jsdom/browser/not-implemented.js:9:17)
    at /home/siegfriedneto/projects/servicedeskn1/frontend/app/node_modules/jsdom/lib/jsdom/browser/Window.js:960:7
    at Object.fn (file:///home/siegfriedneto/projects/servicedeskn1/frontend/app/node_modules/@tanstack/router-core/dist/esm/scroll-restoration.js:180:27)
    at RouterCore.emit (file:///home/siegfriedneto/projects/servicedeskn1/frontend/app/node_modules/@tanstack/router-core/dist/esm/router.js:178:14)
    at file:///home/siegfriedneto/projects/servicedeskn1/frontend/app/node_modules/@tanstack/react-router/dist/esm/Transitioner.js:46:25
    at settleOwner (file:///home/siegfriedneto/projects/servicedeskn1/frontend/app/node_modules/@tanstack/react-router/dist/esm/Transitioner.js:10:10)
    at file:///home/siegfriedneto/projects/servicedeskn1/frontend/app/node_modules/@tanstack/react-router/dist/esm/Matches.js:38:39
    at Object.react_stack_bottom_frame (/home/siegfriedneto/projects/servicedeskn1/frontend/app/node_modules/react-dom/cjs/react-dom-client.development.js:25989:20)
    at runWithFiberInDEV (/home/siegfriedneto/projects/servicedeskn1/frontend/app/node_modules/react-dom/cjs/react-dom-client.development.js:874:13)
    at commitHookEffectListMount (/home/siegfriedneto/projects/servicedeskn1/frontend/app/node_modules/react-dom/cjs/react-dom-client.development.js:13249:29) undefined
Error: Not implemented: window.scrollTo
    at module.exports (/home/siegfriedneto/projects/servicedeskn1/frontend/app/node_modules/jsdom/lib/jsdom/browser/not-implemented.js:9:17)
    at /home/siegfriedneto/projects/servicedeskn1/frontend/app/node_modules/jsdom/lib/jsdom/browser/Window.js:960:7
    at Object.fn (file:///home/siegfriedneto/projects/servicedeskn1/frontend/app/node_modules/@tanstack/router-core/dist/esm/scroll-restoration.js:180:27)
    at RouterCore.emit (file:///home/siegfriedneto/projects/servicedeskn1/frontend/app/node_modules/@tanstack/router-core/dist/esm/router.js:178:14)
    at file:///home/siegfriedneto/projects/servicedeskn1/frontend/app/node_modules/@tanstack/react-router/dist/esm/Transitioner.js:46:25
    at settleOwner (file:///home/siegfriedneto/projects/servicedeskn1/frontend/app/node_modules/@tanstack/react-router/dist/esm/Transitioner.js:10:10)
    at file:///home/siegfriedneto/projects/servicedeskn1/frontend/app/node_modules/@tanstack/react-router/dist/esm/Matches.js:38:39
    at Object.react_stack_bottom_frame (/home/siegfriedneto/projects/servicedeskn1/frontend/app/node_modules/react-dom/cjs/react-dom-client.development.js:25989:20)
    at runWithFiberInDEV (/home/siegfriedneto/projects/servicedeskn1/frontend/app/node_modules/react-dom/cjs/react-dom-client.development.js:874:13)
    at commitHookEffectListMount (/home/siegfriedneto/projects/servicedeskn1/frontend/app/node_modules/react-dom/cjs/react-dom-client.development.js:13249:29) undefined
Error: Not implemented: window.scrollTo
    at module.exports (/home/siegfriedneto/projects/servicedeskn1/frontend/app/node_modules/jsdom/lib/jsdom/browser/not-implemented.js:9:17)
    at /home/siegfriedneto/projects/servicedeskn1/frontend/app/node_modules/jsdom/lib/jsdom/browser/Window.js:960:7
    at Object.fn (file:///home/siegfriedneto/projects/servicedeskn1/frontend/app/node_modules/@tanstack/router-core/dist/esm/scroll-restoration.js:180:27)
    at RouterCore.emit (file:///home/siegfriedneto/projects/servicedeskn1/frontend/app/node_modules/@tanstack/router-core/dist/esm/router.js:178:14)
    at file:///home/siegfriedneto/projects/servicedeskn1/frontend/app/node_modules/@tanstack/react-router/dist/esm/Transitioner.js:46:25
    at settleOwner (file:///home/siegfriedneto/projects/servicedeskn1/frontend/app/node_modules/@tanstack/react-router/dist/esm/Transitioner.js:10:10)
    at file:///home/siegfriedneto/projects/servicedeskn1/frontend/app/node_modules/@tanstack/react-router/dist/esm/Matches.js:38:39
    at Object.react_stack_bottom_frame (/home/siegfriedneto/projects/servicedeskn1/frontend/app/node_modules/react-dom/cjs/react-dom-client.development.js:25989:20)
    at runWithFiberInDEV (/home/siegfriedneto/projects/servicedeskn1/frontend/app/node_modules/react-dom/cjs/react-dom-client.development.js:874:13)
    at commitHookEffectListMount (/home/siegfriedneto/projects/servicedeskn1/frontend/app/node_modules/react-dom/cjs/react-dom-client.development.js:13249:29) undefined
Error: Not implemented: window.scrollTo
    at module.exports (/home/siegfriedneto/projects/servicedeskn1/frontend/app/node_modules/jsdom/lib/jsdom/browser/not-implemented.js:9:17)
    at /home/siegfriedneto/projects/servicedeskn1/frontend/app/node_modules/jsdom/lib/jsdom/browser/Window.js:960:7
    at Object.fn (file:///home/siegfriedneto/projects/servicedeskn1/frontend/app/node_modules/@tanstack/router-core/dist/esm/scroll-restoration.js:180:27)
    at RouterCore.emit (file:///home/siegfriedneto/projects/servicedeskn1/frontend/app/node_modules/@tanstack/router-core/dist/esm/router.js:178:14)
    at file:///home/siegfriedneto/projects/servicedeskn1/frontend/app/node_modules/@tanstack/react-router/dist/esm/Transitioner.js:46:25
    at settleOwner (file:///home/siegfriedneto/projects/servicedeskn1/frontend/app/node_modules/@tanstack/react-router/dist/esm/Transitioner.js:10:10)
    at file:///home/siegfriedneto/projects/servicedeskn1/frontend/app/node_modules/@tanstack/react-router/dist/esm/Matches.js:38:39
    at Object.react_stack_bottom_frame (/home/siegfriedneto/projects/servicedeskn1/frontend/app/node_modules/react-dom/cjs/react-dom-client.development.js:25989:20)
    at runWithFiberInDEV (/home/siegfriedneto/projects/servicedeskn1/frontend/app/node_modules/react-dom/cjs/react-dom-client.development.js:874:13)
    at commitHookEffectListMount (/home/siegfriedneto/projects/servicedeskn1/frontend/app/node_modules/react-dom/cjs/react-dom-client.development.js:13249:29) undefined
Error: Not implemented: window.scrollTo
    at module.exports (/home/siegfriedneto/projects/servicedeskn1/frontend/app/node_modules/jsdom/lib/jsdom/browser/not-implemented.js:9:17)
    at /home/siegfriedneto/projects/servicedeskn1/frontend/app/node_modules/jsdom/lib/jsdom/browser/Window.js:960:7
    at Object.fn (file:///home/siegfriedneto/projects/servicedeskn1/frontend/app/node_modules/@tanstack/router-core/dist/esm/scroll-restoration.js:180:27)
    at RouterCore.emit (file:///home/siegfriedneto/projects/servicedeskn1/frontend/app/node_modules/@tanstack/router-core/dist/esm/router.js:178:14)
    at file:///home/siegfriedneto/projects/servicedeskn1/frontend/app/node_modules/@tanstack/react-router/dist/esm/Transitioner.js:46:25
    at settleOwner (file:///home/siegfriedneto/projects/servicedeskn1/frontend/app/node_modules/@tanstack/react-router/dist/esm/Transitioner.js:10:10)
    at file:///home/siegfriedneto/projects/servicedeskn1/frontend/app/node_modules/@tanstack/react-router/dist/esm/Matches.js:38:39
    at Object.react_stack_bottom_frame (/home/siegfriedneto/projects/servicedeskn1/frontend/app/node_modules/react-dom/cjs/react-dom-client.development.js:25989:20)
    at runWithFiberInDEV (/home/siegfriedneto/projects/servicedeskn1/frontend/app/node_modules/react-dom/cjs/react-dom-client.development.js:874:13)
    at commitHookEffectListMount (/home/siegfriedneto/projects/servicedeskn1/frontend/app/node_modules/react-dom/cjs/react-dom-client.development.js:13249:29) undefined
Error: Not implemented: window.scrollTo
    at module.exports (/home/siegfriedneto/projects/servicedeskn1/frontend/app/node_modules/jsdom/lib/jsdom/browser/not-implemented.js:9:17)
    at /home/siegfriedneto/projects/servicedeskn1/frontend/app/node_modules/jsdom/lib/jsdom/browser/Window.js:960:7
    at Object.fn (file:///home/siegfriedneto/projects/servicedeskn1/frontend/app/node_modules/@tanstack/router-core/dist/esm/scroll-restoration.js:180:27)
    at RouterCore.emit (file:///home/siegfriedneto/projects/servicedeskn1/frontend/app/node_modules/@tanstack/router-core/dist/esm/router.js:178:14)
    at file:///home/siegfriedneto/projects/servicedeskn1/frontend/app/node_modules/@tanstack/react-router/dist/esm/Transitioner.js:46:25
    at settleOwner (file:///home/siegfriedneto/projects/servicedeskn1/frontend/app/node_modules/@tanstack/react-router/dist/esm/Transitioner.js:10:10)
    at file:///home/siegfriedneto/projects/servicedeskn1/frontend/app/node_modules/@tanstack/react-router/dist/esm/Matches.js:38:39
    at Object.react_stack_bottom_frame (/home/siegfriedneto/projects/servicedeskn1/frontend/app/node_modules/react-dom/cjs/react-dom-client.development.js:25989:20)
    at runWithFiberInDEV (/home/siegfriedneto/projects/servicedeskn1/frontend/app/node_modules/react-dom/cjs/react-dom-client.development.js:874:13)
    at commitHookEffectListMount (/home/siegfriedneto/projects/servicedeskn1/frontend/app/node_modules/react-dom/cjs/react-dom-client.development.js:13249:29) undefined
Error: Not implemented: window.scrollTo
    at module.exports (/home/siegfriedneto/projects/servicedeskn1/frontend/app/node_modules/jsdom/lib/jsdom/browser/not-implemented.js:9:17)
    at /home/siegfriedneto/projects/servicedeskn1/frontend/app/node_modules/jsdom/lib/jsdom/browser/Window.js:960:7
    at Object.fn (file:///home/siegfriedneto/projects/servicedeskn1/frontend/app/node_modules/@tanstack/router-core/dist/esm/scroll-restoration.js:180:27)
    at RouterCore.emit (file:///home/siegfriedneto/projects/servicedeskn1/frontend/app/node_modules/@tanstack/router-core/dist/esm/router.js:178:14)
    at file:///home/siegfriedneto/projects/servicedeskn1/frontend/app/node_modules/@tanstack/react-router/dist/esm/Transitioner.js:46:25
    at settleOwner (file:///home/siegfriedneto/projects/servicedeskn1/frontend/app/node_modules/@tanstack/react-router/dist/esm/Transitioner.js:10:10)
    at file:///home/siegfriedneto/projects/servicedeskn1/frontend/app/node_modules/@tanstack/react-router/dist/esm/Matches.js:38:39
    at Object.react_stack_bottom_frame (/home/siegfriedneto/projects/servicedeskn1/frontend/app/node_modules/react-dom/cjs/react-dom-client.development.js:25989:20)
    at runWithFiberInDEV (/home/siegfriedneto/projects/servicedeskn1/frontend/app/node_modules/react-dom/cjs/react-dom-client.development.js:874:13)
    at commitHookEffectListMount (/home/siegfriedneto/projects/servicedeskn1/frontend/app/node_modules/react-dom/cjs/react-dom-client.development.js:13249:29) undefined
Error: Not implemented: window.scrollTo
    at module.exports (/home/siegfriedneto/projects/servicedeskn1/frontend/app/node_modules/jsdom/lib/jsdom/browser/not-implemented.js:9:17)
    at /home/siegfriedneto/projects/servicedeskn1/frontend/app/node_modules/jsdom/lib/jsdom/browser/Window.js:960:7
    at Object.fn (file:///home/siegfriedneto/projects/servicedeskn1/frontend/app/node_modules/@tanstack/router-core/dist/esm/scroll-restoration.js:180:27)
    at RouterCore.emit (file:///home/siegfriedneto/projects/servicedeskn1/frontend/app/node_modules/@tanstack/router-core/dist/esm/router.js:178:14)
    at file:///home/siegfriedneto/projects/servicedeskn1/frontend/app/node_modules/@tanstack/react-router/dist/esm/Transitioner.js:46:25
    at settleOwner (file:///home/siegfriedneto/projects/servicedeskn1/frontend/app/node_modules/@tanstack/react-router/dist/esm/Transitioner.js:10:10)
    at file:///home/siegfriedneto/projects/servicedeskn1/frontend/app/node_modules/@tanstack/react-router/dist/esm/Matches.js:38:39
    at Object.react_stack_bottom_frame (/home/siegfriedneto/projects/servicedeskn1/frontend/app/node_modules/react-dom/cjs/react-dom-client.development.js:25989:20)
    at runWithFiberInDEV (/home/siegfriedneto/projects/servicedeskn1/frontend/app/node_modules/react-dom/cjs/react-dom-client.development.js:874:13)
    at commitHookEffectListMount (/home/siegfriedneto/projects/servicedeskn1/frontend/app/node_modules/react-dom/cjs/react-dom-client.development.js:13249:29) undefined
Error: Not implemented: window.scrollTo
    at module.exports (/home/siegfriedneto/projects/servicedeskn1/frontend/app/node_modules/jsdom/lib/jsdom/browser/not-implemented.js:9:17)
    at /home/siegfriedneto/projects/servicedeskn1/frontend/app/node_modules/jsdom/lib/jsdom/browser/Window.js:960:7
    at Object.fn (file:///home/siegfriedneto/projects/servicedeskn1/frontend/app/node_modules/@tanstack/router-core/dist/esm/scroll-restoration.js:180:27)
    at RouterCore.emit (file:///home/siegfriedneto/projects/servicedeskn1/frontend/app/node_modules/@tanstack/router-core/dist/esm/router.js:178:14)
    at file:///home/siegfriedneto/projects/servicedeskn1/frontend/app/node_modules/@tanstack/react-router/dist/esm/Transitioner.js:46:25
    at settleOwner (file:///home/siegfriedneto/projects/servicedeskn1/frontend/app/node_modules/@tanstack/react-router/dist/esm/Transitioner.js:10:10)
    at file:///home/siegfriedneto/projects/servicedeskn1/frontend/app/node_modules/@tanstack/react-router/dist/esm/Matches.js:38:39
    at Object.react_stack_bottom_frame (/home/siegfriedneto/projects/servicedeskn1/frontend/app/node_modules/react-dom/cjs/react-dom-client.development.js:25989:20)
    at runWithFiberInDEV (/home/siegfriedneto/projects/servicedeskn1/frontend/app/node_modules/react-dom/cjs/react-dom-client.development.js:874:13)
    at commitHookEffectListMount (/home/siegfriedneto/projects/servicedeskn1/frontend/app/node_modules/react-dom/cjs/react-dom-client.development.js:13249:29) undefined
Error: Not implemented: window.scrollTo
    at module.exports (/home/siegfriedneto/projects/servicedeskn1/frontend/app/node_modules/jsdom/lib/jsdom/browser/not-implemented.js:9:17)
    at /home/siegfriedneto/projects/servicedeskn1/frontend/app/node_modules/jsdom/lib/jsdom/browser/Window.js:960:7
    at Object.fn (file:///home/siegfriedneto/projects/servicedeskn1/frontend/app/node_modules/@tanstack/router-core/dist/esm/scroll-restoration.js:180:27)
    at RouterCore.emit (file:///home/siegfriedneto/projects/servicedeskn1/frontend/app/node_modules/@tanstack/router-core/dist/esm/router.js:178:14)
    at file:///home/siegfriedneto/projects/servicedeskn1/frontend/app/node_modules/@tanstack/react-router/dist/esm/Transitioner.js:46:25
    at settleOwner (file:///home/siegfriedneto/projects/servicedeskn1/frontend/app/node_modules/@tanstack/react-router/dist/esm/Transitioner.js:10:10)
    at file:///home/siegfriedneto/projects/servicedeskn1/frontend/app/node_modules/@tanstack/react-router/dist/esm/Matches.js:38:39
    at Object.react_stack_bottom_frame (/home/siegfriedneto/projects/servicedeskn1/frontend/app/node_modules/react-dom/cjs/react-dom-client.development.js:25989:20)
    at runWithFiberInDEV (/home/siegfriedneto/projects/servicedeskn1/frontend/app/node_modules/react-dom/cjs/react-dom-client.development.js:874:13)
    at commitHookEffectListMount (/home/siegfriedneto/projects/servicedeskn1/frontend/app/node_modules/react-dom/cjs/react-dom-client.development.js:13249:29) undefined
Error: Not implemented: window.scrollTo
    at module.exports (/home/siegfriedneto/projects/servicedeskn1/frontend/app/node_modules/jsdom/lib/jsdom/browser/not-implemented.js:9:17)
    at /home/siegfriedneto/projects/servicedeskn1/frontend/app/node_modules/jsdom/lib/jsdom/browser/Window.js:960:7
    at Object.fn (file:///home/siegfriedneto/projects/servicedeskn1/frontend/app/node_modules/@tanstack/router-core/dist/esm/scroll-restoration.js:180:27)
    at RouterCore.emit (file:///home/siegfriedneto/projects/servicedeskn1/frontend/app/node_modules/@tanstack/router-core/dist/esm/router.js:178:14)
    at file:///home/siegfriedneto/projects/servicedeskn1/frontend/app/node_modules/@tanstack/react-router/dist/esm/Transitioner.js:46:25
    at settleOwner (file:///home/siegfriedneto/projects/servicedeskn1/frontend/app/node_modules/@tanstack/react-router/dist/esm/Transitioner.js:10:10)
    at file:///home/siegfriedneto/projects/servicedeskn1/frontend/app/node_modules/@tanstack/react-router/dist/esm/Matches.js:38:39
    at Object.react_stack_bottom_frame (/home/siegfriedneto/projects/servicedeskn1/frontend/app/node_modules/react-dom/cjs/react-dom-client.development.js:25989:20)
    at runWithFiberInDEV (/home/siegfriedneto/projects/servicedeskn1/frontend/app/node_modules/react-dom/cjs/react-dom-client.development.js:874:13)
    at commitHookEffectListMount (/home/siegfriedneto/projects/servicedeskn1/frontend/app/node_modules/react-dom/cjs/react-dom-client.development.js:13249:29) undefined
Error: Not implemented: window.scrollTo
    at module.exports (/home/siegfriedneto/projects/servicedeskn1/frontend/app/node_modules/jsdom/lib/jsdom/browser/not-implemented.js:9:17)
    at /home/siegfriedneto/projects/servicedeskn1/frontend/app/node_modules/jsdom/lib/jsdom/browser/Window.js:960:7
    at Object.fn (file:///home/siegfriedneto/projects/servicedeskn1/frontend/app/node_modules/@tanstack/router-core/dist/esm/scroll-restoration.js:180:27)
    at RouterCore.emit (file:///home/siegfriedneto/projects/servicedeskn1/frontend/app/node_modules/@tanstack/router-core/dist/esm/router.js:178:14)
    at file:///home/siegfriedneto/projects/servicedeskn1/frontend/app/node_modules/@tanstack/router-core/dist/esm/load-client.js:943:46
    at Router.batch (file:///home/siegfriedneto/projects/servicedeskn1/frontend/app/node_modules/@tanstack/store/dist/esm/atom.js:39:5)
    at file:///home/siegfriedneto/projects/servicedeskn1/frontend/app/node_modules/@tanstack/router-core/dist/esm/load-client.js:936:10
    at runClientTransaction (file:///home/siegfriedneto/projects/servicedeskn1/frontend/app/node_modules/@tanstack/router-core/dist/esm/load-client.js:902:2)
    at loadClientRoute (file:///home/siegfriedneto/projects/servicedeskn1/frontend/app/node_modules/@tanstack/router-core/dist/esm/load-client.js:1034:2)
    at RouterCore.load (file:///home/siegfriedneto/projects/servicedeskn1/frontend/app/node_modules/@tanstack/router-core/dist/esm/router.js:489:4) undefined
Error: Not implemented: window.scrollTo
    at module.exports (/home/siegfriedneto/projects/servicedeskn1/frontend/app/node_modules/jsdom/lib/jsdom/browser/not-implemented.js:9:17)
    at /home/siegfriedneto/projects/servicedeskn1/frontend/app/node_modules/jsdom/lib/jsdom/browser/Window.js:960:7
    at Object.fn (file:///home/siegfriedneto/projects/servicedeskn1/frontend/app/node_modules/@tanstack/router-core/dist/esm/scroll-restoration.js:180:27)
    at RouterCore.emit (file:///home/siegfriedneto/projects/servicedeskn1/frontend/app/node_modules/@tanstack/router-core/dist/esm/router.js:178:14)
    at file:///home/siegfriedneto/projects/servicedeskn1/frontend/app/node_modules/@tanstack/react-router/dist/esm/Transitioner.js:46:25
    at settleOwner (file:///home/siegfriedneto/projects/servicedeskn1/frontend/app/node_modules/@tanstack/react-router/dist/esm/Transitioner.js:10:10)
    at file:///home/siegfriedneto/projects/servicedeskn1/frontend/app/node_modules/@tanstack/react-router/dist/esm/Matches.js:38:39
    at Object.react_stack_bottom_frame (/home/siegfriedneto/projects/servicedeskn1/frontend/app/node_modules/react-dom/cjs/react-dom-client.development.js:25989:20)
    at runWithFiberInDEV (/home/siegfriedneto/projects/servicedeskn1/frontend/app/node_modules/react-dom/cjs/react-dom-client.development.js:874:13)
    at commitHookEffectListMount (/home/siegfriedneto/projects/servicedeskn1/frontend/app/node_modules/react-dom/cjs/react-dom-client.development.js:13249:29) undefined
Error: Not implemented: window.scrollTo
    at module.exports (/home/siegfriedneto/projects/servicedeskn1/frontend/app/node_modules/jsdom/lib/jsdom/browser/not-implemented.js:9:17)
    at /home/siegfriedneto/projects/servicedeskn1/frontend/app/node_modules/jsdom/lib/jsdom/browser/Window.js:960:7
    at Object.fn (file:///home/siegfriedneto/projects/servicedeskn1/frontend/app/node_modules/@tanstack/router-core/dist/esm/scroll-restoration.js:180:27)
    at RouterCore.emit (file:///home/siegfriedneto/projects/servicedeskn1/frontend/app/node_modules/@tanstack/router-core/dist/esm/router.js:178:14)
    at file:///home/siegfriedneto/projects/servicedeskn1/frontend/app/node_modules/@tanstack/react-router/dist/esm/Transitioner.js:46:25
    at settleOwner (file:///home/siegfriedneto/projects/servicedeskn1/frontend/app/node_modules/@tanstack/react-router/dist/esm/Transitioner.js:10:10)
    at file:///home/siegfriedneto/projects/servicedeskn1/frontend/app/node_modules/@tanstack/react-router/dist/esm/Matches.js:38:39
    at Object.react_stack_bottom_frame (/home/siegfriedneto/projects/servicedeskn1/frontend/app/node_modules/react-dom/cjs/react-dom-client.development.js:25989:20)
    at runWithFiberInDEV (/home/siegfriedneto/projects/servicedeskn1/frontend/app/node_modules/react-dom/cjs/react-dom-client.development.js:874:13)
    at commitHookEffectListMount (/home/siegfriedneto/projects/servicedeskn1/frontend/app/node_modules/react-dom/cjs/react-dom-client.development.js:13249:29) undefined
Error: Not implemented: window.scrollTo
    at module.exports (/home/siegfriedneto/projects/servicedeskn1/frontend/app/node_modules/jsdom/lib/jsdom/browser/not-implemented.js:9:17)
    at /home/siegfriedneto/projects/servicedeskn1/frontend/app/node_modules/jsdom/lib/jsdom/browser/Window.js:960:7
    at Object.fn (file:///home/siegfriedneto/projects/servicedeskn1/frontend/app/node_modules/@tanstack/router-core/dist/esm/scroll-restoration.js:180:27)
    at RouterCore.emit (file:///home/siegfriedneto/projects/servicedeskn1/frontend/app/node_modules/@tanstack/router-core/dist/esm/router.js:178:14)
    at file:///home/siegfriedneto/projects/servicedeskn1/frontend/app/node_modules/@tanstack/react-router/dist/esm/Transitioner.js:46:25
    at settleOwner (file:///home/siegfriedneto/projects/servicedeskn1/frontend/app/node_modules/@tanstack/react-router/dist/esm/Transitioner.js:10:10)
    at file:///home/siegfriedneto/projects/servicedeskn1/frontend/app/node_modules/@tanstack/react-router/dist/esm/Matches.js:38:39
    at Object.react_stack_bottom_frame (/home/siegfriedneto/projects/servicedeskn1/frontend/app/node_modules/react-dom/cjs/react-dom-client.development.js:25989:20)
    at runWithFiberInDEV (/home/siegfriedneto/projects/servicedeskn1/frontend/app/node_modules/react-dom/cjs/react-dom-client.development.js:874:13)
    at commitHookEffectListMount (/home/siegfriedneto/projects/servicedeskn1/frontend/app/node_modules/react-dom/cjs/react-dom-client.development.js:13249:29) undefined

⎯⎯⎯⎯⎯⎯⎯ Failed Tests 1 ⎯⎯⎯⎯⎯⎯⎯

 FAIL  src/routes/hypothesis-revision-history-current-pin.spec.ts > HypothesisRevisionHistory -- current reads from the highest-numbered version's manifest pin > states explicitly that the case currently uses no revision of this hypothesis when the highest-numbered version's manifest holds no entry for it, rather than marking nothing and saying nothing
TestingLibraryElementError: Unable to find an element with the text: /uses no revision/i. This could be because the text is broken up by multiple elements. In this case, you can provide a function for your text matcher to make your matcher more flexible.

Ignored nodes: comments, script, style
[36m<body>[39m
  [36m<div>[39m
    [36m<section[39m
      [33mclass[39m=[32m"flex flex-col gap-4"[39m
    [36m>[39m
      [36m<div[39m
        [33mclass[39m=[32m"flex items-center justify-between"[39m
      [36m>[39m
        [36m<h2>[39m
          [0mH1[0m
          [0m — [0m
          [0m3[0m
          [0m revision[0m
          [0ms[0m
        [36m</h2>[39m
        [36m<button[39m
          [33mclass[39m=[32m"inline-flex items-center justify-center gap-2 border font-medium tracking-wider uppercase transition-colors outline-none select-none focus-visible:ring-2 focus-visible:ring-ring disabled:pointer-events-none disabled:opacity-50 border-primary bg-primary text-primary-foreground hover:bg-transparent hover:text-primary h-9 px-3 text-sm"[39m
          [33mdata-slot[39m=[32m"button"[39m
          [33mtype[39m=[32m"button"[39m
        [36m>[39m
          [0mBack to hypotheses[0m
        [36m</button>[39m
      [36m</div>[39m
      [36m<div[39m
        [33mclass[39m=[32m"w-full overflow-x-auto"[39m
        [33mdata-slot[39m=[32m"table-container"[39m
      [36m>[39m
        [36m<table[39m
          [33mclass[39m=[32m"w-full border-collapse text-sm"[39m
          [33mdata-slot[39m=[32m"table"[39m
        [36m>[39m
          [36m<thead[39m
            [33mclass[39m=[32m"border-b border-border bg-surface"[39m
            [33mdata-slot[39m=[32m"table-header"[39m
          [36m>[39m
            [36m<tr[39m
              [33mclass[39m=[32m"border-b border-border odd:bg-transparent even:bg-zebra transition-colors hover:bg-hover motion-reduce:transition-none"[39m
              [33mdata-slot[39m=[32m"table-row"[39m
            [36m>[39m
              [36m<th[39m
                [33mclass[39m=[32m"h-10 px-3 text-left align-middle text-xs font-medium uppercase tracking-wider text-muted-foreground"[39m
                [33mdata-slot[39m=[32m"table-head"[39m
              [36m>[39m
                [0mRevision[0m
              [36m</th>[39m
              [36m<th[39m
                [33mclass[39m=[32m"h-10 px-3 text-left align-middle text-xs font-medium uppercase tracking-wider text-muted-foreground"[39m
                [33mdata-slot[39m=[32m"table-head"[39m
              [36m>[39m
                [0mStatus[0m
              [36m</th>[39m
              [36m<th[39m
                [33mclass[39m=[32m"h-10 px-3 text-left align-middle text-xs font-medium uppercase tracking-wider text-muted-foreground"[39m
                [33mdata-slot[39m=[32m"table-head"[39m
              [36m>[39m
                [0mCriterion[0m
              [36m</th>[39m
              [36m<th[39m
                [33mclass[39m=[32m"h-10 px-3 text-left align-middle text-xs font-medium uppercase tracking-wider text-muted-foreground"[39m
                [33mdata-slot[39m=[32m"table-head"[39m
              [36m>[39m
                [0mCollects[0m
              [36m</th>[39m
              [36m<th[39m
                [33mclass[39m=[32m"h-10 px-3 text-left align-middle text-xs font-medium uppercase tracking-wider text-muted-foreground"[39m
                [33mdata-slot[39m=[32m"table-head"[39m
              [36m>[39m
                [0mActions[0m
              [36m</th>[39m
            [36m</tr>[39m
          [36m</thead>[39m
          [36m<tbody[39m
            [33mclass[39m=[32m""[39m
            [33mdata-slot[39m=[32m"table-body"[39m
          [36m>[39m
            [36m<tr[39m
              [33mclass[39m=[32m"border-b border-border odd:bg-transparent even:bg-zebra transition-colors hover:bg-hover motion-reduce:transition-none"[39m
              [33mdata-slot[39m=[32m"table-row"[39m
            [36m>[39m
              [36m<td[39m
                [33mclass[39m=[32m"px-3 py-2 align-middle text-foreground"[39m
                [33mdata-slot[39m=[32m"table-cell"[39m
              [36m>[39m
                [0m7[0m
              [36m</td>[39m
              [36m<td[39m
                [33mclass[39m=[32m"px-3 py-2 align-middle text-foreground"[39m
                [33mdata-slot[39m=[32m"table-cell"[39m
              [36m>[39m
                [36m<span[39m
                  [33mclass[39m=[32m"inline-flex items-center gap-2"[39m
                [36m>[39m
                  [36m<span[39m
                    [33maria-hidden[39m=[32m"true"[39m
                    [33mclass[39m=[32m"inline-block h-2 w-2 rounded-full bg-muted-foreground"[39m
                  [36m/>[39m
                  [36m<span>[39m
                    [0mfrozen[0m
                  [36m</span>[39m
                [36m</span>[39m
              [36m</td>[39m
              [36m<td[39m
                [33mclass[39m=[32m"px-3 py-2 align-middle text-foreground"[39m
                [33mdata-slot[39m=[32m"table-cell"[39m
              [36m>[39m
                [0mLatest criterion[0m
              [36m</td>[39m
              [36m<td[39m
                [33mclass[39m=[32m"px-3 py-2 align-middle text-foreground"[39m
                [33mdata-slot[39m=[32m"table-cell"[39m
              [36m>[39m
                [0mConceptC[0m
              [36m</td>[39m
              [36m<td[39m
                [33mclass[39m=[32m"px-3 py-2 align-middle text-foreground"[39m
                [33mdata-slot[39m=[32m"table-cell"[39m
              [36m/>[39m
            [36m</tr>[39m
            [36m<tr[39m
              [33mclass[39m=[32m"border-b border-border odd:bg-transparent even:bg-zebra transition-colors hover:bg-hover motion-reduce:transition-none"[39m
              [33mdata-slot[39m=[32m"table-row"[39m
            [36m>[39m
              [36m<td[39m
                [33mclass[39m=[32m"px-3 py-2 align-middle text-foreground"[39m
                [33mdata-slot[39m=[32m"table-cell"[39m
              [36m>[39m
                [0m3[0m
              [36m</td>[39m
              [36m<td[39m
                [33mclass[39m=[32m"px-3 py-2 align-middle text-foreground"[39m
                [33mdata-slot[39m=[32m"table-cell"[39m
              [36m>[39m
                [36m<span[39m
                  [33mclass[39m=[32m"inline-flex items-center gap-2"[39m
                [36m>[39m
                  [36m<span[39m
                    [33maria-hidden[39m=[32m"true"[39m
                    [33mclass[39m=[32m"inline-block h-2 w-2 rounded-full bg-muted-foreground"[39m
                  [36m/>[39m
                  [36m<span>[39m
                    [0mfrozen[0m
                  [36m</span>[39m
                [36m</span>[39m
              [36m</td>[39m
              [36m<td[39m
                [33mclass[39m=[32m"px-3 py-2 align-middle text-foreground"[39m
                [33mdata-slot[39m=[32m"table-cell"[39m
              [36m>[39m
                [0mMiddle criterion[0m
              [36m</td>[39m
              [36m<td[39m
                [33mclass[39m=[32m"px-3 py-2 align-middle text-foreground"[39m
                [33mdata-slot[39m=[32m"table-cell"[39m
              [36m>[39m
                [0mConceptB[0m
              [36m</td>[39m
              [36m<td[39m
                [33mclass[39m=[32m"px-3 py-2 align-middle text-foreground"[39m
                [33mdata-slot[39m=[32m"table-cell"[39m
              [36m/>[39m
            [36m</tr>[39m
            [36m<tr[39m
              [33mclass[39m=[32m"border-b border-border odd:bg-transparent even:bg-zebra transition-colors hover:bg-hover motion-reduce:transition-none"[39m
              [33mdata-slot[39m=[32m"table-row"[39m
            [36m>[39m
              [36m<td[39m
                [33mclass[39m=[32m"px-3 py-2 align-middle text-foreground"[39m
                [33mdata-slot[39m=[32m"table-cell"[39m
              [36m>[39m
                [0m1[0m
              [36m</td>[39m
              [36m<td[39m
                [33mclass[39m=[32m"px-3 py-2 align-middle text-foreground"[39m
                [33mdata-slot[39m=[32m"table-cell"[39m
              [36m>[39m
                [36m<span[39m
                  [33mclass[39m=[32m"inline-flex items-center gap-2"[39m
                [36m>[39m
                  [36m<span[39m
                    [33maria-hidden[39m=[32m"true"[39m
                    [33mclass[39m=[32m"inline-block h-2 w-2 rounded-full bg-muted-foreground"[39m
                  [36m/>[39m
                  [36m<span>[39m
                    [0mfrozen[0m
                  [36m</span>[39m
                [36m</span>[39m
              [36m</td>[39m
              [36m<td[39m
                [33mclass[39m=[32m"px-3 py-2 align-middle text-foreground"[39m
                [33mdata-slot[39m=[32m"table-cell"[39m
              [36m>[39m
                [0mEarliest criterion[0m
              [36m</td>[39m
              [36m<td[39m
                [33mclass[39m=[32m"px-3 py-2 align-middle text-foreground"[39m
                [33mdata-slot[39m=[32m"table-cell"[39m
              [36m>[39m
                [0mConceptA[0m
              [36m</td>[39m
              [36m<td[39m
                [33mclass[39m=[32m"px-3 py-2 align-middle text-foreground"[39m
                [33mdata-slot[39m=[32m"table-cell"[39m
              [36m/>[39m
            [36m</tr>[39m
          [36m</tbody>[39m
        [36m</table>[39m
      [36m</div>[39m
    [36m</section>[39m
  [36m</div>[39m
[36m</body>[39m
 ❯ Object.getElementError node_modules/@testing-library/dom/dist/config.js:37:19
 ❯ node_modules/@testing-library/dom/dist/query-helpers.js:76:38
 ❯ node_modules/@testing-library/dom/dist/query-helpers.js:52:17
 ❯ node_modules/@testing-library/dom/dist/query-helpers.js:95:19
 ❯ src/routes/hypothesis-revision-history-current-pin.spec.ts:118:19
    116|     await screen.findAllByRole("row");
    117|     expect(screen.queryAllByText("current")).toHaveLength(0);
    118|     expect(screen.getByText(/uses no revision/i)).toBeTruthy();
       |                   ^
    119|   });
    120| });

⎯⎯⎯⎯⎯⎯⎯⎯⎯⎯⎯⎯⎯⎯⎯⎯⎯⎯⎯⎯⎯⎯⎯⎯[1/1]⎯


 Test Files  1 failed | 158 passed (159)
      Tests  1 failed | 1106 passed (1107)
   Start at  09:38:03
   Duration  87.74s (transform 21.97s, setup 0ms, import 222.16s, tests 260.01s, environment 319.84s)


