===== install :: npm ci :: passed =====
npm warn deprecated try-resolve@1.0.1: Package no longer supported. Contact Support at https://www.npmjs.com/support for more info.
npm warn deprecated whatwg-encoding@3.1.1: Use @exodus/bytes instead for a more spec-conformant and faster implementation
npm warn deprecated eslint@9.39.5: This version is no longer supported. Please see https://eslint.org/version-support for other options.

added 577 packages, and audited 578 packages in 7s

196 packages are looking for funding
  run `npm fund` for details

found 0 vulnerabilities

===== typecheck :: npm run typecheck :: passed =====

> case-authoring-console@0.1.0 typecheck
> tsc --noEmit


===== lint :: npm run lint :: passed =====

> case-authoring-console@0.1.0 lint
> eslint .


===== style :: npm run lint:css :: passed =====

> case-authoring-console@0.1.0 lint:css
> stylelint "src/**/*.css"


===== build :: npm run build :: passed =====

> case-authoring-console@0.1.0 build
> vite build

vite v6.4.3 building for production...
transforming...
Found 1 warning while optimizing generated CSS:

[2m│   }[22m
[2m│   .rounded-\[var\(--radius-\*\)\] {[22m
[2m│[22m     border-radius: var(--radius-*);
[2m┆[22m                                 [33m[2m^--[22m Unexpected token Delim('*')[39m
[2m┆[22m
[2m│   }[22m
[2m│   .rounded-full {[22m

✓ 1893 modules transformed.
rendering chunks...
computing gzip size...
dist/index.html                   0.41 kB │ gzip:   0.27 kB
dist/assets/index-XC6Zw4VB.css   28.69 kB │ gzip:   6.42 kB
dist/assets/index-BWkECCmf.js   631.81 kB │ gzip: 192.43 kB

(!) Some chunks are larger than 500 kB after minification. Consider:
- Using dynamic import() to code-split the application
- Use build.rollupOptions.output.manualChunks to improve chunking: https://rollupjs.org/configuration-options/#output-manualchunks
- Adjust chunk size limit for this warning via build.chunkSizeWarningLimit.
✓ built in 2.54s

===== a11y :: npm run test:a11y :: passed =====

> case-authoring-console@0.1.0 test:a11y
> playwright test --pass-with-no-tests

[WebServer] Found 1 warning while optimizing generated CSS:
[WebServer] 
[WebServer] │   }
[WebServer] │   .rounded-\[var\(--radius-\*\)\] {
[WebServer] │     border-radius: var(--radius-*);
[WebServer] ┆                                 ^-- Unexpected token Delim('*')
[WebServer] ┆
[WebServer] │   }
[WebServer] │   .rounded-full {
[WebServer] 
[WebServer] 
[WebServer] (!) Some chunks are larger than 500 kB after minification. Consider:
[WebServer] - Using dynamic import() to code-split the application
[WebServer] - Use build.rollupOptions.output.manualChunks to improve chunking: https://rollupjs.org/configuration-options/#output-manualchunks
[WebServer] - Adjust chunk size limit for this warning via build.chunkSizeWarningLimit.


===== secret-scan :: npm run secret-scan :: passed =====

> case-authoring-console@0.1.0 secret-scan
> secretlint "**/*"


===== test :: npm test :: failed =====

> case-authoring-console@0.1.0 test
> vitest run --passWithNoTests


 RUN  v4.1.11 /home/siegfriedneto/projects/servicedeskn1/frontend/app

Error: Not implemented: window.scrollTo
    at module.exports (/home/siegfriedneto/projects/servicedeskn1/frontend/app/node_modules/jsdom/lib/jsdom/browser/not-implemented.js:9:17)
    at /home/siegfriedneto/projects/servicedeskn1/frontend/app/node_modules/jsdom/lib/jsdom/browser/Window.js:960:7
    at Object.fn (file:///home/siegfriedneto/projects/servicedeskn1/frontend/app/node_modules/@tanstack/router-core/dist/esm/scroll-restoration.js:180:27)
    at RouterCore.emit (file:///home/siegfriedneto/projects/servicedeskn1/frontend/app/node_modules/@tanstack/router-core/dist/esm/router.js:178:14)
    at file:///home/siegfriedneto/projects/servicedeskn1/frontend/app/node_modules/@tanstack/react-router/dist/esm/Transitioner.js:46:25
    at settleOwner (file:///home/siegfriedneto/projects/servicedeskn1/frontend/app/node_modules/@tanstack/react-router/dist/esm/Transitioner.js:10:10)
    at file:///home/siegfriedneto/projects/servicedeskn1/frontend/app/node_modules/@tanstack/react-router/dist/esm/Matches.js:38:39
    at Object.react_stack_bottom_frame (/home/siegfriedneto/projects/servicedeskn1/frontend/app/node_modules/react-dom/cjs/react-dom-client.development.js:25989:20)
    at runWithFiberInDEV (/home/siegfriedneto/projects/servicedeskn1/frontend/app/node_modules/react-dom/cjs/react-dom-client.development.js:874:13)
    at commitHookEffectListMount (/home/siegfriedneto/projects/servicedeskn1/frontend/app/node_modules/react-dom/cjs/react-dom-client.development.js:13249:29) undefined
Error: Not implemented: window.scrollTo
    at module.exports (/home/siegfriedneto/projects/servicedeskn1/frontend/app/node_modules/jsdom/lib/jsdom/browser/not-implemented.js:9:17)
    at /home/siegfriedneto/projects/servicedeskn1/frontend/app/node_modules/jsdom/lib/jsdom/browser/Window.js:960:7
    at Object.fn (file:///home/siegfriedneto/projects/servicedeskn1/frontend/app/node_modules/@tanstack/router-core/dist/esm/scroll-restoration.js:180:27)
    at RouterCore.emit (file:///home/siegfriedneto/projects/servicedeskn1/frontend/app/node_modules/@tanstack/router-core/dist/esm/router.js:178:14)
    at file:///home/siegfriedneto/projects/servicedeskn1/frontend/app/node_modules/@tanstack/react-router/dist/esm/Transitioner.js:46:25
    at settleOwner (file:///home/siegfriedneto/projects/servicedeskn1/frontend/app/node_modules/@tanstack/react-router/dist/esm/Transitioner.js:10:10)
    at file:///home/siegfriedneto/projects/servicedeskn1/frontend/app/node_modules/@tanstack/react-router/dist/esm/Matches.js:38:39
    at Object.react_stack_bottom_frame (/home/siegfriedneto/projects/servicedeskn1/frontend/app/node_modules/react-dom/cjs/react-dom-client.development.js:25989:20)
    at runWithFiberInDEV (/home/siegfriedneto/projects/servicedeskn1/frontend/app/node_modules/react-dom/cjs/react-dom-client.development.js:874:13)
    at commitHookEffectListMount (/home/siegfriedneto/projects/servicedeskn1/frontend/app/node_modules/react-dom/cjs/react-dom-client.development.js:13249:29) undefined
Error: Not implemented: window.scrollTo
    at module.exports (/home/siegfriedneto/projects/servicedeskn1/frontend/app/node_modules/jsdom/lib/jsdom/browser/not-implemented.js:9:17)
    at /home/siegfriedneto/projects/servicedeskn1/frontend/app/node_modules/jsdom/lib/jsdom/browser/Window.js:960:7
    at Object.fn (file:///home/siegfriedneto/projects/servicedeskn1/frontend/app/node_modules/@tanstack/router-core/dist/esm/scroll-restoration.js:180:27)
    at RouterCore.emit (file:///home/siegfriedneto/projects/servicedeskn1/frontend/app/node_modules/@tanstack/router-core/dist/esm/router.js:178:14)
    at file:///home/siegfriedneto/projects/servicedeskn1/frontend/app/node_modules/@tanstack/react-router/dist/esm/Transitioner.js:46:25
    at settleOwner (file:///home/siegfriedneto/projects/servicedeskn1/frontend/app/node_modules/@tanstack/react-router/dist/esm/Transitioner.js:10:10)
    at file:///home/siegfriedneto/projects/servicedeskn1/frontend/app/node_modules/@tanstack/react-router/dist/esm/Matches.js:38:39
    at Object.react_stack_bottom_frame (/home/siegfriedneto/projects/servicedeskn1/frontend/app/node_modules/react-dom/cjs/react-dom-client.development.js:25989:20)
    at runWithFiberInDEV (/home/siegfriedneto/projects/servicedeskn1/frontend/app/node_modules/react-dom/cjs/react-dom-client.development.js:874:13)
    at commitHookEffectListMount (/home/siegfriedneto/projects/servicedeskn1/frontend/app/node_modules/react-dom/cjs/react-dom-client.development.js:13249:29) undefined
Error: Not implemented: window.scrollTo
    at module.exports (/home/siegfriedneto/projects/servicedeskn1/frontend/app/node_modules/jsdom/lib/jsdom/browser/not-implemented.js:9:17)
    at /home/siegfriedneto/projects/servicedeskn1/frontend/app/node_modules/jsdom/lib/jsdom/browser/Window.js:960:7
    at Object.fn (file:///home/siegfriedneto/projects/servicedeskn1/frontend/app/node_modules/@tanstack/router-core/dist/esm/scroll-restoration.js:180:27)
    at RouterCore.emit (file:///home/siegfriedneto/projects/servicedeskn1/frontend/app/node_modules/@tanstack/router-core/dist/esm/router.js:178:14)
    at file:///home/siegfriedneto/projects/servicedeskn1/frontend/app/node_modules/@tanstack/react-router/dist/esm/Transitioner.js:46:25
    at settleOwner (file:///home/siegfriedneto/projects/servicedeskn1/frontend/app/node_modules/@tanstack/react-router/dist/esm/Transitioner.js:10:10)
    at file:///home/siegfriedneto/projects/servicedeskn1/frontend/app/node_modules/@tanstack/react-router/dist/esm/Matches.js:38:39
    at Object.react_stack_bottom_frame (/home/siegfriedneto/projects/servicedeskn1/frontend/app/node_modules/react-dom/cjs/react-dom-client.development.js:25989:20)
    at runWithFiberInDEV (/home/siegfriedneto/projects/servicedeskn1/frontend/app/node_modules/react-dom/cjs/react-dom-client.development.js:874:13)
    at commitHookEffectListMount (/home/siegfriedneto/projects/servicedeskn1/frontend/app/node_modules/react-dom/cjs/react-dom-client.development.js:13249:29) undefined
Error: Not implemented: window.scrollTo
    at module.exports (/home/siegfriedneto/projects/servicedeskn1/frontend/app/node_modules/jsdom/lib/jsdom/browser/not-implemented.js:9:17)
    at /home/siegfriedneto/projects/servicedeskn1/frontend/app/node_modules/jsdom/lib/jsdom/browser/Window.js:960:7
    at Object.fn (file:///home/siegfriedneto/projects/servicedeskn1/frontend/app/node_modules/@tanstack/router-core/dist/esm/scroll-restoration.js:180:27)
    at RouterCore.emit (file:///home/siegfriedneto/projects/servicedeskn1/frontend/app/node_modules/@tanstack/router-core/dist/esm/router.js:178:14)
    at file:///home/siegfriedneto/projects/servicedeskn1/frontend/app/node_modules/@tanstack/react-router/dist/esm/Transitioner.js:46:25
    at settleOwner (file:///home/siegfriedneto/projects/servicedeskn1/frontend/app/node_modules/@tanstack/react-router/dist/esm/Transitioner.js:10:10)
    at file:///home/siegfriedneto/projects/servicedeskn1/frontend/app/node_modules/@tanstack/react-router/dist/esm/Matches.js:38:39
    at Object.react_stack_bottom_frame (/home/siegfriedneto/projects/servicedeskn1/frontend/app/node_modules/react-dom/cjs/react-dom-client.development.js:25989:20)
    at runWithFiberInDEV (/home/siegfriedneto/projects/servicedeskn1/frontend/app/node_modules/react-dom/cjs/react-dom-client.development.js:874:13)
    at commitHookEffectListMount (/home/siegfriedneto/projects/servicedeskn1/frontend/app/node_modules/react-dom/cjs/react-dom-client.development.js:13249:29) undefined
Error: Not implemented: window.scrollTo
    at module.exports (/home/siegfriedneto/projects/servicedeskn1/frontend/app/node_modules/jsdom/lib/jsdom/browser/not-implemented.js:9:17)
    at /home/siegfriedneto/projects/servicedeskn1/frontend/app/node_modules/jsdom/lib/jsdom/browser/Window.js:960:7
    at Object.fn (file:///home/siegfriedneto/projects/servicedeskn1/frontend/app/node_modules/@tanstack/router-core/dist/esm/scroll-restoration.js:180:27)
    at RouterCore.emit (file:///home/siegfriedneto/projects/servicedeskn1/frontend/app/node_modules/@tanstack/router-core/dist/esm/router.js:178:14)
    at file:///home/siegfriedneto/projects/servicedeskn1/frontend/app/node_modules/@tanstack/react-router/dist/esm/Transitioner.js:46:25
    at settleOwner (file:///home/siegfriedneto/projects/servicedeskn1/frontend/app/node_modules/@tanstack/react-router/dist/esm/Transitioner.js:10:10)
    at file:///home/siegfriedneto/projects/servicedeskn1/frontend/app/node_modules/@tanstack/react-router/dist/esm/Matches.js:38:39
    at Object.react_stack_bottom_frame (/home/siegfriedneto/projects/servicedeskn1/frontend/app/node_modules/react-dom/cjs/react-dom-client.development.js:25989:20)
    at runWithFiberInDEV (/home/siegfriedneto/projects/servicedeskn1/frontend/app/node_modules/react-dom/cjs/react-dom-client.development.js:874:13)
    at commitHookEffectListMount (/home/siegfriedneto/projects/servicedeskn1/frontend/app/node_modules/react-dom/cjs/react-dom-client.development.js:13249:29) undefined
Error: Not implemented: window.scrollTo
    at module.exports (/home/siegfriedneto/projects/servicedeskn1/frontend/app/node_modules/jsdom/lib/jsdom/browser/not-implemented.js:9:17)
    at /home/siegfriedneto/projects/servicedeskn1/frontend/app/node_modules/jsdom/lib/jsdom/browser/Window.js:960:7
    at Object.fn (file:///home/siegfriedneto/projects/servicedeskn1/frontend/app/node_modules/@tanstack/router-core/dist/esm/scroll-restoration.js:180:27)
    at RouterCore.emit (file:///home/siegfriedneto/projects/servicedeskn1/frontend/app/node_modules/@tanstack/router-core/dist/esm/router.js:178:14)
    at file:///home/siegfriedneto/projects/servicedeskn1/frontend/app/node_modules/@tanstack/react-router/dist/esm/Transitioner.js:46:25
    at settleOwner (file:///home/siegfriedneto/projects/servicedeskn1/frontend/app/node_modules/@tanstack/react-router/dist/esm/Transitioner.js:10:10)
    at file:///home/siegfriedneto/projects/servicedeskn1/frontend/app/node_modules/@tanstack/react-router/dist/esm/Matches.js:38:39
    at Object.react_stack_bottom_frame (/home/siegfriedneto/projects/servicedeskn1/frontend/app/node_modules/react-dom/cjs/react-dom-client.development.js:25989:20)
    at runWithFiberInDEV (/home/siegfriedneto/projects/servicedeskn1/frontend/app/node_modules/react-dom/cjs/react-dom-client.development.js:874:13)
    at commitHookEffectListMount (/home/siegfriedneto/projects/servicedeskn1/frontend/app/node_modules/react-dom/cjs/react-dom-client.development.js:13249:29) undefined
Error: Not implemented: window.scrollTo
    at module.exports (/home/siegfriedneto/projects/servicedeskn1/frontend/app/node_modules/jsdom/lib/jsdom/browser/not-implemented.js:9:17)
    at /home/siegfriedneto/projects/servicedeskn1/frontend/app/node_modules/jsdom/lib/jsdom/browser/Window.js:960:7
    at Object.fn (file:///home/siegfriedneto/projects/servicedeskn1/frontend/app/node_modules/@tanstack/router-core/dist/esm/scroll-restoration.js:180:27)
    at RouterCore.emit (file:///home/siegfriedneto/projects/servicedeskn1/frontend/app/node_modules/@tanstack/router-core/dist/esm/router.js:178:14)
    at file:///home/siegfriedneto/projects/servicedeskn1/frontend/app/node_modules/@tanstack/react-router/dist/esm/Transitioner.js:46:25
    at settleOwner (file:///home/siegfriedneto/projects/servicedeskn1/frontend/app/node_modules/@tanstack/react-router/dist/esm/Transitioner.js:10:10)
    at file:///home/siegfriedneto/projects/servicedeskn1/frontend/app/node_modules/@tanstack/react-router/dist/esm/Matches.js:38:39
    at Object.react_stack_bottom_frame (/home/siegfriedneto/projects/servicedeskn1/frontend/app/node_modules/react-dom/cjs/react-dom-client.development.js:25989:20)
    at runWithFiberInDEV (/home/siegfriedneto/projects/servicedeskn1/frontend/app/node_modules/react-dom/cjs/react-dom-client.development.js:874:13)
    at commitHookEffectListMount (/home/siegfriedneto/projects/servicedeskn1/frontend/app/node_modules/react-dom/cjs/react-dom-client.development.js:13249:29) undefined
Error: Not implemented: window.scrollTo
    at module.exports (/home/siegfriedneto/projects/servicedeskn1/frontend/app/node_modules/jsdom/lib/jsdom/browser/not-implemented.js:9:17)
    at /home/siegfriedneto/projects/servicedeskn1/frontend/app/node_modules/jsdom/lib/jsdom/browser/Window.js:960:7
    at Object.fn (file:///home/siegfriedneto/projects/servicedeskn1/frontend/app/node_modules/@tanstack/router-core/dist/esm/scroll-restoration.js:180:27)
    at RouterCore.emit (file:///home/siegfriedneto/projects/servicedeskn1/frontend/app/node_modules/@tanstack/router-core/dist/esm/router.js:178:14)
    at file:///home/siegfriedneto/projects/servicedeskn1/frontend/app/node_modules/@tanstack/react-router/dist/esm/Transitioner.js:46:25
    at settleOwner (file:///home/siegfriedneto/projects/servicedeskn1/frontend/app/node_modules/@tanstack/react-router/dist/esm/Transitioner.js:10:10)
    at file:///home/siegfriedneto/projects/servicedeskn1/frontend/app/node_modules/@tanstack/react-router/dist/esm/Matches.js:38:39
    at Object.react_stack_bottom_frame (/home/siegfriedneto/projects/servicedeskn1/frontend/app/node_modules/react-dom/cjs/react-dom-client.development.js:25989:20)
    at runWithFiberInDEV (/home/siegfriedneto/projects/servicedeskn1/frontend/app/node_modules/react-dom/cjs/react-dom-client.development.js:874:13)
    at commitHookEffectListMount (/home/siegfriedneto/projects/servicedeskn1/frontend/app/node_modules/react-dom/cjs/react-dom-client.development.js:13249:29) undefined
Error: Not implemented: window.scrollTo
    at module.exports (/home/siegfriedneto/projects/servicedeskn1/frontend/app/node_modules/jsdom/lib/jsdom/browser/not-implemented.js:9:17)
    at /home/siegfriedneto/projects/servicedeskn1/frontend/app/node_modules/jsdom/lib/jsdom/browser/Window.js:960:7
    at Object.fn (file:///home/siegfriedneto/projects/servicedeskn1/frontend/app/node_modules/@tanstack/router-core/dist/esm/scroll-restoration.js:180:27)
    at RouterCore.emit (file:///home/siegfriedneto/projects/servicedeskn1/frontend/app/node_modules/@tanstack/router-core/dist/esm/router.js:178:14)
    at file:///home/siegfriedneto/projects/servicedeskn1/frontend/app/node_modules/@tanstack/router-core/dist/esm/load-client.js:943:46
    at Router.batch (file:///home/siegfriedneto/projects/servicedeskn1/frontend/app/node_modules/@tanstack/store/dist/esm/atom.js:39:5)
    at file:///home/siegfriedneto/projects/servicedeskn1/frontend/app/node_modules/@tanstack/router-core/dist/esm/load-client.js:936:10
    at runClientTransaction (file:///home/siegfriedneto/projects/servicedeskn1/frontend/app/node_modules/@tanstack/router-core/dist/esm/load-client.js:902:2)
    at loadClientRoute (file:///home/siegfriedneto/projects/servicedeskn1/frontend/app/node_modules/@tanstack/router-core/dist/esm/load-client.js:1034:2)
    at RouterCore.load (file:///home/siegfriedneto/projects/servicedeskn1/frontend/app/node_modules/@tanstack/router-core/dist/esm/router.js:489:4) undefined
Error: Not implemented: window.scrollTo
    at module.exports (/home/siegfriedneto/projects/servicedeskn1/frontend/app/node_modules/jsdom/lib/jsdom/browser/not-implemented.js:9:17)
    at /home/siegfriedneto/projects/servicedeskn1/frontend/app/node_modules/jsdom/lib/jsdom/browser/Window.js:960:7
    at Object.fn (file:///home/siegfriedneto/projects/servicedeskn1/frontend/app/node_modules/@tanstack/router-core/dist/esm/scroll-restoration.js:180:27)
    at RouterCore.emit (file:///home/siegfriedneto/projects/servicedeskn1/frontend/app/node_modules/@tanstack/router-core/dist/esm/router.js:178:14)
    at file:///home/siegfriedneto/projects/servicedeskn1/frontend/app/node_modules/@tanstack/react-router/dist/esm/Transitioner.js:46:25
    at settleOwner (file:///home/siegfriedneto/projects/servicedeskn1/frontend/app/node_modules/@tanstack/react-router/dist/esm/Transitioner.js:10:10)
    at file:///home/siegfriedneto/projects/servicedeskn1/frontend/app/node_modules/@tanstack/react-router/dist/esm/Matches.js:38:39
    at Object.react_stack_bottom_frame (/home/siegfriedneto/projects/servicedeskn1/frontend/app/node_modules/react-dom/cjs/react-dom-client.development.js:25989:20)
    at runWithFiberInDEV (/home/siegfriedneto/projects/servicedeskn1/frontend/app/node_modules/react-dom/cjs/react-dom-client.development.js:874:13)
    at commitHookEffectListMount (/home/siegfriedneto/projects/servicedeskn1/frontend/app/node_modules/react-dom/cjs/react-dom-client.development.js:13249:29) undefined
Error: Not implemented: window.scrollTo
    at module.exports (/home/siegfriedneto/projects/servicedeskn1/frontend/app/node_modules/jsdom/lib/jsdom/browser/not-implemented.js:9:17)
    at /home/siegfriedneto/projects/servicedeskn1/frontend/app/node_modules/jsdom/lib/jsdom/browser/Window.js:960:7
    at Object.fn (file:///home/siegfriedneto/projects/servicedeskn1/frontend/app/node_modules/@tanstack/router-core/dist/esm/scroll-restoration.js:180:27)
    at RouterCore.emit (file:///home/siegfriedneto/projects/servicedeskn1/frontend/app/node_modules/@tanstack/router-core/dist/esm/router.js:178:14)
    at file:///home/siegfriedneto/projects/servicedeskn1/frontend/app/node_modules/@tanstack/react-router/dist/esm/Transitioner.js:46:25
    at settleOwner (file:///home/siegfriedneto/projects/servicedeskn1/frontend/app/node_modules/@tanstack/react-router/dist/esm/Transitioner.js:10:10)
    at file:///home/siegfriedneto/projects/servicedeskn1/frontend/app/node_modules/@tanstack/react-router/dist/esm/Matches.js:38:39
    at Object.react_stack_bottom_frame (/home/siegfriedneto/projects/servicedeskn1/frontend/app/node_modules/react-dom/cjs/react-dom-client.development.js:25989:20)
    at runWithFiberInDEV (/home/siegfriedneto/projects/servicedeskn1/frontend/app/node_modules/react-dom/cjs/react-dom-client.development.js:874:13)
    at commitHookEffectListMount (/home/siegfriedneto/projects/servicedeskn1/frontend/app/node_modules/react-dom/cjs/react-dom-client.development.js:13249:29) undefined
Error: Not implemented: window.scrollTo
    at module.exports (/home/siegfriedneto/projects/servicedeskn1/frontend/app/node_modules/jsdom/lib/jsdom/browser/not-implemented.js:9:17)
    at /home/siegfriedneto/projects/servicedeskn1/frontend/app/node_modules/jsdom/lib/jsdom/browser/Window.js:960:7
    at Object.fn (file:///home/siegfriedneto/projects/servicedeskn1/frontend/app/node_modules/@tanstack/router-core/dist/esm/scroll-restoration.js:180:27)
    at RouterCore.emit (file:///home/siegfriedneto/projects/servicedeskn1/frontend/app/node_modules/@tanstack/router-core/dist/esm/router.js:178:14)
    at file:///home/siegfriedneto/projects/servicedeskn1/frontend/app/node_modules/@tanstack/react-router/dist/esm/Transitioner.js:46:25
    at settleOwner (file:///home/siegfriedneto/projects/servicedeskn1/frontend/app/node_modules/@tanstack/react-router/dist/esm/Transitioner.js:10:10)
    at file:///home/siegfriedneto/projects/servicedeskn1/frontend/app/node_modules/@tanstack/react-router/dist/esm/Matches.js:38:39
    at Object.react_stack_bottom_frame (/home/siegfriedneto/projects/servicedeskn1/frontend/app/node_modules/react-dom/cjs/react-dom-client.development.js:25989:20)
    at runWithFiberInDEV (/home/siegfriedneto/projects/servicedeskn1/frontend/app/node_modules/react-dom/cjs/react-dom-client.development.js:874:13)
    at commitHookEffectListMount (/home/siegfriedneto/projects/servicedeskn1/frontend/app/node_modules/react-dom/cjs/react-dom-client.development.js:13249:29) undefined
Error: Not implemented: window.scrollTo
    at module.exports (/home/siegfriedneto/projects/servicedeskn1/frontend/app/node_modules/jsdom/lib/jsdom/browser/not-implemented.js:9:17)
    at /home/siegfriedneto/projects/servicedeskn1/frontend/app/node_modules/jsdom/lib/jsdom/browser/Window.js:960:7
    at Object.fn (file:///home/siegfriedneto/projects/servicedeskn1/frontend/app/node_modules/@tanstack/router-core/dist/esm/scroll-restoration.js:180:27)
    at RouterCore.emit (file:///home/siegfriedneto/projects/servicedeskn1/frontend/app/node_modules/@tanstack/router-core/dist/esm/router.js:178:14)
    at file:///home/siegfriedneto/projects/servicedeskn1/frontend/app/node_modules/@tanstack/react-router/dist/esm/Transitioner.js:46:25
    at settleOwner (file:///home/siegfriedneto/projects/servicedeskn1/frontend/app/node_modules/@tanstack/react-router/dist/esm/Transitioner.js:10:10)
    at file:///home/siegfriedneto/projects/servicedeskn1/frontend/app/node_modules/@tanstack/react-router/dist/esm/Matches.js:38:39
    at Object.react_stack_bottom_frame (/home/siegfriedneto/projects/servicedeskn1/frontend/app/node_modules/react-dom/cjs/react-dom-client.development.js:25989:20)
    at runWithFiberInDEV (/home/siegfriedneto/projects/servicedeskn1/frontend/app/node_modules/react-dom/cjs/react-dom-client.development.js:874:13)
    at commitHookEffectListMount (/home/siegfriedneto/projects/servicedeskn1/frontend/app/node_modules/react-dom/cjs/react-dom-client.development.js:13249:29) undefined
Error: Not implemented: window.scrollTo
    at module.exports (/home/siegfriedneto/projects/servicedeskn1/frontend/app/node_modules/jsdom/lib/jsdom/browser/not-implemented.js:9:17)
    at /home/siegfriedneto/projects/servicedeskn1/frontend/app/node_modules/jsdom/lib/jsdom/browser/Window.js:960:7
    at Object.fn (file:///home/siegfriedneto/projects/servicedeskn1/frontend/app/node_modules/@tanstack/router-core/dist/esm/scroll-restoration.js:180:27)
    at RouterCore.emit (file:///home/siegfriedneto/projects/servicedeskn1/frontend/app/node_modules/@tanstack/router-core/dist/esm/router.js:178:14)
    at file:///home/siegfriedneto/projects/servicedeskn1/frontend/app/node_modules/@tanstack/react-router/dist/esm/Transitioner.js:46:25
    at settleOwner (file:///home/siegfriedneto/projects/servicedeskn1/frontend/app/node_modules/@tanstack/react-router/dist/esm/Transitioner.js:10:10)
    at file:///home/siegfriedneto/projects/servicedeskn1/frontend/app/node_modules/@tanstack/react-router/dist/esm/Matches.js:38:39
    at Object.react_stack_bottom_frame (/home/siegfriedneto/projects/servicedeskn1/frontend/app/node_modules/react-dom/cjs/react-dom-client.development.js:25989:20)
    at runWithFiberInDEV (/home/siegfriedneto/projects/servicedeskn1/frontend/app/node_modules/react-dom/cjs/react-dom-client.development.js:874:13)
    at commitHookEffectListMount (/home/siegfriedneto/projects/servicedeskn1/frontend/app/node_modules/react-dom/cjs/react-dom-client.development.js:13249:29) undefined
Error: Not implemented: window.scrollTo
    at module.exports (/home/siegfriedneto/projects/servicedeskn1/frontend/app/node_modules/jsdom/lib/jsdom/browser/not-implemented.js:9:17)
    at /home/siegfriedneto/projects/servicedeskn1/frontend/app/node_modules/jsdom/lib/jsdom/browser/Window.js:960:7
    at Object.fn (file:///home/siegfriedneto/projects/servicedeskn1/frontend/app/node_modules/@tanstack/router-core/dist/esm/scroll-restoration.js:180:27)
    at RouterCore.emit (file:///home/siegfriedneto/projects/servicedeskn1/frontend/app/node_modules/@tanstack/router-core/dist/esm/router.js:178:14)
    at file:///home/siegfriedneto/projects/servicedeskn1/frontend/app/node_modules/@tanstack/react-router/dist/esm/Transitioner.js:46:25
    at settleOwner (file:///home/siegfriedneto/projects/servicedeskn1/frontend/app/node_modules/@tanstack/react-router/dist/esm/Transitioner.js:10:10)
    at file:///home/siegfriedneto/projects/servicedeskn1/frontend/app/node_modules/@tanstack/react-router/dist/esm/Matches.js:38:39
    at Object.react_stack_bottom_frame (/home/siegfriedneto/projects/servicedeskn1/frontend/app/node_modules/react-dom/cjs/react-dom-client.development.js:25989:20)
    at runWithFiberInDEV (/home/siegfriedneto/projects/servicedeskn1/frontend/app/node_modules/react-dom/cjs/react-dom-client.development.js:874:13)
    at commitHookEffectListMount (/home/siegfriedneto/projects/servicedeskn1/frontend/app/node_modules/react-dom/cjs/react-dom-client.development.js:13249:29) undefined
Error: Not implemented: window.scrollTo
    at module.exports (/home/siegfriedneto/projects/servicedeskn1/frontend/app/node_modules/jsdom/lib/jsdom/browser/not-implemented.js:9:17)
    at /home/siegfriedneto/projects/servicedeskn1/frontend/app/node_modules/jsdom/lib/jsdom/browser/Window.js:960:7
    at Object.fn (file:///home/siegfriedneto/projects/servicedeskn1/frontend/app/node_modules/@tanstack/router-core/dist/esm/scroll-restoration.js:180:27)
    at RouterCore.emit (file:///home/siegfriedneto/projects/servicedeskn1/frontend/app/node_modules/@tanstack/router-core/dist/esm/router.js:178:14)
    at file:///home/siegfriedneto/projects/servicedeskn1/frontend/app/node_modules/@tanstack/react-router/dist/esm/Transitioner.js:46:25
    at settleOwner (file:///home/siegfriedneto/projects/servicedeskn1/frontend/app/node_modules/@tanstack/react-router/dist/esm/Transitioner.js:10:10)
    at file:///home/siegfriedneto/projects/servicedeskn1/frontend/app/node_modules/@tanstack/react-router/dist/esm/Matches.js:38:39
    at Object.react_stack_bottom_frame (/home/siegfriedneto/projects/servicedeskn1/frontend/app/node_modules/react-dom/cjs/react-dom-client.development.js:25989:20)
    at runWithFiberInDEV (/home/siegfriedneto/projects/servicedeskn1/frontend/app/node_modules/react-dom/cjs/react-dom-client.development.js:874:13)
    at commitHookEffectListMount (/home/siegfriedneto/projects/servicedeskn1/frontend/app/node_modules/react-dom/cjs/react-dom-client.development.js:13249:29) undefined
Error: Not implemented: window.scrollTo
    at module.exports (/home/siegfriedneto/projects/servicedeskn1/frontend/app/node_modules/jsdom/lib/jsdom/browser/not-implemented.js:9:17)
    at /home/siegfriedneto/projects/servicedeskn1/frontend/app/node_modules/jsdom/lib/jsdom/browser/Window.js:960:7
    at Object.fn (file:///home/siegfriedneto/projects/servicedeskn1/frontend/app/node_modules/@tanstack/router-core/dist/esm/scroll-restoration.js:180:27)
    at RouterCore.emit (file:///home/siegfriedneto/projects/servicedeskn1/frontend/app/node_modules/@tanstack/router-core/dist/esm/router.js:178:14)
    at file:///home/siegfriedneto/projects/servicedeskn1/frontend/app/node_modules/@tanstack/react-router/dist/esm/Transitioner.js:46:25
    at settleOwner (file:///home/siegfriedneto/projects/servicedeskn1/frontend/app/node_modules/@tanstack/react-router/dist/esm/Transitioner.js:10:10)
    at file:///home/siegfriedneto/projects/servicedeskn1/frontend/app/node_modules/@tanstack/react-router/dist/esm/Matches.js:38:39
    at Object.react_stack_bottom_frame (/home/siegfriedneto/projects/servicedeskn1/frontend/app/node_modules/react-dom/cjs/react-dom-client.development.js:25989:20)
    at runWithFiberInDEV (/home/siegfriedneto/projects/servicedeskn1/frontend/app/node_modules/react-dom/cjs/react-dom-client.development.js:874:13)
    at commitHookEffectListMount (/home/siegfriedneto/projects/servicedeskn1/frontend/app/node_modules/react-dom/cjs/react-dom-client.development.js:13249:29) undefined
Error: Not implemented: window.scrollTo
    at module.exports (/home/siegfriedneto/projects/servicedeskn1/frontend/app/node_modules/jsdom/lib/jsdom/browser/not-implemented.js:9:17)
    at /home/siegfriedneto/projects/servicedeskn1/frontend/app/node_modules/jsdom/lib/jsdom/browser/Window.js:960:7
    at Object.fn (file:///home/siegfriedneto/projects/servicedeskn1/frontend/app/node_modules/@tanstack/router-core/dist/esm/scroll-restoration.js:180:27)
    at RouterCore.emit (file:///home/siegfriedneto/projects/servicedeskn1/frontend/app/node_modules/@tanstack/router-core/dist/esm/router.js:178:14)
    at file:///home/siegfriedneto/projects/servicedeskn1/frontend/app/node_modules/@tanstack/react-router/dist/esm/Transitioner.js:46:25
    at settleOwner (file:///home/siegfriedneto/projects/servicedeskn1/frontend/app/node_modules/@tanstack/react-router/dist/esm/Transitioner.js:10:10)
    at file:///home/siegfriedneto/projects/servicedeskn1/frontend/app/node_modules/@tanstack/react-router/dist/esm/Matches.js:38:39
    at Object.react_stack_bottom_frame (/home/siegfriedneto/projects/servicedeskn1/frontend/app/node_modules/react-dom/cjs/react-dom-client.development.js:25989:20)
    at runWithFiberInDEV (/home/siegfriedneto/projects/servicedeskn1/frontend/app/node_modules/react-dom/cjs/react-dom-client.development.js:874:13)
    at commitHookEffectListMount (/home/siegfriedneto/projects/servicedeskn1/frontend/app/node_modules/react-dom/cjs/react-dom-client.development.js:13249:29) undefined
Error: Not implemented: window.scrollTo
    at module.exports (/home/siegfriedneto/projects/servicedeskn1/frontend/app/node_modules/jsdom/lib/jsdom/browser/not-implemented.js:9:17)
    at /home/siegfriedneto/projects/servicedeskn1/frontend/app/node_modules/jsdom/lib/jsdom/browser/Window.js:960:7
    at Object.fn (file:///home/siegfriedneto/projects/servicedeskn1/frontend/app/node_modules/@tanstack/router-core/dist/esm/scroll-restoration.js:180:27)
    at RouterCore.emit (file:///home/siegfriedneto/projects/servicedeskn1/frontend/app/node_modules/@tanstack/router-core/dist/esm/router.js:178:14)
    at file:///home/siegfriedneto/projects/servicedeskn1/frontend/app/node_modules/@tanstack/react-router/dist/esm/Transitioner.js:46:25
    at settleOwner (file:///home/siegfriedneto/projects/servicedeskn1/frontend/app/node_modules/@tanstack/react-router/dist/esm/Transitioner.js:10:10)
    at file:///home/siegfriedneto/projects/servicedeskn1/frontend/app/node_modules/@tanstack/react-router/dist/esm/Matches.js:38:39
    at Object.react_stack_bottom_frame (/home/siegfriedneto/projects/servicedeskn1/frontend/app/node_modules/react-dom/cjs/react-dom-client.development.js:25989:20)
    at runWithFiberInDEV (/home/siegfriedneto/projects/servicedeskn1/frontend/app/node_modules/react-dom/cjs/react-dom-client.development.js:874:13)
    at commitHookEffectListMount (/home/siegfriedneto/projects/servicedeskn1/frontend/app/node_modules/react-dom/cjs/react-dom-client.development.js:13249:29) undefined
Error: Not implemented: window.scrollTo
    at module.exports (/home/siegfriedneto/projects/servicedeskn1/frontend/app/node_modules/jsdom/lib/jsdom/browser/not-implemented.js:9:17)
    at /home/siegfriedneto/projects/servicedeskn1/frontend/app/node_modules/jsdom/lib/jsdom/browser/Window.js:960:7
    at Object.fn (file:///home/siegfriedneto/projects/servicedeskn1/frontend/app/node_modules/@tanstack/router-core/dist/esm/scroll-restoration.js:180:27)
    at RouterCore.emit (file:///home/siegfriedneto/projects/servicedeskn1/frontend/app/node_modules/@tanstack/router-core/dist/esm/router.js:178:14)
    at file:///home/siegfriedneto/projects/servicedeskn1/frontend/app/node_modules/@tanstack/react-router/dist/esm/Transitioner.js:46:25
    at settleOwner (file:///home/siegfriedneto/projects/servicedeskn1/frontend/app/node_modules/@tanstack/react-router/dist/esm/Transitioner.js:10:10)
    at file:///home/siegfriedneto/projects/servicedeskn1/frontend/app/node_modules/@tanstack/react-router/dist/esm/Matches.js:38:39
    at Object.react_stack_bottom_frame (/home/siegfriedneto/projects/servicedeskn1/frontend/app/node_modules/react-dom/cjs/react-dom-client.development.js:25989:20)
    at runWithFiberInDEV (/home/siegfriedneto/projects/servicedeskn1/frontend/app/node_modules/react-dom/cjs/react-dom-client.development.js:874:13)
    at commitHookEffectListMount (/home/siegfriedneto/projects/servicedeskn1/frontend/app/node_modules/react-dom/cjs/react-dom-client.development.js:13249:29) undefined
Error: Not implemented: window.scrollTo
    at module.exports (/home/siegfriedneto/projects/servicedeskn1/frontend/app/node_modules/jsdom/lib/jsdom/browser/not-implemented.js:9:17)
    at /home/siegfriedneto/projects/servicedeskn1/frontend/app/node_modules/jsdom/lib/jsdom/browser/Window.js:960:7
    at Object.fn (file:///home/siegfriedneto/projects/servicedeskn1/frontend/app/node_modules/@tanstack/router-core/dist/esm/scroll-restoration.js:180:27)
    at RouterCore.emit (file:///home/siegfriedneto/projects/servicedeskn1/frontend/app/node_modules/@tanstack/router-core/dist/esm/router.js:178:14)
    at file:///home/siegfriedneto/projects/servicedeskn1/frontend/app/node_modules/@tanstack/react-router/dist/esm/Transitioner.js:46:25
    at settleOwner (file:///home/siegfriedneto/projects/servicedeskn1/frontend/app/node_modules/@tanstack/react-router/dist/esm/Transitioner.js:10:10)
    at file:///home/siegfriedneto/projects/servicedeskn1/frontend/app/node_modules/@tanstack/react-router/dist/esm/Matches.js:38:39
    at Object.react_stack_bottom_frame (/home/siegfriedneto/projects/servicedeskn1/frontend/app/node_modules/react-dom/cjs/react-dom-client.development.js:25989:20)
    at runWithFiberInDEV (/home/siegfriedneto/projects/servicedeskn1/frontend/app/node_modules/react-dom/cjs/react-dom-client.development.js:874:13)
    at commitHookEffectListMount (/home/siegfriedneto/projects/servicedeskn1/frontend/app/node_modules/react-dom/cjs/react-dom-client.development.js:13249:29) undefined
Error: Not implemented: window.scrollTo
    at module.exports (/home/siegfriedneto/projects/servicedeskn1/frontend/app/node_modules/jsdom/lib/jsdom/browser/not-implemented.js:9:17)
    at /home/siegfriedneto/projects/servicedeskn1/frontend/app/node_modules/jsdom/lib/jsdom/browser/Window.js:960:7
    at Object.fn (file:///home/siegfriedneto/projects/servicedeskn1/frontend/app/node_modules/@tanstack/router-core/dist/esm/scroll-restoration.js:180:27)
    at RouterCore.emit (file:///home/siegfriedneto/projects/servicedeskn1/frontend/app/node_modules/@tanstack/router-core/dist/esm/router.js:178:14)
    at file:///home/siegfriedneto/projects/servicedeskn1/frontend/app/node_modules/@tanstack/react-router/dist/esm/Transitioner.js:46:25
    at settleOwner (file:///home/siegfriedneto/projects/servicedeskn1/frontend/app/node_modules/@tanstack/react-router/dist/esm/Transitioner.js:10:10)
    at file:///home/siegfriedneto/projects/servicedeskn1/frontend/app/node_modules/@tanstack/react-router/dist/esm/Matches.js:38:39
    at Object.react_stack_bottom_frame (/home/siegfriedneto/projects/servicedeskn1/frontend/app/node_modules/react-dom/cjs/react-dom-client.development.js:25989:20)
    at runWithFiberInDEV (/home/siegfriedneto/projects/servicedeskn1/frontend/app/node_modules/react-dom/cjs/react-dom-client.development.js:874:13)
    at commitHookEffectListMount (/home/siegfriedneto/projects/servicedeskn1/frontend/app/node_modules/react-dom/cjs/react-dom-client.development.js:13249:29) undefined
Error: Not implemented: window.scrollTo
    at module.exports (/home/siegfriedneto/projects/servicedeskn1/frontend/app/node_modules/jsdom/lib/jsdom/browser/not-implemented.js:9:17)
    at /home/siegfriedneto/projects/servicedeskn1/frontend/app/node_modules/jsdom/lib/jsdom/browser/Window.js:960:7
    at Object.fn (file:///home/siegfriedneto/projects/servicedeskn1/frontend/app/node_modules/@tanstack/router-core/dist/esm/scroll-restoration.js:180:27)
    at RouterCore.emit (file:///home/siegfriedneto/projects/servicedeskn1/frontend/app/node_modules/@tanstack/router-core/dist/esm/router.js:178:14)
    at file:///home/siegfriedneto/projects/servicedeskn1/frontend/app/node_modules/@tanstack/react-router/dist/esm/Transitioner.js:46:25
    at settleOwner (file:///home/siegfriedneto/projects/servicedeskn1/frontend/app/node_modules/@tanstack/react-router/dist/esm/Transitioner.js:10:10)
    at file:///home/siegfriedneto/projects/servicedeskn1/frontend/app/node_modules/@tanstack/react-router/dist/esm/Matches.js:38:39
    at Object.react_stack_bottom_frame (/home/siegfriedneto/projects/servicedeskn1/frontend/app/node_modules/react-dom/cjs/react-dom-client.development.js:25989:20)
    at runWithFiberInDEV (/home/siegfriedneto/projects/servicedeskn1/frontend/app/node_modules/react-dom/cjs/react-dom-client.development.js:874:13)
    at commitHookEffectListMount (/home/siegfriedneto/projects/servicedeskn1/frontend/app/node_modules/react-dom/cjs/react-dom-client.development.js:13249:29) undefined
Error: Not implemented: window.scrollTo
    at module.exports (/home/siegfriedneto/projects/servicedeskn1/frontend/app/node_modules/jsdom/lib/jsdom/browser/not-implemented.js:9:17)
    at /home/siegfriedneto/projects/servicedeskn1/frontend/app/node_modules/jsdom/lib/jsdom/browser/Window.js:960:7
    at Object.fn (file:///home/siegfriedneto/projects/servicedeskn1/frontend/app/node_modules/@tanstack/router-core/dist/esm/scroll-restoration.js:180:27)
    at RouterCore.emit (file:///home/siegfriedneto/projects/servicedeskn1/frontend/app/node_modules/@tanstack/router-core/dist/esm/router.js:178:14)
    at file:///home/siegfriedneto/projects/servicedeskn1/frontend/app/node_modules/@tanstack/react-router/dist/esm/Transitioner.js:46:25
    at settleOwner (file:///home/siegfriedneto/projects/servicedeskn1/frontend/app/node_modules/@tanstack/react-router/dist/esm/Transitioner.js:10:10)
    at file:///home/siegfriedneto/projects/servicedeskn1/frontend/app/node_modules/@tanstack/react-router/dist/esm/Matches.js:38:39
    at Object.react_stack_bottom_frame (/home/siegfriedneto/projects/servicedeskn1/frontend/app/node_modules/react-dom/cjs/react-dom-client.development.js:25989:20)
    at runWithFiberInDEV (/home/siegfriedneto/projects/servicedeskn1/frontend/app/node_modules/react-dom/cjs/react-dom-client.development.js:874:13)
    at commitHookEffectListMount (/home/siegfriedneto/projects/servicedeskn1/frontend/app/node_modules/react-dom/cjs/react-dom-client.development.js:13249:29) undefined
Error: Not implemented: window.scrollTo
    at module.exports (/home/siegfriedneto/projects/servicedeskn1/frontend/app/node_modules/jsdom/lib/jsdom/browser/not-implemented.js:9:17)
    at /home/siegfriedneto/projects/servicedeskn1/frontend/app/node_modules/jsdom/lib/jsdom/browser/Window.js:960:7
    at Object.fn (file:///home/siegfriedneto/projects/servicedeskn1/frontend/app/node_modules/@tanstack/router-core/dist/esm/scroll-restoration.js:180:27)
    at RouterCore.emit (file:///home/siegfriedneto/projects/servicedeskn1/frontend/app/node_modules/@tanstack/router-core/dist/esm/router.js:178:14)
    at file:///home/siegfriedneto/projects/servicedeskn1/frontend/app/node_modules/@tanstack/react-router/dist/esm/Transitioner.js:46:25
    at settleOwner (file:///home/siegfriedneto/projects/servicedeskn1/frontend/app/node_modules/@tanstack/react-router/dist/esm/Transitioner.js:10:10)
    at file:///home/siegfriedneto/projects/servicedeskn1/frontend/app/node_modules/@tanstack/react-router/dist/esm/Matches.js:38:39
    at Object.react_stack_bottom_frame (/home/siegfriedneto/projects/servicedeskn1/frontend/app/node_modules/react-dom/cjs/react-dom-client.development.js:25989:20)
    at runWithFiberInDEV (/home/siegfriedneto/projects/servicedeskn1/frontend/app/node_modules/react-dom/cjs/react-dom-client.development.js:874:13)
    at commitHookEffectListMount (/home/siegfriedneto/projects/servicedeskn1/frontend/app/node_modules/react-dom/cjs/react-dom-client.development.js:13249:29) undefined
Error: Not implemented: window.scrollTo
    at module.exports (/home/siegfriedneto/projects/servicedeskn1/frontend/app/node_modules/jsdom/lib/jsdom/browser/not-implemented.js:9:17)
    at /home/siegfriedneto/projects/servicedeskn1/frontend/app/node_modules/jsdom/lib/jsdom/browser/Window.js:960:7
    at Object.fn (file:///home/siegfriedneto/projects/servicedeskn1/frontend/app/node_modules/@tanstack/router-core/dist/esm/scroll-restoration.js:180:27)
    at RouterCore.emit (file:///home/siegfriedneto/projects/servicedeskn1/frontend/app/node_modules/@tanstack/router-core/dist/esm/router.js:178:14)
    at file:///home/siegfriedneto/projects/servicedeskn1/frontend/app/node_modules/@tanstack/react-router/dist/esm/Transitioner.js:46:25
    at settleOwner (file:///home/siegfriedneto/projects/servicedeskn1/frontend/app/node_modules/@tanstack/react-router/dist/esm/Transitioner.js:10:10)
    at file:///home/siegfriedneto/projects/servicedeskn1/frontend/app/node_modules/@tanstack/react-router/dist/esm/Matches.js:38:39
    at Object.react_stack_bottom_frame (/home/siegfriedneto/projects/servicedeskn1/frontend/app/node_modules/react-dom/cjs/react-dom-client.development.js:25989:20)
    at runWithFiberInDEV (/home/siegfriedneto/projects/servicedeskn1/frontend/app/node_modules/react-dom/cjs/react-dom-client.development.js:874:13)
    at commitHookEffectListMount (/home/siegfriedneto/projects/servicedeskn1/frontend/app/node_modules/react-dom/cjs/react-dom-client.development.js:13249:29) undefined
Error: Not implemented: window.scrollTo
    at module.exports (/home/siegfriedneto/projects/servicedeskn1/frontend/app/node_modules/jsdom/lib/jsdom/browser/not-implemented.js:9:17)
    at /home/siegfriedneto/projects/servicedeskn1/frontend/app/node_modules/jsdom/lib/jsdom/browser/Window.js:960:7
    at Object.fn (file:///home/siegfriedneto/projects/servicedeskn1/frontend/app/node_modules/@tanstack/router-core/dist/esm/scroll-restoration.js:180:27)
    at RouterCore.emit (file:///home/siegfriedneto/projects/servicedeskn1/frontend/app/node_modules/@tanstack/router-core/dist/esm/router.js:178:14)
    at file:///home/siegfriedneto/projects/servicedeskn1/frontend/app/node_modules/@tanstack/react-router/dist/esm/Transitioner.js:46:25
    at settleOwner (file:///home/siegfriedneto/projects/servicedeskn1/frontend/app/node_modules/@tanstack/react-router/dist/esm/Transitioner.js:10:10)
    at file:///home/siegfriedneto/projects/servicedeskn1/frontend/app/node_modules/@tanstack/react-router/dist/esm/Matches.js:38:39
    at Object.react_stack_bottom_frame (/home/siegfriedneto/projects/servicedeskn1/frontend/app/node_modules/react-dom/cjs/react-dom-client.development.js:25989:20)
    at runWithFiberInDEV (/home/siegfriedneto/projects/servicedeskn1/frontend/app/node_modules/react-dom/cjs/react-dom-client.development.js:874:13)
    at commitHookEffectListMount (/home/siegfriedneto/projects/servicedeskn1/frontend/app/node_modules/react-dom/cjs/react-dom-client.development.js:13249:29) undefined
stderr | src/routes/connector-configurations-screen-form-save.spec.ts > ConnectorConfigurationsScreen — a successful edit replaces the configuration in place and the list reflects it (criterion 5) > issues PUT at the existing connector name with the edited configuration, and the list shows the change afterward
Warning: useRouter must be used inside a <RouterProvider> component!

stderr | src/routes/connector-configurations-screen-form-save.spec.ts > ConnectorConfigurationsScreen — a successful edit replaces the configuration in place and the list reflects it (criterion 5) > issues PUT at the existing connector name with the edited configuration, and the list shows the change afterward
Warning: useRouter must be used inside a <RouterProvider> component!

Error: Not implemented: window.scrollTo
    at module.exports (/home/siegfriedneto/projects/servicedeskn1/frontend/app/node_modules/jsdom/lib/jsdom/browser/not-implemented.js:9:17)
    at /home/siegfriedneto/projects/servicedeskn1/frontend/app/node_modules/jsdom/lib/jsdom/browser/Window.js:960:7
    at Object.fn (file:///home/siegfriedneto/projects/servicedeskn1/frontend/app/node_modules/@tanstack/router-core/dist/esm/scroll-restoration.js:180:27)
    at RouterCore.emit (file:///home/siegfriedneto/projects/servicedeskn1/frontend/app/node_modules/@tanstack/router-core/dist/esm/router.js:178:14)
    at file:///home/siegfriedneto/projects/servicedeskn1/frontend/app/node_modules/@tanstack/react-router/dist/esm/Transitioner.js:46:25
    at settleOwner (file:///home/siegfriedneto/projects/servicedeskn1/frontend/app/node_modules/@tanstack/react-router/dist/esm/Transitioner.js:10:10)
    at file:///home/siegfriedneto/projects/servicedeskn1/frontend/app/node_modules/@tanstack/react-router/dist/esm/Matches.js:38:39
    at Object.react_stack_bottom_frame (/home/siegfriedneto/projects/servicedeskn1/frontend/app/node_modules/react-dom/cjs/react-dom-client.development.js:25989:20)
    at runWithFiberInDEV (/home/siegfriedneto/projects/servicedeskn1/frontend/app/node_modules/react-dom/cjs/react-dom-client.development.js:874:13)
    at commitHookEffectListMount (/home/siegfriedneto/projects/servicedeskn1/frontend/app/node_modules/react-dom/cjs/react-dom-client.development.js:13249:29) undefined
Error: Not implemented: window.scrollTo
    at module.exports (/home/siegfriedneto/projects/servicedeskn1/frontend/app/node_modules/jsdom/lib/jsdom/browser/not-implemented.js:9:17)
    at /home/siegfriedneto/projects/servicedeskn1/frontend/app/node_modules/jsdom/lib/jsdom/browser/Window.js:960:7
    at Object.fn (file:///home/siegfriedneto/projects/servicedeskn1/frontend/app/node_modules/@tanstack/router-core/dist/esm/scroll-restoration.js:180:27)
    at RouterCore.emit (file:///home/siegfriedneto/projects/servicedeskn1/frontend/app/node_modules/@tanstack/router-core/dist/esm/router.js:178:14)
    at file:///home/siegfriedneto/projects/servicedeskn1/frontend/app/node_modules/@tanstack/react-router/dist/esm/Transitioner.js:46:25
    at settleOwner (file:///home/siegfriedneto/projects/servicedeskn1/frontend/app/node_modules/@tanstack/react-router/dist/esm/Transitioner.js:10:10)
    at file:///home/siegfriedneto/projects/servicedeskn1/frontend/app/node_modules/@tanstack/react-router/dist/esm/Matches.js:38:39
    at Object.react_stack_bottom_frame (/home/siegfriedneto/projects/servicedeskn1/frontend/app/node_modules/react-dom/cjs/react-dom-client.development.js:25989:20)
    at runWithFiberInDEV (/home/siegfriedneto/projects/servicedeskn1/frontend/app/node_modules/react-dom/cjs/react-dom-client.development.js:874:13)
    at commitHookEffectListMount (/home/siegfriedneto/projects/servicedeskn1/frontend/app/node_modules/react-dom/cjs/react-dom-client.development.js:13249:29) undefined
Error: Not implemented: window.scrollTo
    at module.exports (/home/siegfriedneto/projects/servicedeskn1/frontend/app/node_modules/jsdom/lib/jsdom/browser/not-implemented.js:9:17)
    at /home/siegfriedneto/projects/servicedeskn1/frontend/app/node_modules/jsdom/lib/jsdom/browser/Window.js:960:7
    at Object.fn (file:///home/siegfriedneto/projects/servicedeskn1/frontend/app/node_modules/@tanstack/router-core/dist/esm/scroll-restoration.js:180:27)
    at RouterCore.emit (file:///home/siegfriedneto/projects/servicedeskn1/frontend/app/node_modules/@tanstack/router-core/dist/esm/router.js:178:14)
    at file:///home/siegfriedneto/projects/servicedeskn1/frontend/app/node_modules/@tanstack/react-router/dist/esm/Transitioner.js:46:25
    at settleOwner (file:///home/siegfriedneto/projects/servicedeskn1/frontend/app/node_modules/@tanstack/react-router/dist/esm/Transitioner.js:10:10)
    at file:///home/siegfriedneto/projects/servicedeskn1/frontend/app/node_modules/@tanstack/react-router/dist/esm/Matches.js:38:39
    at Object.react_stack_bottom_frame (/home/siegfriedneto/projects/servicedeskn1/frontend/app/node_modules/react-dom/cjs/react-dom-client.development.js:25989:20)
    at runWithFiberInDEV (/home/siegfriedneto/projects/servicedeskn1/frontend/app/node_modules/react-dom/cjs/react-dom-client.development.js:874:13)
    at commitHookEffectListMount (/home/siegfriedneto/projects/servicedeskn1/frontend/app/node_modules/react-dom/cjs/react-dom-client.development.js:13249:29) undefined
Error: Not implemented: window.scrollTo
    at module.exports (/home/siegfriedneto/projects/servicedeskn1/frontend/app/node_modules/jsdom/lib/jsdom/browser/not-implemented.js:9:17)
    at /home/siegfriedneto/projects/servicedeskn1/frontend/app/node_modules/jsdom/lib/jsdom/browser/Window.js:960:7
    at Object.fn (file:///home/siegfriedneto/projects/servicedeskn1/frontend/app/node_modules/@tanstack/router-core/dist/esm/scroll-restoration.js:180:27)
    at RouterCore.emit (file:///home/siegfriedneto/projects/servicedeskn1/frontend/app/node_modules/@tanstack/router-core/dist/esm/router.js:178:14)
    at file:///home/siegfriedneto/projects/servicedeskn1/frontend/app/node_modules/@tanstack/router-core/dist/esm/load-client.js:943:46
    at Router.batch (file:///home/siegfriedneto/projects/servicedeskn1/frontend/app/node_modules/@tanstack/store/dist/esm/atom.js:39:5)
    at file:///home/siegfriedneto/projects/servicedeskn1/frontend/app/node_modules/@tanstack/router-core/dist/esm/load-client.js:936:10
    at runNextTicks (node:internal/process/task_queues:64:5)
    at listOnTimeout (node:internal/timers:547:9)
    at processTimers (node:internal/timers:521:7) undefined
Error: Not implemented: window.scrollTo
    at module.exports (/home/siegfriedneto/projects/servicedeskn1/frontend/app/node_modules/jsdom/lib/jsdom/browser/not-implemented.js:9:17)
    at /home/siegfriedneto/projects/servicedeskn1/frontend/app/node_modules/jsdom/lib/jsdom/browser/Window.js:960:7
    at Object.fn (file:///home/siegfriedneto/projects/servicedeskn1/frontend/app/node_modules/@tanstack/router-core/dist/esm/scroll-restoration.js:180:27)
    at RouterCore.emit (file:///home/siegfriedneto/projects/servicedeskn1/frontend/app/node_modules/@tanstack/router-core/dist/esm/router.js:178:14)
    at file:///home/siegfriedneto/projects/servicedeskn1/frontend/app/node_modules/@tanstack/react-router/dist/esm/Transitioner.js:46:25
    at settleOwner (file:///home/siegfriedneto/projects/servicedeskn1/frontend/app/node_modules/@tanstack/react-router/dist/esm/Transitioner.js:10:10)
    at file:///home/siegfriedneto/projects/servicedeskn1/frontend/app/node_modules/@tanstack/react-router/dist/esm/Matches.js:38:39
    at Object.react_stack_bottom_frame (/home/siegfriedneto/projects/servicedeskn1/frontend/app/node_modules/react-dom/cjs/react-dom-client.development.js:25989:20)
    at runWithFiberInDEV (/home/siegfriedneto/projects/servicedeskn1/frontend/app/node_modules/react-dom/cjs/react-dom-client.development.js:874:13)
    at commitHookEffectListMount (/home/siegfriedneto/projects/servicedeskn1/frontend/app/node_modules/react-dom/cjs/react-dom-client.development.js:13249:29) undefined
Error: Not implemented: window.scrollTo
    at module.exports (/home/siegfriedneto/projects/servicedeskn1/frontend/app/node_modules/jsdom/lib/jsdom/browser/not-implemented.js:9:17)
    at /home/siegfriedneto/projects/servicedeskn1/frontend/app/node_modules/jsdom/lib/jsdom/browser/Window.js:960:7
    at Object.fn (file:///home/siegfriedneto/projects/servicedeskn1/frontend/app/node_modules/@tanstack/router-core/dist/esm/scroll-restoration.js:180:27)
    at RouterCore.emit (file:///home/siegfriedneto/projects/servicedeskn1/frontend/app/node_modules/@tanstack/router-core/dist/esm/router.js:178:14)
    at file:///home/siegfriedneto/projects/servicedeskn1/frontend/app/node_modules/@tanstack/router-core/dist/esm/load-client.js:943:46
    at Router.batch (file:///home/siegfriedneto/projects/servicedeskn1/frontend/app/node_modules/@tanstack/store/dist/esm/atom.js:39:5)
    at file:///home/siegfriedneto/projects/servicedeskn1/frontend/app/node_modules/@tanstack/router-core/dist/esm/load-client.js:936:10
    at runNextTicks (node:internal/process/task_queues:64:5)
    at processTimers (node:internal/timers:518:9)
    at runClientTransaction (file:///home/siegfriedneto/projects/servicedeskn1/frontend/app/node_modules/@tanstack/router-core/dist/esm/load-client.js:902:2) undefined
 ❯ src/routes/route-tree.spec.ts (11 tests | 1 failed) 67ms
     × registers a route at each of the thirteen proposal-plus-origination screens' paths, and no other 38ms
Error: Not implemented: window.scrollTo
    at module.exports (/home/siegfriedneto/projects/servicedeskn1/frontend/app/node_modules/jsdom/lib/jsdom/browser/not-implemented.js:9:17)
    at /home/siegfriedneto/projects/servicedeskn1/frontend/app/node_modules/jsdom/lib/jsdom/browser/Window.js:960:7
    at Object.fn (file:///home/siegfriedneto/projects/servicedeskn1/frontend/app/node_modules/@tanstack/router-core/dist/esm/scroll-restoration.js:180:27)
    at RouterCore.emit (file:///home/siegfriedneto/projects/servicedeskn1/frontend/app/node_modules/@tanstack/router-core/dist/esm/router.js:178:14)
    at file:///home/siegfriedneto/projects/servicedeskn1/frontend/app/node_modules/@tanstack/react-router/dist/esm/Transitioner.js:46:25
    at settleOwner (file:///home/siegfriedneto/projects/servicedeskn1/frontend/app/node_modules/@tanstack/react-router/dist/esm/Transitioner.js:10:10)
    at file:///home/siegfriedneto/projects/servicedeskn1/frontend/app/node_modules/@tanstack/react-router/dist/esm/Matches.js:38:39
    at Object.react_stack_bottom_frame (/home/siegfriedneto/projects/servicedeskn1/frontend/app/node_modules/react-dom/cjs/react-dom-client.development.js:25989:20)
    at runWithFiberInDEV (/home/siegfriedneto/projects/servicedeskn1/frontend/app/node_modules/react-dom/cjs/react-dom-client.development.js:874:13)
    at commitHookEffectListMount (/home/siegfriedneto/projects/servicedeskn1/frontend/app/node_modules/react-dom/cjs/react-dom-client.development.js:13249:29) undefined
Error: Not implemented: window.scrollTo
    at module.exports (/home/siegfriedneto/projects/servicedeskn1/frontend/app/node_modules/jsdom/lib/jsdom/browser/not-implemented.js:9:17)
    at /home/siegfriedneto/projects/servicedeskn1/frontend/app/node_modules/jsdom/lib/jsdom/browser/Window.js:960:7
    at Object.fn (file:///home/siegfriedneto/projects/servicedeskn1/frontend/app/node_modules/@tanstack/router-core/dist/esm/scroll-restoration.js:180:27)
    at RouterCore.emit (file:///home/siegfriedneto/projects/servicedeskn1/frontend/app/node_modules/@tanstack/router-core/dist/esm/router.js:178:14)
    at file:///home/siegfriedneto/projects/servicedeskn1/frontend/app/node_modules/@tanstack/react-router/dist/esm/Transitioner.js:46:25
    at settleOwner (file:///home/siegfriedneto/projects/servicedeskn1/frontend/app/node_modules/@tanstack/react-router/dist/esm/Transitioner.js:10:10)
    at file:///home/siegfriedneto/projects/servicedeskn1/frontend/app/node_modules/@tanstack/react-router/dist/esm/Matches.js:38:39
    at Object.react_stack_bottom_frame (/home/siegfriedneto/projects/servicedeskn1/frontend/app/node_modules/react-dom/cjs/react-dom-client.development.js:25989:20)
    at runWithFiberInDEV (/home/siegfriedneto/projects/servicedeskn1/frontend/app/node_modules/react-dom/cjs/react-dom-client.development.js:874:13)
    at commitHookEffectListMount (/home/siegfriedneto/projects/servicedeskn1/frontend/app/node_modules/react-dom/cjs/react-dom-client.development.js:13249:29) undefined
stderr | src/routes/connector-configurations-screen-form-save.spec.ts > ConnectorConfigurationsScreen — a not-well-formed refusal reaches the operator as a specific message (disclosed inference) > shows ConnectorConfigurationNotWellFormedError's own message, distinguishable from the generic fallback, and keeps the Dialog open
Warning: useRouter must be used inside a <RouterProvider> component!

stderr | src/routes/connector-configurations-screen-form-save.spec.ts > ConnectorConfigurationsScreen — a not-well-formed refusal reaches the operator as a specific message (disclosed inference) > shows ConnectorConfigurationNotWellFormedError's own message, distinguishable from the generic fallback, and keeps the Dialog open
Warning: useRouter must be used inside a <RouterProvider> component!

Error: Not implemented: window.scrollTo
    at module.exports (/home/siegfriedneto/projects/servicedeskn1/frontend/app/node_modules/jsdom/lib/jsdom/browser/not-implemented.js:9:17)
    at /home/siegfriedneto/projects/servicedeskn1/frontend/app/node_modules/jsdom/lib/jsdom/browser/Window.js:960:7
    at Object.fn (file:///home/siegfriedneto/projects/servicedeskn1/frontend/app/node_modules/@tanstack/router-core/dist/esm/scroll-restoration.js:180:27)
    at RouterCore.emit (file:///home/siegfriedneto/projects/servicedeskn1/frontend/app/node_modules/@tanstack/router-core/dist/esm/router.js:178:14)
    at file:///home/siegfriedneto/projects/servicedeskn1/frontend/app/node_modules/@tanstack/react-router/dist/esm/Transitioner.js:46:25
    at settleOwner (file:///home/siegfriedneto/projects/servicedeskn1/frontend/app/node_modules/@tanstack/react-router/dist/esm/Transitioner.js:10:10)
    at file:///home/siegfriedneto/projects/servicedeskn1/frontend/app/node_modules/@tanstack/react-router/dist/esm/Matches.js:38:39
    at Object.react_stack_bottom_frame (/home/siegfriedneto/projects/servicedeskn1/frontend/app/node_modules/react-dom/cjs/react-dom-client.development.js:25989:20)
    at runWithFiberInDEV (/home/siegfriedneto/projects/servicedeskn1/frontend/app/node_modules/react-dom/cjs/react-dom-client.development.js:874:13)
    at commitHookEffectListMount (/home/siegfriedneto/projects/servicedeskn1/frontend/app/node_modules/react-dom/cjs/react-dom-client.development.js:13249:29) undefined
stderr | src/routes/connector-configurations-screen-form-save.spec.ts > ConnectorConfigurationsScreen — an unmapped save failure falls back to the generic message > shows the shared generic save-failure toast for a failure error-ui-state.ts does not name
Warning: useRouter must be used inside a <RouterProvider> component!

stderr | src/routes/connector-configurations-screen-form-save.spec.ts > ConnectorConfigurationsScreen — an unmapped save failure falls back to the generic message > shows the shared generic save-failure toast for a failure error-ui-state.ts does not name
Warning: useRouter must be used inside a <RouterProvider> component!

stderr | src/routes/connector-configurations-screen-form-save.spec.ts > ConnectorConfigurationsScreen — saving twice in quick succession (edge case) > issues exactly one PUT when Save is clicked twice before the first request resolves
Warning: useRouter must be used inside a <RouterProvider> component!

stderr | src/routes/connector-configurations-screen-form-save.spec.ts > ConnectorConfigurationsScreen — saving twice in quick succession (edge case) > issues exactly one PUT when Save is clicked twice before the first request resolves
Warning: useRouter must be used inside a <RouterProvider> component!

 ❯ src/routes/connector-configurations-screen-form-save.spec.ts (8 tests | 4 failed) 1279ms
     × issues PUT at the existing connector name with the edited configuration, and the list shows the change afterward 119ms
     × shows ConnectorConfigurationNotWellFormedError's own message, distinguishable from the generic fallback, and keeps the Dialog open 73ms
     × shows the shared generic save-failure toast for a failure error-ui-state.ts does not name 64ms
     × issues exactly one PUT when Save is clicked twice before the first request resolves 84ms
Error: Not implemented: window.scrollTo
    at module.exports (/home/siegfriedneto/projects/servicedeskn1/frontend/app/node_modules/jsdom/lib/jsdom/browser/not-implemented.js:9:17)
    at /home/siegfriedneto/projects/servicedeskn1/frontend/app/node_modules/jsdom/lib/jsdom/browser/Window.js:960:7
    at Object.fn (file:///home/siegfriedneto/projects/servicedeskn1/frontend/app/node_modules/@tanstack/router-core/dist/esm/scroll-restoration.js:180:27)
    at RouterCore.emit (file:///home/siegfriedneto/projects/servicedeskn1/frontend/app/node_modules/@tanstack/router-core/dist/esm/router.js:178:14)
    at file:///home/siegfriedneto/projects/servicedeskn1/frontend/app/node_modules/@tanstack/react-router/dist/esm/Transitioner.js:46:25
    at settleOwner (file:///home/siegfriedneto/projects/servicedeskn1/frontend/app/node_modules/@tanstack/react-router/dist/esm/Transitioner.js:10:10)
    at file:///home/siegfriedneto/projects/servicedeskn1/frontend/app/node_modules/@tanstack/react-router/dist/esm/Matches.js:38:39
    at Object.react_stack_bottom_frame (/home/siegfriedneto/projects/servicedeskn1/frontend/app/node_modules/react-dom/cjs/react-dom-client.development.js:25989:20)
    at runWithFiberInDEV (/home/siegfriedneto/projects/servicedeskn1/frontend/app/node_modules/react-dom/cjs/react-dom-client.development.js:874:13)
    at commitHookEffectListMount (/home/siegfriedneto/projects/servicedeskn1/frontend/app/node_modules/react-dom/cjs/react-dom-client.development.js:13249:29) undefined
Error: Not implemented: window.scrollTo
    at module.exports (/home/siegfriedneto/projects/servicedeskn1/frontend/app/node_modules/jsdom/lib/jsdom/browser/not-implemented.js:9:17)
    at /home/siegfriedneto/projects/servicedeskn1/frontend/app/node_modules/jsdom/lib/jsdom/browser/Window.js:960:7
    at Object.fn (file:///home/siegfriedneto/projects/servicedeskn1/frontend/app/node_modules/@tanstack/router-core/dist/esm/scroll-restoration.js:180:27)
    at RouterCore.emit (file:///home/siegfriedneto/projects/servicedeskn1/frontend/app/node_modules/@tanstack/router-core/dist/esm/router.js:178:14)
    at file:///home/siegfriedneto/projects/servicedeskn1/frontend/app/node_modules/@tanstack/react-router/dist/esm/Transitioner.js:46:25
    at settleOwner (file:///home/siegfriedneto/projects/servicedeskn1/frontend/app/node_modules/@tanstack/react-router/dist/esm/Transitioner.js:10:10)
    at file:///home/siegfriedneto/projects/servicedeskn1/frontend/app/node_modules/@tanstack/react-router/dist/esm/Matches.js:38:39
    at Object.react_stack_bottom_frame (/home/siegfriedneto/projects/servicedeskn1/frontend/app/node_modules/react-dom/cjs/react-dom-client.development.js:25989:20)
    at runWithFiberInDEV (/home/siegfriedneto/projects/servicedeskn1/frontend/app/node_modules/react-dom/cjs/react-dom-client.development.js:874:13)
    at commitHookEffectListMount (/home/siegfriedneto/projects/servicedeskn1/frontend/app/node_modules/react-dom/cjs/react-dom-client.development.js:13249:29) undefined
Error: Not implemented: window.scrollTo
    at module.exports (/home/siegfriedneto/projects/servicedeskn1/frontend/app/node_modules/jsdom/lib/jsdom/browser/not-implemented.js:9:17)
    at /home/siegfriedneto/projects/servicedeskn1/frontend/app/node_modules/jsdom/lib/jsdom/browser/Window.js:960:7
    at Object.fn (file:///home/siegfriedneto/projects/servicedeskn1/frontend/app/node_modules/@tanstack/router-core/dist/esm/scroll-restoration.js:180:27)
    at RouterCore.emit (file:///home/siegfriedneto/projects/servicedeskn1/frontend/app/node_modules/@tanstack/router-core/dist/esm/router.js:178:14)
    at file:///home/siegfriedneto/projects/servicedeskn1/frontend/app/node_modules/@tanstack/react-router/dist/esm/Transitioner.js:46:25
    at settleOwner (file:///home/siegfriedneto/projects/servicedeskn1/frontend/app/node_modules/@tanstack/react-router/dist/esm/Transitioner.js:10:10)
    at file:///home/siegfriedneto/projects/servicedeskn1/frontend/app/node_modules/@tanstack/react-router/dist/esm/Matches.js:38:39
    at Object.react_stack_bottom_frame (/home/siegfriedneto/projects/servicedeskn1/frontend/app/node_modules/react-dom/cjs/react-dom-client.development.js:25989:20)
    at runWithFiberInDEV (/home/siegfriedneto/projects/servicedeskn1/frontend/app/node_modules/react-dom/cjs/react-dom-client.development.js:874:13)
    at commitHookEffectListMount (/home/siegfriedneto/projects/servicedeskn1/frontend/app/node_modules/react-dom/cjs/react-dom-client.development.js:13249:29) undefined
Error: Not implemented: window.scrollTo
    at module.exports (/home/siegfriedneto/projects/servicedeskn1/frontend/app/node_modules/jsdom/lib/jsdom/browser/not-implemented.js:9:17)
    at /home/siegfriedneto/projects/servicedeskn1/frontend/app/node_modules/jsdom/lib/jsdom/browser/Window.js:960:7
    at Object.fn (file:///home/siegfriedneto/projects/servicedeskn1/frontend/app/node_modules/@tanstack/router-core/dist/esm/scroll-restoration.js:180:27)
    at RouterCore.emit (file:///home/siegfriedneto/projects/servicedeskn1/frontend/app/node_modules/@tanstack/router-core/dist/esm/router.js:178:14)
    at file:///home/siegfriedneto/projects/servicedeskn1/frontend/app/node_modules/@tanstack/react-router/dist/esm/Transitioner.js:46:25
    at settleOwner (file:///home/siegfriedneto/projects/servicedeskn1/frontend/app/node_modules/@tanstack/react-router/dist/esm/Transitioner.js:10:10)
    at file:///home/siegfriedneto/projects/servicedeskn1/frontend/app/node_modules/@tanstack/react-router/dist/esm/Matches.js:38:39
    at Object.react_stack_bottom_frame (/home/siegfriedneto/projects/servicedeskn1/frontend/app/node_modules/react-dom/cjs/react-dom-client.development.js:25989:20)
    at runWithFiberInDEV (/home/siegfriedneto/projects/servicedeskn1/frontend/app/node_modules/react-dom/cjs/react-dom-client.development.js:874:13)
    at commitHookEffectListMount (/home/siegfriedneto/projects/servicedeskn1/frontend/app/node_modules/react-dom/cjs/react-dom-client.development.js:13249:29) undefined
Error: Not implemented: window.scrollTo
    at module.exports (/home/siegfriedneto/projects/servicedeskn1/frontend/app/node_modules/jsdom/lib/jsdom/browser/not-implemented.js:9:17)
    at /home/siegfriedneto/projects/servicedeskn1/frontend/app/node_modules/jsdom/lib/jsdom/browser/Window.js:960:7
    at Object.fn (file:///home/siegfriedneto/projects/servicedeskn1/frontend/app/node_modules/@tanstack/router-core/dist/esm/scroll-restoration.js:180:27)
    at RouterCore.emit (file:///home/siegfriedneto/projects/servicedeskn1/frontend/app/node_modules/@tanstack/router-core/dist/esm/router.js:178:14)
    at file:///home/siegfriedneto/projects/servicedeskn1/frontend/app/node_modules/@tanstack/react-router/dist/esm/Transitioner.js:46:25
    at settleOwner (file:///home/siegfriedneto/projects/servicedeskn1/frontend/app/node_modules/@tanstack/react-router/dist/esm/Transitioner.js:10:10)
    at file:///home/siegfriedneto/projects/servicedeskn1/frontend/app/node_modules/@tanstack/react-router/dist/esm/Matches.js:38:39
    at Object.react_stack_bottom_frame (/home/siegfriedneto/projects/servicedeskn1/frontend/app/node_modules/react-dom/cjs/react-dom-client.development.js:25989:20)
    at runWithFiberInDEV (/home/siegfriedneto/projects/servicedeskn1/frontend/app/node_modules/react-dom/cjs/react-dom-client.development.js:874:13)
    at commitHookEffectListMount (/home/siegfriedneto/projects/servicedeskn1/frontend/app/node_modules/react-dom/cjs/react-dom-client.development.js:13249:29) undefined
Error: Not implemented: window.scrollTo
    at module.exports (/home/siegfriedneto/projects/servicedeskn1/frontend/app/node_modules/jsdom/lib/jsdom/browser/not-implemented.js:9:17)
    at /home/siegfriedneto/projects/servicedeskn1/frontend/app/node_modules/jsdom/lib/jsdom/browser/Window.js:960:7
    at Object.fn (file:///home/siegfriedneto/projects/servicedeskn1/frontend/app/node_modules/@tanstack/router-core/dist/esm/scroll-restoration.js:180:27)
    at RouterCore.emit (file:///home/siegfriedneto/projects/servicedeskn1/frontend/app/node_modules/@tanstack/router-core/dist/esm/router.js:178:14)
    at file:///home/siegfriedneto/projects/servicedeskn1/frontend/app/node_modules/@tanstack/router-core/dist/esm/load-client.js:943:46
    at Router.batch (file:///home/siegfriedneto/projects/servicedeskn1/frontend/app/node_modules/@tanstack/store/dist/esm/atom.js:39:5)
    at file:///home/siegfriedneto/projects/servicedeskn1/frontend/app/node_modules/@tanstack/router-core/dist/esm/load-client.js:936:10
    at runClientTransaction (file:///home/siegfriedneto/projects/servicedeskn1/frontend/app/node_modules/@tanstack/router-core/dist/esm/load-client.js:902:2)
    at loadClientRoute (file:///home/siegfriedneto/projects/servicedeskn1/frontend/app/node_modules/@tanstack/router-core/dist/esm/load-client.js:1034:2)
    at RouterCore.load (file:///home/siegfriedneto/projects/servicedeskn1/frontend/app/node_modules/@tanstack/router-core/dist/esm/router.js:489:4) undefined
Error: Not implemented: window.scrollTo
    at module.exports (/home/siegfriedneto/projects/servicedeskn1/frontend/app/node_modules/jsdom/lib/jsdom/browser/not-implemented.js:9:17)
    at /home/siegfriedneto/projects/servicedeskn1/frontend/app/node_modules/jsdom/lib/jsdom/browser/Window.js:960:7
    at Object.fn (file:///home/siegfriedneto/projects/servicedeskn1/frontend/app/node_modules/@tanstack/router-core/dist/esm/scroll-restoration.js:180:27)
    at RouterCore.emit (file:///home/siegfriedneto/projects/servicedeskn1/frontend/app/node_modules/@tanstack/router-core/dist/esm/router.js:178:14)
    at file:///home/siegfriedneto/projects/servicedeskn1/frontend/app/node_modules/@tanstack/react-router/dist/esm/Transitioner.js:46:25
    at settleOwner (file:///home/siegfriedneto/projects/servicedeskn1/frontend/app/node_modules/@tanstack/react-router/dist/esm/Transitioner.js:10:10)
    at file:///home/siegfriedneto/projects/servicedeskn1/frontend/app/node_modules/@tanstack/react-router/dist/esm/Matches.js:38:39
    at Object.react_stack_bottom_frame (/home/siegfriedneto/projects/servicedeskn1/frontend/app/node_modules/react-dom/cjs/react-dom-client.development.js:25989:20)
    at runWithFiberInDEV (/home/siegfriedneto/projects/servicedeskn1/frontend/app/node_modules/react-dom/cjs/react-dom-client.development.js:874:13)
    at commitHookEffectListMount (/home/siegfriedneto/projects/servicedeskn1/frontend/app/node_modules/react-dom/cjs/react-dom-client.development.js:13249:29) undefined
Error: Not implemented: window.scrollTo
    at module.exports (/home/siegfriedneto/projects/servicedeskn1/frontend/app/node_modules/jsdom/lib/jsdom/browser/not-implemented.js:9:17)
    at /home/siegfriedneto/projects/servicedeskn1/frontend/app/node_modules/jsdom/lib/jsdom/browser/Window.js:960:7
    at Object.fn (file:///home/siegfriedneto/projects/servicedeskn1/frontend/app/node_modules/@tanstack/router-core/dist/esm/scroll-restoration.js:180:27)
    at RouterCore.emit (file:///home/siegfriedneto/projects/servicedeskn1/frontend/app/node_modules/@tanstack/router-core/dist/esm/router.js:178:14)
    at file:///home/siegfriedneto/projects/servicedeskn1/frontend/app/node_modules/@tanstack/router-core/dist/esm/load-client.js:943:46
    at Router.batch (file:///home/siegfriedneto/projects/servicedeskn1/frontend/app/node_modules/@tanstack/store/dist/esm/atom.js:39:5)
    at file:///home/siegfriedneto/projects/servicedeskn1/frontend/app/node_modules/@tanstack/router-core/dist/esm/load-client.js:936:10
    at runClientTransaction (file:///home/siegfriedneto/projects/servicedeskn1/frontend/app/node_modules/@tanstack/router-core/dist/esm/load-client.js:902:2)
    at loadClientRoute (file:///home/siegfriedneto/projects/servicedeskn1/frontend/app/node_modules/@tanstack/router-core/dist/esm/load-client.js:1034:2)
    at RouterCore.load (file:///home/siegfriedneto/projects/servicedeskn1/frontend/app/node_modules/@tanstack/router-core/dist/esm/router.js:489:4) undefined
Error: Not implemented: window.scrollTo
    at module.exports (/home/siegfriedneto/projects/servicedeskn1/frontend/app/node_modules/jsdom/lib/jsdom/browser/not-implemented.js:9:17)
    at /home/siegfriedneto/projects/servicedeskn1/frontend/app/node_modules/jsdom/lib/jsdom/browser/Window.js:960:7
    at Object.fn (file:///home/siegfriedneto/projects/servicedeskn1/frontend/app/node_modules/@tanstack/router-core/dist/esm/scroll-restoration.js:180:27)
    at RouterCore.emit (file:///home/siegfriedneto/projects/servicedeskn1/frontend/app/node_modules/@tanstack/router-core/dist/esm/router.js:178:14)
    at file:///home/siegfriedneto/projects/servicedeskn1/frontend/app/node_modules/@tanstack/react-router/dist/esm/Transitioner.js:46:25
    at settleOwner (file:///home/siegfriedneto/projects/servicedeskn1/frontend/app/node_modules/@tanstack/react-router/dist/esm/Transitioner.js:10:10)
    at file:///home/siegfriedneto/projects/servicedeskn1/frontend/app/node_modules/@tanstack/react-router/dist/esm/Matches.js:38:39
    at Object.react_stack_bottom_frame (/home/siegfriedneto/projects/servicedeskn1/frontend/app/node_modules/react-dom/cjs/react-dom-client.development.js:25989:20)
    at runWithFiberInDEV (/home/siegfriedneto/projects/servicedeskn1/frontend/app/node_modules/react-dom/cjs/react-dom-client.development.js:874:13)
    at commitHookEffectListMount (/home/siegfriedneto/projects/servicedeskn1/frontend/app/node_modules/react-dom/cjs/react-dom-client.development.js:13249:29) undefined
Error: Not implemented: window.scrollTo
    at module.exports (/home/siegfriedneto/projects/servicedeskn1/frontend/app/node_modules/jsdom/lib/jsdom/browser/not-implemented.js:9:17)
    at /home/siegfriedneto/projects/servicedeskn1/frontend/app/node_modules/jsdom/lib/jsdom/browser/Window.js:960:7
    at Object.fn (file:///home/siegfriedneto/projects/servicedeskn1/frontend/app/node_modules/@tanstack/router-core/dist/esm/scroll-restoration.js:180:27)
    at RouterCore.emit (file:///home/siegfriedneto/projects/servicedeskn1/frontend/app/node_modules/@tanstack/router-core/dist/esm/router.js:178:14)
    at file:///home/siegfriedneto/projects/servicedeskn1/frontend/app/node_modules/@tanstack/react-router/dist/esm/Transitioner.js:46:25
    at settleOwner (file:///home/siegfriedneto/projects/servicedeskn1/frontend/app/node_modules/@tanstack/react-router/dist/esm/Transitioner.js:10:10)
    at file:///home/siegfriedneto/projects/servicedeskn1/frontend/app/node_modules/@tanstack/react-router/dist/esm/Matches.js:38:39
    at Object.react_stack_bottom_frame (/home/siegfriedneto/projects/servicedeskn1/frontend/app/node_modules/react-dom/cjs/react-dom-client.development.js:25989:20)
    at runWithFiberInDEV (/home/siegfriedneto/projects/servicedeskn1/frontend/app/node_modules/react-dom/cjs/react-dom-client.development.js:874:13)
    at commitHookEffectListMount (/home/siegfriedneto/projects/servicedeskn1/frontend/app/node_modules/react-dom/cjs/react-dom-client.development.js:13249:29) undefined
Error: Not implemented: window.scrollTo
    at module.exports (/home/siegfriedneto/projects/servicedeskn1/frontend/app/node_modules/jsdom/lib/jsdom/browser/not-implemented.js:9:17)
    at /home/siegfriedneto/projects/servicedeskn1/frontend/app/node_modules/jsdom/lib/jsdom/browser/Window.js:960:7
    at Object.fn (file:///home/siegfriedneto/projects/servicedeskn1/frontend/app/node_modules/@tanstack/router-core/dist/esm/scroll-restoration.js:180:27)
    at RouterCore.emit (file:///home/siegfriedneto/projects/servicedeskn1/frontend/app/node_modules/@tanstack/router-core/dist/esm/router.js:178:14)
    at file:///home/siegfriedneto/projects/servicedeskn1/frontend/app/node_modules/@tanstack/react-router/dist/esm/Transitioner.js:46:25
    at settleOwner (file:///home/siegfriedneto/projects/servicedeskn1/frontend/app/node_modules/@tanstack/react-router/dist/esm/Transitioner.js:10:10)
    at file:///home/siegfriedneto/projects/servicedeskn1/frontend/app/node_modules/@tanstack/react-router/dist/esm/Matches.js:38:39
    at Object.react_stack_bottom_frame (/home/siegfriedneto/projects/servicedeskn1/frontend/app/node_modules/react-dom/cjs/react-dom-client.development.js:25989:20)
    at runWithFiberInDEV (/home/siegfriedneto/projects/servicedeskn1/frontend/app/node_modules/react-dom/cjs/react-dom-client.development.js:874:13)
    at commitHookEffectListMount (/home/siegfriedneto/projects/servicedeskn1/frontend/app/node_modules/react-dom/cjs/react-dom-client.development.js:13249:29) undefined
Error: Not implemented: window.scrollTo
    at module.exports (/home/siegfriedneto/projects/servicedeskn1/frontend/app/node_modules/jsdom/lib/jsdom/browser/not-implemented.js:9:17)
    at /home/siegfriedneto/projects/servicedeskn1/frontend/app/node_modules/jsdom/lib/jsdom/browser/Window.js:960:7
    at Object.fn (file:///home/siegfriedneto/projects/servicedeskn1/frontend/app/node_modules/@tanstack/router-core/dist/esm/scroll-restoration.js:180:27)
    at RouterCore.emit (file:///home/siegfriedneto/projects/servicedeskn1/frontend/app/node_modules/@tanstack/router-core/dist/esm/router.js:178:14)
    at file:///home/siegfriedneto/projects/servicedeskn1/frontend/app/node_modules/@tanstack/router-core/dist/esm/load-client.js:943:46
    at Router.batch (file:///home/siegfriedneto/projects/servicedeskn1/frontend/app/node_modules/@tanstack/store/dist/esm/atom.js:39:5)
    at file:///home/siegfriedneto/projects/servicedeskn1/frontend/app/node_modules/@tanstack/router-core/dist/esm/load-client.js:936:10
    at runClientTransaction (file:///home/siegfriedneto/projects/servicedeskn1/frontend/app/node_modules/@tanstack/router-core/dist/esm/load-client.js:902:2)
    at loadClientRoute (file:///home/siegfriedneto/projects/servicedeskn1/frontend/app/node_modules/@tanstack/router-core/dist/esm/load-client.js:1034:2)
    at RouterCore.load (file:///home/siegfriedneto/projects/servicedeskn1/frontend/app/node_modules/@tanstack/router-core/dist/esm/router.js:489:4) undefined
Error: Not implemented: window.scrollTo
    at module.exports (/home/siegfriedneto/projects/servicedeskn1/frontend/app/node_modules/jsdom/lib/jsdom/browser/not-implemented.js:9:17)
    at /home/siegfriedneto/projects/servicedeskn1/frontend/app/node_modules/jsdom/lib/jsdom/browser/Window.js:960:7
    at Object.fn (file:///home/siegfriedneto/projects/servicedeskn1/frontend/app/node_modules/@tanstack/router-core/dist/esm/scroll-restoration.js:180:27)
    at RouterCore.emit (file:///home/siegfriedneto/projects/servicedeskn1/frontend/app/node_modules/@tanstack/router-core/dist/esm/router.js:178:14)
    at file:///home/siegfriedneto/projects/servicedeskn1/frontend/app/node_modules/@tanstack/react-router/dist/esm/Transitioner.js:46:25
    at settleOwner (file:///home/siegfriedneto/projects/servicedeskn1/frontend/app/node_modules/@tanstack/react-router/dist/esm/Transitioner.js:10:10)
    at file:///home/siegfriedneto/projects/servicedeskn1/frontend/app/node_modules/@tanstack/react-router/dist/esm/Matches.js:38:39
    at Object.react_stack_bottom_frame (/home/siegfriedneto/projects/servicedeskn1/frontend/app/node_modules/react-dom/cjs/react-dom-client.development.js:25989:20)
    at runWithFiberInDEV (/home/siegfriedneto/projects/servicedeskn1/frontend/app/node_modules/react-dom/cjs/react-dom-client.development.js:874:13)
    at commitHookEffectListMount (/home/siegfriedneto/projects/servicedeskn1/frontend/app/node_modules/react-dom/cjs/react-dom-client.development.js:13249:29) undefined
stderr | src/routes/connector-configurations-screen-form.spec.ts > ConnectorConfigurationsScreen — each row's own Edit action opens the same form, pre-filled (criterion 3) > opens a Dialog whose connector and configuration fields already hold that row's own current values
Warning: useRouter must be used inside a <RouterProvider> component!

stderr | src/routes/connector-configurations-screen-form.spec.ts > ConnectorConfigurationsScreen — each row's own Edit action opens the same form, pre-filled (criterion 3) > opens a Dialog whose connector and configuration fields already hold that row's own current values
Warning: useRouter must be used inside a <RouterProvider> component!

stderr | src/routes/connector-configurations-screen-form.spec.ts > ConnectorConfigurationsScreen — each row's own Edit action opens the same form, pre-filled (criterion 3) > issues no second network request beyond the initial GET /v1/connectors when a row's own Edit action is opened
Warning: useRouter must be used inside a <RouterProvider> component!

stderr | src/routes/connector-configurations-screen-form.spec.ts > ConnectorConfigurationsScreen — each row's own Edit action opens the same form, pre-filled (criterion 3) > issues no second network request beyond the initial GET /v1/connectors when a row's own Edit action is opened
Warning: useRouter must be used inside a <RouterProvider> component!

Error: Not implemented: window.scrollTo
    at module.exports (/home/siegfriedneto/projects/servicedeskn1/frontend/app/node_modules/jsdom/lib/jsdom/browser/not-implemented.js:9:17)
    at /home/siegfriedneto/projects/servicedeskn1/frontend/app/node_modules/jsdom/lib/jsdom/browser/Window.js:960:7
    at Object.fn (file:///home/siegfriedneto/projects/servicedeskn1/frontend/app/node_modules/@tanstack/router-core/dist/esm/scroll-restoration.js:180:27)
    at RouterCore.emit (file:///home/siegfriedneto/projects/servicedeskn1/frontend/app/node_modules/@tanstack/router-core/dist/esm/router.js:178:14)
    at file:///home/siegfriedneto/projects/servicedeskn1/frontend/app/node_modules/@tanstack/react-router/dist/esm/Transitioner.js:46:25
    at settleOwner (file:///home/siegfriedneto/projects/servicedeskn1/frontend/app/node_modules/@tanstack/react-router/dist/esm/Transitioner.js:10:10)
    at file:///home/siegfriedneto/projects/servicedeskn1/frontend/app/node_modules/@tanstack/react-router/dist/esm/Matches.js:38:39
    at Object.react_stack_bottom_frame (/home/siegfriedneto/projects/servicedeskn1/frontend/app/node_modules/react-dom/cjs/react-dom-client.development.js:25989:20)
    at runWithFiberInDEV (/home/siegfriedneto/projects/servicedeskn1/frontend/app/node_modules/react-dom/cjs/react-dom-client.development.js:874:13)
    at commitHookEffectListMount (/home/siegfriedneto/projects/servicedeskn1/frontend/app/node_modules/react-dom/cjs/react-dom-client.development.js:13249:29) undefined
Error: Not implemented: window.scrollTo
    at module.exports (/home/siegfriedneto/projects/servicedeskn1/frontend/app/node_modules/jsdom/lib/jsdom/browser/not-implemented.js:9:17)
    at /home/siegfriedneto/projects/servicedeskn1/frontend/app/node_modules/jsdom/lib/jsdom/browser/Window.js:960:7
    at Object.fn (file:///home/siegfriedneto/projects/servicedeskn1/frontend/app/node_modules/@tanstack/router-core/dist/esm/scroll-restoration.js:180:27)
    at RouterCore.emit (file:///home/siegfriedneto/projects/servicedeskn1/frontend/app/node_modules/@tanstack/router-core/dist/esm/router.js:178:14)
    at file:///home/siegfriedneto/projects/servicedeskn1/frontend/app/node_modules/@tanstack/react-router/dist/esm/Transitioner.js:46:25
    at settleOwner (file:///home/siegfriedneto/projects/servicedeskn1/frontend/app/node_modules/@tanstack/react-router/dist/esm/Transitioner.js:10:10)
    at file:///home/siegfriedneto/projects/servicedeskn1/frontend/app/node_modules/@tanstack/react-router/dist/esm/Matches.js:38:39
    at Object.react_stack_bottom_frame (/home/siegfriedneto/projects/servicedeskn1/frontend/app/node_modules/react-dom/cjs/react-dom-client.development.js:25989:20)
    at runWithFiberInDEV (/home/siegfriedneto/projects/servicedeskn1/frontend/app/node_modules/react-dom/cjs/react-dom-client.development.js:874:13)
    at commitHookEffectListMount (/home/siegfriedneto/projects/servicedeskn1/frontend/app/node_modules/react-dom/cjs/react-dom-client.development.js:13249:29) undefined
stderr | src/routes/connector-configurations-screen-form.spec.ts > ConnectorConfigurationsScreen — editing a connector configuration disables the connector field (disclosed inference) > renders the connector field disabled while editing, so its identity cannot be changed
Warning: useRouter must be used inside a <RouterProvider> component!

stderr | src/routes/connector-configurations-screen-form.spec.ts > ConnectorConfigurationsScreen — editing a connector configuration disables the connector field (disclosed inference) > renders the connector field disabled while editing, so its identity cannot be changed
Warning: useRouter must be used inside a <RouterProvider> component!

Error: Not implemented: window.scrollTo
    at module.exports (/home/siegfriedneto/projects/servicedeskn1/frontend/app/node_modules/jsdom/lib/jsdom/browser/not-implemented.js:9:17)
    at /home/siegfriedneto/projects/servicedeskn1/frontend/app/node_modules/jsdom/lib/jsdom/browser/Window.js:960:7
    at Object.fn (file:///home/siegfriedneto/projects/servicedeskn1/frontend/app/node_modules/@tanstack/router-core/dist/esm/scroll-restoration.js:180:27)
    at RouterCore.emit (file:///home/siegfriedneto/projects/servicedeskn1/frontend/app/node_modules/@tanstack/router-core/dist/esm/router.js:178:14)
    at file:///home/siegfriedneto/projects/servicedeskn1/frontend/app/node_modules/@tanstack/react-router/dist/esm/Transitioner.js:46:25
    at settleOwner (file:///home/siegfriedneto/projects/servicedeskn1/frontend/app/node_modules/@tanstack/react-router/dist/esm/Transitioner.js:10:10)
    at file:///home/siegfriedneto/projects/servicedeskn1/frontend/app/node_modules/@tanstack/react-router/dist/esm/Matches.js:38:39
    at Object.react_stack_bottom_frame (/home/siegfriedneto/projects/servicedeskn1/frontend/app/node_modules/react-dom/cjs/react-dom-client.development.js:25989:20)
    at runWithFiberInDEV (/home/siegfriedneto/projects/servicedeskn1/frontend/app/node_modules/react-dom/cjs/react-dom-client.development.js:874:13)
    at commitHookEffectListMount (/home/siegfriedneto/projects/servicedeskn1/frontend/app/node_modules/react-dom/cjs/react-dom-client.development.js:13249:29) undefined
Error: Not implemented: window.scrollTo
    at module.exports (/home/siegfriedneto/projects/servicedeskn1/frontend/app/node_modules/jsdom/lib/jsdom/browser/not-implemented.js:9:17)
    at /home/siegfriedneto/projects/servicedeskn1/frontend/app/node_modules/jsdom/lib/jsdom/browser/Window.js:960:7
    at Object.fn (file:///home/siegfriedneto/projects/servicedeskn1/frontend/app/node_modules/@tanstack/router-core/dist/esm/scroll-restoration.js:180:27)
    at RouterCore.emit (file:///home/siegfriedneto/projects/servicedeskn1/frontend/app/node_modules/@tanstack/router-core/dist/esm/router.js:178:14)
    at file:///home/siegfriedneto/projects/servicedeskn1/frontend/app/node_modules/@tanstack/react-router/dist/esm/Transitioner.js:46:25
    at settleOwner (file:///home/siegfriedneto/projects/servicedeskn1/frontend/app/node_modules/@tanstack/react-router/dist/esm/Transitioner.js:10:10)
    at file:///home/siegfriedneto/projects/servicedeskn1/frontend/app/node_modules/@tanstack/react-router/dist/esm/Matches.js:38:39
    at Object.react_stack_bottom_frame (/home/siegfriedneto/projects/servicedeskn1/frontend/app/node_modules/react-dom/cjs/react-dom-client.development.js:25989:20)
    at runWithFiberInDEV (/home/siegfriedneto/projects/servicedeskn1/frontend/app/node_modules/react-dom/cjs/react-dom-client.development.js:874:13)
    at commitHookEffectListMount (/home/siegfriedneto/projects/servicedeskn1/frontend/app/node_modules/react-dom/cjs/react-dom-client.development.js:13249:29) undefined
Error: Not implemented: window.scrollTo
    at module.exports (/home/siegfriedneto/projects/servicedeskn1/frontend/app/node_modules/jsdom/lib/jsdom/browser/not-implemented.js:9:17)
    at /home/siegfriedneto/projects/servicedeskn1/frontend/app/node_modules/jsdom/lib/jsdom/browser/Window.js:960:7
    at Object.fn (file:///home/siegfriedneto/projects/servicedeskn1/frontend/app/node_modules/@tanstack/router-core/dist/esm/scroll-restoration.js:180:27)
    at RouterCore.emit (file:///home/siegfriedneto/projects/servicedeskn1/frontend/app/node_modules/@tanstack/router-core/dist/esm/router.js:178:14)
    at file:///home/siegfriedneto/projects/servicedeskn1/frontend/app/node_modules/@tanstack/react-router/dist/esm/Transitioner.js:46:25
    at settleOwner (file:///home/siegfriedneto/projects/servicedeskn1/frontend/app/node_modules/@tanstack/react-router/dist/esm/Transitioner.js:10:10)
    at file:///home/siegfriedneto/projects/servicedeskn1/frontend/app/node_modules/@tanstack/react-router/dist/esm/Matches.js:38:39
    at Object.react_stack_bottom_frame (/home/siegfriedneto/projects/servicedeskn1/frontend/app/node_modules/react-dom/cjs/react-dom-client.development.js:25989:20)
    at runWithFiberInDEV (/home/siegfriedneto/projects/servicedeskn1/frontend/app/node_modules/react-dom/cjs/react-dom-client.development.js:874:13)
    at commitHookEffectListMount (/home/siegfriedneto/projects/servicedeskn1/frontend/app/node_modules/react-dom/cjs/react-dom-client.development.js:13249:29) undefined
Error: Not implemented: window.scrollTo
    at module.exports (/home/siegfriedneto/projects/servicedeskn1/frontend/app/node_modules/jsdom/lib/jsdom/browser/not-implemented.js:9:17)
    at /home/siegfriedneto/projects/servicedeskn1/frontend/app/node_modules/jsdom/lib/jsdom/browser/Window.js:960:7
    at Object.fn (file:///home/siegfriedneto/projects/servicedeskn1/frontend/app/node_modules/@tanstack/router-core/dist/esm/scroll-restoration.js:180:27)
    at RouterCore.emit (file:///home/siegfriedneto/projects/servicedeskn1/frontend/app/node_modules/@tanstack/router-core/dist/esm/router.js:178:14)
    at file:///home/siegfriedneto/projects/servicedeskn1/frontend/app/node_modules/@tanstack/react-router/dist/esm/Transitioner.js:46:25
    at settleOwner (file:///home/siegfriedneto/projects/servicedeskn1/frontend/app/node_modules/@tanstack/react-router/dist/esm/Transitioner.js:10:10)
    at file:///home/siegfriedneto/projects/servicedeskn1/frontend/app/node_modules/@tanstack/react-router/dist/esm/Matches.js:38:39
    at Object.react_stack_bottom_frame (/home/siegfriedneto/projects/servicedeskn1/frontend/app/node_modules/react-dom/cjs/react-dom-client.development.js:25989:20)
    at runWithFiberInDEV (/home/siegfriedneto/projects/servicedeskn1/frontend/app/node_modules/react-dom/cjs/react-dom-client.development.js:874:13)
    at commitHookEffectListMount (/home/siegfriedneto/projects/servicedeskn1/frontend/app/node_modules/react-dom/cjs/react-dom-client.development.js:13249:29) undefined
stderr | src/routes/connector-configurations-screen-form.spec.ts > ConnectorConfigurationsScreen — the configuration field shows its loaded value pretty-printed (task/connector-capability-detail-editing/json-textarea-pretty-print-on-load, criterion 3) > renders the configuration field's loaded, minified value reformatted as indented JSON as soon as the Edit dialog opens
Warning: useRouter must be used inside a <RouterProvider> component!

stderr | src/routes/connector-configurations-screen-form.spec.ts > ConnectorConfigurationsScreen — the configuration field shows its loaded value pretty-printed (task/connector-capability-detail-editing/json-textarea-pretty-print-on-load, criterion 3) > renders the configuration field's loaded, minified value reformatted as indented JSON as soon as the Edit dialog opens
Warning: useRouter must be used inside a <RouterProvider> component!

Error: Not implemented: window.scrollTo
    at module.exports (/home/siegfriedneto/projects/servicedeskn1/frontend/app/node_modules/jsdom/lib/jsdom/browser/not-implemented.js:9:17)
    at /home/siegfriedneto/projects/servicedeskn1/frontend/app/node_modules/jsdom/lib/jsdom/browser/Window.js:960:7
    at Object.fn (file:///home/siegfriedneto/projects/servicedeskn1/frontend/app/node_modules/@tanstack/router-core/dist/esm/scroll-restoration.js:180:27)
    at RouterCore.emit (file:///home/siegfriedneto/projects/servicedeskn1/frontend/app/node_modules/@tanstack/router-core/dist/esm/router.js:178:14)
    at file:///home/siegfriedneto/projects/servicedeskn1/frontend/app/node_modules/@tanstack/react-router/dist/esm/Transitioner.js:46:25
    at settleOwner (file:///home/siegfriedneto/projects/servicedeskn1/frontend/app/node_modules/@tanstack/react-router/dist/esm/Transitioner.js:10:10)
    at file:///home/siegfriedneto/projects/servicedeskn1/frontend/app/node_modules/@tanstack/react-router/dist/esm/Matches.js:38:39
    at Object.react_stack_bottom_frame (/home/siegfriedneto/projects/servicedeskn1/frontend/app/node_modules/react-dom/cjs/react-dom-client.development.js:25989:20)
    at runWithFiberInDEV (/home/siegfriedneto/projects/servicedeskn1/frontend/app/node_modules/react-dom/cjs/react-dom-client.development.js:874:13)
    at commitHookEffectListMount (/home/siegfriedneto/projects/servicedeskn1/frontend/app/node_modules/react-dom/cjs/react-dom-client.development.js:13249:29) undefined
Error: Not implemented: window.scrollTo
    at module.exports (/home/siegfriedneto/projects/servicedeskn1/frontend/app/node_modules/jsdom/lib/jsdom/browser/not-implemented.js:9:17)
    at /home/siegfriedneto/projects/servicedeskn1/frontend/app/node_modules/jsdom/lib/jsdom/browser/Window.js:960:7
    at Object.fn (file:///home/siegfriedneto/projects/servicedeskn1/frontend/app/node_modules/@tanstack/router-core/dist/esm/scroll-restoration.js:180:27)
    at RouterCore.emit (file:///home/siegfriedneto/projects/servicedeskn1/frontend/app/node_modules/@tanstack/router-core/dist/esm/router.js:178:14)
    at file:///home/siegfriedneto/projects/servicedeskn1/frontend/app/node_modules/@tanstack/react-router/dist/esm/Transitioner.js:46:25
    at settleOwner (file:///home/siegfriedneto/projects/servicedeskn1/frontend/app/node_modules/@tanstack/react-router/dist/esm/Transitioner.js:10:10)
    at file:///home/siegfriedneto/projects/servicedeskn1/frontend/app/node_modules/@tanstack/react-router/dist/esm/Matches.js:38:39
    at Object.react_stack_bottom_frame (/home/siegfriedneto/projects/servicedeskn1/frontend/app/node_modules/react-dom/cjs/react-dom-client.development.js:25989:20)
    at runWithFiberInDEV (/home/siegfriedneto/projects/servicedeskn1/frontend/app/node_modules/react-dom/cjs/react-dom-client.development.js:874:13)
    at commitHookEffectListMount (/home/siegfriedneto/projects/servicedeskn1/frontend/app/node_modules/react-dom/cjs/react-dom-client.development.js:13249:29) undefined
Error: Not implemented: window.scrollTo
    at module.exports (/home/siegfriedneto/projects/servicedeskn1/frontend/app/node_modules/jsdom/lib/jsdom/browser/not-implemented.js:9:17)
    at /home/siegfriedneto/projects/servicedeskn1/frontend/app/node_modules/jsdom/lib/jsdom/browser/Window.js:960:7
    at Object.fn (file:///home/siegfriedneto/projects/servicedeskn1/frontend/app/node_modules/@tanstack/router-core/dist/esm/scroll-restoration.js:180:27)
    at RouterCore.emit (file:///home/siegfriedneto/projects/servicedeskn1/frontend/app/node_modules/@tanstack/router-core/dist/esm/router.js:178:14)
    at file:///home/siegfriedneto/projects/servicedeskn1/frontend/app/node_modules/@tanstack/react-router/dist/esm/Transitioner.js:46:25
    at settleOwner (file:///home/siegfriedneto/projects/servicedeskn1/frontend/app/node_modules/@tanstack/react-router/dist/esm/Transitioner.js:10:10)
    at file:///home/siegfriedneto/projects/servicedeskn1/frontend/app/node_modules/@tanstack/react-router/dist/esm/Matches.js:38:39
    at Object.react_stack_bottom_frame (/home/siegfriedneto/projects/servicedeskn1/frontend/app/node_modules/react-dom/cjs/react-dom-client.development.js:25989:20)
    at runWithFiberInDEV (/home/siegfriedneto/projects/servicedeskn1/frontend/app/node_modules/react-dom/cjs/react-dom-client.development.js:874:13)
    at commitHookEffectListMount (/home/siegfriedneto/projects/servicedeskn1/frontend/app/node_modules/react-dom/cjs/react-dom-client.development.js:13249:29) undefined
 ❯ src/routes/connector-configurations-screen-form.spec.ts (9 tests | 4 failed) 1196ms
     × opens a Dialog whose connector and configuration fields already hold that row's own current values 110ms
     × issues no second network request beyond the initial GET /v1/connectors when a row's own Edit action is opened 92ms
     × renders the connector field disabled while editing, so its identity cannot be changed 49ms
     × renders the configuration field's loaded, minified value reformatted as indented JSON as soon as the Edit dialog opens 64ms
Error: Not implemented: window.scrollTo
    at module.exports (/home/siegfriedneto/projects/servicedeskn1/frontend/app/node_modules/jsdom/lib/jsdom/browser/not-implemented.js:9:17)
    at /home/siegfriedneto/projects/servicedeskn1/frontend/app/node_modules/jsdom/lib/jsdom/browser/Window.js:960:7
    at Object.fn (file:///home/siegfriedneto/projects/servicedeskn1/frontend/app/node_modules/@tanstack/router-core/dist/esm/scroll-restoration.js:180:27)
    at RouterCore.emit (file:///home/siegfriedneto/projects/servicedeskn1/frontend/app/node_modules/@tanstack/router-core/dist/esm/router.js:178:14)
    at file:///home/siegfriedneto/projects/servicedeskn1/frontend/app/node_modules/@tanstack/react-router/dist/esm/Transitioner.js:46:25
    at settleOwner (file:///home/siegfriedneto/projects/servicedeskn1/frontend/app/node_modules/@tanstack/react-router/dist/esm/Transitioner.js:10:10)
    at file:///home/siegfriedneto/projects/servicedeskn1/frontend/app/node_modules/@tanstack/react-router/dist/esm/Matches.js:38:39
    at Object.react_stack_bottom_frame (/home/siegfriedneto/projects/servicedeskn1/frontend/app/node_modules/react-dom/cjs/react-dom-client.development.js:25989:20)
    at runWithFiberInDEV (/home/siegfriedneto/projects/servicedeskn1/frontend/app/node_modules/react-dom/cjs/react-dom-client.development.js:874:13)
    at commitHookEffectListMount (/home/siegfriedneto/projects/servicedeskn1/frontend/app/node_modules/react-dom/cjs/react-dom-client.development.js:13249:29) undefined
Error: Not implemented: window.scrollTo
    at module.exports (/home/siegfriedneto/projects/servicedeskn1/frontend/app/node_modules/jsdom/lib/jsdom/browser/not-implemented.js:9:17)
    at /home/siegfriedneto/projects/servicedeskn1/frontend/app/node_modules/jsdom/lib/jsdom/browser/Window.js:960:7
    at Object.fn (file:///home/siegfriedneto/projects/servicedeskn1/frontend/app/node_modules/@tanstack/router-core/dist/esm/scroll-restoration.js:180:27)
    at RouterCore.emit (file:///home/siegfriedneto/projects/servicedeskn1/frontend/app/node_modules/@tanstack/router-core/dist/esm/router.js:178:14)
    at file:///home/siegfriedneto/projects/servicedeskn1/frontend/app/node_modules/@tanstack/react-router/dist/esm/Transitioner.js:46:25
    at settleOwner (file:///home/siegfriedneto/projects/servicedeskn1/frontend/app/node_modules/@tanstack/react-router/dist/esm/Transitioner.js:10:10)
    at file:///home/siegfriedneto/projects/servicedeskn1/frontend/app/node_modules/@tanstack/react-router/dist/esm/Matches.js:38:39
    at Object.react_stack_bottom_frame (/home/siegfriedneto/projects/servicedeskn1/frontend/app/node_modules/react-dom/cjs/react-dom-client.development.js:25989:20)
    at runWithFiberInDEV (/home/siegfriedneto/projects/servicedeskn1/frontend/app/node_modules/react-dom/cjs/react-dom-client.development.js:874:13)
    at commitHookEffectListMount (/home/siegfriedneto/projects/servicedeskn1/frontend/app/node_modules/react-dom/cjs/react-dom-client.development.js:13249:29) undefined
Error: Not implemented: window.scrollTo
    at module.exports (/home/siegfriedneto/projects/servicedeskn1/frontend/app/node_modules/jsdom/lib/jsdom/browser/not-implemented.js:9:17)
    at /home/siegfriedneto/projects/servicedeskn1/frontend/app/node_modules/jsdom/lib/jsdom/browser/Window.js:960:7
    at Object.fn (file:///home/siegfriedneto/projects/servicedeskn1/frontend/app/node_modules/@tanstack/router-core/dist/esm/scroll-restoration.js:180:27)
    at RouterCore.emit (file:///home/siegfriedneto/projects/servicedeskn1/frontend/app/node_modules/@tanstack/router-core/dist/esm/router.js:178:14)
    at file:///home/siegfriedneto/projects/servicedeskn1/frontend/app/node_modules/@tanstack/router-core/dist/esm/load-client.js:943:46
    at Router.batch (file:///home/siegfriedneto/projects/servicedeskn1/frontend/app/node_modules/@tanstack/store/dist/esm/atom.js:39:5)
    at file:///home/siegfriedneto/projects/servicedeskn1/frontend/app/node_modules/@tanstack/router-core/dist/esm/load-client.js:936:10
    at runClientTransaction (file:///home/siegfriedneto/projects/servicedeskn1/frontend/app/node_modules/@tanstack/router-core/dist/esm/load-client.js:902:2)
    at loadClientRoute (file:///home/siegfriedneto/projects/servicedeskn1/frontend/app/node_modules/@tanstack/router-core/dist/esm/load-client.js:1034:2)
    at RouterCore.load (file:///home/siegfriedneto/projects/servicedeskn1/frontend/app/node_modules/@tanstack/router-core/dist/esm/router.js:489:4) undefined
Error: Not implemented: window.scrollTo
    at module.exports (/home/siegfriedneto/projects/servicedeskn1/frontend/app/node_modules/jsdom/lib/jsdom/browser/not-implemented.js:9:17)
    at /home/siegfriedneto/projects/servicedeskn1/frontend/app/node_modules/jsdom/lib/jsdom/browser/Window.js:960:7
    at Object.fn (file:///home/siegfriedneto/projects/servicedeskn1/frontend/app/node_modules/@tanstack/router-core/dist/esm/scroll-restoration.js:180:27)
    at RouterCore.emit (file:///home/siegfriedneto/projects/servicedeskn1/frontend/app/node_modules/@tanstack/router-core/dist/esm/router.js:178:14)
    at file:///home/siegfriedneto/projects/servicedeskn1/frontend/app/node_modules/@tanstack/react-router/dist/esm/Transitioner.js:46:25
    at settleOwner (file:///home/siegfriedneto/projects/servicedeskn1/frontend/app/node_modules/@tanstack/react-router/dist/esm/Transitioner.js:10:10)
    at file:///home/siegfriedneto/projects/servicedeskn1/frontend/app/node_modules/@tanstack/react-router/dist/esm/Matches.js:38:39
    at Object.react_stack_bottom_frame (/home/siegfriedneto/projects/servicedeskn1/frontend/app/node_modules/react-dom/cjs/react-dom-client.development.js:25989:20)
    at runWithFiberInDEV (/home/siegfriedneto/projects/servicedeskn1/frontend/app/node_modules/react-dom/cjs/react-dom-client.development.js:874:13)
    at commitHookEffectListMount (/home/siegfriedneto/projects/servicedeskn1/frontend/app/node_modules/react-dom/cjs/react-dom-client.development.js:13249:29) undefined
Error: Not implemented: window.scrollTo
    at module.exports (/home/siegfriedneto/projects/servicedeskn1/frontend/app/node_modules/jsdom/lib/jsdom/browser/not-implemented.js:9:17)
    at /home/siegfriedneto/projects/servicedeskn1/frontend/app/node_modules/jsdom/lib/jsdom/browser/Window.js:960:7
    at Object.fn (file:///home/siegfriedneto/projects/servicedeskn1/frontend/app/node_modules/@tanstack/router-core/dist/esm/scroll-restoration.js:180:27)
    at RouterCore.emit (file:///home/siegfriedneto/projects/servicedeskn1/frontend/app/node_modules/@tanstack/router-core/dist/esm/router.js:178:14)
    at file:///home/siegfriedneto/projects/servicedeskn1/frontend/app/node_modules/@tanstack/react-router/dist/esm/Transitioner.js:46:25
    at settleOwner (file:///home/siegfriedneto/projects/servicedeskn1/frontend/app/node_modules/@tanstack/react-router/dist/esm/Transitioner.js:10:10)
    at file:///home/siegfriedneto/projects/servicedeskn1/frontend/app/node_modules/@tanstack/react-router/dist/esm/Matches.js:38:39
    at Object.react_stack_bottom_frame (/home/siegfriedneto/projects/servicedeskn1/frontend/app/node_modules/react-dom/cjs/react-dom-client.development.js:25989:20)
    at runWithFiberInDEV (/home/siegfriedneto/projects/servicedeskn1/frontend/app/node_modules/react-dom/cjs/react-dom-client.development.js:874:13)
    at commitHookEffectListMount (/home/siegfriedneto/projects/servicedeskn1/frontend/app/node_modules/react-dom/cjs/react-dom-client.development.js:13249:29) undefined
Error: Not implemented: window.scrollTo
    at module.exports (/home/siegfriedneto/projects/servicedeskn1/frontend/app/node_modules/jsdom/lib/jsdom/browser/not-implemented.js:9:17)
    at /home/siegfriedneto/projects/servicedeskn1/frontend/app/node_modules/jsdom/lib/jsdom/browser/Window.js:960:7
    at Object.fn (file:///home/siegfriedneto/projects/servicedeskn1/frontend/app/node_modules/@tanstack/router-core/dist/esm/scroll-restoration.js:180:27)
    at RouterCore.emit (file:///home/siegfriedneto/projects/servicedeskn1/frontend/app/node_modules/@tanstack/router-core/dist/esm/router.js:178:14)
    at file:///home/siegfriedneto/projects/servicedeskn1/frontend/app/node_modules/@tanstack/react-router/dist/esm/Transitioner.js:46:25
    at settleOwner (file:///home/siegfriedneto/projects/servicedeskn1/frontend/app/node_modules/@tanstack/react-router/dist/esm/Transitioner.js:10:10)
    at file:///home/siegfriedneto/projects/servicedeskn1/frontend/app/node_modules/@tanstack/react-router/dist/esm/Matches.js:38:39
    at Object.react_stack_bottom_frame (/home/siegfriedneto/projects/servicedeskn1/frontend/app/node_modules/react-dom/cjs/react-dom-client.development.js:25989:20)
    at runWithFiberInDEV (/home/siegfriedneto/projects/servicedeskn1/frontend/app/node_modules/react-dom/cjs/react-dom-client.development.js:874:13)
    at commitHookEffectListMount (/home/siegfriedneto/projects/servicedeskn1/frontend/app/node_modules/react-dom/cjs/react-dom-client.development.js:13249:29) undefined
Error: Not implemented: window.scrollTo
    at module.exports (/home/siegfriedneto/projects/servicedeskn1/frontend/app/node_modules/jsdom/lib/jsdom/browser/not-implemented.js:9:17)
    at /home/siegfriedneto/projects/servicedeskn1/frontend/app/node_modules/jsdom/lib/jsdom/browser/Window.js:960:7
    at Object.fn (file:///home/siegfriedneto/projects/servicedeskn1/frontend/app/node_modules/@tanstack/router-core/dist/esm/scroll-restoration.js:180:27)
    at RouterCore.emit (file:///home/siegfriedneto/projects/servicedeskn1/frontend/app/node_modules/@tanstack/router-core/dist/esm/router.js:178:14)
    at file:///home/siegfriedneto/projects/servicedeskn1/frontend/app/node_modules/@tanstack/react-router/dist/esm/Transitioner.js:46:25
    at settleOwner (file:///home/siegfriedneto/projects/servicedeskn1/frontend/app/node_modules/@tanstack/react-router/dist/esm/Transitioner.js:10:10)
    at file:///home/siegfriedneto/projects/servicedeskn1/frontend/app/node_modules/@tanstack/react-router/dist/esm/Matches.js:38:39
    at Object.react_stack_bottom_frame (/home/siegfriedneto/projects/servicedeskn1/frontend/app/node_modules/react-dom/cjs/react-dom-client.development.js:25989:20)
    at runWithFiberInDEV (/home/siegfriedneto/projects/servicedeskn1/frontend/app/node_modules/react-dom/cjs/react-dom-client.development.js:874:13)
    at commitHookEffectListMount (/home/siegfriedneto/projects/servicedeskn1/frontend/app/node_modules/react-dom/cjs/react-dom-client.development.js:13249:29) undefined
Error: Not implemented: window.scrollTo
    at module.exports (/home/siegfriedneto/projects/servicedeskn1/frontend/app/node_modules/jsdom/lib/jsdom/browser/not-implemented.js:9:17)
    at /home/siegfriedneto/projects/servicedeskn1/frontend/app/node_modules/jsdom/lib/jsdom/browser/Window.js:960:7
    at Object.fn (file:///home/siegfriedneto/projects/servicedeskn1/frontend/app/node_modules/@tanstack/router-core/dist/esm/scroll-restoration.js:180:27)
    at RouterCore.emit (file:///home/siegfriedneto/projects/servicedeskn1/frontend/app/node_modules/@tanstack/router-core/dist/esm/router.js:178:14)
    at file:///home/siegfriedneto/projects/servicedeskn1/frontend/app/node_modules/@tanstack/react-router/dist/esm/Transitioner.js:46:25
    at settleOwner (file:///home/siegfriedneto/projects/servicedeskn1/frontend/app/node_modules/@tanstack/react-router/dist/esm/Transitioner.js:10:10)
    at file:///home/siegfriedneto/projects/servicedeskn1/frontend/app/node_modules/@tanstack/react-router/dist/esm/Matches.js:38:39
    at Object.react_stack_bottom_frame (/home/siegfriedneto/projects/servicedeskn1/frontend/app/node_modules/react-dom/cjs/react-dom-client.development.js:25989:20)
    at runWithFiberInDEV (/home/siegfriedneto/projects/servicedeskn1/frontend/app/node_modules/react-dom/cjs/react-dom-client.development.js:874:13)
    at commitHookEffectListMount (/home/siegfriedneto/projects/servicedeskn1/frontend/app/node_modules/react-dom/cjs/react-dom-client.development.js:13249:29) undefined
Error: Not implemented: window.scrollTo
    at module.exports (/home/siegfriedneto/projects/servicedeskn1/frontend/app/node_modules/jsdom/lib/jsdom/browser/not-implemented.js:9:17)
    at /home/siegfriedneto/projects/servicedeskn1/frontend/app/node_modules/jsdom/lib/jsdom/browser/Window.js:960:7
    at Object.fn (file:///home/siegfriedneto/projects/servicedeskn1/frontend/app/node_modules/@tanstack/router-core/dist/esm/scroll-restoration.js:180:27)
    at RouterCore.emit (file:///home/siegfriedneto/projects/servicedeskn1/frontend/app/node_modules/@tanstack/router-core/dist/esm/router.js:178:14)
    at file:///home/siegfriedneto/projects/servicedeskn1/frontend/app/node_modules/@tanstack/react-router/dist/esm/Transitioner.js:46:25
    at settleOwner (file:///home/siegfriedneto/projects/servicedeskn1/frontend/app/node_modules/@tanstack/react-router/dist/esm/Transitioner.js:10:10)
    at file:///home/siegfriedneto/projects/servicedeskn1/frontend/app/node_modules/@tanstack/react-router/dist/esm/Matches.js:38:39
    at Object.react_stack_bottom_frame (/home/siegfriedneto/projects/servicedeskn1/frontend/app/node_modules/react-dom/cjs/react-dom-client.development.js:25989:20)
    at runWithFiberInDEV (/home/siegfriedneto/projects/servicedeskn1/frontend/app/node_modules/react-dom/cjs/react-dom-client.development.js:874:13)
    at commitHookEffectListMount (/home/siegfriedneto/projects/servicedeskn1/frontend/app/node_modules/react-dom/cjs/react-dom-client.development.js:13249:29) undefined
Error: Not implemented: window.scrollTo
    at module.exports (/home/siegfriedneto/projects/servicedeskn1/frontend/app/node_modules/jsdom/lib/jsdom/browser/not-implemented.js:9:17)
    at /home/siegfriedneto/projects/servicedeskn1/frontend/app/node_modules/jsdom/lib/jsdom/browser/Window.js:960:7
    at Object.fn (file:///home/siegfriedneto/projects/servicedeskn1/frontend/app/node_modules/@tanstack/router-core/dist/esm/scroll-restoration.js:180:27)
    at RouterCore.emit (file:///home/siegfriedneto/projects/servicedeskn1/frontend/app/node_modules/@tanstack/router-core/dist/esm/router.js:178:14)
    at file:///home/siegfriedneto/projects/servicedeskn1/frontend/app/node_modules/@tanstack/react-router/dist/esm/Transitioner.js:46:25
    at settleOwner (file:///home/siegfriedneto/projects/servicedeskn1/frontend/app/node_modules/@tanstack/react-router/dist/esm/Transitioner.js:10:10)
    at file:///home/siegfriedneto/projects/servicedeskn1/frontend/app/node_modules/@tanstack/react-router/dist/esm/Matches.js:38:39
    at Object.react_stack_bottom_frame (/home/siegfriedneto/projects/servicedeskn1/frontend/app/node_modules/react-dom/cjs/react-dom-client.development.js:25989:20)
    at runWithFiberInDEV (/home/siegfriedneto/projects/servicedeskn1/frontend/app/node_modules/react-dom/cjs/react-dom-client.development.js:874:13)
    at commitHookEffectListMount (/home/siegfriedneto/projects/servicedeskn1/frontend/app/node_modules/react-dom/cjs/react-dom-client.development.js:13249:29) undefined
Error: Not implemented: window.scrollTo
    at module.exports (/home/siegfriedneto/projects/servicedeskn1/frontend/app/node_modules/jsdom/lib/jsdom/browser/not-implemented.js:9:17)
    at /home/siegfriedneto/projects/servicedeskn1/frontend/app/node_modules/jsdom/lib/jsdom/browser/Window.js:960:7
    at Object.fn (file:///home/siegfriedneto/projects/servicedeskn1/frontend/app/node_modules/@tanstack/router-core/dist/esm/scroll-restoration.js:180:27)
    at RouterCore.emit (file:///home/siegfriedneto/projects/servicedeskn1/frontend/app/node_modules/@tanstack/router-core/dist/esm/router.js:178:14)
    at file:///home/siegfriedneto/projects/servicedeskn1/frontend/app/node_modules/@tanstack/react-router/dist/esm/Transitioner.js:46:25
    at settleOwner (file:///home/siegfriedneto/projects/servicedeskn1/frontend/app/node_modules/@tanstack/react-router/dist/esm/Transitioner.js:10:10)
    at file:///home/siegfriedneto/projects/servicedeskn1/frontend/app/node_modules/@tanstack/react-router/dist/esm/Matches.js:38:39
    at Object.react_stack_bottom_frame (/home/siegfriedneto/projects/servicedeskn1/frontend/app/node_modules/react-dom/cjs/react-dom-client.development.js:25989:20)
    at runWithFiberInDEV (/home/siegfriedneto/projects/servicedeskn1/frontend/app/node_modules/react-dom/cjs/react-dom-client.development.js:874:13)
    at commitHookEffectListMount (/home/siegfriedneto/projects/servicedeskn1/frontend/app/node_modules/react-dom/cjs/react-dom-client.development.js:13249:29) undefined
Error: Not implemented: window.scrollTo
    at module.exports (/home/siegfriedneto/projects/servicedeskn1/frontend/app/node_modules/jsdom/lib/jsdom/browser/not-implemented.js:9:17)
    at /home/siegfriedneto/projects/servicedeskn1/frontend/app/node_modules/jsdom/lib/jsdom/browser/Window.js:960:7
    at Object.fn (file:///home/siegfriedneto/projects/servicedeskn1/frontend/app/node_modules/@tanstack/router-core/dist/esm/scroll-restoration.js:180:27)
    at RouterCore.emit (file:///home/siegfriedneto/projects/servicedeskn1/frontend/app/node_modules/@tanstack/router-core/dist/esm/router.js:178:14)
    at file:///home/siegfriedneto/projects/servicedeskn1/frontend/app/node_modules/@tanstack/react-router/dist/esm/Transitioner.js:46:25
    at settleOwner (file:///home/siegfriedneto/projects/servicedeskn1/frontend/app/node_modules/@tanstack/react-router/dist/esm/Transitioner.js:10:10)
    at file:///home/siegfriedneto/projects/servicedeskn1/frontend/app/node_modules/@tanstack/react-router/dist/esm/Matches.js:38:39
    at Object.react_stack_bottom_frame (/home/siegfriedneto/projects/servicedeskn1/frontend/app/node_modules/react-dom/cjs/react-dom-client.development.js:25989:20)
    at runWithFiberInDEV (/home/siegfriedneto/projects/servicedeskn1/frontend/app/node_modules/react-dom/cjs/react-dom-client.development.js:874:13)
    at commitHookEffectListMount (/home/siegfriedneto/projects/servicedeskn1/frontend/app/node_modules/react-dom/cjs/react-dom-client.development.js:13249:29) undefined
Error: Not implemented: window.scrollTo
    at module.exports (/home/siegfriedneto/projects/servicedeskn1/frontend/app/node_modules/jsdom/lib/jsdom/browser/not-implemented.js:9:17)
    at /home/siegfriedneto/projects/servicedeskn1/frontend/app/node_modules/jsdom/lib/jsdom/browser/Window.js:960:7
    at Object.fn (file:///home/siegfriedneto/projects/servicedeskn1/frontend/app/node_modules/@tanstack/router-core/dist/esm/scroll-restoration.js:180:27)
    at RouterCore.emit (file:///home/siegfriedneto/projects/servicedeskn1/frontend/app/node_modules/@tanstack/router-core/dist/esm/router.js:178:14)
    at file:///home/siegfriedneto/projects/servicedeskn1/frontend/app/node_modules/@tanstack/react-router/dist/esm/Transitioner.js:46:25
    at settleOwner (file:///home/siegfriedneto/projects/servicedeskn1/frontend/app/node_modules/@tanstack/react-router/dist/esm/Transitioner.js:10:10)
    at file:///home/siegfriedneto/projects/servicedeskn1/frontend/app/node_modules/@tanstack/react-router/dist/esm/Matches.js:38:39
    at Object.react_stack_bottom_frame (/home/siegfriedneto/projects/servicedeskn1/frontend/app/node_modules/react-dom/cjs/react-dom-client.development.js:25989:20)
    at runWithFiberInDEV (/home/siegfriedneto/projects/servicedeskn1/frontend/app/node_modules/react-dom/cjs/react-dom-client.development.js:874:13)
    at commitHookEffectListMount (/home/siegfriedneto/projects/servicedeskn1/frontend/app/node_modules/react-dom/cjs/react-dom-client.development.js:13249:29) undefined
Error: Not implemented: window.scrollTo
    at module.exports (/home/siegfriedneto/projects/servicedeskn1/frontend/app/node_modules/jsdom/lib/jsdom/browser/not-implemented.js:9:17)
    at /home/siegfriedneto/projects/servicedeskn1/frontend/app/node_modules/jsdom/lib/jsdom/browser/Window.js:960:7
    at Object.fn (file:///home/siegfriedneto/projects/servicedeskn1/frontend/app/node_modules/@tanstack/router-core/dist/esm/scroll-restoration.js:180:27)
    at RouterCore.emit (file:///home/siegfriedneto/projects/servicedeskn1/frontend/app/node_modules/@tanstack/router-core/dist/esm/router.js:178:14)
    at file:///home/siegfriedneto/projects/servicedeskn1/frontend/app/node_modules/@tanstack/react-router/dist/esm/Transitioner.js:46:25
    at settleOwner (file:///home/siegfriedneto/projects/servicedeskn1/frontend/app/node_modules/@tanstack/react-router/dist/esm/Transitioner.js:10:10)
    at file:///home/siegfriedneto/projects/servicedeskn1/frontend/app/node_modules/@tanstack/react-router/dist/esm/Matches.js:38:39
    at Object.react_stack_bottom_frame (/home/siegfriedneto/projects/servicedeskn1/frontend/app/node_modules/react-dom/cjs/react-dom-client.development.js:25989:20)
    at runWithFiberInDEV (/home/siegfriedneto/projects/servicedeskn1/frontend/app/node_modules/react-dom/cjs/react-dom-client.development.js:874:13)
    at commitHookEffectListMount (/home/siegfriedneto/projects/servicedeskn1/frontend/app/node_modules/react-dom/cjs/react-dom-client.development.js:13249:29) undefined
Error: Not implemented: window.scrollTo
    at module.exports (/home/siegfriedneto/projects/servicedeskn1/frontend/app/node_modules/jsdom/lib/jsdom/browser/not-implemented.js:9:17)
    at /home/siegfriedneto/projects/servicedeskn1/frontend/app/node_modules/jsdom/lib/jsdom/browser/Window.js:960:7
    at Object.fn (file:///home/siegfriedneto/projects/servicedeskn1/frontend/app/node_modules/@tanstack/router-core/dist/esm/scroll-restoration.js:180:27)
    at RouterCore.emit (file:///home/siegfriedneto/projects/servicedeskn1/frontend/app/node_modules/@tanstack/router-core/dist/esm/router.js:178:14)
    at file:///home/siegfriedneto/projects/servicedeskn1/frontend/app/node_modules/@tanstack/react-router/dist/esm/Transitioner.js:46:25
    at settleOwner (file:///home/siegfriedneto/projects/servicedeskn1/frontend/app/node_modules/@tanstack/react-router/dist/esm/Transitioner.js:10:10)
    at file:///home/siegfriedneto/projects/servicedeskn1/frontend/app/node_modules/@tanstack/react-router/dist/esm/Matches.js:38:39
    at Object.react_stack_bottom_frame (/home/siegfriedneto/projects/servicedeskn1/frontend/app/node_modules/react-dom/cjs/react-dom-client.development.js:25989:20)
    at runWithFiberInDEV (/home/siegfriedneto/projects/servicedeskn1/frontend/app/node_modules/react-dom/cjs/react-dom-client.development.js:874:13)
    at commitHookEffectListMount (/home/siegfriedneto/projects/servicedeskn1/frontend/app/node_modules/react-dom/cjs/react-dom-client.development.js:13249:29) undefined
Error: Not implemented: window.scrollTo
    at module.exports (/home/siegfriedneto/projects/servicedeskn1/frontend/app/node_modules/jsdom/lib/jsdom/browser/not-implemented.js:9:17)
    at /home/siegfriedneto/projects/servicedeskn1/frontend/app/node_modules/jsdom/lib/jsdom/browser/Window.js:960:7
    at Object.fn (file:///home/siegfriedneto/projects/servicedeskn1/frontend/app/node_modules/@tanstack/router-core/dist/esm/scroll-restoration.js:180:27)
    at RouterCore.emit (file:///home/siegfriedneto/projects/servicedeskn1/frontend/app/node_modules/@tanstack/router-core/dist/esm/router.js:178:14)
    at file:///home/siegfriedneto/projects/servicedeskn1/frontend/app/node_modules/@tanstack/react-router/dist/esm/Transitioner.js:46:25
    at settleOwner (file:///home/siegfriedneto/projects/servicedeskn1/frontend/app/node_modules/@tanstack/react-router/dist/esm/Transitioner.js:10:10)
    at file:///home/siegfriedneto/projects/servicedeskn1/frontend/app/node_modules/@tanstack/react-router/dist/esm/Matches.js:38:39
    at Object.react_stack_bottom_frame (/home/siegfriedneto/projects/servicedeskn1/frontend/app/node_modules/react-dom/cjs/react-dom-client.development.js:25989:20)
    at runWithFiberInDEV (/home/siegfriedneto/projects/servicedeskn1/frontend/app/node_modules/react-dom/cjs/react-dom-client.development.js:874:13)
    at commitHookEffectListMount (/home/siegfriedneto/projects/servicedeskn1/frontend/app/node_modules/react-dom/cjs/react-dom-client.development.js:13249:29) undefined
Error: Not implemented: window.scrollTo
    at module.exports (/home/siegfriedneto/projects/servicedeskn1/frontend/app/node_modules/jsdom/lib/jsdom/browser/not-implemented.js:9:17)
    at /home/siegfriedneto/projects/servicedeskn1/frontend/app/node_modules/jsdom/lib/jsdom/browser/Window.js:960:7
    at Object.fn (file:///home/siegfriedneto/projects/servicedeskn1/frontend/app/node_modules/@tanstack/router-core/dist/esm/scroll-restoration.js:180:27)
    at RouterCore.emit (file:///home/siegfriedneto/projects/servicedeskn1/frontend/app/node_modules/@tanstack/router-core/dist/esm/router.js:178:14)
    at file:///home/siegfriedneto/projects/servicedeskn1/frontend/app/node_modules/@tanstack/react-router/dist/esm/Transitioner.js:46:25
    at settleOwner (file:///home/siegfriedneto/projects/servicedeskn1/frontend/app/node_modules/@tanstack/react-router/dist/esm/Transitioner.js:10:10)
    at file:///home/siegfriedneto/projects/servicedeskn1/frontend/app/node_modules/@tanstack/react-router/dist/esm/Matches.js:38:39
    at Object.react_stack_bottom_frame (/home/siegfriedneto/projects/servicedeskn1/frontend/app/node_modules/react-dom/cjs/react-dom-client.development.js:25989:20)
    at runWithFiberInDEV (/home/siegfriedneto/projects/servicedeskn1/frontend/app/node_modules/react-dom/cjs/react-dom-client.development.js:874:13)
    at commitHookEffectListMount (/home/siegfriedneto/projects/servicedeskn1/frontend/app/node_modules/react-dom/cjs/react-dom-client.development.js:13249:29) undefined
Error: Not implemented: window.scrollTo
    at module.exports (/home/siegfriedneto/projects/servicedeskn1/frontend/app/node_modules/jsdom/lib/jsdom/browser/not-implemented.js:9:17)
    at /home/siegfriedneto/projects/servicedeskn1/frontend/app/node_modules/jsdom/lib/jsdom/browser/Window.js:960:7
    at Object.fn (file:///home/siegfriedneto/projects/servicedeskn1/frontend/app/node_modules/@tanstack/router-core/dist/esm/scroll-restoration.js:180:27)
    at RouterCore.emit (file:///home/siegfriedneto/projects/servicedeskn1/frontend/app/node_modules/@tanstack/router-core/dist/esm/router.js:178:14)
    at file:///home/siegfriedneto/projects/servicedeskn1/frontend/app/node_modules/@tanstack/react-router/dist/esm/Transitioner.js:46:25
    at settleOwner (file:///home/siegfriedneto/projects/servicedeskn1/frontend/app/node_modules/@tanstack/react-router/dist/esm/Transitioner.js:10:10)
    at file:///home/siegfriedneto/projects/servicedeskn1/frontend/app/node_modules/@tanstack/react-router/dist/esm/Matches.js:38:39
    at Object.react_stack_bottom_frame (/home/siegfriedneto/projects/servicedeskn1/frontend/app/node_modules/react-dom/cjs/react-dom-client.development.js:25989:20)
    at runWithFiberInDEV (/home/siegfriedneto/projects/servicedeskn1/frontend/app/node_modules/react-dom/cjs/react-dom-client.development.js:874:13)
    at commitHookEffectListMount (/home/siegfriedneto/projects/servicedeskn1/frontend/app/node_modules/react-dom/cjs/react-dom-client.development.js:13249:29) undefined
Error: Not implemented: window.scrollTo
    at module.exports (/home/siegfriedneto/projects/servicedeskn1/frontend/app/node_modules/jsdom/lib/jsdom/browser/not-implemented.js:9:17)
    at /home/siegfriedneto/projects/servicedeskn1/frontend/app/node_modules/jsdom/lib/jsdom/browser/Window.js:960:7
    at Object.fn (file:///home/siegfriedneto/projects/servicedeskn1/frontend/app/node_modules/@tanstack/router-core/dist/esm/scroll-restoration.js:180:27)
    at RouterCore.emit (file:///home/siegfriedneto/projects/servicedeskn1/frontend/app/node_modules/@tanstack/router-core/dist/esm/router.js:178:14)
    at file:///home/siegfriedneto/projects/servicedeskn1/frontend/app/node_modules/@tanstack/react-router/dist/esm/Transitioner.js:46:25
    at settleOwner (file:///home/siegfriedneto/projects/servicedeskn1/frontend/app/node_modules/@tanstack/react-router/dist/esm/Transitioner.js:10:10)
    at file:///home/siegfriedneto/projects/servicedeskn1/frontend/app/node_modules/@tanstack/react-router/dist/esm/Matches.js:38:39
    at Object.react_stack_bottom_frame (/home/siegfriedneto/projects/servicedeskn1/frontend/app/node_modules/react-dom/cjs/react-dom-client.development.js:25989:20)
    at runWithFiberInDEV (/home/siegfriedneto/projects/servicedeskn1/frontend/app/node_modules/react-dom/cjs/react-dom-client.development.js:874:13)
    at commitHookEffectListMount (/home/siegfriedneto/projects/servicedeskn1/frontend/app/node_modules/react-dom/cjs/react-dom-client.development.js:13249:29) undefined
Error: Not implemented: window.scrollTo
    at module.exports (/home/siegfriedneto/projects/servicedeskn1/frontend/app/node_modules/jsdom/lib/jsdom/browser/not-implemented.js:9:17)
    at /home/siegfriedneto/projects/servicedeskn1/frontend/app/node_modules/jsdom/lib/jsdom/browser/Window.js:960:7
    at Object.fn (file:///home/siegfriedneto/projects/servicedeskn1/frontend/app/node_modules/@tanstack/router-core/dist/esm/scroll-restoration.js:180:27)
    at RouterCore.emit (file:///home/siegfriedneto/projects/servicedeskn1/frontend/app/node_modules/@tanstack/router-core/dist/esm/router.js:178:14)
    at file:///home/siegfriedneto/projects/servicedeskn1/frontend/app/node_modules/@tanstack/react-router/dist/esm/Transitioner.js:46:25
    at settleOwner (file:///home/siegfriedneto/projects/servicedeskn1/frontend/app/node_modules/@tanstack/react-router/dist/esm/Transitioner.js:10:10)
    at file:///home/siegfriedneto/projects/servicedeskn1/frontend/app/node_modules/@tanstack/react-router/dist/esm/Matches.js:38:39
    at Object.react_stack_bottom_frame (/home/siegfriedneto/projects/servicedeskn1/frontend/app/node_modules/react-dom/cjs/react-dom-client.development.js:25989:20)
    at runWithFiberInDEV (/home/siegfriedneto/projects/servicedeskn1/frontend/app/node_modules/react-dom/cjs/react-dom-client.development.js:874:13)
    at commitHookEffectListMount (/home/siegfriedneto/projects/servicedeskn1/frontend/app/node_modules/react-dom/cjs/react-dom-client.development.js:13249:29) undefined
Error: Not implemented: window.scrollTo
    at module.exports (/home/siegfriedneto/projects/servicedeskn1/frontend/app/node_modules/jsdom/lib/jsdom/browser/not-implemented.js:9:17)
    at /home/siegfriedneto/projects/servicedeskn1/frontend/app/node_modules/jsdom/lib/jsdom/browser/Window.js:960:7
    at Object.fn (file:///home/siegfriedneto/projects/servicedeskn1/frontend/app/node_modules/@tanstack/router-core/dist/esm/scroll-restoration.js:180:27)
    at RouterCore.emit (file:///home/siegfriedneto/projects/servicedeskn1/frontend/app/node_modules/@tanstack/router-core/dist/esm/router.js:178:14)
    at file:///home/siegfriedneto/projects/servicedeskn1/frontend/app/node_modules/@tanstack/react-router/dist/esm/Transitioner.js:46:25
    at settleOwner (file:///home/siegfriedneto/projects/servicedeskn1/frontend/app/node_modules/@tanstack/react-router/dist/esm/Transitioner.js:10:10)
    at file:///home/siegfriedneto/projects/servicedeskn1/frontend/app/node_modules/@tanstack/react-router/dist/esm/Matches.js:38:39
    at Object.react_stack_bottom_frame (/home/siegfriedneto/projects/servicedeskn1/frontend/app/node_modules/react-dom/cjs/react-dom-client.development.js:25989:20)
    at runWithFiberInDEV (/home/siegfriedneto/projects/servicedeskn1/frontend/app/node_modules/react-dom/cjs/react-dom-client.development.js:874:13)
    at commitHookEffectListMount (/home/siegfriedneto/projects/servicedeskn1/frontend/app/node_modules/react-dom/cjs/react-dom-client.development.js:13249:29) undefined
Error: Not implemented: window.scrollTo
    at module.exports (/home/siegfriedneto/projects/servicedeskn1/frontend/app/node_modules/jsdom/lib/jsdom/browser/not-implemented.js:9:17)
    at /home/siegfriedneto/projects/servicedeskn1/frontend/app/node_modules/jsdom/lib/jsdom/browser/Window.js:960:7
    at Object.fn (file:///home/siegfriedneto/projects/servicedeskn1/frontend/app/node_modules/@tanstack/router-core/dist/esm/scroll-restoration.js:180:27)
    at RouterCore.emit (file:///home/siegfriedneto/projects/servicedeskn1/frontend/app/node_modules/@tanstack/router-core/dist/esm/router.js:178:14)
    at file:///home/siegfriedneto/projects/servicedeskn1/frontend/app/node_modules/@tanstack/react-router/dist/esm/Transitioner.js:46:25
    at settleOwner (file:///home/siegfriedneto/projects/servicedeskn1/frontend/app/node_modules/@tanstack/react-router/dist/esm/Transitioner.js:10:10)
    at file:///home/siegfriedneto/projects/servicedeskn1/frontend/app/node_modules/@tanstack/react-router/dist/esm/Matches.js:38:39
    at Object.react_stack_bottom_frame (/home/siegfriedneto/projects/servicedeskn1/frontend/app/node_modules/react-dom/cjs/react-dom-client.development.js:25989:20)
    at runWithFiberInDEV (/home/siegfriedneto/projects/servicedeskn1/frontend/app/node_modules/react-dom/cjs/react-dom-client.development.js:874:13)
    at commitHookEffectListMount (/home/siegfriedneto/projects/servicedeskn1/frontend/app/node_modules/react-dom/cjs/react-dom-client.development.js:13249:29) undefined
Error: Not implemented: window.scrollTo
    at module.exports (/home/siegfriedneto/projects/servicedeskn1/frontend/app/node_modules/jsdom/lib/jsdom/browser/not-implemented.js:9:17)
    at /home/siegfriedneto/projects/servicedeskn1/frontend/app/node_modules/jsdom/lib/jsdom/browser/Window.js:960:7
    at Object.fn (file:///home/siegfriedneto/projects/servicedeskn1/frontend/app/node_modules/@tanstack/router-core/dist/esm/scroll-restoration.js:180:27)
    at RouterCore.emit (file:///home/siegfriedneto/projects/servicedeskn1/frontend/app/node_modules/@tanstack/router-core/dist/esm/router.js:178:14)
    at file:///home/siegfriedneto/projects/servicedeskn1/frontend/app/node_modules/@tanstack/react-router/dist/esm/Transitioner.js:46:25
    at settleOwner (file:///home/siegfriedneto/projects/servicedeskn1/frontend/app/node_modules/@tanstack/react-router/dist/esm/Transitioner.js:10:10)
    at file:///home/siegfriedneto/projects/servicedeskn1/frontend/app/node_modules/@tanstack/react-router/dist/esm/Matches.js:38:39
    at Object.react_stack_bottom_frame (/home/siegfriedneto/projects/servicedeskn1/frontend/app/node_modules/react-dom/cjs/react-dom-client.development.js:25989:20)
    at runWithFiberInDEV (/home/siegfriedneto/projects/servicedeskn1/frontend/app/node_modules/react-dom/cjs/react-dom-client.development.js:874:13)
    at commitHookEffectListMount (/home/siegfriedneto/projects/servicedeskn1/frontend/app/node_modules/react-dom/cjs/react-dom-client.development.js:13249:29) undefined
Error: Not implemented: window.scrollTo
    at module.exports (/home/siegfriedneto/projects/servicedeskn1/frontend/app/node_modules/jsdom/lib/jsdom/browser/not-implemented.js:9:17)
    at /home/siegfriedneto/projects/servicedeskn1/frontend/app/node_modules/jsdom/lib/jsdom/browser/Window.js:960:7
    at Object.fn (file:///home/siegfriedneto/projects/servicedeskn1/frontend/app/node_modules/@tanstack/router-core/dist/esm/scroll-restoration.js:180:27)
    at RouterCore.emit (file:///home/siegfriedneto/projects/servicedeskn1/frontend/app/node_modules/@tanstack/router-core/dist/esm/router.js:178:14)
    at file:///home/siegfriedneto/projects/servicedeskn1/frontend/app/node_modules/@tanstack/react-router/dist/esm/Transitioner.js:46:25
    at settleOwner (file:///home/siegfriedneto/projects/servicedeskn1/frontend/app/node_modules/@tanstack/react-router/dist/esm/Transitioner.js:10:10)
    at file:///home/siegfriedneto/projects/servicedeskn1/frontend/app/node_modules/@tanstack/react-router/dist/esm/Matches.js:38:39
    at Object.react_stack_bottom_frame (/home/siegfriedneto/projects/servicedeskn1/frontend/app/node_modules/react-dom/cjs/react-dom-client.development.js:25989:20)
    at runWithFiberInDEV (/home/siegfriedneto/projects/servicedeskn1/frontend/app/node_modules/react-dom/cjs/react-dom-client.development.js:874:13)
    at commitHookEffectListMount (/home/siegfriedneto/projects/servicedeskn1/frontend/app/node_modules/react-dom/cjs/react-dom-client.development.js:13249:29) undefined
Error: Not implemented: window.scrollTo
    at module.exports (/home/siegfriedneto/projects/servicedeskn1/frontend/app/node_modules/jsdom/lib/jsdom/browser/not-implemented.js:9:17)
    at /home/siegfriedneto/projects/servicedeskn1/frontend/app/node_modules/jsdom/lib/jsdom/browser/Window.js:960:7
    at Object.fn (file:///home/siegfriedneto/projects/servicedeskn1/frontend/app/node_modules/@tanstack/router-core/dist/esm/scroll-restoration.js:180:27)
    at RouterCore.emit (file:///home/siegfriedneto/projects/servicedeskn1/frontend/app/node_modules/@tanstack/router-core/dist/esm/router.js:178:14)
    at file:///home/siegfriedneto/projects/servicedeskn1/frontend/app/node_modules/@tanstack/react-router/dist/esm/Transitioner.js:46:25
    at settleOwner (file:///home/siegfriedneto/projects/servicedeskn1/frontend/app/node_modules/@tanstack/react-router/dist/esm/Transitioner.js:10:10)
    at file:///home/siegfriedneto/projects/servicedeskn1/frontend/app/node_modules/@tanstack/react-router/dist/esm/Matches.js:38:39
    at Object.react_stack_bottom_frame (/home/siegfriedneto/projects/servicedeskn1/frontend/app/node_modules/react-dom/cjs/react-dom-client.development.js:25989:20)
    at runWithFiberInDEV (/home/siegfriedneto/projects/servicedeskn1/frontend/app/node_modules/react-dom/cjs/react-dom-client.development.js:874:13)
    at commitHookEffectListMount (/home/siegfriedneto/projects/servicedeskn1/frontend/app/node_modules/react-dom/cjs/react-dom-client.development.js:13249:29) undefined
Error: Not implemented: window.scrollTo
    at module.exports (/home/siegfriedneto/projects/servicedeskn1/frontend/app/node_modules/jsdom/lib/jsdom/browser/not-implemented.js:9:17)
    at /home/siegfriedneto/projects/servicedeskn1/frontend/app/node_modules/jsdom/lib/jsdom/browser/Window.js:960:7
    at Object.fn (file:///home/siegfriedneto/projects/servicedeskn1/frontend/app/node_modules/@tanstack/router-core/dist/esm/scroll-restoration.js:180:27)
    at RouterCore.emit (file:///home/siegfriedneto/projects/servicedeskn1/frontend/app/node_modules/@tanstack/router-core/dist/esm/router.js:178:14)
    at file:///home/siegfriedneto/projects/servicedeskn1/frontend/app/node_modules/@tanstack/react-router/dist/esm/Transitioner.js:46:25
    at settleOwner (file:///home/siegfriedneto/projects/servicedeskn1/frontend/app/node_modules/@tanstack/react-router/dist/esm/Transitioner.js:10:10)
    at file:///home/siegfriedneto/projects/servicedeskn1/frontend/app/node_modules/@tanstack/react-router/dist/esm/Matches.js:38:39
    at Object.react_stack_bottom_frame (/home/siegfriedneto/projects/servicedeskn1/frontend/app/node_modules/react-dom/cjs/react-dom-client.development.js:25989:20)
    at runWithFiberInDEV (/home/siegfriedneto/projects/servicedeskn1/frontend/app/node_modules/react-dom/cjs/react-dom-client.development.js:874:13)
    at commitHookEffectListMount (/home/siegfriedneto/projects/servicedeskn1/frontend/app/node_modules/react-dom/cjs/react-dom-client.development.js:13249:29) undefined
Error: Not implemented: window.scrollTo
    at module.exports (/home/siegfriedneto/projects/servicedeskn1/frontend/app/node_modules/jsdom/lib/jsdom/browser/not-implemented.js:9:17)
    at /home/siegfriedneto/projects/servicedeskn1/frontend/app/node_modules/jsdom/lib/jsdom/browser/Window.js:960:7
    at Object.fn (file:///home/siegfriedneto/projects/servicedeskn1/frontend/app/node_modules/@tanstack/router-core/dist/esm/scroll-restoration.js:180:27)
    at RouterCore.emit (file:///home/siegfriedneto/projects/servicedeskn1/frontend/app/node_modules/@tanstack/router-core/dist/esm/router.js:178:14)
    at file:///home/siegfriedneto/projects/servicedeskn1/frontend/app/node_modules/@tanstack/react-router/dist/esm/Transitioner.js:46:25
    at settleOwner (file:///home/siegfriedneto/projects/servicedeskn1/frontend/app/node_modules/@tanstack/react-router/dist/esm/Transitioner.js:10:10)
    at file:///home/siegfriedneto/projects/servicedeskn1/frontend/app/node_modules/@tanstack/react-router/dist/esm/Matches.js:38:39
    at Object.react_stack_bottom_frame (/home/siegfriedneto/projects/servicedeskn1/frontend/app/node_modules/react-dom/cjs/react-dom-client.development.js:25989:20)
    at runWithFiberInDEV (/home/siegfriedneto/projects/servicedeskn1/frontend/app/node_modules/react-dom/cjs/react-dom-client.development.js:874:13)
    at commitHookEffectListMount (/home/siegfriedneto/projects/servicedeskn1/frontend/app/node_modules/react-dom/cjs/react-dom-client.development.js:13249:29) undefined
Error: Not implemented: window.scrollTo
    at module.exports (/home/siegfriedneto/projects/servicedeskn1/frontend/app/node_modules/jsdom/lib/jsdom/browser/not-implemented.js:9:17)
    at /home/siegfriedneto/projects/servicedeskn1/frontend/app/node_modules/jsdom/lib/jsdom/browser/Window.js:960:7
    at Object.fn (file:///home/siegfriedneto/projects/servicedeskn1/frontend/app/node_modules/@tanstack/router-core/dist/esm/scroll-restoration.js:180:27)
    at RouterCore.emit (file:///home/siegfriedneto/projects/servicedeskn1/frontend/app/node_modules/@tanstack/router-core/dist/esm/router.js:178:14)
    at file:///home/siegfriedneto/projects/servicedeskn1/frontend/app/node_modules/@tanstack/react-router/dist/esm/Transitioner.js:46:25
    at settleOwner (file:///home/siegfriedneto/projects/servicedeskn1/frontend/app/node_modules/@tanstack/react-router/dist/esm/Transitioner.js:10:10)
    at file:///home/siegfriedneto/projects/servicedeskn1/frontend/app/node_modules/@tanstack/react-router/dist/esm/Matches.js:38:39
    at Object.react_stack_bottom_frame (/home/siegfriedneto/projects/servicedeskn1/frontend/app/node_modules/react-dom/cjs/react-dom-client.development.js:25989:20)
    at runWithFiberInDEV (/home/siegfriedneto/projects/servicedeskn1/frontend/app/node_modules/react-dom/cjs/react-dom-client.development.js:874:13)
    at commitHookEffectListMount (/home/siegfriedneto/projects/servicedeskn1/frontend/app/node_modules/react-dom/cjs/react-dom-client.development.js:13249:29) undefined
Error: Not implemented: window.scrollTo
    at module.exports (/home/siegfriedneto/projects/servicedeskn1/frontend/app/node_modules/jsdom/lib/jsdom/browser/not-implemented.js:9:17)
    at /home/siegfriedneto/projects/servicedeskn1/frontend/app/node_modules/jsdom/lib/jsdom/browser/Window.js:960:7
    at Object.fn (file:///home/siegfriedneto/projects/servicedeskn1/frontend/app/node_modules/@tanstack/router-core/dist/esm/scroll-restoration.js:180:27)
    at RouterCore.emit (file:///home/siegfriedneto/projects/servicedeskn1/frontend/app/node_modules/@tanstack/router-core/dist/esm/router.js:178:14)
    at file:///home/siegfriedneto/projects/servicedeskn1/frontend/app/node_modules/@tanstack/react-router/dist/esm/Transitioner.js:46:25
    at settleOwner (file:///home/siegfriedneto/projects/servicedeskn1/frontend/app/node_modules/@tanstack/react-router/dist/esm/Transitioner.js:10:10)
    at file:///home/siegfriedneto/projects/servicedeskn1/frontend/app/node_modules/@tanstack/react-router/dist/esm/Matches.js:38:39
    at Object.react_stack_bottom_frame (/home/siegfriedneto/projects/servicedeskn1/frontend/app/node_modules/react-dom/cjs/react-dom-client.development.js:25989:20)
    at runWithFiberInDEV (/home/siegfriedneto/projects/servicedeskn1/frontend/app/node_modules/react-dom/cjs/react-dom-client.development.js:874:13)
    at commitHookEffectListMount (/home/siegfriedneto/projects/servicedeskn1/frontend/app/node_modules/react-dom/cjs/react-dom-client.development.js:13249:29) undefined
Error: Not implemented: window.scrollTo
    at module.exports (/home/siegfriedneto/projects/servicedeskn1/frontend/app/node_modules/jsdom/lib/jsdom/browser/not-implemented.js:9:17)
    at /home/siegfriedneto/projects/servicedeskn1/frontend/app/node_modules/jsdom/lib/jsdom/browser/Window.js:960:7
    at Object.fn (file:///home/siegfriedneto/projects/servicedeskn1/frontend/app/node_modules/@tanstack/router-core/dist/esm/scroll-restoration.js:180:27)
    at RouterCore.emit (file:///home/siegfriedneto/projects/servicedeskn1/frontend/app/node_modules/@tanstack/router-core/dist/esm/router.js:178:14)
    at file:///home/siegfriedneto/projects/servicedeskn1/frontend/app/node_modules/@tanstack/react-router/dist/esm/Transitioner.js:46:25
    at settleOwner (file:///home/siegfriedneto/projects/servicedeskn1/frontend/app/node_modules/@tanstack/react-router/dist/esm/Transitioner.js:10:10)
    at file:///home/siegfriedneto/projects/servicedeskn1/frontend/app/node_modules/@tanstack/react-router/dist/esm/Matches.js:38:39
    at Object.react_stack_bottom_frame (/home/siegfriedneto/projects/servicedeskn1/frontend/app/node_modules/react-dom/cjs/react-dom-client.development.js:25989:20)
    at runWithFiberInDEV (/home/siegfriedneto/projects/servicedeskn1/frontend/app/node_modules/react-dom/cjs/react-dom-client.development.js:874:13)
    at commitHookEffectListMount (/home/siegfriedneto/projects/servicedeskn1/frontend/app/node_modules/react-dom/cjs/react-dom-client.development.js:13249:29) undefined
Error: Not implemented: window.scrollTo
    at module.exports (/home/siegfriedneto/projects/servicedeskn1/frontend/app/node_modules/jsdom/lib/jsdom/browser/not-implemented.js:9:17)
    at /home/siegfriedneto/projects/servicedeskn1/frontend/app/node_modules/jsdom/lib/jsdom/browser/Window.js:960:7
    at Object.fn (file:///home/siegfriedneto/projects/servicedeskn1/frontend/app/node_modules/@tanstack/router-core/dist/esm/scroll-restoration.js:180:27)
    at RouterCore.emit (file:///home/siegfriedneto/projects/servicedeskn1/frontend/app/node_modules/@tanstack/router-core/dist/esm/router.js:178:14)
    at file:///home/siegfriedneto/projects/servicedeskn1/frontend/app/node_modules/@tanstack/react-router/dist/esm/Transitioner.js:46:25
    at settleOwner (file:///home/siegfriedneto/projects/servicedeskn1/frontend/app/node_modules/@tanstack/react-router/dist/esm/Transitioner.js:10:10)
    at file:///home/siegfriedneto/projects/servicedeskn1/frontend/app/node_modules/@tanstack/react-router/dist/esm/Matches.js:38:39
    at Object.react_stack_bottom_frame (/home/siegfriedneto/projects/servicedeskn1/frontend/app/node_modules/react-dom/cjs/react-dom-client.development.js:25989:20)
    at runWithFiberInDEV (/home/siegfriedneto/projects/servicedeskn1/frontend/app/node_modules/react-dom/cjs/react-dom-client.development.js:874:13)
    at commitHookEffectListMount (/home/siegfriedneto/projects/servicedeskn1/frontend/app/node_modules/react-dom/cjs/react-dom-client.development.js:13249:29) undefined
Error: Not implemented: window.scrollTo
    at module.exports (/home/siegfriedneto/projects/servicedeskn1/frontend/app/node_modules/jsdom/lib/jsdom/browser/not-implemented.js:9:17)
    at /home/siegfriedneto/projects/servicedeskn1/frontend/app/node_modules/jsdom/lib/jsdom/browser/Window.js:960:7
    at Object.fn (file:///home/siegfriedneto/projects/servicedeskn1/frontend/app/node_modules/@tanstack/router-core/dist/esm/scroll-restoration.js:180:27)
    at RouterCore.emit (file:///home/siegfriedneto/projects/servicedeskn1/frontend/app/node_modules/@tanstack/router-core/dist/esm/router.js:178:14)
    at file:///home/siegfriedneto/projects/servicedeskn1/frontend/app/node_modules/@tanstack/react-router/dist/esm/Transitioner.js:46:25
    at settleOwner (file:///home/siegfriedneto/projects/servicedeskn1/frontend/app/node_modules/@tanstack/react-router/dist/esm/Transitioner.js:10:10)
    at file:///home/siegfriedneto/projects/servicedeskn1/frontend/app/node_modules/@tanstack/react-router/dist/esm/Matches.js:38:39
    at Object.react_stack_bottom_frame (/home/siegfriedneto/projects/servicedeskn1/frontend/app/node_modules/react-dom/cjs/react-dom-client.development.js:25989:20)
    at runWithFiberInDEV (/home/siegfriedneto/projects/servicedeskn1/frontend/app/node_modules/react-dom/cjs/react-dom-client.development.js:874:13)
    at commitHookEffectListMount (/home/siegfriedneto/projects/servicedeskn1/frontend/app/node_modules/react-dom/cjs/react-dom-client.development.js:13249:29) undefined
Error: Not implemented: window.scrollTo
    at module.exports (/home/siegfriedneto/projects/servicedeskn1/frontend/app/node_modules/jsdom/lib/jsdom/browser/not-implemented.js:9:17)
    at /home/siegfriedneto/projects/servicedeskn1/frontend/app/node_modules/jsdom/lib/jsdom/browser/Window.js:960:7
    at Object.fn (file:///home/siegfriedneto/projects/servicedeskn1/frontend/app/node_modules/@tanstack/router-core/dist/esm/scroll-restoration.js:180:27)
    at RouterCore.emit (file:///home/siegfriedneto/projects/servicedeskn1/frontend/app/node_modules/@tanstack/router-core/dist/esm/router.js:178:14)
    at file:///home/siegfriedneto/projects/servicedeskn1/frontend/app/node_modules/@tanstack/react-router/dist/esm/Transitioner.js:46:25
    at settleOwner (file:///home/siegfriedneto/projects/servicedeskn1/frontend/app/node_modules/@tanstack/react-router/dist/esm/Transitioner.js:10:10)
    at file:///home/siegfriedneto/projects/servicedeskn1/frontend/app/node_modules/@tanstack/react-router/dist/esm/Matches.js:38:39
    at Object.react_stack_bottom_frame (/home/siegfriedneto/projects/servicedeskn1/frontend/app/node_modules/react-dom/cjs/react-dom-client.development.js:25989:20)
    at runWithFiberInDEV (/home/siegfriedneto/projects/servicedeskn1/frontend/app/node_modules/react-dom/cjs/react-dom-client.development.js:874:13)
    at commitHookEffectListMount (/home/siegfriedneto/projects/servicedeskn1/frontend/app/node_modules/react-dom/cjs/react-dom-client.development.js:13249:29) undefined
Error: Not implemented: window.scrollTo
    at module.exports (/home/siegfriedneto/projects/servicedeskn1/frontend/app/node_modules/jsdom/lib/jsdom/browser/not-implemented.js:9:17)
    at /home/siegfriedneto/projects/servicedeskn1/frontend/app/node_modules/jsdom/lib/jsdom/browser/Window.js:960:7
    at Object.fn (file:///home/siegfriedneto/projects/servicedeskn1/frontend/app/node_modules/@tanstack/router-core/dist/esm/scroll-restoration.js:180:27)
    at RouterCore.emit (file:///home/siegfriedneto/projects/servicedeskn1/frontend/app/node_modules/@tanstack/router-core/dist/esm/router.js:178:14)
    at file:///home/siegfriedneto/projects/servicedeskn1/frontend/app/node_modules/@tanstack/react-router/dist/esm/Transitioner.js:46:25
    at settleOwner (file:///home/siegfriedneto/projects/servicedeskn1/frontend/app/node_modules/@tanstack/react-router/dist/esm/Transitioner.js:10:10)
    at file:///home/siegfriedneto/projects/servicedeskn1/frontend/app/node_modules/@tanstack/react-router/dist/esm/Matches.js:38:39
    at Object.react_stack_bottom_frame (/home/siegfriedneto/projects/servicedeskn1/frontend/app/node_modules/react-dom/cjs/react-dom-client.development.js:25989:20)
    at runWithFiberInDEV (/home/siegfriedneto/projects/servicedeskn1/frontend/app/node_modules/react-dom/cjs/react-dom-client.development.js:874:13)
    at commitHookEffectListMount (/home/siegfriedneto/projects/servicedeskn1/frontend/app/node_modules/react-dom/cjs/react-dom-client.development.js:13249:29) undefined
Error: Not implemented: window.scrollTo
    at module.exports (/home/siegfriedneto/projects/servicedeskn1/frontend/app/node_modules/jsdom/lib/jsdom/browser/not-implemented.js:9:17)
    at /home/siegfriedneto/projects/servicedeskn1/frontend/app/node_modules/jsdom/lib/jsdom/browser/Window.js:960:7
    at Object.fn (file:///home/siegfriedneto/projects/servicedeskn1/frontend/app/node_modules/@tanstack/router-core/dist/esm/scroll-restoration.js:180:27)
    at RouterCore.emit (file:///home/siegfriedneto/projects/servicedeskn1/frontend/app/node_modules/@tanstack/router-core/dist/esm/router.js:178:14)
    at file:///home/siegfriedneto/projects/servicedeskn1/frontend/app/node_modules/@tanstack/react-router/dist/esm/Transitioner.js:46:25
    at settleOwner (file:///home/siegfriedneto/projects/servicedeskn1/frontend/app/node_modules/@tanstack/react-router/dist/esm/Transitioner.js:10:10)
    at file:///home/siegfriedneto/projects/servicedeskn1/frontend/app/node_modules/@tanstack/react-router/dist/esm/Matches.js:38:39
    at Object.react_stack_bottom_frame (/home/siegfriedneto/projects/servicedeskn1/frontend/app/node_modules/react-dom/cjs/react-dom-client.development.js:25989:20)
    at runWithFiberInDEV (/home/siegfriedneto/projects/servicedeskn1/frontend/app/node_modules/react-dom/cjs/react-dom-client.development.js:874:13)
    at commitHookEffectListMount (/home/siegfriedneto/projects/servicedeskn1/frontend/app/node_modules/react-dom/cjs/react-dom-client.development.js:13249:29) undefined
 ❯ src/hooks/use-connector-configuration-detail-view.spec.ts (7 tests | 2 failed) 2669ms
     × becomes true the instant a save succeeds 1110ms
     × clears once the operator edits again after a save, so the acknowledgement never outlives what it acknowledged 1066ms
Error: Not implemented: window.scrollTo
    at module.exports (/home/siegfriedneto/projects/servicedeskn1/frontend/app/node_modules/jsdom/lib/jsdom/browser/not-implemented.js:9:17)
    at /home/siegfriedneto/projects/servicedeskn1/frontend/app/node_modules/jsdom/lib/jsdom/browser/Window.js:960:7
    at Object.fn (file:///home/siegfriedneto/projects/servicedeskn1/frontend/app/node_modules/@tanstack/router-core/dist/esm/scroll-restoration.js:180:27)
    at RouterCore.emit (file:///home/siegfriedneto/projects/servicedeskn1/frontend/app/node_modules/@tanstack/router-core/dist/esm/router.js:178:14)
    at file:///home/siegfriedneto/projects/servicedeskn1/frontend/app/node_modules/@tanstack/react-router/dist/esm/Transitioner.js:46:25
    at settleOwner (file:///home/siegfriedneto/projects/servicedeskn1/frontend/app/node_modules/@tanstack/react-router/dist/esm/Transitioner.js:10:10)
    at file:///home/siegfriedneto/projects/servicedeskn1/frontend/app/node_modules/@tanstack/react-router/dist/esm/Matches.js:38:39
    at Object.react_stack_bottom_frame (/home/siegfriedneto/projects/servicedeskn1/frontend/app/node_modules/react-dom/cjs/react-dom-client.development.js:25989:20)
    at runWithFiberInDEV (/home/siegfriedneto/projects/servicedeskn1/frontend/app/node_modules/react-dom/cjs/react-dom-client.development.js:874:13)
    at commitHookEffectListMount (/home/siegfriedneto/projects/servicedeskn1/frontend/app/node_modules/react-dom/cjs/react-dom-client.development.js:13249:29) undefined
Error: Not implemented: window.scrollTo
    at module.exports (/home/siegfriedneto/projects/servicedeskn1/frontend/app/node_modules/jsdom/lib/jsdom/browser/not-implemented.js:9:17)
    at /home/siegfriedneto/projects/servicedeskn1/frontend/app/node_modules/jsdom/lib/jsdom/browser/Window.js:960:7
    at Object.fn (file:///home/siegfriedneto/projects/servicedeskn1/frontend/app/node_modules/@tanstack/router-core/dist/esm/scroll-restoration.js:180:27)
    at RouterCore.emit (file:///home/siegfriedneto/projects/servicedeskn1/frontend/app/node_modules/@tanstack/router-core/dist/esm/router.js:178:14)
    at file:///home/siegfriedneto/projects/servicedeskn1/frontend/app/node_modules/@tanstack/react-router/dist/esm/Transitioner.js:46:25
    at settleOwner (file:///home/siegfriedneto/projects/servicedeskn1/frontend/app/node_modules/@tanstack/react-router/dist/esm/Transitioner.js:10:10)
    at file:///home/siegfriedneto/projects/servicedeskn1/frontend/app/node_modules/@tanstack/react-router/dist/esm/Matches.js:38:39
    at Object.react_stack_bottom_frame (/home/siegfriedneto/projects/servicedeskn1/frontend/app/node_modules/react-dom/cjs/react-dom-client.development.js:25989:20)
    at runWithFiberInDEV (/home/siegfriedneto/projects/servicedeskn1/frontend/app/node_modules/react-dom/cjs/react-dom-client.development.js:874:13)
    at commitHookEffectListMount (/home/siegfriedneto/projects/servicedeskn1/frontend/app/node_modules/react-dom/cjs/react-dom-client.development.js:13249:29) undefined
Error: Not implemented: window.scrollTo
    at module.exports (/home/siegfriedneto/projects/servicedeskn1/frontend/app/node_modules/jsdom/lib/jsdom/browser/not-implemented.js:9:17)
    at /home/siegfriedneto/projects/servicedeskn1/frontend/app/node_modules/jsdom/lib/jsdom/browser/Window.js:960:7
    at Object.fn (file:///home/siegfriedneto/projects/servicedeskn1/frontend/app/node_modules/@tanstack/router-core/dist/esm/scroll-restoration.js:180:27)
    at RouterCore.emit (file:///home/siegfriedneto/projects/servicedeskn1/frontend/app/node_modules/@tanstack/router-core/dist/esm/router.js:178:14)
    at file:///home/siegfriedneto/projects/servicedeskn1/frontend/app/node_modules/@tanstack/react-router/dist/esm/Transitioner.js:46:25
    at settleOwner (file:///home/siegfriedneto/projects/servicedeskn1/frontend/app/node_modules/@tanstack/react-router/dist/esm/Transitioner.js:10:10)
    at file:///home/siegfriedneto/projects/servicedeskn1/frontend/app/node_modules/@tanstack/react-router/dist/esm/Matches.js:38:39
    at Object.react_stack_bottom_frame (/home/siegfriedneto/projects/servicedeskn1/frontend/app/node_modules/react-dom/cjs/react-dom-client.development.js:25989:20)
    at runWithFiberInDEV (/home/siegfriedneto/projects/servicedeskn1/frontend/app/node_modules/react-dom/cjs/react-dom-client.development.js:874:13)
    at commitHookEffectListMount (/home/siegfriedneto/projects/servicedeskn1/frontend/app/node_modules/react-dom/cjs/react-dom-client.development.js:13249:29) undefined
Error: Not implemented: window.scrollTo
    at module.exports (/home/siegfriedneto/projects/servicedeskn1/frontend/app/node_modules/jsdom/lib/jsdom/browser/not-implemented.js:9:17)
    at /home/siegfriedneto/projects/servicedeskn1/frontend/app/node_modules/jsdom/lib/jsdom/browser/Window.js:960:7
    at Object.fn (file:///home/siegfriedneto/projects/servicedeskn1/frontend/app/node_modules/@tanstack/router-core/dist/esm/scroll-restoration.js:180:27)
    at RouterCore.emit (file:///home/siegfriedneto/projects/servicedeskn1/frontend/app/node_modules/@tanstack/router-core/dist/esm/router.js:178:14)
    at file:///home/siegfriedneto/projects/servicedeskn1/frontend/app/node_modules/@tanstack/router-core/dist/esm/load-client.js:943:46
    at Router.batch (file:///home/siegfriedneto/projects/servicedeskn1/frontend/app/node_modules/@tanstack/store/dist/esm/atom.js:39:5)
    at file:///home/siegfriedneto/projects/servicedeskn1/frontend/app/node_modules/@tanstack/router-core/dist/esm/load-client.js:936:10
    at runNextTicks (node:internal/process/task_queues:64:5)
    at listOnTimeout (node:internal/timers:547:9)
    at processTimers (node:internal/timers:521:7) undefined
Error: Not implemented: window.scrollTo
    at module.exports (/home/siegfriedneto/projects/servicedeskn1/frontend/app/node_modules/jsdom/lib/jsdom/browser/not-implemented.js:9:17)
    at /home/siegfriedneto/projects/servicedeskn1/frontend/app/node_modules/jsdom/lib/jsdom/browser/Window.js:960:7
    at Object.fn (file:///home/siegfriedneto/projects/servicedeskn1/frontend/app/node_modules/@tanstack/router-core/dist/esm/scroll-restoration.js:180:27)
    at RouterCore.emit (file:///home/siegfriedneto/projects/servicedeskn1/frontend/app/node_modules/@tanstack/router-core/dist/esm/router.js:178:14)
    at file:///home/siegfriedneto/projects/servicedeskn1/frontend/app/node_modules/@tanstack/react-router/dist/esm/Transitioner.js:46:25
    at settleOwner (file:///home/siegfriedneto/projects/servicedeskn1/frontend/app/node_modules/@tanstack/react-router/dist/esm/Transitioner.js:10:10)
    at file:///home/siegfriedneto/projects/servicedeskn1/frontend/app/node_modules/@tanstack/react-router/dist/esm/Matches.js:38:39
    at Object.react_stack_bottom_frame (/home/siegfriedneto/projects/servicedeskn1/frontend/app/node_modules/react-dom/cjs/react-dom-client.development.js:25989:20)
    at runWithFiberInDEV (/home/siegfriedneto/projects/servicedeskn1/frontend/app/node_modules/react-dom/cjs/react-dom-client.development.js:874:13)
    at commitHookEffectListMount (/home/siegfriedneto/projects/servicedeskn1/frontend/app/node_modules/react-dom/cjs/react-dom-client.development.js:13249:29) undefined
Error: Not implemented: window.scrollTo
    at module.exports (/home/siegfriedneto/projects/servicedeskn1/frontend/app/node_modules/jsdom/lib/jsdom/browser/not-implemented.js:9:17)
    at /home/siegfriedneto/projects/servicedeskn1/frontend/app/node_modules/jsdom/lib/jsdom/browser/Window.js:960:7
    at Object.fn (file:///home/siegfriedneto/projects/servicedeskn1/frontend/app/node_modules/@tanstack/router-core/dist/esm/scroll-restoration.js:180:27)
    at RouterCore.emit (file:///home/siegfriedneto/projects/servicedeskn1/frontend/app/node_modules/@tanstack/router-core/dist/esm/router.js:178:14)
    at file:///home/siegfriedneto/projects/servicedeskn1/frontend/app/node_modules/@tanstack/react-router/dist/esm/Transitioner.js:46:25
    at settleOwner (file:///home/siegfriedneto/projects/servicedeskn1/frontend/app/node_modules/@tanstack/react-router/dist/esm/Transitioner.js:10:10)
    at file:///home/siegfriedneto/projects/servicedeskn1/frontend/app/node_modules/@tanstack/react-router/dist/esm/Matches.js:38:39
    at Object.react_stack_bottom_frame (/home/siegfriedneto/projects/servicedeskn1/frontend/app/node_modules/react-dom/cjs/react-dom-client.development.js:25989:20)
    at runWithFiberInDEV (/home/siegfriedneto/projects/servicedeskn1/frontend/app/node_modules/react-dom/cjs/react-dom-client.development.js:874:13)
    at commitHookEffectListMount (/home/siegfriedneto/projects/servicedeskn1/frontend/app/node_modules/react-dom/cjs/react-dom-client.development.js:13249:29) undefined
Error: Not implemented: window.scrollTo
    at module.exports (/home/siegfriedneto/projects/servicedeskn1/frontend/app/node_modules/jsdom/lib/jsdom/browser/not-implemented.js:9:17)
    at /home/siegfriedneto/projects/servicedeskn1/frontend/app/node_modules/jsdom/lib/jsdom/browser/Window.js:960:7
    at Object.fn (file:///home/siegfriedneto/projects/servicedeskn1/frontend/app/node_modules/@tanstack/router-core/dist/esm/scroll-restoration.js:180:27)
    at RouterCore.emit (file:///home/siegfriedneto/projects/servicedeskn1/frontend/app/node_modules/@tanstack/router-core/dist/esm/router.js:178:14)
    at file:///home/siegfriedneto/projects/servicedeskn1/frontend/app/node_modules/@tanstack/react-router/dist/esm/Transitioner.js:46:25
    at settleOwner (file:///home/siegfriedneto/projects/servicedeskn1/frontend/app/node_modules/@tanstack/react-router/dist/esm/Transitioner.js:10:10)
    at file:///home/siegfriedneto/projects/servicedeskn1/frontend/app/node_modules/@tanstack/react-router/dist/esm/Matches.js:38:39
    at Object.react_stack_bottom_frame (/home/siegfriedneto/projects/servicedeskn1/frontend/app/node_modules/react-dom/cjs/react-dom-client.development.js:25989:20)
    at runWithFiberInDEV (/home/siegfriedneto/projects/servicedeskn1/frontend/app/node_modules/react-dom/cjs/react-dom-client.development.js:874:13)
    at commitHookEffectListMount (/home/siegfriedneto/projects/servicedeskn1/frontend/app/node_modules/react-dom/cjs/react-dom-client.development.js:13249:29) undefined
Error: Not implemented: window.scrollTo
    at module.exports (/home/siegfriedneto/projects/servicedeskn1/frontend/app/node_modules/jsdom/lib/jsdom/browser/not-implemented.js:9:17)
    at /home/siegfriedneto/projects/servicedeskn1/frontend/app/node_modules/jsdom/lib/jsdom/browser/Window.js:960:7
    at Object.fn (file:///home/siegfriedneto/projects/servicedeskn1/frontend/app/node_modules/@tanstack/router-core/dist/esm/scroll-restoration.js:180:27)
    at RouterCore.emit (file:///home/siegfriedneto/projects/servicedeskn1/frontend/app/node_modules/@tanstack/router-core/dist/esm/router.js:178:14)
    at file:///home/siegfriedneto/projects/servicedeskn1/frontend/app/node_modules/@tanstack/react-router/dist/esm/Transitioner.js:46:25
    at settleOwner (file:///home/siegfriedneto/projects/servicedeskn1/frontend/app/node_modules/@tanstack/react-router/dist/esm/Transitioner.js:10:10)
    at file:///home/siegfriedneto/projects/servicedeskn1/frontend/app/node_modules/@tanstack/react-router/dist/esm/Matches.js:38:39
    at Object.react_stack_bottom_frame (/home/siegfriedneto/projects/servicedeskn1/frontend/app/node_modules/react-dom/cjs/react-dom-client.development.js:25989:20)
    at runWithFiberInDEV (/home/siegfriedneto/projects/servicedeskn1/frontend/app/node_modules/react-dom/cjs/react-dom-client.development.js:874:13)
    at commitHookEffectListMount (/home/siegfriedneto/projects/servicedeskn1/frontend/app/node_modules/react-dom/cjs/react-dom-client.development.js:13249:29) undefined
Error: Not implemented: window.scrollTo
    at module.exports (/home/siegfriedneto/projects/servicedeskn1/frontend/app/node_modules/jsdom/lib/jsdom/browser/not-implemented.js:9:17)
    at /home/siegfriedneto/projects/servicedeskn1/frontend/app/node_modules/jsdom/lib/jsdom/browser/Window.js:960:7
    at Object.fn (file:///home/siegfriedneto/projects/servicedeskn1/frontend/app/node_modules/@tanstack/router-core/dist/esm/scroll-restoration.js:180:27)
    at RouterCore.emit (file:///home/siegfriedneto/projects/servicedeskn1/frontend/app/node_modules/@tanstack/router-core/dist/esm/router.js:178:14)
    at file:///home/siegfriedneto/projects/servicedeskn1/frontend/app/node_modules/@tanstack/react-router/dist/esm/Transitioner.js:46:25
    at settleOwner (file:///home/siegfriedneto/projects/servicedeskn1/frontend/app/node_modules/@tanstack/react-router/dist/esm/Transitioner.js:10:10)
    at file:///home/siegfriedneto/projects/servicedeskn1/frontend/app/node_modules/@tanstack/react-router/dist/esm/Matches.js:38:39
    at Object.react_stack_bottom_frame (/home/siegfriedneto/projects/servicedeskn1/frontend/app/node_modules/react-dom/cjs/react-dom-client.development.js:25989:20)
    at runWithFiberInDEV (/home/siegfriedneto/projects/servicedeskn1/frontend/app/node_modules/react-dom/cjs/react-dom-client.development.js:874:13)
    at commitHookEffectListMount (/home/siegfriedneto/projects/servicedeskn1/frontend/app/node_modules/react-dom/cjs/react-dom-client.development.js:13249:29) undefined
Error: Not implemented: window.scrollTo
    at module.exports (/home/siegfriedneto/projects/servicedeskn1/frontend/app/node_modules/jsdom/lib/jsdom/browser/not-implemented.js:9:17)
    at /home/siegfriedneto/projects/servicedeskn1/frontend/app/node_modules/jsdom/lib/jsdom/browser/Window.js:960:7
    at Object.fn (file:///home/siegfriedneto/projects/servicedeskn1/frontend/app/node_modules/@tanstack/router-core/dist/esm/scroll-restoration.js:180:27)
    at RouterCore.emit (file:///home/siegfriedneto/projects/servicedeskn1/frontend/app/node_modules/@tanstack/router-core/dist/esm/router.js:178:14)
    at file:///home/siegfriedneto/projects/servicedeskn1/frontend/app/node_modules/@tanstack/react-router/dist/esm/Transitioner.js:46:25
    at settleOwner (file:///home/siegfriedneto/projects/servicedeskn1/frontend/app/node_modules/@tanstack/react-router/dist/esm/Transitioner.js:10:10)
    at file:///home/siegfriedneto/projects/servicedeskn1/frontend/app/node_modules/@tanstack/react-router/dist/esm/Matches.js:38:39
    at Object.react_stack_bottom_frame (/home/siegfriedneto/projects/servicedeskn1/frontend/app/node_modules/react-dom/cjs/react-dom-client.development.js:25989:20)
    at runWithFiberInDEV (/home/siegfriedneto/projects/servicedeskn1/frontend/app/node_modules/react-dom/cjs/react-dom-client.development.js:874:13)
    at commitHookEffectListMount (/home/siegfriedneto/projects/servicedeskn1/frontend/app/node_modules/react-dom/cjs/react-dom-client.development.js:13249:29) undefined
Error: Not implemented: window.scrollTo
    at module.exports (/home/siegfriedneto/projects/servicedeskn1/frontend/app/node_modules/jsdom/lib/jsdom/browser/not-implemented.js:9:17)
    at /home/siegfriedneto/projects/servicedeskn1/frontend/app/node_modules/jsdom/lib/jsdom/browser/Window.js:960:7
    at Object.fn (file:///home/siegfriedneto/projects/servicedeskn1/frontend/app/node_modules/@tanstack/router-core/dist/esm/scroll-restoration.js:180:27)
    at RouterCore.emit (file:///home/siegfriedneto/projects/servicedeskn1/frontend/app/node_modules/@tanstack/router-core/dist/esm/router.js:178:14)
    at file:///home/siegfriedneto/projects/servicedeskn1/frontend/app/node_modules/@tanstack/react-router/dist/esm/Transitioner.js:46:25
    at settleOwner (file:///home/siegfriedneto/projects/servicedeskn1/frontend/app/node_modules/@tanstack/react-router/dist/esm/Transitioner.js:10:10)
    at file:///home/siegfriedneto/projects/servicedeskn1/frontend/app/node_modules/@tanstack/react-router/dist/esm/Matches.js:38:39
    at Object.react_stack_bottom_frame (/home/siegfriedneto/projects/servicedeskn1/frontend/app/node_modules/react-dom/cjs/react-dom-client.development.js:25989:20)
    at runWithFiberInDEV (/home/siegfriedneto/projects/servicedeskn1/frontend/app/node_modules/react-dom/cjs/react-dom-client.development.js:874:13)
    at commitHookEffectListMount (/home/siegfriedneto/projects/servicedeskn1/frontend/app/node_modules/react-dom/cjs/react-dom-client.development.js:13249:29) undefined
Error: Not implemented: window.scrollTo
    at module.exports (/home/siegfriedneto/projects/servicedeskn1/frontend/app/node_modules/jsdom/lib/jsdom/browser/not-implemented.js:9:17)
    at /home/siegfriedneto/projects/servicedeskn1/frontend/app/node_modules/jsdom/lib/jsdom/browser/Window.js:960:7
    at Object.fn (file:///home/siegfriedneto/projects/servicedeskn1/frontend/app/node_modules/@tanstack/router-core/dist/esm/scroll-restoration.js:180:27)
    at RouterCore.emit (file:///home/siegfriedneto/projects/servicedeskn1/frontend/app/node_modules/@tanstack/router-core/dist/esm/router.js:178:14)
    at file:///home/siegfriedneto/projects/servicedeskn1/frontend/app/node_modules/@tanstack/react-router/dist/esm/Transitioner.js:46:25
    at settleOwner (file:///home/siegfriedneto/projects/servicedeskn1/frontend/app/node_modules/@tanstack/react-router/dist/esm/Transitioner.js:10:10)
    at file:///home/siegfriedneto/projects/servicedeskn1/frontend/app/node_modules/@tanstack/react-router/dist/esm/Matches.js:38:39
    at Object.react_stack_bottom_frame (/home/siegfriedneto/projects/servicedeskn1/frontend/app/node_modules/react-dom/cjs/react-dom-client.development.js:25989:20)
    at runWithFiberInDEV (/home/siegfriedneto/projects/servicedeskn1/frontend/app/node_modules/react-dom/cjs/react-dom-client.development.js:874:13)
    at commitHookEffectListMount (/home/siegfriedneto/projects/servicedeskn1/frontend/app/node_modules/react-dom/cjs/react-dom-client.development.js:13249:29) undefined
Error: Not implemented: window.scrollTo
    at module.exports (/home/siegfriedneto/projects/servicedeskn1/frontend/app/node_modules/jsdom/lib/jsdom/browser/not-implemented.js:9:17)
    at /home/siegfriedneto/projects/servicedeskn1/frontend/app/node_modules/jsdom/lib/jsdom/browser/Window.js:960:7
    at Object.fn (file:///home/siegfriedneto/projects/servicedeskn1/frontend/app/node_modules/@tanstack/router-core/dist/esm/scroll-restoration.js:180:27)
    at RouterCore.emit (file:///home/siegfriedneto/projects/servicedeskn1/frontend/app/node_modules/@tanstack/router-core/dist/esm/router.js:178:14)
    at file:///home/siegfriedneto/projects/servicedeskn1/frontend/app/node_modules/@tanstack/react-router/dist/esm/Transitioner.js:46:25
    at settleOwner (file:///home/siegfriedneto/projects/servicedeskn1/frontend/app/node_modules/@tanstack/react-router/dist/esm/Transitioner.js:10:10)
    at file:///home/siegfriedneto/projects/servicedeskn1/frontend/app/node_modules/@tanstack/react-router/dist/esm/Matches.js:38:39
    at Object.react_stack_bottom_frame (/home/siegfriedneto/projects/servicedeskn1/frontend/app/node_modules/react-dom/cjs/react-dom-client.development.js:25989:20)
    at runWithFiberInDEV (/home/siegfriedneto/projects/servicedeskn1/frontend/app/node_modules/react-dom/cjs/react-dom-client.development.js:874:13)
    at commitHookEffectListMount (/home/siegfriedneto/projects/servicedeskn1/frontend/app/node_modules/react-dom/cjs/react-dom-client.development.js:13249:29) undefined
 ❯ src/routes/connector-configuration-detail-screen.spec.ts (8 tests | 3 failed) 1241ms
     × renders the connector's own identity and its configuration, both read from the GET this route's own hook issues 427ms
     × keeps the same control available when the load fails (edge case: a dependency that fails) 55ms
     × shows a plain warning that the stored configuration is not valid JSON when the loaded value does not parse 70ms
Error: Not implemented: window.scrollTo
    at module.exports (/home/siegfriedneto/projects/servicedeskn1/frontend/app/node_modules/jsdom/lib/jsdom/browser/not-implemented.js:9:17)
    at /home/siegfriedneto/projects/servicedeskn1/frontend/app/node_modules/jsdom/lib/jsdom/browser/Window.js:960:7
    at Object.fn (file:///home/siegfriedneto/projects/servicedeskn1/frontend/app/node_modules/@tanstack/router-core/dist/esm/scroll-restoration.js:180:27)
    at RouterCore.emit (file:///home/siegfriedneto/projects/servicedeskn1/frontend/app/node_modules/@tanstack/router-core/dist/esm/router.js:178:14)
    at file:///home/siegfriedneto/projects/servicedeskn1/frontend/app/node_modules/@tanstack/react-router/dist/esm/Transitioner.js:46:25
    at settleOwner (file:///home/siegfriedneto/projects/servicedeskn1/frontend/app/node_modules/@tanstack/react-router/dist/esm/Transitioner.js:10:10)
    at file:///home/siegfriedneto/projects/servicedeskn1/frontend/app/node_modules/@tanstack/react-router/dist/esm/Matches.js:38:39
    at Object.react_stack_bottom_frame (/home/siegfriedneto/projects/servicedeskn1/frontend/app/node_modules/react-dom/cjs/react-dom-client.development.js:25989:20)
    at runWithFiberInDEV (/home/siegfriedneto/projects/servicedeskn1/frontend/app/node_modules/react-dom/cjs/react-dom-client.development.js:874:13)
    at commitHookEffectListMount (/home/siegfriedneto/projects/servicedeskn1/frontend/app/node_modules/react-dom/cjs/react-dom-client.development.js:13249:29) undefined
Error: Not implemented: window.scrollTo
    at module.exports (/home/siegfriedneto/projects/servicedeskn1/frontend/app/node_modules/jsdom/lib/jsdom/browser/not-implemented.js:9:17)
    at /home/siegfriedneto/projects/servicedeskn1/frontend/app/node_modules/jsdom/lib/jsdom/browser/Window.js:960:7
    at Object.fn (file:///home/siegfriedneto/projects/servicedeskn1/frontend/app/node_modules/@tanstack/router-core/dist/esm/scroll-restoration.js:180:27)
    at RouterCore.emit (file:///home/siegfriedneto/projects/servicedeskn1/frontend/app/node_modules/@tanstack/router-core/dist/esm/router.js:178:14)
    at file:///home/siegfriedneto/projects/servicedeskn1/frontend/app/node_modules/@tanstack/react-router/dist/esm/Transitioner.js:46:25
    at settleOwner (file:///home/siegfriedneto/projects/servicedeskn1/frontend/app/node_modules/@tanstack/react-router/dist/esm/Transitioner.js:10:10)
    at file:///home/siegfriedneto/projects/servicedeskn1/frontend/app/node_modules/@tanstack/react-router/dist/esm/Matches.js:38:39
    at Object.react_stack_bottom_frame (/home/siegfriedneto/projects/servicedeskn1/frontend/app/node_modules/react-dom/cjs/react-dom-client.development.js:25989:20)
    at runWithFiberInDEV (/home/siegfriedneto/projects/servicedeskn1/frontend/app/node_modules/react-dom/cjs/react-dom-client.development.js:874:13)
    at commitHookEffectListMount (/home/siegfriedneto/projects/servicedeskn1/frontend/app/node_modules/react-dom/cjs/react-dom-client.development.js:13249:29) undefined
Error: Not implemented: window.scrollTo
    at module.exports (/home/siegfriedneto/projects/servicedeskn1/frontend/app/node_modules/jsdom/lib/jsdom/browser/not-implemented.js:9:17)
    at /home/siegfriedneto/projects/servicedeskn1/frontend/app/node_modules/jsdom/lib/jsdom/browser/Window.js:960:7
    at Object.fn (file:///home/siegfriedneto/projects/servicedeskn1/frontend/app/node_modules/@tanstack/router-core/dist/esm/scroll-restoration.js:180:27)
    at RouterCore.emit (file:///home/siegfriedneto/projects/servicedeskn1/frontend/app/node_modules/@tanstack/router-core/dist/esm/router.js:178:14)
    at file:///home/siegfriedneto/projects/servicedeskn1/frontend/app/node_modules/@tanstack/react-router/dist/esm/Transitioner.js:46:25
    at settleOwner (file:///home/siegfriedneto/projects/servicedeskn1/frontend/app/node_modules/@tanstack/react-router/dist/esm/Transitioner.js:10:10)
    at file:///home/siegfriedneto/projects/servicedeskn1/frontend/app/node_modules/@tanstack/react-router/dist/esm/Matches.js:38:39
    at Object.react_stack_bottom_frame (/home/siegfriedneto/projects/servicedeskn1/frontend/app/node_modules/react-dom/cjs/react-dom-client.development.js:25989:20)
    at runWithFiberInDEV (/home/siegfriedneto/projects/servicedeskn1/frontend/app/node_modules/react-dom/cjs/react-dom-client.development.js:874:13)
    at commitHookEffectListMount (/home/siegfriedneto/projects/servicedeskn1/frontend/app/node_modules/react-dom/cjs/react-dom-client.development.js:13249:29) undefined
Error: Not implemented: window.scrollTo
    at module.exports (/home/siegfriedneto/projects/servicedeskn1/frontend/app/node_modules/jsdom/lib/jsdom/browser/not-implemented.js:9:17)
    at /home/siegfriedneto/projects/servicedeskn1/frontend/app/node_modules/jsdom/lib/jsdom/browser/Window.js:960:7
    at Object.fn (file:///home/siegfriedneto/projects/servicedeskn1/frontend/app/node_modules/@tanstack/router-core/dist/esm/scroll-restoration.js:180:27)
    at RouterCore.emit (file:///home/siegfriedneto/projects/servicedeskn1/frontend/app/node_modules/@tanstack/router-core/dist/esm/router.js:178:14)
    at file:///home/siegfriedneto/projects/servicedeskn1/frontend/app/node_modules/@tanstack/react-router/dist/esm/Transitioner.js:46:25
    at settleOwner (file:///home/siegfriedneto/projects/servicedeskn1/frontend/app/node_modules/@tanstack/react-router/dist/esm/Transitioner.js:10:10)
    at file:///home/siegfriedneto/projects/servicedeskn1/frontend/app/node_modules/@tanstack/react-router/dist/esm/Matches.js:38:39
    at Object.react_stack_bottom_frame (/home/siegfriedneto/projects/servicedeskn1/frontend/app/node_modules/react-dom/cjs/react-dom-client.development.js:25989:20)
    at runWithFiberInDEV (/home/siegfriedneto/projects/servicedeskn1/frontend/app/node_modules/react-dom/cjs/react-dom-client.development.js:874:13)
    at commitHookEffectListMount (/home/siegfriedneto/projects/servicedeskn1/frontend/app/node_modules/react-dom/cjs/react-dom-client.development.js:13249:29) undefined
Error: Not implemented: window.scrollTo
    at module.exports (/home/siegfriedneto/projects/servicedeskn1/frontend/app/node_modules/jsdom/lib/jsdom/browser/not-implemented.js:9:17)
    at /home/siegfriedneto/projects/servicedeskn1/frontend/app/node_modules/jsdom/lib/jsdom/browser/Window.js:960:7
    at Object.fn (file:///home/siegfriedneto/projects/servicedeskn1/frontend/app/node_modules/@tanstack/router-core/dist/esm/scroll-restoration.js:180:27)
    at RouterCore.emit (file:///home/siegfriedneto/projects/servicedeskn1/frontend/app/node_modules/@tanstack/router-core/dist/esm/router.js:178:14)
    at file:///home/siegfriedneto/projects/servicedeskn1/frontend/app/node_modules/@tanstack/react-router/dist/esm/Transitioner.js:46:25
    at settleOwner (file:///home/siegfriedneto/projects/servicedeskn1/frontend/app/node_modules/@tanstack/react-router/dist/esm/Transitioner.js:10:10)
    at file:///home/siegfriedneto/projects/servicedeskn1/frontend/app/node_modules/@tanstack/react-router/dist/esm/Matches.js:38:39
    at Object.react_stack_bottom_frame (/home/siegfriedneto/projects/servicedeskn1/frontend/app/node_modules/react-dom/cjs/react-dom-client.development.js:25989:20)
    at runWithFiberInDEV (/home/siegfriedneto/projects/servicedeskn1/frontend/app/node_modules/react-dom/cjs/react-dom-client.development.js:874:13)
    at commitHookEffectListMount (/home/siegfriedneto/projects/servicedeskn1/frontend/app/node_modules/react-dom/cjs/react-dom-client.development.js:13249:29) undefined
Error: Not implemented: window.scrollTo
    at module.exports (/home/siegfriedneto/projects/servicedeskn1/frontend/app/node_modules/jsdom/lib/jsdom/browser/not-implemented.js:9:17)
    at /home/siegfriedneto/projects/servicedeskn1/frontend/app/node_modules/jsdom/lib/jsdom/browser/Window.js:960:7
    at Object.fn (file:///home/siegfriedneto/projects/servicedeskn1/frontend/app/node_modules/@tanstack/router-core/dist/esm/scroll-restoration.js:180:27)
    at RouterCore.emit (file:///home/siegfriedneto/projects/servicedeskn1/frontend/app/node_modules/@tanstack/router-core/dist/esm/router.js:178:14)
    at file:///home/siegfriedneto/projects/servicedeskn1/frontend/app/node_modules/@tanstack/react-router/dist/esm/Transitioner.js:46:25
    at settleOwner (file:///home/siegfriedneto/projects/servicedeskn1/frontend/app/node_modules/@tanstack/react-router/dist/esm/Transitioner.js:10:10)
    at file:///home/siegfriedneto/projects/servicedeskn1/frontend/app/node_modules/@tanstack/react-router/dist/esm/Matches.js:38:39
    at Object.react_stack_bottom_frame (/home/siegfriedneto/projects/servicedeskn1/frontend/app/node_modules/react-dom/cjs/react-dom-client.development.js:25989:20)
    at runWithFiberInDEV (/home/siegfriedneto/projects/servicedeskn1/frontend/app/node_modules/react-dom/cjs/react-dom-client.development.js:874:13)
    at commitHookEffectListMount (/home/siegfriedneto/projects/servicedeskn1/frontend/app/node_modules/react-dom/cjs/react-dom-client.development.js:13249:29) undefined
Error: Not implemented: window.scrollTo
    at module.exports (/home/siegfriedneto/projects/servicedeskn1/frontend/app/node_modules/jsdom/lib/jsdom/browser/not-implemented.js:9:17)
    at /home/siegfriedneto/projects/servicedeskn1/frontend/app/node_modules/jsdom/lib/jsdom/browser/Window.js:960:7
    at Object.fn (file:///home/siegfriedneto/projects/servicedeskn1/frontend/app/node_modules/@tanstack/router-core/dist/esm/scroll-restoration.js:180:27)
    at RouterCore.emit (file:///home/siegfriedneto/projects/servicedeskn1/frontend/app/node_modules/@tanstack/router-core/dist/esm/router.js:178:14)
    at file:///home/siegfriedneto/projects/servicedeskn1/frontend/app/node_modules/@tanstack/react-router/dist/esm/Transitioner.js:46:25
    at settleOwner (file:///home/siegfriedneto/projects/servicedeskn1/frontend/app/node_modules/@tanstack/react-router/dist/esm/Transitioner.js:10:10)
    at file:///home/siegfriedneto/projects/servicedeskn1/frontend/app/node_modules/@tanstack/react-router/dist/esm/Matches.js:38:39
    at Object.react_stack_bottom_frame (/home/siegfriedneto/projects/servicedeskn1/frontend/app/node_modules/react-dom/cjs/react-dom-client.development.js:25989:20)
    at runWithFiberInDEV (/home/siegfriedneto/projects/servicedeskn1/frontend/app/node_modules/react-dom/cjs/react-dom-client.development.js:874:13)
    at commitHookEffectListMount (/home/siegfriedneto/projects/servicedeskn1/frontend/app/node_modules/react-dom/cjs/react-dom-client.development.js:13249:29) undefined
Error: Not implemented: window.scrollTo
    at module.exports (/home/siegfriedneto/projects/servicedeskn1/frontend/app/node_modules/jsdom/lib/jsdom/browser/not-implemented.js:9:17)
    at /home/siegfriedneto/projects/servicedeskn1/frontend/app/node_modules/jsdom/lib/jsdom/browser/Window.js:960:7
    at Object.fn (file:///home/siegfriedneto/projects/servicedeskn1/frontend/app/node_modules/@tanstack/router-core/dist/esm/scroll-restoration.js:180:27)
    at RouterCore.emit (file:///home/siegfriedneto/projects/servicedeskn1/frontend/app/node_modules/@tanstack/router-core/dist/esm/router.js:178:14)
    at file:///home/siegfriedneto/projects/servicedeskn1/frontend/app/node_modules/@tanstack/react-router/dist/esm/Transitioner.js:46:25
    at settleOwner (file:///home/siegfriedneto/projects/servicedeskn1/frontend/app/node_modules/@tanstack/react-router/dist/esm/Transitioner.js:10:10)
    at file:///home/siegfriedneto/projects/servicedeskn1/frontend/app/node_modules/@tanstack/react-router/dist/esm/Matches.js:38:39
    at Object.react_stack_bottom_frame (/home/siegfriedneto/projects/servicedeskn1/frontend/app/node_modules/react-dom/cjs/react-dom-client.development.js:25989:20)
    at runWithFiberInDEV (/home/siegfriedneto/projects/servicedeskn1/frontend/app/node_modules/react-dom/cjs/react-dom-client.development.js:874:13)
    at commitHookEffectListMount (/home/siegfriedneto/projects/servicedeskn1/frontend/app/node_modules/react-dom/cjs/react-dom-client.development.js:13249:29) undefined
Error: Not implemented: window.scrollTo
    at module.exports (/home/siegfriedneto/projects/servicedeskn1/frontend/app/node_modules/jsdom/lib/jsdom/browser/not-implemented.js:9:17)
    at /home/siegfriedneto/projects/servicedeskn1/frontend/app/node_modules/jsdom/lib/jsdom/browser/Window.js:960:7
    at Object.fn (file:///home/siegfriedneto/projects/servicedeskn1/frontend/app/node_modules/@tanstack/router-core/dist/esm/scroll-restoration.js:180:27)
    at RouterCore.emit (file:///home/siegfriedneto/projects/servicedeskn1/frontend/app/node_modules/@tanstack/router-core/dist/esm/router.js:178:14)
    at file:///home/siegfriedneto/projects/servicedeskn1/frontend/app/node_modules/@tanstack/react-router/dist/esm/Transitioner.js:46:25
    at settleOwner (file:///home/siegfriedneto/projects/servicedeskn1/frontend/app/node_modules/@tanstack/react-router/dist/esm/Transitioner.js:10:10)
    at file:///home/siegfriedneto/projects/servicedeskn1/frontend/app/node_modules/@tanstack/react-router/dist/esm/Matches.js:38:39
    at Object.react_stack_bottom_frame (/home/siegfriedneto/projects/servicedeskn1/frontend/app/node_modules/react-dom/cjs/react-dom-client.development.js:25989:20)
    at runWithFiberInDEV (/home/siegfriedneto/projects/servicedeskn1/frontend/app/node_modules/react-dom/cjs/react-dom-client.development.js:874:13)
    at commitHookEffectListMount (/home/siegfriedneto/projects/servicedeskn1/frontend/app/node_modules/react-dom/cjs/react-dom-client.development.js:13249:29) undefined
Error: Not implemented: window.scrollTo
    at module.exports (/home/siegfriedneto/projects/servicedeskn1/frontend/app/node_modules/jsdom/lib/jsdom/browser/not-implemented.js:9:17)
    at /home/siegfriedneto/projects/servicedeskn1/frontend/app/node_modules/jsdom/lib/jsdom/browser/Window.js:960:7
    at Object.fn (file:///home/siegfriedneto/projects/servicedeskn1/frontend/app/node_modules/@tanstack/router-core/dist/esm/scroll-restoration.js:180:27)
    at RouterCore.emit (file:///home/siegfriedneto/projects/servicedeskn1/frontend/app/node_modules/@tanstack/router-core/dist/esm/router.js:178:14)
    at file:///home/siegfriedneto/projects/servicedeskn1/frontend/app/node_modules/@tanstack/react-router/dist/esm/Transitioner.js:46:25
    at settleOwner (file:///home/siegfriedneto/projects/servicedeskn1/frontend/app/node_modules/@tanstack/react-router/dist/esm/Transitioner.js:10:10)
    at file:///home/siegfriedneto/projects/servicedeskn1/frontend/app/node_modules/@tanstack/react-router/dist/esm/Matches.js:38:39
    at Object.react_stack_bottom_frame (/home/siegfriedneto/projects/servicedeskn1/frontend/app/node_modules/react-dom/cjs/react-dom-client.development.js:25989:20)
    at runWithFiberInDEV (/home/siegfriedneto/projects/servicedeskn1/frontend/app/node_modules/react-dom/cjs/react-dom-client.development.js:874:13)
    at commitHookEffectListMount (/home/siegfriedneto/projects/servicedeskn1/frontend/app/node_modules/react-dom/cjs/react-dom-client.development.js:13249:29) undefined
Error: Not implemented: window.scrollTo
    at module.exports (/home/siegfriedneto/projects/servicedeskn1/frontend/app/node_modules/jsdom/lib/jsdom/browser/not-implemented.js:9:17)
    at /home/siegfriedneto/projects/servicedeskn1/frontend/app/node_modules/jsdom/lib/jsdom/browser/Window.js:960:7
    at Object.fn (file:///home/siegfriedneto/projects/servicedeskn1/frontend/app/node_modules/@tanstack/router-core/dist/esm/scroll-restoration.js:180:27)
    at RouterCore.emit (file:///home/siegfriedneto/projects/servicedeskn1/frontend/app/node_modules/@tanstack/router-core/dist/esm/router.js:178:14)
    at file:///home/siegfriedneto/projects/servicedeskn1/frontend/app/node_modules/@tanstack/react-router/dist/esm/Transitioner.js:46:25
    at settleOwner (file:///home/siegfriedneto/projects/servicedeskn1/frontend/app/node_modules/@tanstack/react-router/dist/esm/Transitioner.js:10:10)
    at file:///home/siegfriedneto/projects/servicedeskn1/frontend/app/node_modules/@tanstack/react-router/dist/esm/Matches.js:38:39
    at Object.react_stack_bottom_frame (/home/siegfriedneto/projects/servicedeskn1/frontend/app/node_modules/react-dom/cjs/react-dom-client.development.js:25989:20)
    at runWithFiberInDEV (/home/siegfriedneto/projects/servicedeskn1/frontend/app/node_modules/react-dom/cjs/react-dom-client.development.js:874:13)
    at commitHookEffectListMount (/home/siegfriedneto/projects/servicedeskn1/frontend/app/node_modules/react-dom/cjs/react-dom-client.development.js:13249:29) undefined
Error: Not implemented: window.scrollTo
    at module.exports (/home/siegfriedneto/projects/servicedeskn1/frontend/app/node_modules/jsdom/lib/jsdom/browser/not-implemented.js:9:17)
    at /home/siegfriedneto/projects/servicedeskn1/frontend/app/node_modules/jsdom/lib/jsdom/browser/Window.js:960:7
    at Object.fn (file:///home/siegfriedneto/projects/servicedeskn1/frontend/app/node_modules/@tanstack/router-core/dist/esm/scroll-restoration.js:180:27)
    at RouterCore.emit (file:///home/siegfriedneto/projects/servicedeskn1/frontend/app/node_modules/@tanstack/router-core/dist/esm/router.js:178:14)
    at file:///home/siegfriedneto/projects/servicedeskn1/frontend/app/node_modules/@tanstack/react-router/dist/esm/Transitioner.js:46:25
    at settleOwner (file:///home/siegfriedneto/projects/servicedeskn1/frontend/app/node_modules/@tanstack/react-router/dist/esm/Transitioner.js:10:10)
    at file:///home/siegfriedneto/projects/servicedeskn1/frontend/app/node_modules/@tanstack/react-router/dist/esm/Matches.js:38:39
    at Object.react_stack_bottom_frame (/home/siegfriedneto/projects/servicedeskn1/frontend/app/node_modules/react-dom/cjs/react-dom-client.development.js:25989:20)
    at runWithFiberInDEV (/home/siegfriedneto/projects/servicedeskn1/frontend/app/node_modules/react-dom/cjs/react-dom-client.development.js:874:13)
    at commitHookEffectListMount (/home/siegfriedneto/projects/servicedeskn1/frontend/app/node_modules/react-dom/cjs/react-dom-client.development.js:13249:29) undefined
Error: Not implemented: window.scrollTo
    at module.exports (/home/siegfriedneto/projects/servicedeskn1/frontend/app/node_modules/jsdom/lib/jsdom/browser/not-implemented.js:9:17)
    at /home/siegfriedneto/projects/servicedeskn1/frontend/app/node_modules/jsdom/lib/jsdom/browser/Window.js:960:7
    at Object.fn (file:///home/siegfriedneto/projects/servicedeskn1/frontend/app/node_modules/@tanstack/router-core/dist/esm/scroll-restoration.js:180:27)
    at RouterCore.emit (file:///home/siegfriedneto/projects/servicedeskn1/frontend/app/node_modules/@tanstack/router-core/dist/esm/router.js:178:14)
    at file:///home/siegfriedneto/projects/servicedeskn1/frontend/app/node_modules/@tanstack/react-router/dist/esm/Transitioner.js:46:25
    at settleOwner (file:///home/siegfriedneto/projects/servicedeskn1/frontend/app/node_modules/@tanstack/react-router/dist/esm/Transitioner.js:10:10)
    at file:///home/siegfriedneto/projects/servicedeskn1/frontend/app/node_modules/@tanstack/react-router/dist/esm/Matches.js:38:39
    at Object.react_stack_bottom_frame (/home/siegfriedneto/projects/servicedeskn1/frontend/app/node_modules/react-dom/cjs/react-dom-client.development.js:25989:20)
    at runWithFiberInDEV (/home/siegfriedneto/projects/servicedeskn1/frontend/app/node_modules/react-dom/cjs/react-dom-client.development.js:874:13)
    at commitHookEffectListMount (/home/siegfriedneto/projects/servicedeskn1/frontend/app/node_modules/react-dom/cjs/react-dom-client.development.js:13249:29) undefined
Error: Not implemented: window.scrollTo
    at module.exports (/home/siegfriedneto/projects/servicedeskn1/frontend/app/node_modules/jsdom/lib/jsdom/browser/not-implemented.js:9:17)
    at /home/siegfriedneto/projects/servicedeskn1/frontend/app/node_modules/jsdom/lib/jsdom/browser/Window.js:960:7
    at Object.fn (file:///home/siegfriedneto/projects/servicedeskn1/frontend/app/node_modules/@tanstack/router-core/dist/esm/scroll-restoration.js:180:27)
    at RouterCore.emit (file:///home/siegfriedneto/projects/servicedeskn1/frontend/app/node_modules/@tanstack/router-core/dist/esm/router.js:178:14)
    at file:///home/siegfriedneto/projects/servicedeskn1/frontend/app/node_modules/@tanstack/react-router/dist/esm/Transitioner.js:46:25
    at settleOwner (file:///home/siegfriedneto/projects/servicedeskn1/frontend/app/node_modules/@tanstack/react-router/dist/esm/Transitioner.js:10:10)
    at file:///home/siegfriedneto/projects/servicedeskn1/frontend/app/node_modules/@tanstack/react-router/dist/esm/Matches.js:38:39
    at Object.react_stack_bottom_frame (/home/siegfriedneto/projects/servicedeskn1/frontend/app/node_modules/react-dom/cjs/react-dom-client.development.js:25989:20)
    at runWithFiberInDEV (/home/siegfriedneto/projects/servicedeskn1/frontend/app/node_modules/react-dom/cjs/react-dom-client.development.js:874:13)
    at commitHookEffectListMount (/home/siegfriedneto/projects/servicedeskn1/frontend/app/node_modules/react-dom/cjs/react-dom-client.development.js:13249:29) undefined
Error: Not implemented: window.scrollTo
    at module.exports (/home/siegfriedneto/projects/servicedeskn1/frontend/app/node_modules/jsdom/lib/jsdom/browser/not-implemented.js:9:17)
    at /home/siegfriedneto/projects/servicedeskn1/frontend/app/node_modules/jsdom/lib/jsdom/browser/Window.js:960:7
    at Object.fn (file:///home/siegfriedneto/projects/servicedeskn1/frontend/app/node_modules/@tanstack/router-core/dist/esm/scroll-restoration.js:180:27)
    at RouterCore.emit (file:///home/siegfriedneto/projects/servicedeskn1/frontend/app/node_modules/@tanstack/router-core/dist/esm/router.js:178:14)
    at file:///home/siegfriedneto/projects/servicedeskn1/frontend/app/node_modules/@tanstack/react-router/dist/esm/Transitioner.js:46:25
    at settleOwner (file:///home/siegfriedneto/projects/servicedeskn1/frontend/app/node_modules/@tanstack/react-router/dist/esm/Transitioner.js:10:10)
    at file:///home/siegfriedneto/projects/servicedeskn1/frontend/app/node_modules/@tanstack/react-router/dist/esm/Matches.js:38:39
    at Object.react_stack_bottom_frame (/home/siegfriedneto/projects/servicedeskn1/frontend/app/node_modules/react-dom/cjs/react-dom-client.development.js:25989:20)
    at runWithFiberInDEV (/home/siegfriedneto/projects/servicedeskn1/frontend/app/node_modules/react-dom/cjs/react-dom-client.development.js:874:13)
    at commitHookEffectListMount (/home/siegfriedneto/projects/servicedeskn1/frontend/app/node_modules/react-dom/cjs/react-dom-client.development.js:13249:29) undefined
Error: Not implemented: window.scrollTo
    at module.exports (/home/siegfriedneto/projects/servicedeskn1/frontend/app/node_modules/jsdom/lib/jsdom/browser/not-implemented.js:9:17)
    at /home/siegfriedneto/projects/servicedeskn1/frontend/app/node_modules/jsdom/lib/jsdom/browser/Window.js:960:7
    at Object.fn (file:///home/siegfriedneto/projects/servicedeskn1/frontend/app/node_modules/@tanstack/router-core/dist/esm/scroll-restoration.js:180:27)
    at RouterCore.emit (file:///home/siegfriedneto/projects/servicedeskn1/frontend/app/node_modules/@tanstack/router-core/dist/esm/router.js:178:14)
    at file:///home/siegfriedneto/projects/servicedeskn1/frontend/app/node_modules/@tanstack/react-router/dist/esm/Transitioner.js:46:25
    at settleOwner (file:///home/siegfriedneto/projects/servicedeskn1/frontend/app/node_modules/@tanstack/react-router/dist/esm/Transitioner.js:10:10)
    at file:///home/siegfriedneto/projects/servicedeskn1/frontend/app/node_modules/@tanstack/react-router/dist/esm/Matches.js:38:39
    at Object.react_stack_bottom_frame (/home/siegfriedneto/projects/servicedeskn1/frontend/app/node_modules/react-dom/cjs/react-dom-client.development.js:25989:20)
    at runWithFiberInDEV (/home/siegfriedneto/projects/servicedeskn1/frontend/app/node_modules/react-dom/cjs/react-dom-client.development.js:874:13)
    at commitHookEffectListMount (/home/siegfriedneto/projects/servicedeskn1/frontend/app/node_modules/react-dom/cjs/react-dom-client.development.js:13249:29) undefined
Error: Not implemented: window.scrollTo
    at module.exports (/home/siegfriedneto/projects/servicedeskn1/frontend/app/node_modules/jsdom/lib/jsdom/browser/not-implemented.js:9:17)
    at /home/siegfriedneto/projects/servicedeskn1/frontend/app/node_modules/jsdom/lib/jsdom/browser/Window.js:960:7
    at Object.fn (file:///home/siegfriedneto/projects/servicedeskn1/frontend/app/node_modules/@tanstack/router-core/dist/esm/scroll-restoration.js:180:27)
    at RouterCore.emit (file:///home/siegfriedneto/projects/servicedeskn1/frontend/app/node_modules/@tanstack/router-core/dist/esm/router.js:178:14)
    at file:///home/siegfriedneto/projects/servicedeskn1/frontend/app/node_modules/@tanstack/react-router/dist/esm/Transitioner.js:46:25
    at settleOwner (file:///home/siegfriedneto/projects/servicedeskn1/frontend/app/node_modules/@tanstack/react-router/dist/esm/Transitioner.js:10:10)
    at file:///home/siegfriedneto/projects/servicedeskn1/frontend/app/node_modules/@tanstack/react-router/dist/esm/Matches.js:38:39
    at Object.react_stack_bottom_frame (/home/siegfriedneto/projects/servicedeskn1/frontend/app/node_modules/react-dom/cjs/react-dom-client.development.js:25989:20)
    at runWithFiberInDEV (/home/siegfriedneto/projects/servicedeskn1/frontend/app/node_modules/react-dom/cjs/react-dom-client.development.js:874:13)
    at commitHookEffectListMount (/home/siegfriedneto/projects/servicedeskn1/frontend/app/node_modules/react-dom/cjs/react-dom-client.development.js:13249:29) undefined
Error: Not implemented: window.scrollTo
    at module.exports (/home/siegfriedneto/projects/servicedeskn1/frontend/app/node_modules/jsdom/lib/jsdom/browser/not-implemented.js:9:17)
    at /home/siegfriedneto/projects/servicedeskn1/frontend/app/node_modules/jsdom/lib/jsdom/browser/Window.js:960:7
    at Object.fn (file:///home/siegfriedneto/projects/servicedeskn1/frontend/app/node_modules/@tanstack/router-core/dist/esm/scroll-restoration.js:180:27)
    at RouterCore.emit (file:///home/siegfriedneto/projects/servicedeskn1/frontend/app/node_modules/@tanstack/router-core/dist/esm/router.js:178:14)
    at file:///home/siegfriedneto/projects/servicedeskn1/frontend/app/node_modules/@tanstack/react-router/dist/esm/Transitioner.js:46:25
    at settleOwner (file:///home/siegfriedneto/projects/servicedeskn1/frontend/app/node_modules/@tanstack/react-router/dist/esm/Transitioner.js:10:10)
    at file:///home/siegfriedneto/projects/servicedeskn1/frontend/app/node_modules/@tanstack/react-router/dist/esm/Matches.js:38:39
    at Object.react_stack_bottom_frame (/home/siegfriedneto/projects/servicedeskn1/frontend/app/node_modules/react-dom/cjs/react-dom-client.development.js:25989:20)
    at runWithFiberInDEV (/home/siegfriedneto/projects/servicedeskn1/frontend/app/node_modules/react-dom/cjs/react-dom-client.development.js:874:13)
    at commitHookEffectListMount (/home/siegfriedneto/projects/servicedeskn1/frontend/app/node_modules/react-dom/cjs/react-dom-client.development.js:13249:29) undefined
Error: Not implemented: window.scrollTo
    at module.exports (/home/siegfriedneto/projects/servicedeskn1/frontend/app/node_modules/jsdom/lib/jsdom/browser/not-implemented.js:9:17)
    at /home/siegfriedneto/projects/servicedeskn1/frontend/app/node_modules/jsdom/lib/jsdom/browser/Window.js:960:7
    at Object.fn (file:///home/siegfriedneto/projects/servicedeskn1/frontend/app/node_modules/@tanstack/router-core/dist/esm/scroll-restoration.js:180:27)
    at RouterCore.emit (file:///home/siegfriedneto/projects/servicedeskn1/frontend/app/node_modules/@tanstack/router-core/dist/esm/router.js:178:14)
    at file:///home/siegfriedneto/projects/servicedeskn1/frontend/app/node_modules/@tanstack/react-router/dist/esm/Transitioner.js:46:25
    at settleOwner (file:///home/siegfriedneto/projects/servicedeskn1/frontend/app/node_modules/@tanstack/react-router/dist/esm/Transitioner.js:10:10)
    at file:///home/siegfriedneto/projects/servicedeskn1/frontend/app/node_modules/@tanstack/react-router/dist/esm/Matches.js:38:39
    at Object.react_stack_bottom_frame (/home/siegfriedneto/projects/servicedeskn1/frontend/app/node_modules/react-dom/cjs/react-dom-client.development.js:25989:20)
    at runWithFiberInDEV (/home/siegfriedneto/projects/servicedeskn1/frontend/app/node_modules/react-dom/cjs/react-dom-client.development.js:874:13)
    at commitHookEffectListMount (/home/siegfriedneto/projects/servicedeskn1/frontend/app/node_modules/react-dom/cjs/react-dom-client.development.js:13249:29) undefined
Error: Not implemented: window.scrollTo
    at module.exports (/home/siegfriedneto/projects/servicedeskn1/frontend/app/node_modules/jsdom/lib/jsdom/browser/not-implemented.js:9:17)
    at /home/siegfriedneto/projects/servicedeskn1/frontend/app/node_modules/jsdom/lib/jsdom/browser/Window.js:960:7
    at Object.fn (file:///home/siegfriedneto/projects/servicedeskn1/frontend/app/node_modules/@tanstack/router-core/dist/esm/scroll-restoration.js:180:27)
    at RouterCore.emit (file:///home/siegfriedneto/projects/servicedeskn1/frontend/app/node_modules/@tanstack/router-core/dist/esm/router.js:178:14)
    at file:///home/siegfriedneto/projects/servicedeskn1/frontend/app/node_modules/@tanstack/react-router/dist/esm/Transitioner.js:46:25
    at settleOwner (file:///home/siegfriedneto/projects/servicedeskn1/frontend/app/node_modules/@tanstack/react-router/dist/esm/Transitioner.js:10:10)
    at file:///home/siegfriedneto/projects/servicedeskn1/frontend/app/node_modules/@tanstack/react-router/dist/esm/Matches.js:38:39
    at Object.react_stack_bottom_frame (/home/siegfriedneto/projects/servicedeskn1/frontend/app/node_modules/react-dom/cjs/react-dom-client.development.js:25989:20)
    at runWithFiberInDEV (/home/siegfriedneto/projects/servicedeskn1/frontend/app/node_modules/react-dom/cjs/react-dom-client.development.js:874:13)
    at commitHookEffectListMount (/home/siegfriedneto/projects/servicedeskn1/frontend/app/node_modules/react-dom/cjs/react-dom-client.development.js:13249:29) undefined
Error: Not implemented: window.scrollTo
    at module.exports (/home/siegfriedneto/projects/servicedeskn1/frontend/app/node_modules/jsdom/lib/jsdom/browser/not-implemented.js:9:17)
    at /home/siegfriedneto/projects/servicedeskn1/frontend/app/node_modules/jsdom/lib/jsdom/browser/Window.js:960:7
    at Object.fn (file:///home/siegfriedneto/projects/servicedeskn1/frontend/app/node_modules/@tanstack/router-core/dist/esm/scroll-restoration.js:180:27)
    at RouterCore.emit (file:///home/siegfriedneto/projects/servicedeskn1/frontend/app/node_modules/@tanstack/router-core/dist/esm/router.js:178:14)
    at file:///home/siegfriedneto/projects/servicedeskn1/frontend/app/node_modules/@tanstack/react-router/dist/esm/Transitioner.js:46:25
    at settleOwner (file:///home/siegfriedneto/projects/servicedeskn1/frontend/app/node_modules/@tanstack/react-router/dist/esm/Transitioner.js:10:10)
    at file:///home/siegfriedneto/projects/servicedeskn1/frontend/app/node_modules/@tanstack/react-router/dist/esm/Matches.js:38:39
    at Object.react_stack_bottom_frame (/home/siegfriedneto/projects/servicedeskn1/frontend/app/node_modules/react-dom/cjs/react-dom-client.development.js:25989:20)
    at runWithFiberInDEV (/home/siegfriedneto/projects/servicedeskn1/frontend/app/node_modules/react-dom/cjs/react-dom-client.development.js:874:13)
    at commitHookEffectListMount (/home/siegfriedneto/projects/servicedeskn1/frontend/app/node_modules/react-dom/cjs/react-dom-client.development.js:13249:29) undefined
Error: Not implemented: window.scrollTo
    at module.exports (/home/siegfriedneto/projects/servicedeskn1/frontend/app/node_modules/jsdom/lib/jsdom/browser/not-implemented.js:9:17)
    at /home/siegfriedneto/projects/servicedeskn1/frontend/app/node_modules/jsdom/lib/jsdom/browser/Window.js:960:7
    at Object.fn (file:///home/siegfriedneto/projects/servicedeskn1/frontend/app/node_modules/@tanstack/router-core/dist/esm/scroll-restoration.js:180:27)
    at RouterCore.emit (file:///home/siegfriedneto/projects/servicedeskn1/frontend/app/node_modules/@tanstack/router-core/dist/esm/router.js:178:14)
    at file:///home/siegfriedneto/projects/servicedeskn1/frontend/app/node_modules/@tanstack/react-router/dist/esm/Transitioner.js:46:25
    at settleOwner (file:///home/siegfriedneto/projects/servicedeskn1/frontend/app/node_modules/@tanstack/react-router/dist/esm/Transitioner.js:10:10)
    at file:///home/siegfriedneto/projects/servicedeskn1/frontend/app/node_modules/@tanstack/react-router/dist/esm/Matches.js:38:39
    at Object.react_stack_bottom_frame (/home/siegfriedneto/projects/servicedeskn1/frontend/app/node_modules/react-dom/cjs/react-dom-client.development.js:25989:20)
    at runWithFiberInDEV (/home/siegfriedneto/projects/servicedeskn1/frontend/app/node_modules/react-dom/cjs/react-dom-client.development.js:874:13)
    at commitHookEffectListMount (/home/siegfriedneto/projects/servicedeskn1/frontend/app/node_modules/react-dom/cjs/react-dom-client.development.js:13249:29) undefined
Error: Not implemented: window.scrollTo
    at module.exports (/home/siegfriedneto/projects/servicedeskn1/frontend/app/node_modules/jsdom/lib/jsdom/browser/not-implemented.js:9:17)
    at /home/siegfriedneto/projects/servicedeskn1/frontend/app/node_modules/jsdom/lib/jsdom/browser/Window.js:960:7
    at Object.fn (file:///home/siegfriedneto/projects/servicedeskn1/frontend/app/node_modules/@tanstack/router-core/dist/esm/scroll-restoration.js:180:27)
    at RouterCore.emit (file:///home/siegfriedneto/projects/servicedeskn1/frontend/app/node_modules/@tanstack/router-core/dist/esm/router.js:178:14)
    at file:///home/siegfriedneto/projects/servicedeskn1/frontend/app/node_modules/@tanstack/react-router/dist/esm/Transitioner.js:46:25
    at settleOwner (file:///home/siegfriedneto/projects/servicedeskn1/frontend/app/node_modules/@tanstack/react-router/dist/esm/Transitioner.js:10:10)
    at file:///home/siegfriedneto/projects/servicedeskn1/frontend/app/node_modules/@tanstack/react-router/dist/esm/Matches.js:38:39
    at Object.react_stack_bottom_frame (/home/siegfriedneto/projects/servicedeskn1/frontend/app/node_modules/react-dom/cjs/react-dom-client.development.js:25989:20)
    at runWithFiberInDEV (/home/siegfriedneto/projects/servicedeskn1/frontend/app/node_modules/react-dom/cjs/react-dom-client.development.js:874:13)
    at commitHookEffectListMount (/home/siegfriedneto/projects/servicedeskn1/frontend/app/node_modules/react-dom/cjs/react-dom-client.development.js:13249:29) undefined
Error: Not implemented: window.scrollTo
    at module.exports (/home/siegfriedneto/projects/servicedeskn1/frontend/app/node_modules/jsdom/lib/jsdom/browser/not-implemented.js:9:17)
    at /home/siegfriedneto/projects/servicedeskn1/frontend/app/node_modules/jsdom/lib/jsdom/browser/Window.js:960:7
    at Object.fn (file:///home/siegfriedneto/projects/servicedeskn1/frontend/app/node_modules/@tanstack/router-core/dist/esm/scroll-restoration.js:180:27)
    at RouterCore.emit (file:///home/siegfriedneto/projects/servicedeskn1/frontend/app/node_modules/@tanstack/router-core/dist/esm/router.js:178:14)
    at file:///home/siegfriedneto/projects/servicedeskn1/frontend/app/node_modules/@tanstack/react-router/dist/esm/Transitioner.js:46:25
    at settleOwner (file:///home/siegfriedneto/projects/servicedeskn1/frontend/app/node_modules/@tanstack/react-router/dist/esm/Transitioner.js:10:10)
    at file:///home/siegfriedneto/projects/servicedeskn1/frontend/app/node_modules/@tanstack/react-router/dist/esm/Matches.js:38:39
    at Object.react_stack_bottom_frame (/home/siegfriedneto/projects/servicedeskn1/frontend/app/node_modules/react-dom/cjs/react-dom-client.development.js:25989:20)
    at runWithFiberInDEV (/home/siegfriedneto/projects/servicedeskn1/frontend/app/node_modules/react-dom/cjs/react-dom-client.development.js:874:13)
    at commitHookEffectListMount (/home/siegfriedneto/projects/servicedeskn1/frontend/app/node_modules/react-dom/cjs/react-dom-client.development.js:13249:29) undefined
Error: Not implemented: window.scrollTo
    at module.exports (/home/siegfriedneto/projects/servicedeskn1/frontend/app/node_modules/jsdom/lib/jsdom/browser/not-implemented.js:9:17)
    at /home/siegfriedneto/projects/servicedeskn1/frontend/app/node_modules/jsdom/lib/jsdom/browser/Window.js:960:7
    at Object.fn (file:///home/siegfriedneto/projects/servicedeskn1/frontend/app/node_modules/@tanstack/router-core/dist/esm/scroll-restoration.js:180:27)
    at RouterCore.emit (file:///home/siegfriedneto/projects/servicedeskn1/frontend/app/node_modules/@tanstack/router-core/dist/esm/router.js:178:14)
    at file:///home/siegfriedneto/projects/servicedeskn1/frontend/app/node_modules/@tanstack/react-router/dist/esm/Transitioner.js:46:25
    at settleOwner (file:///home/siegfriedneto/projects/servicedeskn1/frontend/app/node_modules/@tanstack/react-router/dist/esm/Transitioner.js:10:10)
    at file:///home/siegfriedneto/projects/servicedeskn1/frontend/app/node_modules/@tanstack/react-router/dist/esm/Matches.js:38:39
    at Object.react_stack_bottom_frame (/home/siegfriedneto/projects/servicedeskn1/frontend/app/node_modules/react-dom/cjs/react-dom-client.development.js:25989:20)
    at runWithFiberInDEV (/home/siegfriedneto/projects/servicedeskn1/frontend/app/node_modules/react-dom/cjs/react-dom-client.development.js:874:13)
    at commitHookEffectListMount (/home/siegfriedneto/projects/servicedeskn1/frontend/app/node_modules/react-dom/cjs/react-dom-client.development.js:13249:29) undefined
Error: Not implemented: window.scrollTo
    at module.exports (/home/siegfriedneto/projects/servicedeskn1/frontend/app/node_modules/jsdom/lib/jsdom/browser/not-implemented.js:9:17)
    at /home/siegfriedneto/projects/servicedeskn1/frontend/app/node_modules/jsdom/lib/jsdom/browser/Window.js:960:7
    at Object.fn (file:///home/siegfriedneto/projects/servicedeskn1/frontend/app/node_modules/@tanstack/router-core/dist/esm/scroll-restoration.js:180:27)
    at RouterCore.emit (file:///home/siegfriedneto/projects/servicedeskn1/frontend/app/node_modules/@tanstack/router-core/dist/esm/router.js:178:14)
    at file:///home/siegfriedneto/projects/servicedeskn1/frontend/app/node_modules/@tanstack/react-router/dist/esm/Transitioner.js:46:25
    at settleOwner (file:///home/siegfriedneto/projects/servicedeskn1/frontend/app/node_modules/@tanstack/react-router/dist/esm/Transitioner.js:10:10)
    at file:///home/siegfriedneto/projects/servicedeskn1/frontend/app/node_modules/@tanstack/react-router/dist/esm/Matches.js:38:39
    at Object.react_stack_bottom_frame (/home/siegfriedneto/projects/servicedeskn1/frontend/app/node_modules/react-dom/cjs/react-dom-client.development.js:25989:20)
    at runWithFiberInDEV (/home/siegfriedneto/projects/servicedeskn1/frontend/app/node_modules/react-dom/cjs/react-dom-client.development.js:874:13)
    at commitHookEffectListMount (/home/siegfriedneto/projects/servicedeskn1/frontend/app/node_modules/react-dom/cjs/react-dom-client.development.js:13249:29) undefined
Error: Not implemented: window.scrollTo
    at module.exports (/home/siegfriedneto/projects/servicedeskn1/frontend/app/node_modules/jsdom/lib/jsdom/browser/not-implemented.js:9:17)
    at /home/siegfriedneto/projects/servicedeskn1/frontend/app/node_modules/jsdom/lib/jsdom/browser/Window.js:960:7
    at Object.fn (file:///home/siegfriedneto/projects/servicedeskn1/frontend/app/node_modules/@tanstack/router-core/dist/esm/scroll-restoration.js:180:27)
    at RouterCore.emit (file:///home/siegfriedneto/projects/servicedeskn1/frontend/app/node_modules/@tanstack/router-core/dist/esm/router.js:178:14)
    at file:///home/siegfriedneto/projects/servicedeskn1/frontend/app/node_modules/@tanstack/react-router/dist/esm/Transitioner.js:46:25
    at settleOwner (file:///home/siegfriedneto/projects/servicedeskn1/frontend/app/node_modules/@tanstack/react-router/dist/esm/Transitioner.js:10:10)
    at file:///home/siegfriedneto/projects/servicedeskn1/frontend/app/node_modules/@tanstack/react-router/dist/esm/Matches.js:38:39
    at Object.react_stack_bottom_frame (/home/siegfriedneto/projects/servicedeskn1/frontend/app/node_modules/react-dom/cjs/react-dom-client.development.js:25989:20)
    at runWithFiberInDEV (/home/siegfriedneto/projects/servicedeskn1/frontend/app/node_modules/react-dom/cjs/react-dom-client.development.js:874:13)
    at commitHookEffectListMount (/home/siegfriedneto/projects/servicedeskn1/frontend/app/node_modules/react-dom/cjs/react-dom-client.development.js:13249:29) undefined
Error: Not implemented: window.scrollTo
    at module.exports (/home/siegfriedneto/projects/servicedeskn1/frontend/app/node_modules/jsdom/lib/jsdom/browser/not-implemented.js:9:17)
    at /home/siegfriedneto/projects/servicedeskn1/frontend/app/node_modules/jsdom/lib/jsdom/browser/Window.js:960:7
    at Object.fn (file:///home/siegfriedneto/projects/servicedeskn1/frontend/app/node_modules/@tanstack/router-core/dist/esm/scroll-restoration.js:180:27)
    at RouterCore.emit (file:///home/siegfriedneto/projects/servicedeskn1/frontend/app/node_modules/@tanstack/router-core/dist/esm/router.js:178:14)
    at file:///home/siegfriedneto/projects/servicedeskn1/frontend/app/node_modules/@tanstack/react-router/dist/esm/Transitioner.js:46:25
    at settleOwner (file:///home/siegfriedneto/projects/servicedeskn1/frontend/app/node_modules/@tanstack/react-router/dist/esm/Transitioner.js:10:10)
    at file:///home/siegfriedneto/projects/servicedeskn1/frontend/app/node_modules/@tanstack/react-router/dist/esm/Matches.js:38:39
    at Object.react_stack_bottom_frame (/home/siegfriedneto/projects/servicedeskn1/frontend/app/node_modules/react-dom/cjs/react-dom-client.development.js:25989:20)
    at runWithFiberInDEV (/home/siegfriedneto/projects/servicedeskn1/frontend/app/node_modules/react-dom/cjs/react-dom-client.development.js:874:13)
    at commitHookEffectListMount (/home/siegfriedneto/projects/servicedeskn1/frontend/app/node_modules/react-dom/cjs/react-dom-client.development.js:13249:29) undefined
Error: Not implemented: window.scrollTo
    at module.exports (/home/siegfriedneto/projects/servicedeskn1/frontend/app/node_modules/jsdom/lib/jsdom/browser/not-implemented.js:9:17)
    at /home/siegfriedneto/projects/servicedeskn1/frontend/app/node_modules/jsdom/lib/jsdom/browser/Window.js:960:7
    at Object.fn (file:///home/siegfriedneto/projects/servicedeskn1/frontend/app/node_modules/@tanstack/router-core/dist/esm/scroll-restoration.js:180:27)
    at RouterCore.emit (file:///home/siegfriedneto/projects/servicedeskn1/frontend/app/node_modules/@tanstack/router-core/dist/esm/router.js:178:14)
    at file:///home/siegfriedneto/projects/servicedeskn1/frontend/app/node_modules/@tanstack/react-router/dist/esm/Transitioner.js:46:25
    at settleOwner (file:///home/siegfriedneto/projects/servicedeskn1/frontend/app/node_modules/@tanstack/react-router/dist/esm/Transitioner.js:10:10)
    at file:///home/siegfriedneto/projects/servicedeskn1/frontend/app/node_modules/@tanstack/react-router/dist/esm/Matches.js:38:39
    at Object.react_stack_bottom_frame (/home/siegfriedneto/projects/servicedeskn1/frontend/app/node_modules/react-dom/cjs/react-dom-client.development.js:25989:20)
    at runWithFiberInDEV (/home/siegfriedneto/projects/servicedeskn1/frontend/app/node_modules/react-dom/cjs/react-dom-client.development.js:874:13)
    at commitHookEffectListMount (/home/siegfriedneto/projects/servicedeskn1/frontend/app/node_modules/react-dom/cjs/react-dom-client.development.js:13249:29) undefined
Error: Not implemented: window.scrollTo
    at module.exports (/home/siegfriedneto/projects/servicedeskn1/frontend/app/node_modules/jsdom/lib/jsdom/browser/not-implemented.js:9:17)
    at /home/siegfriedneto/projects/servicedeskn1/frontend/app/node_modules/jsdom/lib/jsdom/browser/Window.js:960:7
    at Object.fn (file:///home/siegfriedneto/projects/servicedeskn1/frontend/app/node_modules/@tanstack/router-core/dist/esm/scroll-restoration.js:180:27)
    at RouterCore.emit (file:///home/siegfriedneto/projects/servicedeskn1/frontend/app/node_modules/@tanstack/router-core/dist/esm/router.js:178:14)
    at file:///home/siegfriedneto/projects/servicedeskn1/frontend/app/node_modules/@tanstack/react-router/dist/esm/Transitioner.js:46:25
    at settleOwner (file:///home/siegfriedneto/projects/servicedeskn1/frontend/app/node_modules/@tanstack/react-router/dist/esm/Transitioner.js:10:10)
    at file:///home/siegfriedneto/projects/servicedeskn1/frontend/app/node_modules/@tanstack/react-router/dist/esm/Matches.js:38:39
    at Object.react_stack_bottom_frame (/home/siegfriedneto/projects/servicedeskn1/frontend/app/node_modules/react-dom/cjs/react-dom-client.development.js:25989:20)
    at runWithFiberInDEV (/home/siegfriedneto/projects/servicedeskn1/frontend/app/node_modules/react-dom/cjs/react-dom-client.development.js:874:13)
    at commitHookEffectListMount (/home/siegfriedneto/projects/servicedeskn1/frontend/app/node_modules/react-dom/cjs/react-dom-client.development.js:13249:29) undefined
Error: Not implemented: window.scrollTo
    at module.exports (/home/siegfriedneto/projects/servicedeskn1/frontend/app/node_modules/jsdom/lib/jsdom/browser/not-implemented.js:9:17)
    at /home/siegfriedneto/projects/servicedeskn1/frontend/app/node_modules/jsdom/lib/jsdom/browser/Window.js:960:7
    at Object.fn (file:///home/siegfriedneto/projects/servicedeskn1/frontend/app/node_modules/@tanstack/router-core/dist/esm/scroll-restoration.js:180:27)
    at RouterCore.emit (file:///home/siegfriedneto/projects/servicedeskn1/frontend/app/node_modules/@tanstack/router-core/dist/esm/router.js:178:14)
    at file:///home/siegfriedneto/projects/servicedeskn1/frontend/app/node_modules/@tanstack/react-router/dist/esm/Transitioner.js:46:25
    at settleOwner (file:///home/siegfriedneto/projects/servicedeskn1/frontend/app/node_modules/@tanstack/react-router/dist/esm/Transitioner.js:10:10)
    at file:///home/siegfriedneto/projects/servicedeskn1/frontend/app/node_modules/@tanstack/react-router/dist/esm/Matches.js:38:39
    at Object.react_stack_bottom_frame (/home/siegfriedneto/projects/servicedeskn1/frontend/app/node_modules/react-dom/cjs/react-dom-client.development.js:25989:20)
    at runWithFiberInDEV (/home/siegfriedneto/projects/servicedeskn1/frontend/app/node_modules/react-dom/cjs/react-dom-client.development.js:874:13)
    at commitHookEffectListMount (/home/siegfriedneto/projects/servicedeskn1/frontend/app/node_modules/react-dom/cjs/react-dom-client.development.js:13249:29) undefined
Error: Not implemented: window.scrollTo
    at module.exports (/home/siegfriedneto/projects/servicedeskn1/frontend/app/node_modules/jsdom/lib/jsdom/browser/not-implemented.js:9:17)
    at /home/siegfriedneto/projects/servicedeskn1/frontend/app/node_modules/jsdom/lib/jsdom/browser/Window.js:960:7
    at Object.fn (file:///home/siegfriedneto/projects/servicedeskn1/frontend/app/node_modules/@tanstack/router-core/dist/esm/scroll-restoration.js:180:27)
    at RouterCore.emit (file:///home/siegfriedneto/projects/servicedeskn1/frontend/app/node_modules/@tanstack/router-core/dist/esm/router.js:178:14)
    at file:///home/siegfriedneto/projects/servicedeskn1/frontend/app/node_modules/@tanstack/react-router/dist/esm/Transitioner.js:46:25
    at settleOwner (file:///home/siegfriedneto/projects/servicedeskn1/frontend/app/node_modules/@tanstack/react-router/dist/esm/Transitioner.js:10:10)
    at file:///home/siegfriedneto/projects/servicedeskn1/frontend/app/node_modules/@tanstack/react-router/dist/esm/Matches.js:38:39
    at Object.react_stack_bottom_frame (/home/siegfriedneto/projects/servicedeskn1/frontend/app/node_modules/react-dom/cjs/react-dom-client.development.js:25989:20)
    at runWithFiberInDEV (/home/siegfriedneto/projects/servicedeskn1/frontend/app/node_modules/react-dom/cjs/react-dom-client.development.js:874:13)
    at commitHookEffectListMount (/home/siegfriedneto/projects/servicedeskn1/frontend/app/node_modules/react-dom/cjs/react-dom-client.development.js:13249:29) undefined
Error: Not implemented: window.scrollTo
    at module.exports (/home/siegfriedneto/projects/servicedeskn1/frontend/app/node_modules/jsdom/lib/jsdom/browser/not-implemented.js:9:17)
    at /home/siegfriedneto/projects/servicedeskn1/frontend/app/node_modules/jsdom/lib/jsdom/browser/Window.js:960:7
    at Object.fn (file:///home/siegfriedneto/projects/servicedeskn1/frontend/app/node_modules/@tanstack/router-core/dist/esm/scroll-restoration.js:180:27)
    at RouterCore.emit (file:///home/siegfriedneto/projects/servicedeskn1/frontend/app/node_modules/@tanstack/router-core/dist/esm/router.js:178:14)
    at file:///home/siegfriedneto/projects/servicedeskn1/frontend/app/node_modules/@tanstack/react-router/dist/esm/Transitioner.js:46:25
    at settleOwner (file:///home/siegfriedneto/projects/servicedeskn1/frontend/app/node_modules/@tanstack/react-router/dist/esm/Transitioner.js:10:10)
    at file:///home/siegfriedneto/projects/servicedeskn1/frontend/app/node_modules/@tanstack/react-router/dist/esm/Matches.js:38:39
    at Object.react_stack_bottom_frame (/home/siegfriedneto/projects/servicedeskn1/frontend/app/node_modules/react-dom/cjs/react-dom-client.development.js:25989:20)
    at runWithFiberInDEV (/home/siegfriedneto/projects/servicedeskn1/frontend/app/node_modules/react-dom/cjs/react-dom-client.development.js:874:13)
    at commitHookEffectListMount (/home/siegfriedneto/projects/servicedeskn1/frontend/app/node_modules/react-dom/cjs/react-dom-client.development.js:13249:29) undefined
stderr | src/routes/connector-configurations-screen.spec.ts > ConnectorConfigurationsScreen — listing (criterion 1) > renders one row per connector configuration GET /v1/connectors returns, each showing its own connector name
Warning: useRouter must be used inside a <RouterProvider> component!

stderr | src/routes/connector-configurations-screen.spec.ts > ConnectorConfigurationsScreen — listing (criterion 1) > renders one row per connector configuration GET /v1/connectors returns, each showing its own connector name
Warning: useRouter must be used inside a <RouterProvider> component!

Error: Not implemented: window.scrollTo
    at module.exports (/home/siegfriedneto/projects/servicedeskn1/frontend/app/node_modules/jsdom/lib/jsdom/browser/not-implemented.js:9:17)
    at /home/siegfriedneto/projects/servicedeskn1/frontend/app/node_modules/jsdom/lib/jsdom/browser/Window.js:960:7
    at Object.fn (file:///home/siegfriedneto/projects/servicedeskn1/frontend/app/node_modules/@tanstack/router-core/dist/esm/scroll-restoration.js:180:27)
    at RouterCore.emit (file:///home/siegfriedneto/projects/servicedeskn1/frontend/app/node_modules/@tanstack/router-core/dist/esm/router.js:178:14)
    at file:///home/siegfriedneto/projects/servicedeskn1/frontend/app/node_modules/@tanstack/react-router/dist/esm/Transitioner.js:46:25
    at settleOwner (file:///home/siegfriedneto/projects/servicedeskn1/frontend/app/node_modules/@tanstack/react-router/dist/esm/Transitioner.js:10:10)
    at file:///home/siegfriedneto/projects/servicedeskn1/frontend/app/node_modules/@tanstack/react-router/dist/esm/Matches.js:38:39
    at Object.react_stack_bottom_frame (/home/siegfriedneto/projects/servicedeskn1/frontend/app/node_modules/react-dom/cjs/react-dom-client.development.js:25989:20)
    at runWithFiberInDEV (/home/siegfriedneto/projects/servicedeskn1/frontend/app/node_modules/react-dom/cjs/react-dom-client.development.js:874:13)
    at commitHookEffectListMount (/home/siegfriedneto/projects/servicedeskn1/frontend/app/node_modules/react-dom/cjs/react-dom-client.development.js:13249:29) undefined
Error: Not implemented: window.scrollTo
    at module.exports (/home/siegfriedneto/projects/servicedeskn1/frontend/app/node_modules/jsdom/lib/jsdom/browser/not-implemented.js:9:17)
    at /home/siegfriedneto/projects/servicedeskn1/frontend/app/node_modules/jsdom/lib/jsdom/browser/Window.js:960:7
    at Object.fn (file:///home/siegfriedneto/projects/servicedeskn1/frontend/app/node_modules/@tanstack/router-core/dist/esm/scroll-restoration.js:180:27)
    at RouterCore.emit (file:///home/siegfriedneto/projects/servicedeskn1/frontend/app/node_modules/@tanstack/router-core/dist/esm/router.js:178:14)
    at file:///home/siegfriedneto/projects/servicedeskn1/frontend/app/node_modules/@tanstack/react-router/dist/esm/Transitioner.js:46:25
    at settleOwner (file:///home/siegfriedneto/projects/servicedeskn1/frontend/app/node_modules/@tanstack/react-router/dist/esm/Transitioner.js:10:10)
    at file:///home/siegfriedneto/projects/servicedeskn1/frontend/app/node_modules/@tanstack/react-router/dist/esm/Matches.js:38:39
    at Object.react_stack_bottom_frame (/home/siegfriedneto/projects/servicedeskn1/frontend/app/node_modules/react-dom/cjs/react-dom-client.development.js:25989:20)
    at runWithFiberInDEV (/home/siegfriedneto/projects/servicedeskn1/frontend/app/node_modules/react-dom/cjs/react-dom-client.development.js:874:13)
    at commitHookEffectListMount (/home/siegfriedneto/projects/servicedeskn1/frontend/app/node_modules/react-dom/cjs/react-dom-client.development.js:13249:29) undefined
Error: Not implemented: window.scrollTo
    at module.exports (/home/siegfriedneto/projects/servicedeskn1/frontend/app/node_modules/jsdom/lib/jsdom/browser/not-implemented.js:9:17)
    at /home/siegfriedneto/projects/servicedeskn1/frontend/app/node_modules/jsdom/lib/jsdom/browser/Window.js:960:7
    at Object.fn (file:///home/siegfriedneto/projects/servicedeskn1/frontend/app/node_modules/@tanstack/router-core/dist/esm/scroll-restoration.js:180:27)
    at RouterCore.emit (file:///home/siegfriedneto/projects/servicedeskn1/frontend/app/node_modules/@tanstack/router-core/dist/esm/router.js:178:14)
    at file:///home/siegfriedneto/projects/servicedeskn1/frontend/app/node_modules/@tanstack/react-router/dist/esm/Transitioner.js:46:25
    at settleOwner (file:///home/siegfriedneto/projects/servicedeskn1/frontend/app/node_modules/@tanstack/react-router/dist/esm/Transitioner.js:10:10)
    at file:///home/siegfriedneto/projects/servicedeskn1/frontend/app/node_modules/@tanstack/react-router/dist/esm/Matches.js:38:39
    at Object.react_stack_bottom_frame (/home/siegfriedneto/projects/servicedeskn1/frontend/app/node_modules/react-dom/cjs/react-dom-client.development.js:25989:20)
    at runWithFiberInDEV (/home/siegfriedneto/projects/servicedeskn1/frontend/app/node_modules/react-dom/cjs/react-dom-client.development.js:874:13)
    at commitHookEffectListMount (/home/siegfriedneto/projects/servicedeskn1/frontend/app/node_modules/react-dom/cjs/react-dom-client.development.js:13249:29) undefined
Error: Not implemented: window.scrollTo
    at module.exports (/home/siegfriedneto/projects/servicedeskn1/frontend/app/node_modules/jsdom/lib/jsdom/browser/not-implemented.js:9:17)
    at /home/siegfriedneto/projects/servicedeskn1/frontend/app/node_modules/jsdom/lib/jsdom/browser/Window.js:960:7
    at Object.fn (file:///home/siegfriedneto/projects/servicedeskn1/frontend/app/node_modules/@tanstack/router-core/dist/esm/scroll-restoration.js:180:27)
    at RouterCore.emit (file:///home/siegfriedneto/projects/servicedeskn1/frontend/app/node_modules/@tanstack/router-core/dist/esm/router.js:178:14)
    at file:///home/siegfriedneto/projects/servicedeskn1/frontend/app/node_modules/@tanstack/react-router/dist/esm/Transitioner.js:46:25
    at settleOwner (file:///home/siegfriedneto/projects/servicedeskn1/frontend/app/node_modules/@tanstack/react-router/dist/esm/Transitioner.js:10:10)
    at file:///home/siegfriedneto/projects/servicedeskn1/frontend/app/node_modules/@tanstack/react-router/dist/esm/Matches.js:38:39
    at Object.react_stack_bottom_frame (/home/siegfriedneto/projects/servicedeskn1/frontend/app/node_modules/react-dom/cjs/react-dom-client.development.js:25989:20)
    at runWithFiberInDEV (/home/siegfriedneto/projects/servicedeskn1/frontend/app/node_modules/react-dom/cjs/react-dom-client.development.js:874:13)
    at commitHookEffectListMount (/home/siegfriedneto/projects/servicedeskn1/frontend/app/node_modules/react-dom/cjs/react-dom-client.development.js:13249:29) undefined
Error: Not implemented: window.scrollTo
    at module.exports (/home/siegfriedneto/projects/servicedeskn1/frontend/app/node_modules/jsdom/lib/jsdom/browser/not-implemented.js:9:17)
    at /home/siegfriedneto/projects/servicedeskn1/frontend/app/node_modules/jsdom/lib/jsdom/browser/Window.js:960:7
    at Object.fn (file:///home/siegfriedneto/projects/servicedeskn1/frontend/app/node_modules/@tanstack/router-core/dist/esm/scroll-restoration.js:180:27)
    at RouterCore.emit (file:///home/siegfriedneto/projects/servicedeskn1/frontend/app/node_modules/@tanstack/router-core/dist/esm/router.js:178:14)
    at file:///home/siegfriedneto/projects/servicedeskn1/frontend/app/node_modules/@tanstack/react-router/dist/esm/Transitioner.js:46:25
    at settleOwner (file:///home/siegfriedneto/projects/servicedeskn1/frontend/app/node_modules/@tanstack/react-router/dist/esm/Transitioner.js:10:10)
    at file:///home/siegfriedneto/projects/servicedeskn1/frontend/app/node_modules/@tanstack/react-router/dist/esm/Matches.js:38:39
    at Object.react_stack_bottom_frame (/home/siegfriedneto/projects/servicedeskn1/frontend/app/node_modules/react-dom/cjs/react-dom-client.development.js:25989:20)
    at runWithFiberInDEV (/home/siegfriedneto/projects/servicedeskn1/frontend/app/node_modules/react-dom/cjs/react-dom-client.development.js:874:13)
    at commitHookEffectListMount (/home/siegfriedneto/projects/servicedeskn1/frontend/app/node_modules/react-dom/cjs/react-dom-client.development.js:13249:29) undefined
Error: Not implemented: window.scrollTo
    at module.exports (/home/siegfriedneto/projects/servicedeskn1/frontend/app/node_modules/jsdom/lib/jsdom/browser/not-implemented.js:9:17)
    at /home/siegfriedneto/projects/servicedeskn1/frontend/app/node_modules/jsdom/lib/jsdom/browser/Window.js:960:7
    at Object.fn (file:///home/siegfriedneto/projects/servicedeskn1/frontend/app/node_modules/@tanstack/router-core/dist/esm/scroll-restoration.js:180:27)
    at RouterCore.emit (file:///home/siegfriedneto/projects/servicedeskn1/frontend/app/node_modules/@tanstack/router-core/dist/esm/router.js:178:14)
    at file:///home/siegfriedneto/projects/servicedeskn1/frontend/app/node_modules/@tanstack/react-router/dist/esm/Transitioner.js:46:25
    at settleOwner (file:///home/siegfriedneto/projects/servicedeskn1/frontend/app/node_modules/@tanstack/react-router/dist/esm/Transitioner.js:10:10)
    at file:///home/siegfriedneto/projects/servicedeskn1/frontend/app/node_modules/@tanstack/react-router/dist/esm/Matches.js:38:39
    at Object.react_stack_bottom_frame (/home/siegfriedneto/projects/servicedeskn1/frontend/app/node_modules/react-dom/cjs/react-dom-client.development.js:25989:20)
    at runWithFiberInDEV (/home/siegfriedneto/projects/servicedeskn1/frontend/app/node_modules/react-dom/cjs/react-dom-client.development.js:874:13)
    at commitHookEffectListMount (/home/siegfriedneto/projects/servicedeskn1/frontend/app/node_modules/react-dom/cjs/react-dom-client.development.js:13249:29) undefined
Error: Not implemented: window.scrollTo
    at module.exports (/home/siegfriedneto/projects/servicedeskn1/frontend/app/node_modules/jsdom/lib/jsdom/browser/not-implemented.js:9:17)
    at /home/siegfriedneto/projects/servicedeskn1/frontend/app/node_modules/jsdom/lib/jsdom/browser/Window.js:960:7
    at Object.fn (file:///home/siegfriedneto/projects/servicedeskn1/frontend/app/node_modules/@tanstack/router-core/dist/esm/scroll-restoration.js:180:27)
    at RouterCore.emit (file:///home/siegfriedneto/projects/servicedeskn1/frontend/app/node_modules/@tanstack/router-core/dist/esm/router.js:178:14)
    at file:///home/siegfriedneto/projects/servicedeskn1/frontend/app/node_modules/@tanstack/react-router/dist/esm/Transitioner.js:46:25
    at settleOwner (file:///home/siegfriedneto/projects/servicedeskn1/frontend/app/node_modules/@tanstack/react-router/dist/esm/Transitioner.js:10:10)
    at file:///home/siegfriedneto/projects/servicedeskn1/frontend/app/node_modules/@tanstack/react-router/dist/esm/Matches.js:38:39
    at Object.react_stack_bottom_frame (/home/siegfriedneto/projects/servicedeskn1/frontend/app/node_modules/react-dom/cjs/react-dom-client.development.js:25989:20)
    at runWithFiberInDEV (/home/siegfriedneto/projects/servicedeskn1/frontend/app/node_modules/react-dom/cjs/react-dom-client.development.js:874:13)
    at commitHookEffectListMount (/home/siegfriedneto/projects/servicedeskn1/frontend/app/node_modules/react-dom/cjs/react-dom-client.development.js:13249:29) undefined
 ❯ src/routes/connector-configurations-screen.spec.ts (9 tests | 1 failed) 687ms
     × renders one row per connector configuration GET /v1/connectors returns, each showing its own connector name 374ms
Error: Not implemented: window.scrollTo
    at module.exports (/home/siegfriedneto/projects/servicedeskn1/frontend/app/node_modules/jsdom/lib/jsdom/browser/not-implemented.js:9:17)
    at /home/siegfriedneto/projects/servicedeskn1/frontend/app/node_modules/jsdom/lib/jsdom/browser/Window.js:960:7
    at Object.fn (file:///home/siegfriedneto/projects/servicedeskn1/frontend/app/node_modules/@tanstack/router-core/dist/esm/scroll-restoration.js:180:27)
    at RouterCore.emit (file:///home/siegfriedneto/projects/servicedeskn1/frontend/app/node_modules/@tanstack/router-core/dist/esm/router.js:178:14)
    at file:///home/siegfriedneto/projects/servicedeskn1/frontend/app/node_modules/@tanstack/react-router/dist/esm/Transitioner.js:46:25
    at settleOwner (file:///home/siegfriedneto/projects/servicedeskn1/frontend/app/node_modules/@tanstack/react-router/dist/esm/Transitioner.js:10:10)
    at file:///home/siegfriedneto/projects/servicedeskn1/frontend/app/node_modules/@tanstack/react-router/dist/esm/Matches.js:38:39
    at Object.react_stack_bottom_frame (/home/siegfriedneto/projects/servicedeskn1/frontend/app/node_modules/react-dom/cjs/react-dom-client.development.js:25989:20)
    at runWithFiberInDEV (/home/siegfriedneto/projects/servicedeskn1/frontend/app/node_modules/react-dom/cjs/react-dom-client.development.js:874:13)
    at commitHookEffectListMount (/home/siegfriedneto/projects/servicedeskn1/frontend/app/node_modules/react-dom/cjs/react-dom-client.development.js:13249:29) undefined
Error: Not implemented: window.scrollTo
    at module.exports (/home/siegfriedneto/projects/servicedeskn1/frontend/app/node_modules/jsdom/lib/jsdom/browser/not-implemented.js:9:17)
    at /home/siegfriedneto/projects/servicedeskn1/frontend/app/node_modules/jsdom/lib/jsdom/browser/Window.js:960:7
    at Object.fn (file:///home/siegfriedneto/projects/servicedeskn1/frontend/app/node_modules/@tanstack/router-core/dist/esm/scroll-restoration.js:180:27)
    at RouterCore.emit (file:///home/siegfriedneto/projects/servicedeskn1/frontend/app/node_modules/@tanstack/router-core/dist/esm/router.js:178:14)
    at file:///home/siegfriedneto/projects/servicedeskn1/frontend/app/node_modules/@tanstack/react-router/dist/esm/Transitioner.js:46:25
    at settleOwner (file:///home/siegfriedneto/projects/servicedeskn1/frontend/app/node_modules/@tanstack/react-router/dist/esm/Transitioner.js:10:10)
    at file:///home/siegfriedneto/projects/servicedeskn1/frontend/app/node_modules/@tanstack/react-router/dist/esm/Matches.js:38:39
    at Object.react_stack_bottom_frame (/home/siegfriedneto/projects/servicedeskn1/frontend/app/node_modules/react-dom/cjs/react-dom-client.development.js:25989:20)
    at runWithFiberInDEV (/home/siegfriedneto/projects/servicedeskn1/frontend/app/node_modules/react-dom/cjs/react-dom-client.development.js:874:13)
    at commitHookEffectListMount (/home/siegfriedneto/projects/servicedeskn1/frontend/app/node_modules/react-dom/cjs/react-dom-client.development.js:13249:29) undefined
Error: Not implemented: window.scrollTo
    at module.exports (/home/siegfriedneto/projects/servicedeskn1/frontend/app/node_modules/jsdom/lib/jsdom/browser/not-implemented.js:9:17)
    at /home/siegfriedneto/projects/servicedeskn1/frontend/app/node_modules/jsdom/lib/jsdom/browser/Window.js:960:7
    at Object.fn (file:///home/siegfriedneto/projects/servicedeskn1/frontend/app/node_modules/@tanstack/router-core/dist/esm/scroll-restoration.js:180:27)
    at RouterCore.emit (file:///home/siegfriedneto/projects/servicedeskn1/frontend/app/node_modules/@tanstack/router-core/dist/esm/router.js:178:14)
    at file:///home/siegfriedneto/projects/servicedeskn1/frontend/app/node_modules/@tanstack/react-router/dist/esm/Transitioner.js:46:25
    at settleOwner (file:///home/siegfriedneto/projects/servicedeskn1/frontend/app/node_modules/@tanstack/react-router/dist/esm/Transitioner.js:10:10)
    at file:///home/siegfriedneto/projects/servicedeskn1/frontend/app/node_modules/@tanstack/react-router/dist/esm/Matches.js:38:39
    at Object.react_stack_bottom_frame (/home/siegfriedneto/projects/servicedeskn1/frontend/app/node_modules/react-dom/cjs/react-dom-client.development.js:25989:20)
    at runWithFiberInDEV (/home/siegfriedneto/projects/servicedeskn1/frontend/app/node_modules/react-dom/cjs/react-dom-client.development.js:874:13)
    at commitHookEffectListMount (/home/siegfriedneto/projects/servicedeskn1/frontend/app/node_modules/react-dom/cjs/react-dom-client.development.js:13249:29) undefined
Error: Not implemented: window.scrollTo
    at module.exports (/home/siegfriedneto/projects/servicedeskn1/frontend/app/node_modules/jsdom/lib/jsdom/browser/not-implemented.js:9:17)
    at /home/siegfriedneto/projects/servicedeskn1/frontend/app/node_modules/jsdom/lib/jsdom/browser/Window.js:960:7
    at Object.fn (file:///home/siegfriedneto/projects/servicedeskn1/frontend/app/node_modules/@tanstack/router-core/dist/esm/scroll-restoration.js:180:27)
    at RouterCore.emit (file:///home/siegfriedneto/projects/servicedeskn1/frontend/app/node_modules/@tanstack/router-core/dist/esm/router.js:178:14)
    at file:///home/siegfriedneto/projects/servicedeskn1/frontend/app/node_modules/@tanstack/react-router/dist/esm/Transitioner.js:46:25
    at settleOwner (file:///home/siegfriedneto/projects/servicedeskn1/frontend/app/node_modules/@tanstack/react-router/dist/esm/Transitioner.js:10:10)
    at file:///home/siegfriedneto/projects/servicedeskn1/frontend/app/node_modules/@tanstack/react-router/dist/esm/Matches.js:38:39
    at Object.react_stack_bottom_frame (/home/siegfriedneto/projects/servicedeskn1/frontend/app/node_modules/react-dom/cjs/react-dom-client.development.js:25989:20)
    at runWithFiberInDEV (/home/siegfriedneto/projects/servicedeskn1/frontend/app/node_modules/react-dom/cjs/react-dom-client.development.js:874:13)
    at commitHookEffectListMount (/home/siegfriedneto/projects/servicedeskn1/frontend/app/node_modules/react-dom/cjs/react-dom-client.development.js:13249:29) undefined
Error: Not implemented: window.scrollTo
    at module.exports (/home/siegfriedneto/projects/servicedeskn1/frontend/app/node_modules/jsdom/lib/jsdom/browser/not-implemented.js:9:17)
    at /home/siegfriedneto/projects/servicedeskn1/frontend/app/node_modules/jsdom/lib/jsdom/browser/Window.js:960:7
    at Object.fn (file:///home/siegfriedneto/projects/servicedeskn1/frontend/app/node_modules/@tanstack/router-core/dist/esm/scroll-restoration.js:180:27)
    at RouterCore.emit (file:///home/siegfriedneto/projects/servicedeskn1/frontend/app/node_modules/@tanstack/router-core/dist/esm/router.js:178:14)
    at file:///home/siegfriedneto/projects/servicedeskn1/frontend/app/node_modules/@tanstack/react-router/dist/esm/Transitioner.js:46:25
    at settleOwner (file:///home/siegfriedneto/projects/servicedeskn1/frontend/app/node_modules/@tanstack/react-router/dist/esm/Transitioner.js:10:10)
    at file:///home/siegfriedneto/projects/servicedeskn1/frontend/app/node_modules/@tanstack/react-router/dist/esm/Matches.js:38:39
    at Object.react_stack_bottom_frame (/home/siegfriedneto/projects/servicedeskn1/frontend/app/node_modules/react-dom/cjs/react-dom-client.development.js:25989:20)
    at runWithFiberInDEV (/home/siegfriedneto/projects/servicedeskn1/frontend/app/node_modules/react-dom/cjs/react-dom-client.development.js:874:13)
    at commitHookEffectListMount (/home/siegfriedneto/projects/servicedeskn1/frontend/app/node_modules/react-dom/cjs/react-dom-client.development.js:13249:29) undefined
Error: Not implemented: window.scrollTo
    at module.exports (/home/siegfriedneto/projects/servicedeskn1/frontend/app/node_modules/jsdom/lib/jsdom/browser/not-implemented.js:9:17)
    at /home/siegfriedneto/projects/servicedeskn1/frontend/app/node_modules/jsdom/lib/jsdom/browser/Window.js:960:7
    at Object.fn (file:///home/siegfriedneto/projects/servicedeskn1/frontend/app/node_modules/@tanstack/router-core/dist/esm/scroll-restoration.js:180:27)
    at RouterCore.emit (file:///home/siegfriedneto/projects/servicedeskn1/frontend/app/node_modules/@tanstack/router-core/dist/esm/router.js:178:14)
    at file:///home/siegfriedneto/projects/servicedeskn1/frontend/app/node_modules/@tanstack/react-router/dist/esm/Transitioner.js:46:25
    at settleOwner (file:///home/siegfriedneto/projects/servicedeskn1/frontend/app/node_modules/@tanstack/react-router/dist/esm/Transitioner.js:10:10)
    at file:///home/siegfriedneto/projects/servicedeskn1/frontend/app/node_modules/@tanstack/react-router/dist/esm/Matches.js:38:39
    at Object.react_stack_bottom_frame (/home/siegfriedneto/projects/servicedeskn1/frontend/app/node_modules/react-dom/cjs/react-dom-client.development.js:25989:20)
    at runWithFiberInDEV (/home/siegfriedneto/projects/servicedeskn1/frontend/app/node_modules/react-dom/cjs/react-dom-client.development.js:874:13)
    at commitHookEffectListMount (/home/siegfriedneto/projects/servicedeskn1/frontend/app/node_modules/react-dom/cjs/react-dom-client.development.js:13249:29) undefined
Error: Not implemented: window.scrollTo
    at module.exports (/home/siegfriedneto/projects/servicedeskn1/frontend/app/node_modules/jsdom/lib/jsdom/browser/not-implemented.js:9:17)
    at /home/siegfriedneto/projects/servicedeskn1/frontend/app/node_modules/jsdom/lib/jsdom/browser/Window.js:960:7
    at Object.fn (file:///home/siegfriedneto/projects/servicedeskn1/frontend/app/node_modules/@tanstack/router-core/dist/esm/scroll-restoration.js:180:27)
    at RouterCore.emit (file:///home/siegfriedneto/projects/servicedeskn1/frontend/app/node_modules/@tanstack/router-core/dist/esm/router.js:178:14)
    at file:///home/siegfriedneto/projects/servicedeskn1/frontend/app/node_modules/@tanstack/react-router/dist/esm/Transitioner.js:46:25
    at settleOwner (file:///home/siegfriedneto/projects/servicedeskn1/frontend/app/node_modules/@tanstack/react-router/dist/esm/Transitioner.js:10:10)
    at file:///home/siegfriedneto/projects/servicedeskn1/frontend/app/node_modules/@tanstack/react-router/dist/esm/Matches.js:38:39
    at Object.react_stack_bottom_frame (/home/siegfriedneto/projects/servicedeskn1/frontend/app/node_modules/react-dom/cjs/react-dom-client.development.js:25989:20)
    at runWithFiberInDEV (/home/siegfriedneto/projects/servicedeskn1/frontend/app/node_modules/react-dom/cjs/react-dom-client.development.js:874:13)
    at commitHookEffectListMount (/home/siegfriedneto/projects/servicedeskn1/frontend/app/node_modules/react-dom/cjs/react-dom-client.development.js:13249:29) undefined
Error: Not implemented: window.scrollTo
    at module.exports (/home/siegfriedneto/projects/servicedeskn1/frontend/app/node_modules/jsdom/lib/jsdom/browser/not-implemented.js:9:17)
    at /home/siegfriedneto/projects/servicedeskn1/frontend/app/node_modules/jsdom/lib/jsdom/browser/Window.js:960:7
    at Object.fn (file:///home/siegfriedneto/projects/servicedeskn1/frontend/app/node_modules/@tanstack/router-core/dist/esm/scroll-restoration.js:180:27)
    at RouterCore.emit (file:///home/siegfriedneto/projects/servicedeskn1/frontend/app/node_modules/@tanstack/router-core/dist/esm/router.js:178:14)
    at file:///home/siegfriedneto/projects/servicedeskn1/frontend/app/node_modules/@tanstack/react-router/dist/esm/Transitioner.js:46:25
    at settleOwner (file:///home/siegfriedneto/projects/servicedeskn1/frontend/app/node_modules/@tanstack/react-router/dist/esm/Transitioner.js:10:10)
    at file:///home/siegfriedneto/projects/servicedeskn1/frontend/app/node_modules/@tanstack/react-router/dist/esm/Matches.js:38:39
    at Object.react_stack_bottom_frame (/home/siegfriedneto/projects/servicedeskn1/frontend/app/node_modules/react-dom/cjs/react-dom-client.development.js:25989:20)
    at runWithFiberInDEV (/home/siegfriedneto/projects/servicedeskn1/frontend/app/node_modules/react-dom/cjs/react-dom-client.development.js:874:13)
    at commitHookEffectListMount (/home/siegfriedneto/projects/servicedeskn1/frontend/app/node_modules/react-dom/cjs/react-dom-client.development.js:13249:29) undefined
Error: Not implemented: window.scrollTo
    at module.exports (/home/siegfriedneto/projects/servicedeskn1/frontend/app/node_modules/jsdom/lib/jsdom/browser/not-implemented.js:9:17)
    at /home/siegfriedneto/projects/servicedeskn1/frontend/app/node_modules/jsdom/lib/jsdom/browser/Window.js:960:7
    at Object.fn (file:///home/siegfriedneto/projects/servicedeskn1/frontend/app/node_modules/@tanstack/router-core/dist/esm/scroll-restoration.js:180:27)
    at RouterCore.emit (file:///home/siegfriedneto/projects/servicedeskn1/frontend/app/node_modules/@tanstack/router-core/dist/esm/router.js:178:14)
    at file:///home/siegfriedneto/projects/servicedeskn1/frontend/app/node_modules/@tanstack/react-router/dist/esm/Transitioner.js:46:25
    at settleOwner (file:///home/siegfriedneto/projects/servicedeskn1/frontend/app/node_modules/@tanstack/react-router/dist/esm/Transitioner.js:10:10)
    at file:///home/siegfriedneto/projects/servicedeskn1/frontend/app/node_modules/@tanstack/react-router/dist/esm/Matches.js:38:39
    at Object.react_stack_bottom_frame (/home/siegfriedneto/projects/servicedeskn1/frontend/app/node_modules/react-dom/cjs/react-dom-client.development.js:25989:20)
    at runWithFiberInDEV (/home/siegfriedneto/projects/servicedeskn1/frontend/app/node_modules/react-dom/cjs/react-dom-client.development.js:874:13)
    at commitHookEffectListMount (/home/siegfriedneto/projects/servicedeskn1/frontend/app/node_modules/react-dom/cjs/react-dom-client.development.js:13249:29) undefined
Error: Not implemented: window.scrollTo
    at module.exports (/home/siegfriedneto/projects/servicedeskn1/frontend/app/node_modules/jsdom/lib/jsdom/browser/not-implemented.js:9:17)
    at /home/siegfriedneto/projects/servicedeskn1/frontend/app/node_modules/jsdom/lib/jsdom/browser/Window.js:960:7
    at Object.fn (file:///home/siegfriedneto/projects/servicedeskn1/frontend/app/node_modules/@tanstack/router-core/dist/esm/scroll-restoration.js:180:27)
    at RouterCore.emit (file:///home/siegfriedneto/projects/servicedeskn1/frontend/app/node_modules/@tanstack/router-core/dist/esm/router.js:178:14)
    at file:///home/siegfriedneto/projects/servicedeskn1/frontend/app/node_modules/@tanstack/react-router/dist/esm/Transitioner.js:46:25
    at settleOwner (file:///home/siegfriedneto/projects/servicedeskn1/frontend/app/node_modules/@tanstack/react-router/dist/esm/Transitioner.js:10:10)
    at file:///home/siegfriedneto/projects/servicedeskn1/frontend/app/node_modules/@tanstack/react-router/dist/esm/Matches.js:38:39
    at Object.react_stack_bottom_frame (/home/siegfriedneto/projects/servicedeskn1/frontend/app/node_modules/react-dom/cjs/react-dom-client.development.js:25989:20)
    at runWithFiberInDEV (/home/siegfriedneto/projects/servicedeskn1/frontend/app/node_modules/react-dom/cjs/react-dom-client.development.js:874:13)
    at commitHookEffectListMount (/home/siegfriedneto/projects/servicedeskn1/frontend/app/node_modules/react-dom/cjs/react-dom-client.development.js:13249:29) undefined
Error: Not implemented: window.scrollTo
    at module.exports (/home/siegfriedneto/projects/servicedeskn1/frontend/app/node_modules/jsdom/lib/jsdom/browser/not-implemented.js:9:17)
    at /home/siegfriedneto/projects/servicedeskn1/frontend/app/node_modules/jsdom/lib/jsdom/browser/Window.js:960:7
    at Object.fn (file:///home/siegfriedneto/projects/servicedeskn1/frontend/app/node_modules/@tanstack/router-core/dist/esm/scroll-restoration.js:180:27)
    at RouterCore.emit (file:///home/siegfriedneto/projects/servicedeskn1/frontend/app/node_modules/@tanstack/router-core/dist/esm/router.js:178:14)
    at file:///home/siegfriedneto/projects/servicedeskn1/frontend/app/node_modules/@tanstack/react-router/dist/esm/Transitioner.js:46:25
    at settleOwner (file:///home/siegfriedneto/projects/servicedeskn1/frontend/app/node_modules/@tanstack/react-router/dist/esm/Transitioner.js:10:10)
    at file:///home/siegfriedneto/projects/servicedeskn1/frontend/app/node_modules/@tanstack/react-router/dist/esm/Matches.js:38:39
    at Object.react_stack_bottom_frame (/home/siegfriedneto/projects/servicedeskn1/frontend/app/node_modules/react-dom/cjs/react-dom-client.development.js:25989:20)
    at runWithFiberInDEV (/home/siegfriedneto/projects/servicedeskn1/frontend/app/node_modules/react-dom/cjs/react-dom-client.development.js:874:13)
    at commitHookEffectListMount (/home/siegfriedneto/projects/servicedeskn1/frontend/app/node_modules/react-dom/cjs/react-dom-client.development.js:13249:29) undefined
stderr | src/routes/connector-test-panel-subject-and-attributes.spec.ts > ConnectorTestPanel — the subject type is drawn from the subject-type glossary vocabulary (criterion 2) > offers exactly the subject-type vocabulary's own current terms as options, once the read resolves
Warning: useRouter must be used inside a <RouterProvider> component!

stderr | src/routes/connector-test-panel-subject-and-attributes.spec.ts > ConnectorTestPanel — the subject type is drawn from the subject-type glossary vocabulary (criterion 2) > offers exactly the subject-type vocabulary's own current terms as options, once the read resolves
Warning: useRouter must be used inside a <RouterProvider> component!

Error: Not implemented: window.scrollTo
    at module.exports (/home/siegfriedneto/projects/servicedeskn1/frontend/app/node_modules/jsdom/lib/jsdom/browser/not-implemented.js:9:17)
    at /home/siegfriedneto/projects/servicedeskn1/frontend/app/node_modules/jsdom/lib/jsdom/browser/Window.js:960:7
    at Object.fn (file:///home/siegfriedneto/projects/servicedeskn1/frontend/app/node_modules/@tanstack/router-core/dist/esm/scroll-restoration.js:180:27)
    at RouterCore.emit (file:///home/siegfriedneto/projects/servicedeskn1/frontend/app/node_modules/@tanstack/router-core/dist/esm/router.js:178:14)
    at file:///home/siegfriedneto/projects/servicedeskn1/frontend/app/node_modules/@tanstack/react-router/dist/esm/Transitioner.js:46:25
    at settleOwner (file:///home/siegfriedneto/projects/servicedeskn1/frontend/app/node_modules/@tanstack/react-router/dist/esm/Transitioner.js:10:10)
    at file:///home/siegfriedneto/projects/servicedeskn1/frontend/app/node_modules/@tanstack/react-router/dist/esm/Matches.js:38:39
    at Object.react_stack_bottom_frame (/home/siegfriedneto/projects/servicedeskn1/frontend/app/node_modules/react-dom/cjs/react-dom-client.development.js:25989:20)
    at runWithFiberInDEV (/home/siegfriedneto/projects/servicedeskn1/frontend/app/node_modules/react-dom/cjs/react-dom-client.development.js:874:13)
    at commitHookEffectListMount (/home/siegfriedneto/projects/servicedeskn1/frontend/app/node_modules/react-dom/cjs/react-dom-client.development.js:13249:29) undefined
Error: Not implemented: window.scrollTo
    at module.exports (/home/siegfriedneto/projects/servicedeskn1/frontend/app/node_modules/jsdom/lib/jsdom/browser/not-implemented.js:9:17)
    at /home/siegfriedneto/projects/servicedeskn1/frontend/app/node_modules/jsdom/lib/jsdom/browser/Window.js:960:7
    at Object.fn (file:///home/siegfriedneto/projects/servicedeskn1/frontend/app/node_modules/@tanstack/router-core/dist/esm/scroll-restoration.js:180:27)
    at RouterCore.emit (file:///home/siegfriedneto/projects/servicedeskn1/frontend/app/node_modules/@tanstack/router-core/dist/esm/router.js:178:14)
    at file:///home/siegfriedneto/projects/servicedeskn1/frontend/app/node_modules/@tanstack/router-core/dist/esm/load-client.js:943:46
    at Router.batch (file:///home/siegfriedneto/projects/servicedeskn1/frontend/app/node_modules/@tanstack/store/dist/esm/atom.js:39:5)
    at file:///home/siegfriedneto/projects/servicedeskn1/frontend/app/node_modules/@tanstack/router-core/dist/esm/load-client.js:936:10
    at runClientTransaction (file:///home/siegfriedneto/projects/servicedeskn1/frontend/app/node_modules/@tanstack/router-core/dist/esm/load-client.js:902:2)
    at loadClientRoute (file:///home/siegfriedneto/projects/servicedeskn1/frontend/app/node_modules/@tanstack/router-core/dist/esm/load-client.js:1034:2)
    at RouterCore.load (file:///home/siegfriedneto/projects/servicedeskn1/frontend/app/node_modules/@tanstack/router-core/dist/esm/router.js:489:4) undefined
Error: Not implemented: window.scrollTo
    at module.exports (/home/siegfriedneto/projects/servicedeskn1/frontend/app/node_modules/jsdom/lib/jsdom/browser/not-implemented.js:9:17)
    at /home/siegfriedneto/projects/servicedeskn1/frontend/app/node_modules/jsdom/lib/jsdom/browser/Window.js:960:7
    at Object.fn (file:///home/siegfriedneto/projects/servicedeskn1/frontend/app/node_modules/@tanstack/router-core/dist/esm/scroll-restoration.js:180:27)
    at RouterCore.emit (file:///home/siegfriedneto/projects/servicedeskn1/frontend/app/node_modules/@tanstack/router-core/dist/esm/router.js:178:14)
    at file:///home/siegfriedneto/projects/servicedeskn1/frontend/app/node_modules/@tanstack/react-router/dist/esm/Transitioner.js:46:25
    at settleOwner (file:///home/siegfriedneto/projects/servicedeskn1/frontend/app/node_modules/@tanstack/react-router/dist/esm/Transitioner.js:10:10)
    at file:///home/siegfriedneto/projects/servicedeskn1/frontend/app/node_modules/@tanstack/react-router/dist/esm/Matches.js:38:39
    at Object.react_stack_bottom_frame (/home/siegfriedneto/projects/servicedeskn1/frontend/app/node_modules/react-dom/cjs/react-dom-client.development.js:25989:20)
    at runWithFiberInDEV (/home/siegfriedneto/projects/servicedeskn1/frontend/app/node_modules/react-dom/cjs/react-dom-client.development.js:874:13)
    at commitHookEffectListMount (/home/siegfriedneto/projects/servicedeskn1/frontend/app/node_modules/react-dom/cjs/react-dom-client.development.js:13249:29) undefined
Error: Not implemented: window.scrollTo
    at module.exports (/home/siegfriedneto/projects/servicedeskn1/frontend/app/node_modules/jsdom/lib/jsdom/browser/not-implemented.js:9:17)
    at /home/siegfriedneto/projects/servicedeskn1/frontend/app/node_modules/jsdom/lib/jsdom/browser/Window.js:960:7
    at Object.fn (file:///home/siegfriedneto/projects/servicedeskn1/frontend/app/node_modules/@tanstack/router-core/dist/esm/scroll-restoration.js:180:27)
    at RouterCore.emit (file:///home/siegfriedneto/projects/servicedeskn1/frontend/app/node_modules/@tanstack/router-core/dist/esm/router.js:178:14)
    at file:///home/siegfriedneto/projects/servicedeskn1/frontend/app/node_modules/@tanstack/react-router/dist/esm/Transitioner.js:46:25
    at settleOwner (file:///home/siegfriedneto/projects/servicedeskn1/frontend/app/node_modules/@tanstack/react-router/dist/esm/Transitioner.js:10:10)
    at file:///home/siegfriedneto/projects/servicedeskn1/frontend/app/node_modules/@tanstack/react-router/dist/esm/Matches.js:38:39
    at Object.react_stack_bottom_frame (/home/siegfriedneto/projects/servicedeskn1/frontend/app/node_modules/react-dom/cjs/react-dom-client.development.js:25989:20)
    at runWithFiberInDEV (/home/siegfriedneto/projects/servicedeskn1/frontend/app/node_modules/react-dom/cjs/react-dom-client.development.js:874:13)
    at commitHookEffectListMount (/home/siegfriedneto/projects/servicedeskn1/frontend/app/node_modules/react-dom/cjs/react-dom-client.development.js:13249:29) undefined
stderr | src/routes/connector-test-panel-subject-and-attributes.spec.ts > ConnectorTestPanel — attribute-values are typed by hand, never selected from an existing subject (criterion 2) > lets the operator add an attribute row and type its own attribute name and value
Warning: useRouter must be used inside a <RouterProvider> component!

stderr | src/routes/connector-test-panel-subject-and-attributes.spec.ts > ConnectorTestPanel — attribute-values are typed by hand, never selected from an existing subject (criterion 2) > lets the operator add an attribute row and type its own attribute name and value
Warning: useRouter must be used inside a <RouterProvider> component!

stderr | src/routes/connector-test-panel-subject-and-attributes.spec.ts > ConnectorTestPanel — attribute-values are typed by hand, never selected from an existing subject (criterion 2) > removes exactly the row whose own Remove action was clicked, leaving the other rows' own values intact (stable-row-identity inference)
Warning: useRouter must be used inside a <RouterProvider> component!

stderr | src/routes/connector-test-panel-subject-and-attributes.spec.ts > ConnectorTestPanel — attribute-values are typed by hand, never selected from an existing subject (criterion 2) > removes exactly the row whose own Remove action was clicked, leaving the other rows' own values intact (stable-row-identity inference)
Warning: useRouter must be used inside a <RouterProvider> component!

stderr | src/routes/connector-test-panel-capability-picker.spec.ts > ConnectorTestPanel — the capability picker offers only capabilities naming this connector (criterion 1) > offers the matching capability and omits one registered against a different connector
Warning: useRouter must be used inside a <RouterProvider> component!

stderr | src/routes/connector-test-panel-capability-picker.spec.ts > ConnectorTestPanel — the capability picker offers only capabilities naming this connector (criterion 1) > offers the matching capability and omits one registered against a different connector
Warning: useRouter must be used inside a <RouterProvider> component!

stderr | src/routes/connector-test-panel-subject-and-attributes.spec.ts > ConnectorTestPanel — attribute-values are typed by hand, never selected from an existing subject (criterion 2) > issues no network request beyond the panel's own two dependent reads while a subject is assembled by hand
Warning: useRouter must be used inside a <RouterProvider> component!

stderr | src/routes/connector-test-panel-subject-and-attributes.spec.ts > ConnectorTestPanel — attribute-values are typed by hand, never selected from an existing subject (criterion 2) > issues no network request beyond the panel's own two dependent reads while a subject is assembled by hand
Warning: useRouter must be used inside a <RouterProvider> component!

stderr | src/routes/connector-test-panel-subject-and-attributes.spec.ts > ConnectorTestPanel — attribute-values are typed by hand, never selected from an existing subject (criterion 2) > renders the attribute-value row as plain text inputs, not a combobox offering existing subjects to pick from
Warning: useRouter must be used inside a <RouterProvider> component!

stderr | src/routes/connector-test-panel-subject-and-attributes.spec.ts > ConnectorTestPanel — attribute-values are typed by hand, never selected from an existing subject (criterion 2) > renders the attribute-value row as plain text inputs, not a combobox offering existing subjects to pick from
Warning: useRouter must be used inside a <RouterProvider> component!

stderr | src/routes/connector-test-panel-capability-picker.spec.ts > ConnectorTestPanel — the capability picker offers only capabilities naming this connector (criterion 1) > offers no option at all once the read resolves, when no capability currently names this connector (edge case: empty match)
Warning: useRouter must be used inside a <RouterProvider> component!

stderr | src/routes/connector-test-panel-capability-picker.spec.ts > ConnectorTestPanel — the capability picker offers only capabilities naming this connector (criterion 1) > offers no option at all once the read resolves, when no capability currently names this connector (edge case: empty match)
Warning: useRouter must be used inside a <RouterProvider> component!

stderr | src/routes/connector-test-panel-capability-picker.spec.ts > ConnectorTestPanel — the capability picker offers only capabilities naming this connector (criterion 1) > keys capability options by name and version together, offering two capabilities that share a name as distinct, independently selectable options (composite-key inference)
Warning: useRouter must be used inside a <RouterProvider> component!

stderr | src/routes/connector-test-panel-capability-picker.spec.ts > ConnectorTestPanel — the capability picker offers only capabilities naming this connector (criterion 1) > keys capability options by name and version together, offering two capabilities that share a name as distinct, independently selectable options (composite-key inference)
Warning: useRouter must be used inside a <RouterProvider> component!

stderr | src/routes/connector-test-panel-subject-and-attributes.spec.ts > ConnectorTestPanel — requester is collected as a plain free-text field (disclosed inference) > renders Requester as a plain text input, and reflects whatever the operator types into it
Warning: useRouter must be used inside a <RouterProvider> component!

stderr | src/routes/connector-test-panel-subject-and-attributes.spec.ts > ConnectorTestPanel — requester is collected as a plain free-text field (disclosed inference) > renders Requester as a plain text input, and reflects whatever the operator types into it
Warning: useRouter must be used inside a <RouterProvider> component!

 ❯ src/routes/connector-test-panel-subject-and-attributes.spec.ts (6 tests | 6 failed) 747ms
     × offers exactly the subject-type vocabulary's own current terms as options, once the read resolves 294ms
     × lets the operator add an attribute row and type its own attribute name and value 141ms
     × removes exactly the row whose own Remove action was clicked, leaving the other rows' own values intact (stable-row-identity inference) 70ms
     × issues no network request beyond the panel's own two dependent reads while a subject is assembled by hand 80ms
     × renders the attribute-value row as plain text inputs, not a combobox offering existing subjects to pick from 71ms
     × renders Requester as a plain text input, and reflects whatever the operator types into it 86ms
Error: Not implemented: window.scrollTo
    at module.exports (/home/siegfriedneto/projects/servicedeskn1/frontend/app/node_modules/jsdom/lib/jsdom/browser/not-implemented.js:9:17)
    at /home/siegfriedneto/projects/servicedeskn1/frontend/app/node_modules/jsdom/lib/jsdom/browser/Window.js:960:7
    at Object.fn (file:///home/siegfriedneto/projects/servicedeskn1/frontend/app/node_modules/@tanstack/router-core/dist/esm/scroll-restoration.js:180:27)
    at RouterCore.emit (file:///home/siegfriedneto/projects/servicedeskn1/frontend/app/node_modules/@tanstack/router-core/dist/esm/router.js:178:14)
    at file:///home/siegfriedneto/projects/servicedeskn1/frontend/app/node_modules/@tanstack/react-router/dist/esm/Transitioner.js:46:25
    at settleOwner (file:///home/siegfriedneto/projects/servicedeskn1/frontend/app/node_modules/@tanstack/react-router/dist/esm/Transitioner.js:10:10)
    at file:///home/siegfriedneto/projects/servicedeskn1/frontend/app/node_modules/@tanstack/react-router/dist/esm/Matches.js:38:39
    at Object.react_stack_bottom_frame (/home/siegfriedneto/projects/servicedeskn1/frontend/app/node_modules/react-dom/cjs/react-dom-client.development.js:25989:20)
    at runWithFiberInDEV (/home/siegfriedneto/projects/servicedeskn1/frontend/app/node_modules/react-dom/cjs/react-dom-client.development.js:874:13)
    at commitHookEffectListMount (/home/siegfriedneto/projects/servicedeskn1/frontend/app/node_modules/react-dom/cjs/react-dom-client.development.js:13249:29) undefined
stderr | src/routes/connector-test-panel-capability-picker.spec.ts > ConnectorTestPanel — the capability picker offers only capabilities naming this connector (criterion 1) > shows an alert rather than silently offering no options when the capabilities read itself fails (edge case: a dependency that fails)
Warning: useRouter must be used inside a <RouterProvider> component!

stderr | src/routes/connector-test-panel-capability-picker.spec.ts > ConnectorTestPanel — the capability picker offers only capabilities naming this connector (criterion 1) > shows an alert rather than silently offering no options when the capabilities read itself fails (edge case: a dependency that fails)
Warning: useRouter must be used inside a <RouterProvider> component!

 ❯ src/routes/connector-test-panel-capability-picker.spec.ts (5 tests | 4 failed) 824ms
     × offers the matching capability and omits one registered against a different connector 343ms
     × offers no option at all once the read resolves, when no capability currently names this connector (edge case: empty match) 139ms
     × keys capability options by name and version together, offering two capabilities that share a name as distinct, independently selectable options (composite-key inference) 86ms
     × shows an alert rather than silently offering no options when the capabilities read itself fails (edge case: a dependency that fails) 87ms
Error: Not implemented: window.scrollTo
    at module.exports (/home/siegfriedneto/projects/servicedeskn1/frontend/app/node_modules/jsdom/lib/jsdom/browser/not-implemented.js:9:17)
    at /home/siegfriedneto/projects/servicedeskn1/frontend/app/node_modules/jsdom/lib/jsdom/browser/Window.js:960:7
    at Object.fn (file:///home/siegfriedneto/projects/servicedeskn1/frontend/app/node_modules/@tanstack/router-core/dist/esm/scroll-restoration.js:180:27)
    at RouterCore.emit (file:///home/siegfriedneto/projects/servicedeskn1/frontend/app/node_modules/@tanstack/router-core/dist/esm/router.js:178:14)
    at file:///home/siegfriedneto/projects/servicedeskn1/frontend/app/node_modules/@tanstack/react-router/dist/esm/Transitioner.js:46:25
    at settleOwner (file:///home/siegfriedneto/projects/servicedeskn1/frontend/app/node_modules/@tanstack/react-router/dist/esm/Transitioner.js:10:10)
    at file:///home/siegfriedneto/projects/servicedeskn1/frontend/app/node_modules/@tanstack/react-router/dist/esm/Matches.js:38:39
    at Object.react_stack_bottom_frame (/home/siegfriedneto/projects/servicedeskn1/frontend/app/node_modules/react-dom/cjs/react-dom-client.development.js:25989:20)
    at runWithFiberInDEV (/home/siegfriedneto/projects/servicedeskn1/frontend/app/node_modules/react-dom/cjs/react-dom-client.development.js:874:13)
    at commitHookEffectListMount (/home/siegfriedneto/projects/servicedeskn1/frontend/app/node_modules/react-dom/cjs/react-dom-client.development.js:13249:29) undefined
Error: Not implemented: window.scrollTo
    at module.exports (/home/siegfriedneto/projects/servicedeskn1/frontend/app/node_modules/jsdom/lib/jsdom/browser/not-implemented.js:9:17)
    at /home/siegfriedneto/projects/servicedeskn1/frontend/app/node_modules/jsdom/lib/jsdom/browser/Window.js:960:7
    at Object.fn (file:///home/siegfriedneto/projects/servicedeskn1/frontend/app/node_modules/@tanstack/router-core/dist/esm/scroll-restoration.js:180:27)
    at RouterCore.emit (file:///home/siegfriedneto/projects/servicedeskn1/frontend/app/node_modules/@tanstack/router-core/dist/esm/router.js:178:14)
    at file:///home/siegfriedneto/projects/servicedeskn1/frontend/app/node_modules/@tanstack/react-router/dist/esm/Transitioner.js:46:25
    at settleOwner (file:///home/siegfriedneto/projects/servicedeskn1/frontend/app/node_modules/@tanstack/react-router/dist/esm/Transitioner.js:10:10)
    at file:///home/siegfriedneto/projects/servicedeskn1/frontend/app/node_modules/@tanstack/react-router/dist/esm/Matches.js:38:39
    at Object.react_stack_bottom_frame (/home/siegfriedneto/projects/servicedeskn1/frontend/app/node_modules/react-dom/cjs/react-dom-client.development.js:25989:20)
    at runWithFiberInDEV (/home/siegfriedneto/projects/servicedeskn1/frontend/app/node_modules/react-dom/cjs/react-dom-client.development.js:874:13)
    at commitHookEffectListMount (/home/siegfriedneto/projects/servicedeskn1/frontend/app/node_modules/react-dom/cjs/react-dom-client.development.js:13249:29) undefined
Error: Not implemented: window.scrollTo
    at module.exports (/home/siegfriedneto/projects/servicedeskn1/frontend/app/node_modules/jsdom/lib/jsdom/browser/not-implemented.js:9:17)
    at /home/siegfriedneto/projects/servicedeskn1/frontend/app/node_modules/jsdom/lib/jsdom/browser/Window.js:960:7
    at Object.fn (file:///home/siegfriedneto/projects/servicedeskn1/frontend/app/node_modules/@tanstack/router-core/dist/esm/scroll-restoration.js:180:27)
    at RouterCore.emit (file:///home/siegfriedneto/projects/servicedeskn1/frontend/app/node_modules/@tanstack/router-core/dist/esm/router.js:178:14)
    at file:///home/siegfriedneto/projects/servicedeskn1/frontend/app/node_modules/@tanstack/react-router/dist/esm/Transitioner.js:46:25
    at settleOwner (file:///home/siegfriedneto/projects/servicedeskn1/frontend/app/node_modules/@tanstack/react-router/dist/esm/Transitioner.js:10:10)
    at file:///home/siegfriedneto/projects/servicedeskn1/frontend/app/node_modules/@tanstack/react-router/dist/esm/Matches.js:38:39
    at Object.react_stack_bottom_frame (/home/siegfriedneto/projects/servicedeskn1/frontend/app/node_modules/react-dom/cjs/react-dom-client.development.js:25989:20)
    at runWithFiberInDEV (/home/siegfriedneto/projects/servicedeskn1/frontend/app/node_modules/react-dom/cjs/react-dom-client.development.js:874:13)
    at commitHookEffectListMount (/home/siegfriedneto/projects/servicedeskn1/frontend/app/node_modules/react-dom/cjs/react-dom-client.development.js:13249:29) undefined
Error: Not implemented: window.scrollTo
    at module.exports (/home/siegfriedneto/projects/servicedeskn1/frontend/app/node_modules/jsdom/lib/jsdom/browser/not-implemented.js:9:17)
    at /home/siegfriedneto/projects/servicedeskn1/frontend/app/node_modules/jsdom/lib/jsdom/browser/Window.js:960:7
    at Object.fn (file:///home/siegfriedneto/projects/servicedeskn1/frontend/app/node_modules/@tanstack/router-core/dist/esm/scroll-restoration.js:180:27)
    at RouterCore.emit (file:///home/siegfriedneto/projects/servicedeskn1/frontend/app/node_modules/@tanstack/router-core/dist/esm/router.js:178:14)
    at file:///home/siegfriedneto/projects/servicedeskn1/frontend/app/node_modules/@tanstack/react-router/dist/esm/Transitioner.js:46:25
    at settleOwner (file:///home/siegfriedneto/projects/servicedeskn1/frontend/app/node_modules/@tanstack/react-router/dist/esm/Transitioner.js:10:10)
    at file:///home/siegfriedneto/projects/servicedeskn1/frontend/app/node_modules/@tanstack/react-router/dist/esm/Matches.js:38:39
    at Object.react_stack_bottom_frame (/home/siegfriedneto/projects/servicedeskn1/frontend/app/node_modules/react-dom/cjs/react-dom-client.development.js:25989:20)
    at runWithFiberInDEV (/home/siegfriedneto/projects/servicedeskn1/frontend/app/node_modules/react-dom/cjs/react-dom-client.development.js:874:13)
    at commitHookEffectListMount (/home/siegfriedneto/projects/servicedeskn1/frontend/app/node_modules/react-dom/cjs/react-dom-client.development.js:13249:29) undefined
stderr | src/routes/connector-test-panel-dispatch-safety.spec.ts > ConnectorTestPanel — nothing displayed is persisted anywhere the rest of the app could read back (criterion 7) > issues no further read of the connectors, capabilities or subject-type vocabulary after a completed test call
Warning: useRouter must be used inside a <RouterProvider> component!

stderr | src/routes/connector-test-panel-dispatch-safety.spec.ts > ConnectorTestPanel — nothing displayed is persisted anywhere the rest of the app could read back (criterion 7) > issues no further read of the connectors, capabilities or subject-type vocabulary after a completed test call
Warning: useRouter must be used inside a <RouterProvider> component!

stderr | src/routes/connector-test-panel-dispatch-safety.spec.ts > ConnectorTestPanel — a dispatch failure of the test call itself resolves to one generic message (disclosed inference) > shows the fixed generic dispatch-failure message rather than the backend's own raw error text, even for a mapped error code
Warning: useRouter must be used inside a <RouterProvider> component!

stderr | src/routes/connector-test-panel-dispatch-safety.spec.ts > ConnectorTestPanel — a dispatch failure of the test call itself resolves to one generic message (disclosed inference) > shows the fixed generic dispatch-failure message rather than the backend's own raw error text, even for a mapped error code
Warning: useRouter must be used inside a <RouterProvider> component!

stderr | src/routes/connector-test-panel-dispatch-safety.spec.ts > ConnectorTestPanel — Test stays disabled until every required field is filled (edge case: an operation against a state that forbids it) > renders the Test button disabled, and issues no call, before any field has been filled
Warning: useRouter must be used inside a <RouterProvider> component!

stderr | src/routes/connector-test-panel-dispatch-safety.spec.ts > ConnectorTestPanel — Test stays disabled until every required field is filled (edge case: an operation against a state that forbids it) > renders the Test button disabled, and issues no call, before any field has been filled
Warning: useRouter must be used inside a <RouterProvider> component!

Error: Not implemented: window.scrollTo
    at module.exports (/home/siegfriedneto/projects/servicedeskn1/frontend/app/node_modules/jsdom/lib/jsdom/browser/not-implemented.js:9:17)
    at /home/siegfriedneto/projects/servicedeskn1/frontend/app/node_modules/jsdom/lib/jsdom/browser/Window.js:960:7
    at Object.fn (file:///home/siegfriedneto/projects/servicedeskn1/frontend/app/node_modules/@tanstack/router-core/dist/esm/scroll-restoration.js:180:27)
    at RouterCore.emit (file:///home/siegfriedneto/projects/servicedeskn1/frontend/app/node_modules/@tanstack/router-core/dist/esm/router.js:178:14)
    at file:///home/siegfriedneto/projects/servicedeskn1/frontend/app/node_modules/@tanstack/router-core/dist/esm/load-client.js:943:46
    at Router.batch (file:///home/siegfriedneto/projects/servicedeskn1/frontend/app/node_modules/@tanstack/store/dist/esm/atom.js:39:5)
    at file:///home/siegfriedneto/projects/servicedeskn1/frontend/app/node_modules/@tanstack/router-core/dist/esm/load-client.js:936:10
    at runClientTransaction (file:///home/siegfriedneto/projects/servicedeskn1/frontend/app/node_modules/@tanstack/router-core/dist/esm/load-client.js:902:2)
    at loadClientRoute (file:///home/siegfriedneto/projects/servicedeskn1/frontend/app/node_modules/@tanstack/router-core/dist/esm/load-client.js:1034:2)
    at RouterCore.load (file:///home/siegfriedneto/projects/servicedeskn1/frontend/app/node_modules/@tanstack/router-core/dist/esm/router.js:489:4) undefined
stderr | src/routes/connector-test-panel-dispatch-safety.spec.ts > ConnectorTestPanel — one dispatch per test run (edge case: two operations against one subject at once) > issues only one POST /v1/test-connector call when Test is clicked twice before the first call settles
Warning: useRouter must be used inside a <RouterProvider> component!

stderr | src/routes/connector-test-panel-dispatch-safety.spec.ts > ConnectorTestPanel — one dispatch per test run (edge case: two operations against one subject at once) > issues only one POST /v1/test-connector call when Test is clicked twice before the first call settles
Warning: useRouter must be used inside a <RouterProvider> component!

 ❯ src/routes/connector-test-panel-dispatch-safety.spec.ts (4 tests | 4 failed) 674ms
     × issues no further read of the connectors, capabilities or subject-type vocabulary after a completed test call 395ms
     × shows the fixed generic dispatch-failure message rather than the backend's own raw error text, even for a mapped error code 118ms
     × renders the Test button disabled, and issues no call, before any field has been filled 76ms
     × issues only one POST /v1/test-connector call when Test is clicked twice before the first call settles 79ms
Error: Not implemented: window.scrollTo
    at module.exports (/home/siegfriedneto/projects/servicedeskn1/frontend/app/node_modules/jsdom/lib/jsdom/browser/not-implemented.js:9:17)
    at /home/siegfriedneto/projects/servicedeskn1/frontend/app/node_modules/jsdom/lib/jsdom/browser/Window.js:960:7
    at Object.fn (file:///home/siegfriedneto/projects/servicedeskn1/frontend/app/node_modules/@tanstack/router-core/dist/esm/scroll-restoration.js:180:27)
    at RouterCore.emit (file:///home/siegfriedneto/projects/servicedeskn1/frontend/app/node_modules/@tanstack/router-core/dist/esm/router.js:178:14)
    at file:///home/siegfriedneto/projects/servicedeskn1/frontend/app/node_modules/@tanstack/react-router/dist/esm/Transitioner.js:46:25
    at settleOwner (file:///home/siegfriedneto/projects/servicedeskn1/frontend/app/node_modules/@tanstack/react-router/dist/esm/Transitioner.js:10:10)
    at file:///home/siegfriedneto/projects/servicedeskn1/frontend/app/node_modules/@tanstack/react-router/dist/esm/Matches.js:38:39
    at Object.react_stack_bottom_frame (/home/siegfriedneto/projects/servicedeskn1/frontend/app/node_modules/react-dom/cjs/react-dom-client.development.js:25989:20)
    at runWithFiberInDEV (/home/siegfriedneto/projects/servicedeskn1/frontend/app/node_modules/react-dom/cjs/react-dom-client.development.js:874:13)
    at commitHookEffectListMount (/home/siegfriedneto/projects/servicedeskn1/frontend/app/node_modules/react-dom/cjs/react-dom-client.development.js:13249:29) undefined
Error: Not implemented: window.scrollTo
    at module.exports (/home/siegfriedneto/projects/servicedeskn1/frontend/app/node_modules/jsdom/lib/jsdom/browser/not-implemented.js:9:17)
    at /home/siegfriedneto/projects/servicedeskn1/frontend/app/node_modules/jsdom/lib/jsdom/browser/Window.js:960:7
    at Object.fn (file:///home/siegfriedneto/projects/servicedeskn1/frontend/app/node_modules/@tanstack/router-core/dist/esm/scroll-restoration.js:180:27)
    at RouterCore.emit (file:///home/siegfriedneto/projects/servicedeskn1/frontend/app/node_modules/@tanstack/router-core/dist/esm/router.js:178:14)
    at file:///home/siegfriedneto/projects/servicedeskn1/frontend/app/node_modules/@tanstack/react-router/dist/esm/Transitioner.js:46:25
    at settleOwner (file:///home/siegfriedneto/projects/servicedeskn1/frontend/app/node_modules/@tanstack/react-router/dist/esm/Transitioner.js:10:10)
    at file:///home/siegfriedneto/projects/servicedeskn1/frontend/app/node_modules/@tanstack/react-router/dist/esm/Matches.js:38:39
    at Object.react_stack_bottom_frame (/home/siegfriedneto/projects/servicedeskn1/frontend/app/node_modules/react-dom/cjs/react-dom-client.development.js:25989:20)
    at runWithFiberInDEV (/home/siegfriedneto/projects/servicedeskn1/frontend/app/node_modules/react-dom/cjs/react-dom-client.development.js:874:13)
    at commitHookEffectListMount (/home/siegfriedneto/projects/servicedeskn1/frontend/app/node_modules/react-dom/cjs/react-dom-client.development.js:13249:29) undefined
Error: Not implemented: window.scrollTo
    at module.exports (/home/siegfriedneto/projects/servicedeskn1/frontend/app/node_modules/jsdom/lib/jsdom/browser/not-implemented.js:9:17)
    at /home/siegfriedneto/projects/servicedeskn1/frontend/app/node_modules/jsdom/lib/jsdom/browser/Window.js:960:7
    at Object.fn (file:///home/siegfriedneto/projects/servicedeskn1/frontend/app/node_modules/@tanstack/router-core/dist/esm/scroll-restoration.js:180:27)
    at RouterCore.emit (file:///home/siegfriedneto/projects/servicedeskn1/frontend/app/node_modules/@tanstack/router-core/dist/esm/router.js:178:14)
    at file:///home/siegfriedneto/projects/servicedeskn1/frontend/app/node_modules/@tanstack/react-router/dist/esm/Transitioner.js:46:25
    at settleOwner (file:///home/siegfriedneto/projects/servicedeskn1/frontend/app/node_modules/@tanstack/react-router/dist/esm/Transitioner.js:10:10)
    at file:///home/siegfriedneto/projects/servicedeskn1/frontend/app/node_modules/@tanstack/react-router/dist/esm/Matches.js:38:39
    at Object.react_stack_bottom_frame (/home/siegfriedneto/projects/servicedeskn1/frontend/app/node_modules/react-dom/cjs/react-dom-client.development.js:25989:20)
    at runWithFiberInDEV (/home/siegfriedneto/projects/servicedeskn1/frontend/app/node_modules/react-dom/cjs/react-dom-client.development.js:874:13)
    at commitHookEffectListMount (/home/siegfriedneto/projects/servicedeskn1/frontend/app/node_modules/react-dom/cjs/react-dom-client.development.js:13249:29) undefined
Error: Not implemented: window.scrollTo
    at module.exports (/home/siegfriedneto/projects/servicedeskn1/frontend/app/node_modules/jsdom/lib/jsdom/browser/not-implemented.js:9:17)
    at /home/siegfriedneto/projects/servicedeskn1/frontend/app/node_modules/jsdom/lib/jsdom/browser/Window.js:960:7
    at Object.fn (file:///home/siegfriedneto/projects/servicedeskn1/frontend/app/node_modules/@tanstack/router-core/dist/esm/scroll-restoration.js:180:27)
    at RouterCore.emit (file:///home/siegfriedneto/projects/servicedeskn1/frontend/app/node_modules/@tanstack/router-core/dist/esm/router.js:178:14)
    at file:///home/siegfriedneto/projects/servicedeskn1/frontend/app/node_modules/@tanstack/react-router/dist/esm/Transitioner.js:46:25
    at settleOwner (file:///home/siegfriedneto/projects/servicedeskn1/frontend/app/node_modules/@tanstack/react-router/dist/esm/Transitioner.js:10:10)
    at file:///home/siegfriedneto/projects/servicedeskn1/frontend/app/node_modules/@tanstack/react-router/dist/esm/Matches.js:38:39
    at Object.react_stack_bottom_frame (/home/siegfriedneto/projects/servicedeskn1/frontend/app/node_modules/react-dom/cjs/react-dom-client.development.js:25989:20)
    at runWithFiberInDEV (/home/siegfriedneto/projects/servicedeskn1/frontend/app/node_modules/react-dom/cjs/react-dom-client.development.js:874:13)
    at commitHookEffectListMount (/home/siegfriedneto/projects/servicedeskn1/frontend/app/node_modules/react-dom/cjs/react-dom-client.development.js:13249:29) undefined
Error: Not implemented: window.scrollTo
    at module.exports (/home/siegfriedneto/projects/servicedeskn1/frontend/app/node_modules/jsdom/lib/jsdom/browser/not-implemented.js:9:17)
    at /home/siegfriedneto/projects/servicedeskn1/frontend/app/node_modules/jsdom/lib/jsdom/browser/Window.js:960:7
    at Object.fn (file:///home/siegfriedneto/projects/servicedeskn1/frontend/app/node_modules/@tanstack/router-core/dist/esm/scroll-restoration.js:180:27)
    at RouterCore.emit (file:///home/siegfriedneto/projects/servicedeskn1/frontend/app/node_modules/@tanstack/router-core/dist/esm/router.js:178:14)
    at file:///home/siegfriedneto/projects/servicedeskn1/frontend/app/node_modules/@tanstack/react-router/dist/esm/Transitioner.js:46:25
    at settleOwner (file:///home/siegfriedneto/projects/servicedeskn1/frontend/app/node_modules/@tanstack/react-router/dist/esm/Transitioner.js:10:10)
    at file:///home/siegfriedneto/projects/servicedeskn1/frontend/app/node_modules/@tanstack/react-router/dist/esm/Matches.js:38:39
    at Object.react_stack_bottom_frame (/home/siegfriedneto/projects/servicedeskn1/frontend/app/node_modules/react-dom/cjs/react-dom-client.development.js:25989:20)
    at runWithFiberInDEV (/home/siegfriedneto/projects/servicedeskn1/frontend/app/node_modules/react-dom/cjs/react-dom-client.development.js:874:13)
    at commitHookEffectListMount (/home/siegfriedneto/projects/servicedeskn1/frontend/app/node_modules/react-dom/cjs/react-dom-client.development.js:13249:29) undefined
Error: Not implemented: window.scrollTo
    at module.exports (/home/siegfriedneto/projects/servicedeskn1/frontend/app/node_modules/jsdom/lib/jsdom/browser/not-implemented.js:9:17)
    at /home/siegfriedneto/projects/servicedeskn1/frontend/app/node_modules/jsdom/lib/jsdom/browser/Window.js:960:7
    at Object.fn (file:///home/siegfriedneto/projects/servicedeskn1/frontend/app/node_modules/@tanstack/router-core/dist/esm/scroll-restoration.js:180:27)
    at RouterCore.emit (file:///home/siegfriedneto/projects/servicedeskn1/frontend/app/node_modules/@tanstack/router-core/dist/esm/router.js:178:14)
    at file:///home/siegfriedneto/projects/servicedeskn1/frontend/app/node_modules/@tanstack/react-router/dist/esm/Transitioner.js:46:25
    at settleOwner (file:///home/siegfriedneto/projects/servicedeskn1/frontend/app/node_modules/@tanstack/react-router/dist/esm/Transitioner.js:10:10)
    at file:///home/siegfriedneto/projects/servicedeskn1/frontend/app/node_modules/@tanstack/react-router/dist/esm/Matches.js:38:39
    at Object.react_stack_bottom_frame (/home/siegfriedneto/projects/servicedeskn1/frontend/app/node_modules/react-dom/cjs/react-dom-client.development.js:25989:20)
    at runWithFiberInDEV (/home/siegfriedneto/projects/servicedeskn1/frontend/app/node_modules/react-dom/cjs/react-dom-client.development.js:874:13)
    at commitHookEffectListMount (/home/siegfriedneto/projects/servicedeskn1/frontend/app/node_modules/react-dom/cjs/react-dom-client.development.js:13249:29) undefined
Error: Not implemented: window.scrollTo
    at module.exports (/home/siegfriedneto/projects/servicedeskn1/frontend/app/node_modules/jsdom/lib/jsdom/browser/not-implemented.js:9:17)
    at /home/siegfriedneto/projects/servicedeskn1/frontend/app/node_modules/jsdom/lib/jsdom/browser/Window.js:960:7
    at Object.fn (file:///home/siegfriedneto/projects/servicedeskn1/frontend/app/node_modules/@tanstack/router-core/dist/esm/scroll-restoration.js:180:27)
    at RouterCore.emit (file:///home/siegfriedneto/projects/servicedeskn1/frontend/app/node_modules/@tanstack/router-core/dist/esm/router.js:178:14)
    at file:///home/siegfriedneto/projects/servicedeskn1/frontend/app/node_modules/@tanstack/react-router/dist/esm/Transitioner.js:46:25
    at settleOwner (file:///home/siegfriedneto/projects/servicedeskn1/frontend/app/node_modules/@tanstack/react-router/dist/esm/Transitioner.js:10:10)
    at file:///home/siegfriedneto/projects/servicedeskn1/frontend/app/node_modules/@tanstack/react-router/dist/esm/Matches.js:38:39
    at Object.react_stack_bottom_frame (/home/siegfriedneto/projects/servicedeskn1/frontend/app/node_modules/react-dom/cjs/react-dom-client.development.js:25989:20)
    at runWithFiberInDEV (/home/siegfriedneto/projects/servicedeskn1/frontend/app/node_modules/react-dom/cjs/react-dom-client.development.js:874:13)
    at commitHookEffectListMount (/home/siegfriedneto/projects/servicedeskn1/frontend/app/node_modules/react-dom/cjs/react-dom-client.development.js:13249:29) undefined
Error: Not implemented: window.scrollTo
    at module.exports (/home/siegfriedneto/projects/servicedeskn1/frontend/app/node_modules/jsdom/lib/jsdom/browser/not-implemented.js:9:17)
    at /home/siegfriedneto/projects/servicedeskn1/frontend/app/node_modules/jsdom/lib/jsdom/browser/Window.js:960:7
    at Object.fn (file:///home/siegfriedneto/projects/servicedeskn1/frontend/app/node_modules/@tanstack/router-core/dist/esm/scroll-restoration.js:180:27)
    at RouterCore.emit (file:///home/siegfriedneto/projects/servicedeskn1/frontend/app/node_modules/@tanstack/router-core/dist/esm/router.js:178:14)
    at file:///home/siegfriedneto/projects/servicedeskn1/frontend/app/node_modules/@tanstack/react-router/dist/esm/Transitioner.js:46:25
    at settleOwner (file:///home/siegfriedneto/projects/servicedeskn1/frontend/app/node_modules/@tanstack/react-router/dist/esm/Transitioner.js:10:10)
    at file:///home/siegfriedneto/projects/servicedeskn1/frontend/app/node_modules/@tanstack/react-router/dist/esm/Matches.js:38:39
    at Object.react_stack_bottom_frame (/home/siegfriedneto/projects/servicedeskn1/frontend/app/node_modules/react-dom/cjs/react-dom-client.development.js:25989:20)
    at runWithFiberInDEV (/home/siegfriedneto/projects/servicedeskn1/frontend/app/node_modules/react-dom/cjs/react-dom-client.development.js:874:13)
    at commitHookEffectListMount (/home/siegfriedneto/projects/servicedeskn1/frontend/app/node_modules/react-dom/cjs/react-dom-client.development.js:13249:29) undefined
Error: Not implemented: window.scrollTo
    at module.exports (/home/siegfriedneto/projects/servicedeskn1/frontend/app/node_modules/jsdom/lib/jsdom/browser/not-implemented.js:9:17)
    at /home/siegfriedneto/projects/servicedeskn1/frontend/app/node_modules/jsdom/lib/jsdom/browser/Window.js:960:7
    at Object.fn (file:///home/siegfriedneto/projects/servicedeskn1/frontend/app/node_modules/@tanstack/router-core/dist/esm/scroll-restoration.js:180:27)
    at RouterCore.emit (file:///home/siegfriedneto/projects/servicedeskn1/frontend/app/node_modules/@tanstack/router-core/dist/esm/router.js:178:14)
    at file:///home/siegfriedneto/projects/servicedeskn1/frontend/app/node_modules/@tanstack/react-router/dist/esm/Transitioner.js:46:25
    at settleOwner (file:///home/siegfriedneto/projects/servicedeskn1/frontend/app/node_modules/@tanstack/react-router/dist/esm/Transitioner.js:10:10)
    at file:///home/siegfriedneto/projects/servicedeskn1/frontend/app/node_modules/@tanstack/react-router/dist/esm/Matches.js:38:39
    at Object.react_stack_bottom_frame (/home/siegfriedneto/projects/servicedeskn1/frontend/app/node_modules/react-dom/cjs/react-dom-client.development.js:25989:20)
    at runWithFiberInDEV (/home/siegfriedneto/projects/servicedeskn1/frontend/app/node_modules/react-dom/cjs/react-dom-client.development.js:874:13)
    at commitHookEffectListMount (/home/siegfriedneto/projects/servicedeskn1/frontend/app/node_modules/react-dom/cjs/react-dom-client.development.js:13249:29) undefined
Error: Not implemented: window.scrollTo
    at module.exports (/home/siegfriedneto/projects/servicedeskn1/frontend/app/node_modules/jsdom/lib/jsdom/browser/not-implemented.js:9:17)
    at /home/siegfriedneto/projects/servicedeskn1/frontend/app/node_modules/jsdom/lib/jsdom/browser/Window.js:960:7
    at Object.fn (file:///home/siegfriedneto/projects/servicedeskn1/frontend/app/node_modules/@tanstack/router-core/dist/esm/scroll-restoration.js:180:27)
    at RouterCore.emit (file:///home/siegfriedneto/projects/servicedeskn1/frontend/app/node_modules/@tanstack/router-core/dist/esm/router.js:178:14)
    at file:///home/siegfriedneto/projects/servicedeskn1/frontend/app/node_modules/@tanstack/router-core/dist/esm/load-client.js:943:46
    at Router.batch (file:///home/siegfriedneto/projects/servicedeskn1/frontend/app/node_modules/@tanstack/store/dist/esm/atom.js:39:5)
    at file:///home/siegfriedneto/projects/servicedeskn1/frontend/app/node_modules/@tanstack/router-core/dist/esm/load-client.js:936:10
    at runClientTransaction (file:///home/siegfriedneto/projects/servicedeskn1/frontend/app/node_modules/@tanstack/router-core/dist/esm/load-client.js:902:2)
    at loadClientRoute (file:///home/siegfriedneto/projects/servicedeskn1/frontend/app/node_modules/@tanstack/router-core/dist/esm/load-client.js:1034:2)
    at RouterCore.load (file:///home/siegfriedneto/projects/servicedeskn1/frontend/app/node_modules/@tanstack/router-core/dist/esm/router.js:489:4) undefined
stderr | src/routes/connector-test-panel-request-response.spec.ts > ConnectorTestPanel — clicking "Test" displays the raw request actually sent (criterion 4) > shows the method, resolved address, headers and body exactly as the response echoed them back
Warning: useRouter must be used inside a <RouterProvider> component!

stderr | src/routes/connector-test-panel-request-response.spec.ts > ConnectorTestPanel — clicking "Test" displays the raw request actually sent (criterion 4) > shows the method, resolved address, headers and body exactly as the response echoed them back
Warning: useRouter must be used inside a <RouterProvider> component!

Error: Not implemented: window.scrollTo
    at module.exports (/home/siegfriedneto/projects/servicedeskn1/frontend/app/node_modules/jsdom/lib/jsdom/browser/not-implemented.js:9:17)
    at /home/siegfriedneto/projects/servicedeskn1/frontend/app/node_modules/jsdom/lib/jsdom/browser/Window.js:960:7
    at Object.fn (file:///home/siegfriedneto/projects/servicedeskn1/frontend/app/node_modules/@tanstack/router-core/dist/esm/scroll-restoration.js:180:27)
    at RouterCore.emit (file:///home/siegfriedneto/projects/servicedeskn1/frontend/app/node_modules/@tanstack/router-core/dist/esm/router.js:178:14)
    at file:///home/siegfriedneto/projects/servicedeskn1/frontend/app/node_modules/@tanstack/react-router/dist/esm/Transitioner.js:46:25
    at settleOwner (file:///home/siegfriedneto/projects/servicedeskn1/frontend/app/node_modules/@tanstack/react-router/dist/esm/Transitioner.js:10:10)
    at file:///home/siegfriedneto/projects/servicedeskn1/frontend/app/node_modules/@tanstack/react-router/dist/esm/Matches.js:38:39
    at Object.react_stack_bottom_frame (/home/siegfriedneto/projects/servicedeskn1/frontend/app/node_modules/react-dom/cjs/react-dom-client.development.js:25989:20)
    at runWithFiberInDEV (/home/siegfriedneto/projects/servicedeskn1/frontend/app/node_modules/react-dom/cjs/react-dom-client.development.js:874:13)
    at commitHookEffectListMount (/home/siegfriedneto/projects/servicedeskn1/frontend/app/node_modules/react-dom/cjs/react-dom-client.development.js:13249:29) undefined
Error: Not implemented: window.scrollTo
    at module.exports (/home/siegfriedneto/projects/servicedeskn1/frontend/app/node_modules/jsdom/lib/jsdom/browser/not-implemented.js:9:17)
    at /home/siegfriedneto/projects/servicedeskn1/frontend/app/node_modules/jsdom/lib/jsdom/browser/Window.js:960:7
    at Object.fn (file:///home/siegfriedneto/projects/servicedeskn1/frontend/app/node_modules/@tanstack/router-core/dist/esm/scroll-restoration.js:180:27)
    at RouterCore.emit (file:///home/siegfriedneto/projects/servicedeskn1/frontend/app/node_modules/@tanstack/router-core/dist/esm/router.js:178:14)
    at file:///home/siegfriedneto/projects/servicedeskn1/frontend/app/node_modules/@tanstack/react-router/dist/esm/Transitioner.js:46:25
    at settleOwner (file:///home/siegfriedneto/projects/servicedeskn1/frontend/app/node_modules/@tanstack/react-router/dist/esm/Transitioner.js:10:10)
    at file:///home/siegfriedneto/projects/servicedeskn1/frontend/app/node_modules/@tanstack/react-router/dist/esm/Matches.js:38:39
    at Object.react_stack_bottom_frame (/home/siegfriedneto/projects/servicedeskn1/frontend/app/node_modules/react-dom/cjs/react-dom-client.development.js:25989:20)
    at runWithFiberInDEV (/home/siegfriedneto/projects/servicedeskn1/frontend/app/node_modules/react-dom/cjs/react-dom-client.development.js:874:13)
    at commitHookEffectListMount (/home/siegfriedneto/projects/servicedeskn1/frontend/app/node_modules/react-dom/cjs/react-dom-client.development.js:13249:29) undefined
stderr | src/routes/connector-test-panel-request-response.spec.ts > ConnectorTestPanel — a completed call displays the raw response actually received (criterion 5) > shows the status, elapsed time, headers and body exactly as the response carried them
Warning: useRouter must be used inside a <RouterProvider> component!

stderr | src/routes/connector-test-panel-request-response.spec.ts > ConnectorTestPanel — a completed call displays the raw response actually received (criterion 5) > shows the status, elapsed time, headers and body exactly as the response carried them
Warning: useRouter must be used inside a <RouterProvider> component!

stderr | src/routes/connector-test-panel-request-response.spec.ts > ConnectorTestPanel — a timed-out call displays the raw timeout, never a parsed or summarized result (criterion 6) > shows only the elapsed time for a timed-out call, with no status or body rendered as though a response had arrived
Warning: useRouter must be used inside a <RouterProvider> component!

stderr | src/routes/connector-test-panel-request-response.spec.ts > ConnectorTestPanel — a timed-out call displays the raw timeout, never a parsed or summarized result (criterion 6) > shows only the elapsed time for a timed-out call, with no status or body rendered as though a response had arrived
Warning: useRouter must be used inside a <RouterProvider> component!

stderr | src/routes/connector-test-panel-request-response.spec.ts > ConnectorTestPanel — a failed call displays the raw error, never a parsed or summarized result (criterion 6) > shows the raw error message and elapsed time verbatim, with no status or body rendered as though a response had arrived
Warning: useRouter must be used inside a <RouterProvider> component!

stderr | src/routes/connector-test-panel-request-response.spec.ts > ConnectorTestPanel — a failed call displays the raw error, never a parsed or summarized result (criterion 6) > shows the raw error message and elapsed time verbatim, with no status or body rendered as though a response had arrived
Warning: useRouter must be used inside a <RouterProvider> component!

 ❯ src/routes/connector-test-panel-request-response.spec.ts (4 tests | 4 failed) 775ms
     × shows the method, resolved address, headers and body exactly as the response echoed them back 402ms
     × shows the status, elapsed time, headers and body exactly as the response carried them 204ms
     × shows only the elapsed time for a timed-out call, with no status or body rendered as though a response had arrived 72ms
     × shows the raw error message and elapsed time verbatim, with no status or body rendered as though a response had arrived 85ms
Error: Not implemented: window.scrollTo
    at module.exports (/home/siegfriedneto/projects/servicedeskn1/frontend/app/node_modules/jsdom/lib/jsdom/browser/not-implemented.js:9:17)
    at /home/siegfriedneto/projects/servicedeskn1/frontend/app/node_modules/jsdom/lib/jsdom/browser/Window.js:960:7
    at Object.fn (file:///home/siegfriedneto/projects/servicedeskn1/frontend/app/node_modules/@tanstack/router-core/dist/esm/scroll-restoration.js:180:27)
    at RouterCore.emit (file:///home/siegfriedneto/projects/servicedeskn1/frontend/app/node_modules/@tanstack/router-core/dist/esm/router.js:178:14)
    at file:///home/siegfriedneto/projects/servicedeskn1/frontend/app/node_modules/@tanstack/react-router/dist/esm/Transitioner.js:46:25
    at settleOwner (file:///home/siegfriedneto/projects/servicedeskn1/frontend/app/node_modules/@tanstack/react-router/dist/esm/Transitioner.js:10:10)
    at file:///home/siegfriedneto/projects/servicedeskn1/frontend/app/node_modules/@tanstack/react-router/dist/esm/Matches.js:38:39
    at Object.react_stack_bottom_frame (/home/siegfriedneto/projects/servicedeskn1/frontend/app/node_modules/react-dom/cjs/react-dom-client.development.js:25989:20)
    at runWithFiberInDEV (/home/siegfriedneto/projects/servicedeskn1/frontend/app/node_modules/react-dom/cjs/react-dom-client.development.js:874:13)
    at commitHookEffectListMount (/home/siegfriedneto/projects/servicedeskn1/frontend/app/node_modules/react-dom/cjs/react-dom-client.development.js:13249:29) undefined
Error: Not implemented: window.scrollTo
    at module.exports (/home/siegfriedneto/projects/servicedeskn1/frontend/app/node_modules/jsdom/lib/jsdom/browser/not-implemented.js:9:17)
    at /home/siegfriedneto/projects/servicedeskn1/frontend/app/node_modules/jsdom/lib/jsdom/browser/Window.js:960:7
    at Object.fn (file:///home/siegfriedneto/projects/servicedeskn1/frontend/app/node_modules/@tanstack/router-core/dist/esm/scroll-restoration.js:180:27)
    at RouterCore.emit (file:///home/siegfriedneto/projects/servicedeskn1/frontend/app/node_modules/@tanstack/router-core/dist/esm/router.js:178:14)
    at file:///home/siegfriedneto/projects/servicedeskn1/frontend/app/node_modules/@tanstack/react-router/dist/esm/Transitioner.js:46:25
    at settleOwner (file:///home/siegfriedneto/projects/servicedeskn1/frontend/app/node_modules/@tanstack/react-router/dist/esm/Transitioner.js:10:10)
    at file:///home/siegfriedneto/projects/servicedeskn1/frontend/app/node_modules/@tanstack/react-router/dist/esm/Matches.js:38:39
    at Object.react_stack_bottom_frame (/home/siegfriedneto/projects/servicedeskn1/frontend/app/node_modules/react-dom/cjs/react-dom-client.development.js:25989:20)
    at runWithFiberInDEV (/home/siegfriedneto/projects/servicedeskn1/frontend/app/node_modules/react-dom/cjs/react-dom-client.development.js:874:13)
    at commitHookEffectListMount (/home/siegfriedneto/projects/servicedeskn1/frontend/app/node_modules/react-dom/cjs/react-dom-client.development.js:13249:29) undefined
Error: Not implemented: window.scrollTo
    at module.exports (/home/siegfriedneto/projects/servicedeskn1/frontend/app/node_modules/jsdom/lib/jsdom/browser/not-implemented.js:9:17)
    at /home/siegfriedneto/projects/servicedeskn1/frontend/app/node_modules/jsdom/lib/jsdom/browser/Window.js:960:7
    at Object.fn (file:///home/siegfriedneto/projects/servicedeskn1/frontend/app/node_modules/@tanstack/router-core/dist/esm/scroll-restoration.js:180:27)
    at RouterCore.emit (file:///home/siegfriedneto/projects/servicedeskn1/frontend/app/node_modules/@tanstack/router-core/dist/esm/router.js:178:14)
    at file:///home/siegfriedneto/projects/servicedeskn1/frontend/app/node_modules/@tanstack/react-router/dist/esm/Transitioner.js:46:25
    at settleOwner (file:///home/siegfriedneto/projects/servicedeskn1/frontend/app/node_modules/@tanstack/react-router/dist/esm/Transitioner.js:10:10)
    at file:///home/siegfriedneto/projects/servicedeskn1/frontend/app/node_modules/@tanstack/react-router/dist/esm/Matches.js:38:39
    at Object.react_stack_bottom_frame (/home/siegfriedneto/projects/servicedeskn1/frontend/app/node_modules/react-dom/cjs/react-dom-client.development.js:25989:20)
    at runWithFiberInDEV (/home/siegfriedneto/projects/servicedeskn1/frontend/app/node_modules/react-dom/cjs/react-dom-client.development.js:874:13)
    at commitHookEffectListMount (/home/siegfriedneto/projects/servicedeskn1/frontend/app/node_modules/react-dom/cjs/react-dom-client.development.js:13249:29) undefined
Error: Not implemented: window.scrollTo
    at module.exports (/home/siegfriedneto/projects/servicedeskn1/frontend/app/node_modules/jsdom/lib/jsdom/browser/not-implemented.js:9:17)
    at /home/siegfriedneto/projects/servicedeskn1/frontend/app/node_modules/jsdom/lib/jsdom/browser/Window.js:960:7
    at Object.fn (file:///home/siegfriedneto/projects/servicedeskn1/frontend/app/node_modules/@tanstack/router-core/dist/esm/scroll-restoration.js:180:27)
    at RouterCore.emit (file:///home/siegfriedneto/projects/servicedeskn1/frontend/app/node_modules/@tanstack/router-core/dist/esm/router.js:178:14)
    at file:///home/siegfriedneto/projects/servicedeskn1/frontend/app/node_modules/@tanstack/router-core/dist/esm/load-client.js:943:46
    at Router.batch (file:///home/siegfriedneto/projects/servicedeskn1/frontend/app/node_modules/@tanstack/store/dist/esm/atom.js:39:5)
    at file:///home/siegfriedneto/projects/servicedeskn1/frontend/app/node_modules/@tanstack/router-core/dist/esm/load-client.js:936:10
    at runClientTransaction (file:///home/siegfriedneto/projects/servicedeskn1/frontend/app/node_modules/@tanstack/router-core/dist/esm/load-client.js:902:2)
    at loadClientRoute (file:///home/siegfriedneto/projects/servicedeskn1/frontend/app/node_modules/@tanstack/router-core/dist/esm/load-client.js:1034:2)
    at RouterCore.load (file:///home/siegfriedneto/projects/servicedeskn1/frontend/app/node_modules/@tanstack/router-core/dist/esm/router.js:489:4) undefined
Error: Not implemented: window.scrollTo
    at module.exports (/home/siegfriedneto/projects/servicedeskn1/frontend/app/node_modules/jsdom/lib/jsdom/browser/not-implemented.js:9:17)
    at /home/siegfriedneto/projects/servicedeskn1/frontend/app/node_modules/jsdom/lib/jsdom/browser/Window.js:960:7
    at Object.fn (file:///home/siegfriedneto/projects/servicedeskn1/frontend/app/node_modules/@tanstack/router-core/dist/esm/scroll-restoration.js:180:27)
    at RouterCore.emit (file:///home/siegfriedneto/projects/servicedeskn1/frontend/app/node_modules/@tanstack/router-core/dist/esm/router.js:178:14)
    at file:///home/siegfriedneto/projects/servicedeskn1/frontend/app/node_modules/@tanstack/react-router/dist/esm/Transitioner.js:46:25
    at settleOwner (file:///home/siegfriedneto/projects/servicedeskn1/frontend/app/node_modules/@tanstack/react-router/dist/esm/Transitioner.js:10:10)
    at file:///home/siegfriedneto/projects/servicedeskn1/frontend/app/node_modules/@tanstack/react-router/dist/esm/Matches.js:38:39
    at Object.react_stack_bottom_frame (/home/siegfriedneto/projects/servicedeskn1/frontend/app/node_modules/react-dom/cjs/react-dom-client.development.js:25989:20)
    at runWithFiberInDEV (/home/siegfriedneto/projects/servicedeskn1/frontend/app/node_modules/react-dom/cjs/react-dom-client.development.js:874:13)
    at commitHookEffectListMount (/home/siegfriedneto/projects/servicedeskn1/frontend/app/node_modules/react-dom/cjs/react-dom-client.development.js:13249:29) undefined
Error: Not implemented: window.scrollTo
    at module.exports (/home/siegfriedneto/projects/servicedeskn1/frontend/app/node_modules/jsdom/lib/jsdom/browser/not-implemented.js:9:17)
    at /home/siegfriedneto/projects/servicedeskn1/frontend/app/node_modules/jsdom/lib/jsdom/browser/Window.js:960:7
    at Object.fn (file:///home/siegfriedneto/projects/servicedeskn1/frontend/app/node_modules/@tanstack/router-core/dist/esm/scroll-restoration.js:180:27)
    at RouterCore.emit (file:///home/siegfriedneto/projects/servicedeskn1/frontend/app/node_modules/@tanstack/router-core/dist/esm/router.js:178:14)
    at file:///home/siegfriedneto/projects/servicedeskn1/frontend/app/node_modules/@tanstack/react-router/dist/esm/Transitioner.js:46:25
    at settleOwner (file:///home/siegfriedneto/projects/servicedeskn1/frontend/app/node_modules/@tanstack/react-router/dist/esm/Transitioner.js:10:10)
    at file:///home/siegfriedneto/projects/servicedeskn1/frontend/app/node_modules/@tanstack/react-router/dist/esm/Matches.js:38:39
    at Object.react_stack_bottom_frame (/home/siegfriedneto/projects/servicedeskn1/frontend/app/node_modules/react-dom/cjs/react-dom-client.development.js:25989:20)
    at runWithFiberInDEV (/home/siegfriedneto/projects/servicedeskn1/frontend/app/node_modules/react-dom/cjs/react-dom-client.development.js:874:13)
    at commitHookEffectListMount (/home/siegfriedneto/projects/servicedeskn1/frontend/app/node_modules/react-dom/cjs/react-dom-client.development.js:13249:29) undefined
Error: Not implemented: window.scrollTo
    at module.exports (/home/siegfriedneto/projects/servicedeskn1/frontend/app/node_modules/jsdom/lib/jsdom/browser/not-implemented.js:9:17)
    at /home/siegfriedneto/projects/servicedeskn1/frontend/app/node_modules/jsdom/lib/jsdom/browser/Window.js:960:7
    at Object.fn (file:///home/siegfriedneto/projects/servicedeskn1/frontend/app/node_modules/@tanstack/router-core/dist/esm/scroll-restoration.js:180:27)
    at RouterCore.emit (file:///home/siegfriedneto/projects/servicedeskn1/frontend/app/node_modules/@tanstack/router-core/dist/esm/router.js:178:14)
    at file:///home/siegfriedneto/projects/servicedeskn1/frontend/app/node_modules/@tanstack/react-router/dist/esm/Transitioner.js:46:25
    at settleOwner (file:///home/siegfriedneto/projects/servicedeskn1/frontend/app/node_modules/@tanstack/react-router/dist/esm/Transitioner.js:10:10)
    at file:///home/siegfriedneto/projects/servicedeskn1/frontend/app/node_modules/@tanstack/react-router/dist/esm/Matches.js:38:39
    at Object.react_stack_bottom_frame (/home/siegfriedneto/projects/servicedeskn1/frontend/app/node_modules/react-dom/cjs/react-dom-client.development.js:25989:20)
    at runWithFiberInDEV (/home/siegfriedneto/projects/servicedeskn1/frontend/app/node_modules/react-dom/cjs/react-dom-client.development.js:874:13)
    at commitHookEffectListMount (/home/siegfriedneto/projects/servicedeskn1/frontend/app/node_modules/react-dom/cjs/react-dom-client.development.js:13249:29) undefined
Error: Not implemented: window.scrollTo
    at module.exports (/home/siegfriedneto/projects/servicedeskn1/frontend/app/node_modules/jsdom/lib/jsdom/browser/not-implemented.js:9:17)
    at /home/siegfriedneto/projects/servicedeskn1/frontend/app/node_modules/jsdom/lib/jsdom/browser/Window.js:960:7
    at Object.fn (file:///home/siegfriedneto/projects/servicedeskn1/frontend/app/node_modules/@tanstack/router-core/dist/esm/scroll-restoration.js:180:27)
    at RouterCore.emit (file:///home/siegfriedneto/projects/servicedeskn1/frontend/app/node_modules/@tanstack/router-core/dist/esm/router.js:178:14)
    at file:///home/siegfriedneto/projects/servicedeskn1/frontend/app/node_modules/@tanstack/react-router/dist/esm/Transitioner.js:46:25
    at settleOwner (file:///home/siegfriedneto/projects/servicedeskn1/frontend/app/node_modules/@tanstack/react-router/dist/esm/Transitioner.js:10:10)
    at file:///home/siegfriedneto/projects/servicedeskn1/frontend/app/node_modules/@tanstack/react-router/dist/esm/Matches.js:38:39
    at Object.react_stack_bottom_frame (/home/siegfriedneto/projects/servicedeskn1/frontend/app/node_modules/react-dom/cjs/react-dom-client.development.js:25989:20)
    at runWithFiberInDEV (/home/siegfriedneto/projects/servicedeskn1/frontend/app/node_modules/react-dom/cjs/react-dom-client.development.js:874:13)
    at commitHookEffectListMount (/home/siegfriedneto/projects/servicedeskn1/frontend/app/node_modules/react-dom/cjs/react-dom-client.development.js:13249:29) undefined
Error: Not implemented: window.scrollTo
    at module.exports (/home/siegfriedneto/projects/servicedeskn1/frontend/app/node_modules/jsdom/lib/jsdom/browser/not-implemented.js:9:17)
    at /home/siegfriedneto/projects/servicedeskn1/frontend/app/node_modules/jsdom/lib/jsdom/browser/Window.js:960:7
    at Object.fn (file:///home/siegfriedneto/projects/servicedeskn1/frontend/app/node_modules/@tanstack/router-core/dist/esm/scroll-restoration.js:180:27)
    at RouterCore.emit (file:///home/siegfriedneto/projects/servicedeskn1/frontend/app/node_modules/@tanstack/router-core/dist/esm/router.js:178:14)
    at file:///home/siegfriedneto/projects/servicedeskn1/frontend/app/node_modules/@tanstack/react-router/dist/esm/Transitioner.js:46:25
    at settleOwner (file:///home/siegfriedneto/projects/servicedeskn1/frontend/app/node_modules/@tanstack/react-router/dist/esm/Transitioner.js:10:10)
    at file:///home/siegfriedneto/projects/servicedeskn1/frontend/app/node_modules/@tanstack/react-router/dist/esm/Matches.js:38:39
    at Object.react_stack_bottom_frame (/home/siegfriedneto/projects/servicedeskn1/frontend/app/node_modules/react-dom/cjs/react-dom-client.development.js:25989:20)
    at runWithFiberInDEV (/home/siegfriedneto/projects/servicedeskn1/frontend/app/node_modules/react-dom/cjs/react-dom-client.development.js:874:13)
    at commitHookEffectListMount (/home/siegfriedneto/projects/servicedeskn1/frontend/app/node_modules/react-dom/cjs/react-dom-client.development.js:13249:29) undefined
Error: Not implemented: window.scrollTo
    at module.exports (/home/siegfriedneto/projects/servicedeskn1/frontend/app/node_modules/jsdom/lib/jsdom/browser/not-implemented.js:9:17)
    at /home/siegfriedneto/projects/servicedeskn1/frontend/app/node_modules/jsdom/lib/jsdom/browser/Window.js:960:7
    at Object.fn (file:///home/siegfriedneto/projects/servicedeskn1/frontend/app/node_modules/@tanstack/router-core/dist/esm/scroll-restoration.js:180:27)
    at RouterCore.emit (file:///home/siegfriedneto/projects/servicedeskn1/frontend/app/node_modules/@tanstack/router-core/dist/esm/router.js:178:14)
    at file:///home/siegfriedneto/projects/servicedeskn1/frontend/app/node_modules/@tanstack/react-router/dist/esm/Transitioner.js:46:25
    at settleOwner (file:///home/siegfriedneto/projects/servicedeskn1/frontend/app/node_modules/@tanstack/react-router/dist/esm/Transitioner.js:10:10)
    at file:///home/siegfriedneto/projects/servicedeskn1/frontend/app/node_modules/@tanstack/react-router/dist/esm/Matches.js:38:39
    at Object.react_stack_bottom_frame (/home/siegfriedneto/projects/servicedeskn1/frontend/app/node_modules/react-dom/cjs/react-dom-client.development.js:25989:20)
    at runWithFiberInDEV (/home/siegfriedneto/projects/servicedeskn1/frontend/app/node_modules/react-dom/cjs/react-dom-client.development.js:874:13)
    at commitHookEffectListMount (/home/siegfriedneto/projects/servicedeskn1/frontend/app/node_modules/react-dom/cjs/react-dom-client.development.js:13249:29) undefined
Error: Not implemented: window.scrollTo
    at module.exports (/home/siegfriedneto/projects/servicedeskn1/frontend/app/node_modules/jsdom/lib/jsdom/browser/not-implemented.js:9:17)
    at /home/siegfriedneto/projects/servicedeskn1/frontend/app/node_modules/jsdom/lib/jsdom/browser/Window.js:960:7
    at Object.fn (file:///home/siegfriedneto/projects/servicedeskn1/frontend/app/node_modules/@tanstack/router-core/dist/esm/scroll-restoration.js:180:27)
    at RouterCore.emit (file:///home/siegfriedneto/projects/servicedeskn1/frontend/app/node_modules/@tanstack/router-core/dist/esm/router.js:178:14)
    at file:///home/siegfriedneto/projects/servicedeskn1/frontend/app/node_modules/@tanstack/react-router/dist/esm/Transitioner.js:46:25
    at settleOwner (file:///home/siegfriedneto/projects/servicedeskn1/frontend/app/node_modules/@tanstack/react-router/dist/esm/Transitioner.js:10:10)
    at file:///home/siegfriedneto/projects/servicedeskn1/frontend/app/node_modules/@tanstack/react-router/dist/esm/Matches.js:38:39
    at Object.react_stack_bottom_frame (/home/siegfriedneto/projects/servicedeskn1/frontend/app/node_modules/react-dom/cjs/react-dom-client.development.js:25989:20)
    at runWithFiberInDEV (/home/siegfriedneto/projects/servicedeskn1/frontend/app/node_modules/react-dom/cjs/react-dom-client.development.js:874:13)
    at commitHookEffectListMount (/home/siegfriedneto/projects/servicedeskn1/frontend/app/node_modules/react-dom/cjs/react-dom-client.development.js:13249:29) undefined
Error: Not implemented: window.scrollTo
    at module.exports (/home/siegfriedneto/projects/servicedeskn1/frontend/app/node_modules/jsdom/lib/jsdom/browser/not-implemented.js:9:17)
    at /home/siegfriedneto/projects/servicedeskn1/frontend/app/node_modules/jsdom/lib/jsdom/browser/Window.js:960:7
    at Object.fn (file:///home/siegfriedneto/projects/servicedeskn1/frontend/app/node_modules/@tanstack/router-core/dist/esm/scroll-restoration.js:180:27)
    at RouterCore.emit (file:///home/siegfriedneto/projects/servicedeskn1/frontend/app/node_modules/@tanstack/router-core/dist/esm/router.js:178:14)
    at file:///home/siegfriedneto/projects/servicedeskn1/frontend/app/node_modules/@tanstack/router-core/dist/esm/load-client.js:943:46
    at Router.batch (file:///home/siegfriedneto/projects/servicedeskn1/frontend/app/node_modules/@tanstack/store/dist/esm/atom.js:39:5)
    at file:///home/siegfriedneto/projects/servicedeskn1/frontend/app/node_modules/@tanstack/router-core/dist/esm/load-client.js:936:10
    at runClientTransaction (file:///home/siegfriedneto/projects/servicedeskn1/frontend/app/node_modules/@tanstack/router-core/dist/esm/load-client.js:902:2)
    at loadClientRoute (file:///home/siegfriedneto/projects/servicedeskn1/frontend/app/node_modules/@tanstack/router-core/dist/esm/load-client.js:1034:2)
    at RouterCore.load (file:///home/siegfriedneto/projects/servicedeskn1/frontend/app/node_modules/@tanstack/router-core/dist/esm/router.js:489:4) undefined
Error: Not implemented: window.scrollTo
    at module.exports (/home/siegfriedneto/projects/servicedeskn1/frontend/app/node_modules/jsdom/lib/jsdom/browser/not-implemented.js:9:17)
    at /home/siegfriedneto/projects/servicedeskn1/frontend/app/node_modules/jsdom/lib/jsdom/browser/Window.js:960:7
    at Object.fn (file:///home/siegfriedneto/projects/servicedeskn1/frontend/app/node_modules/@tanstack/router-core/dist/esm/scroll-restoration.js:180:27)
    at RouterCore.emit (file:///home/siegfriedneto/projects/servicedeskn1/frontend/app/node_modules/@tanstack/router-core/dist/esm/router.js:178:14)
    at file:///home/siegfriedneto/projects/servicedeskn1/frontend/app/node_modules/@tanstack/react-router/dist/esm/Transitioner.js:46:25
    at settleOwner (file:///home/siegfriedneto/projects/servicedeskn1/frontend/app/node_modules/@tanstack/react-router/dist/esm/Transitioner.js:10:10)
    at file:///home/siegfriedneto/projects/servicedeskn1/frontend/app/node_modules/@tanstack/react-router/dist/esm/Matches.js:38:39
    at Object.react_stack_bottom_frame (/home/siegfriedneto/projects/servicedeskn1/frontend/app/node_modules/react-dom/cjs/react-dom-client.development.js:25989:20)
    at runWithFiberInDEV (/home/siegfriedneto/projects/servicedeskn1/frontend/app/node_modules/react-dom/cjs/react-dom-client.development.js:874:13)
    at commitHookEffectListMount (/home/siegfriedneto/projects/servicedeskn1/frontend/app/node_modules/react-dom/cjs/react-dom-client.development.js:13249:29) undefined
Error: Not implemented: window.scrollTo
    at module.exports (/home/siegfriedneto/projects/servicedeskn1/frontend/app/node_modules/jsdom/lib/jsdom/browser/not-implemented.js:9:17)
    at /home/siegfriedneto/projects/servicedeskn1/frontend/app/node_modules/jsdom/lib/jsdom/browser/Window.js:960:7
    at Object.fn (file:///home/siegfriedneto/projects/servicedeskn1/frontend/app/node_modules/@tanstack/router-core/dist/esm/scroll-restoration.js:180:27)
    at RouterCore.emit (file:///home/siegfriedneto/projects/servicedeskn1/frontend/app/node_modules/@tanstack/router-core/dist/esm/router.js:178:14)
    at file:///home/siegfriedneto/projects/servicedeskn1/frontend/app/node_modules/@tanstack/react-router/dist/esm/Transitioner.js:46:25
    at settleOwner (file:///home/siegfriedneto/projects/servicedeskn1/frontend/app/node_modules/@tanstack/react-router/dist/esm/Transitioner.js:10:10)
    at file:///home/siegfriedneto/projects/servicedeskn1/frontend/app/node_modules/@tanstack/react-router/dist/esm/Matches.js:38:39
    at Object.react_stack_bottom_frame (/home/siegfriedneto/projects/servicedeskn1/frontend/app/node_modules/react-dom/cjs/react-dom-client.development.js:25989:20)
    at runWithFiberInDEV (/home/siegfriedneto/projects/servicedeskn1/frontend/app/node_modules/react-dom/cjs/react-dom-client.development.js:874:13)
    at commitHookEffectListMount (/home/siegfriedneto/projects/servicedeskn1/frontend/app/node_modules/react-dom/cjs/react-dom-client.development.js:13249:29) undefined
Error: Not implemented: window.scrollTo
    at module.exports (/home/siegfriedneto/projects/servicedeskn1/frontend/app/node_modules/jsdom/lib/jsdom/browser/not-implemented.js:9:17)
    at /home/siegfriedneto/projects/servicedeskn1/frontend/app/node_modules/jsdom/lib/jsdom/browser/Window.js:960:7
    at Object.fn (file:///home/siegfriedneto/projects/servicedeskn1/frontend/app/node_modules/@tanstack/router-core/dist/esm/scroll-restoration.js:180:27)
    at RouterCore.emit (file:///home/siegfriedneto/projects/servicedeskn1/frontend/app/node_modules/@tanstack/router-core/dist/esm/router.js:178:14)
    at file:///home/siegfriedneto/projects/servicedeskn1/frontend/app/node_modules/@tanstack/react-router/dist/esm/Transitioner.js:46:25
    at settleOwner (file:///home/siegfriedneto/projects/servicedeskn1/frontend/app/node_modules/@tanstack/react-router/dist/esm/Transitioner.js:10:10)
    at file:///home/siegfriedneto/projects/servicedeskn1/frontend/app/node_modules/@tanstack/react-router/dist/esm/Matches.js:38:39
    at Object.react_stack_bottom_frame (/home/siegfriedneto/projects/servicedeskn1/frontend/app/node_modules/react-dom/cjs/react-dom-client.development.js:25989:20)
    at runWithFiberInDEV (/home/siegfriedneto/projects/servicedeskn1/frontend/app/node_modules/react-dom/cjs/react-dom-client.development.js:874:13)
    at commitHookEffectListMount (/home/siegfriedneto/projects/servicedeskn1/frontend/app/node_modules/react-dom/cjs/react-dom-client.development.js:13249:29) undefined
Error: Not implemented: window.scrollTo
    at module.exports (/home/siegfriedneto/projects/servicedeskn1/frontend/app/node_modules/jsdom/lib/jsdom/browser/not-implemented.js:9:17)
    at /home/siegfriedneto/projects/servicedeskn1/frontend/app/node_modules/jsdom/lib/jsdom/browser/Window.js:960:7
    at Object.fn (file:///home/siegfriedneto/projects/servicedeskn1/frontend/app/node_modules/@tanstack/router-core/dist/esm/scroll-restoration.js:180:27)
    at RouterCore.emit (file:///home/siegfriedneto/projects/servicedeskn1/frontend/app/node_modules/@tanstack/router-core/dist/esm/router.js:178:14)
    at file:///home/siegfriedneto/projects/servicedeskn1/frontend/app/node_modules/@tanstack/react-router/dist/esm/Transitioner.js:46:25
    at settleOwner (file:///home/siegfriedneto/projects/servicedeskn1/frontend/app/node_modules/@tanstack/react-router/dist/esm/Transitioner.js:10:10)
    at file:///home/siegfriedneto/projects/servicedeskn1/frontend/app/node_modules/@tanstack/react-router/dist/esm/Matches.js:38:39
    at Object.react_stack_bottom_frame (/home/siegfriedneto/projects/servicedeskn1/frontend/app/node_modules/react-dom/cjs/react-dom-client.development.js:25989:20)
    at runWithFiberInDEV (/home/siegfriedneto/projects/servicedeskn1/frontend/app/node_modules/react-dom/cjs/react-dom-client.development.js:874:13)
    at commitHookEffectListMount (/home/siegfriedneto/projects/servicedeskn1/frontend/app/node_modules/react-dom/cjs/react-dom-client.development.js:13249:29) undefined
Error: Not implemented: window.scrollTo
    at module.exports (/home/siegfriedneto/projects/servicedeskn1/frontend/app/node_modules/jsdom/lib/jsdom/browser/not-implemented.js:9:17)
    at /home/siegfriedneto/projects/servicedeskn1/frontend/app/node_modules/jsdom/lib/jsdom/browser/Window.js:960:7
    at Object.fn (file:///home/siegfriedneto/projects/servicedeskn1/frontend/app/node_modules/@tanstack/router-core/dist/esm/scroll-restoration.js:180:27)
    at RouterCore.emit (file:///home/siegfriedneto/projects/servicedeskn1/frontend/app/node_modules/@tanstack/router-core/dist/esm/router.js:178:14)
    at file:///home/siegfriedneto/projects/servicedeskn1/frontend/app/node_modules/@tanstack/react-router/dist/esm/Transitioner.js:46:25
    at settleOwner (file:///home/siegfriedneto/projects/servicedeskn1/frontend/app/node_modules/@tanstack/react-router/dist/esm/Transitioner.js:10:10)
    at file:///home/siegfriedneto/projects/servicedeskn1/frontend/app/node_modules/@tanstack/react-router/dist/esm/Matches.js:38:39
    at Object.react_stack_bottom_frame (/home/siegfriedneto/projects/servicedeskn1/frontend/app/node_modules/react-dom/cjs/react-dom-client.development.js:25989:20)
    at runWithFiberInDEV (/home/siegfriedneto/projects/servicedeskn1/frontend/app/node_modules/react-dom/cjs/react-dom-client.development.js:874:13)
    at commitHookEffectListMount (/home/siegfriedneto/projects/servicedeskn1/frontend/app/node_modules/react-dom/cjs/react-dom-client.development.js:13249:29) undefined
Error: Not implemented: window.scrollTo
    at module.exports (/home/siegfriedneto/projects/servicedeskn1/frontend/app/node_modules/jsdom/lib/jsdom/browser/not-implemented.js:9:17)
    at /home/siegfriedneto/projects/servicedeskn1/frontend/app/node_modules/jsdom/lib/jsdom/browser/Window.js:960:7
    at Object.fn (file:///home/siegfriedneto/projects/servicedeskn1/frontend/app/node_modules/@tanstack/router-core/dist/esm/scroll-restoration.js:180:27)
    at RouterCore.emit (file:///home/siegfriedneto/projects/servicedeskn1/frontend/app/node_modules/@tanstack/router-core/dist/esm/router.js:178:14)
    at file:///home/siegfriedneto/projects/servicedeskn1/frontend/app/node_modules/@tanstack/react-router/dist/esm/Transitioner.js:46:25
    at settleOwner (file:///home/siegfriedneto/projects/servicedeskn1/frontend/app/node_modules/@tanstack/react-router/dist/esm/Transitioner.js:10:10)
    at file:///home/siegfriedneto/projects/servicedeskn1/frontend/app/node_modules/@tanstack/react-router/dist/esm/Matches.js:38:39
    at Object.react_stack_bottom_frame (/home/siegfriedneto/projects/servicedeskn1/frontend/app/node_modules/react-dom/cjs/react-dom-client.development.js:25989:20)
    at runWithFiberInDEV (/home/siegfriedneto/projects/servicedeskn1/frontend/app/node_modules/react-dom/cjs/react-dom-client.development.js:874:13)
    at commitHookEffectListMount (/home/siegfriedneto/projects/servicedeskn1/frontend/app/node_modules/react-dom/cjs/react-dom-client.development.js:13249:29) undefined
Error: Not implemented: window.scrollTo
    at module.exports (/home/siegfriedneto/projects/servicedeskn1/frontend/app/node_modules/jsdom/lib/jsdom/browser/not-implemented.js:9:17)
    at /home/siegfriedneto/projects/servicedeskn1/frontend/app/node_modules/jsdom/lib/jsdom/browser/Window.js:960:7
    at Object.fn (file:///home/siegfriedneto/projects/servicedeskn1/frontend/app/node_modules/@tanstack/router-core/dist/esm/scroll-restoration.js:180:27)
    at RouterCore.emit (file:///home/siegfriedneto/projects/servicedeskn1/frontend/app/node_modules/@tanstack/router-core/dist/esm/router.js:178:14)
    at file:///home/siegfriedneto/projects/servicedeskn1/frontend/app/node_modules/@tanstack/react-router/dist/esm/Transitioner.js:46:25
    at settleOwner (file:///home/siegfriedneto/projects/servicedeskn1/frontend/app/node_modules/@tanstack/react-router/dist/esm/Transitioner.js:10:10)
    at file:///home/siegfriedneto/projects/servicedeskn1/frontend/app/node_modules/@tanstack/react-router/dist/esm/Matches.js:38:39
    at Object.react_stack_bottom_frame (/home/siegfriedneto/projects/servicedeskn1/frontend/app/node_modules/react-dom/cjs/react-dom-client.development.js:25989:20)
    at runWithFiberInDEV (/home/siegfriedneto/projects/servicedeskn1/frontend/app/node_modules/react-dom/cjs/react-dom-client.development.js:874:13)
    at commitHookEffectListMount (/home/siegfriedneto/projects/servicedeskn1/frontend/app/node_modules/react-dom/cjs/react-dom-client.development.js:13249:29) undefined
Error: Not implemented: window.scrollTo
    at module.exports (/home/siegfriedneto/projects/servicedeskn1/frontend/app/node_modules/jsdom/lib/jsdom/browser/not-implemented.js:9:17)
    at /home/siegfriedneto/projects/servicedeskn1/frontend/app/node_modules/jsdom/lib/jsdom/browser/Window.js:960:7
    at Object.fn (file:///home/siegfriedneto/projects/servicedeskn1/frontend/app/node_modules/@tanstack/router-core/dist/esm/scroll-restoration.js:180:27)
    at RouterCore.emit (file:///home/siegfriedneto/projects/servicedeskn1/frontend/app/node_modules/@tanstack/router-core/dist/esm/router.js:178:14)
    at file:///home/siegfriedneto/projects/servicedeskn1/frontend/app/node_modules/@tanstack/react-router/dist/esm/Transitioner.js:46:25
    at settleOwner (file:///home/siegfriedneto/projects/servicedeskn1/frontend/app/node_modules/@tanstack/react-router/dist/esm/Transitioner.js:10:10)
    at file:///home/siegfriedneto/projects/servicedeskn1/frontend/app/node_modules/@tanstack/react-router/dist/esm/Matches.js:38:39
    at Object.react_stack_bottom_frame (/home/siegfriedneto/projects/servicedeskn1/frontend/app/node_modules/react-dom/cjs/react-dom-client.development.js:25989:20)
    at runWithFiberInDEV (/home/siegfriedneto/projects/servicedeskn1/frontend/app/node_modules/react-dom/cjs/react-dom-client.development.js:874:13)
    at commitHookEffectListMount (/home/siegfriedneto/projects/servicedeskn1/frontend/app/node_modules/react-dom/cjs/react-dom-client.development.js:13249:29) undefined
Error: Not implemented: window.scrollTo
    at module.exports (/home/siegfriedneto/projects/servicedeskn1/frontend/app/node_modules/jsdom/lib/jsdom/browser/not-implemented.js:9:17)
    at /home/siegfriedneto/projects/servicedeskn1/frontend/app/node_modules/jsdom/lib/jsdom/browser/Window.js:960:7
    at Object.fn (file:///home/siegfriedneto/projects/servicedeskn1/frontend/app/node_modules/@tanstack/router-core/dist/esm/scroll-restoration.js:180:27)
    at RouterCore.emit (file:///home/siegfriedneto/projects/servicedeskn1/frontend/app/node_modules/@tanstack/router-core/dist/esm/router.js:178:14)
    at file:///home/siegfriedneto/projects/servicedeskn1/frontend/app/node_modules/@tanstack/react-router/dist/esm/Transitioner.js:46:25
    at settleOwner (file:///home/siegfriedneto/projects/servicedeskn1/frontend/app/node_modules/@tanstack/react-router/dist/esm/Transitioner.js:10:10)
    at file:///home/siegfriedneto/projects/servicedeskn1/frontend/app/node_modules/@tanstack/react-router/dist/esm/Matches.js:38:39
    at Object.react_stack_bottom_frame (/home/siegfriedneto/projects/servicedeskn1/frontend/app/node_modules/react-dom/cjs/react-dom-client.development.js:25989:20)
    at runWithFiberInDEV (/home/siegfriedneto/projects/servicedeskn1/frontend/app/node_modules/react-dom/cjs/react-dom-client.development.js:874:13)
    at commitHookEffectListMount (/home/siegfriedneto/projects/servicedeskn1/frontend/app/node_modules/react-dom/cjs/react-dom-client.development.js:13249:29) undefined
 ❯ src/routes/connector-configuration-detail-screen-discard.spec.ts (4 tests | 1 failed) 2438ms
     × resets to the just-saved configuration once a save has succeeded, rather than the value loaded before it 1172ms
Error: Not implemented: window.scrollTo
    at module.exports (/home/siegfriedneto/projects/servicedeskn1/frontend/app/node_modules/jsdom/lib/jsdom/browser/not-implemented.js:9:17)
    at /home/siegfriedneto/projects/servicedeskn1/frontend/app/node_modules/jsdom/lib/jsdom/browser/Window.js:960:7
    at Object.fn (file:///home/siegfriedneto/projects/servicedeskn1/frontend/app/node_modules/@tanstack/router-core/dist/esm/scroll-restoration.js:180:27)
    at RouterCore.emit (file:///home/siegfriedneto/projects/servicedeskn1/frontend/app/node_modules/@tanstack/router-core/dist/esm/router.js:178:14)
    at file:///home/siegfriedneto/projects/servicedeskn1/frontend/app/node_modules/@tanstack/react-router/dist/esm/Transitioner.js:46:25
    at settleOwner (file:///home/siegfriedneto/projects/servicedeskn1/frontend/app/node_modules/@tanstack/react-router/dist/esm/Transitioner.js:10:10)
    at file:///home/siegfriedneto/projects/servicedeskn1/frontend/app/node_modules/@tanstack/react-router/dist/esm/Matches.js:38:39
    at Object.react_stack_bottom_frame (/home/siegfriedneto/projects/servicedeskn1/frontend/app/node_modules/react-dom/cjs/react-dom-client.development.js:25989:20)
    at runWithFiberInDEV (/home/siegfriedneto/projects/servicedeskn1/frontend/app/node_modules/react-dom/cjs/react-dom-client.development.js:874:13)
    at commitHookEffectListMount (/home/siegfriedneto/projects/servicedeskn1/frontend/app/node_modules/react-dom/cjs/react-dom-client.development.js:13249:29) undefined
Error: Not implemented: window.scrollTo
    at module.exports (/home/siegfriedneto/projects/servicedeskn1/frontend/app/node_modules/jsdom/lib/jsdom/browser/not-implemented.js:9:17)
    at /home/siegfriedneto/projects/servicedeskn1/frontend/app/node_modules/jsdom/lib/jsdom/browser/Window.js:960:7
    at Object.fn (file:///home/siegfriedneto/projects/servicedeskn1/frontend/app/node_modules/@tanstack/router-core/dist/esm/scroll-restoration.js:180:27)
    at RouterCore.emit (file:///home/siegfriedneto/projects/servicedeskn1/frontend/app/node_modules/@tanstack/router-core/dist/esm/router.js:178:14)
    at file:///home/siegfriedneto/projects/servicedeskn1/frontend/app/node_modules/@tanstack/react-router/dist/esm/Transitioner.js:46:25
    at settleOwner (file:///home/siegfriedneto/projects/servicedeskn1/frontend/app/node_modules/@tanstack/react-router/dist/esm/Transitioner.js:10:10)
    at file:///home/siegfriedneto/projects/servicedeskn1/frontend/app/node_modules/@tanstack/react-router/dist/esm/Matches.js:38:39
    at Object.react_stack_bottom_frame (/home/siegfriedneto/projects/servicedeskn1/frontend/app/node_modules/react-dom/cjs/react-dom-client.development.js:25989:20)
    at runWithFiberInDEV (/home/siegfriedneto/projects/servicedeskn1/frontend/app/node_modules/react-dom/cjs/react-dom-client.development.js:874:13)
    at commitHookEffectListMount (/home/siegfriedneto/projects/servicedeskn1/frontend/app/node_modules/react-dom/cjs/react-dom-client.development.js:13249:29) undefined
Error: Not implemented: window.scrollTo
    at module.exports (/home/siegfriedneto/projects/servicedeskn1/frontend/app/node_modules/jsdom/lib/jsdom/browser/not-implemented.js:9:17)
    at /home/siegfriedneto/projects/servicedeskn1/frontend/app/node_modules/jsdom/lib/jsdom/browser/Window.js:960:7
    at Object.fn (file:///home/siegfriedneto/projects/servicedeskn1/frontend/app/node_modules/@tanstack/router-core/dist/esm/scroll-restoration.js:180:27)
    at RouterCore.emit (file:///home/siegfriedneto/projects/servicedeskn1/frontend/app/node_modules/@tanstack/router-core/dist/esm/router.js:178:14)
    at file:///home/siegfriedneto/projects/servicedeskn1/frontend/app/node_modules/@tanstack/react-router/dist/esm/Transitioner.js:46:25
    at settleOwner (file:///home/siegfriedneto/projects/servicedeskn1/frontend/app/node_modules/@tanstack/react-router/dist/esm/Transitioner.js:10:10)
    at file:///home/siegfriedneto/projects/servicedeskn1/frontend/app/node_modules/@tanstack/react-router/dist/esm/Matches.js:38:39
    at Object.react_stack_bottom_frame (/home/siegfriedneto/projects/servicedeskn1/frontend/app/node_modules/react-dom/cjs/react-dom-client.development.js:25989:20)
    at runWithFiberInDEV (/home/siegfriedneto/projects/servicedeskn1/frontend/app/node_modules/react-dom/cjs/react-dom-client.development.js:874:13)
    at commitHookEffectListMount (/home/siegfriedneto/projects/servicedeskn1/frontend/app/node_modules/react-dom/cjs/react-dom-client.development.js:13249:29) undefined
Error: Not implemented: window.scrollTo
    at module.exports (/home/siegfriedneto/projects/servicedeskn1/frontend/app/node_modules/jsdom/lib/jsdom/browser/not-implemented.js:9:17)
    at /home/siegfriedneto/projects/servicedeskn1/frontend/app/node_modules/jsdom/lib/jsdom/browser/Window.js:960:7
    at Object.fn (file:///home/siegfriedneto/projects/servicedeskn1/frontend/app/node_modules/@tanstack/router-core/dist/esm/scroll-restoration.js:180:27)
    at RouterCore.emit (file:///home/siegfriedneto/projects/servicedeskn1/frontend/app/node_modules/@tanstack/router-core/dist/esm/router.js:178:14)
    at file:///home/siegfriedneto/projects/servicedeskn1/frontend/app/node_modules/@tanstack/react-router/dist/esm/Transitioner.js:46:25
    at settleOwner (file:///home/siegfriedneto/projects/servicedeskn1/frontend/app/node_modules/@tanstack/react-router/dist/esm/Transitioner.js:10:10)
    at file:///home/siegfriedneto/projects/servicedeskn1/frontend/app/node_modules/@tanstack/react-router/dist/esm/Matches.js:38:39
    at Object.react_stack_bottom_frame (/home/siegfriedneto/projects/servicedeskn1/frontend/app/node_modules/react-dom/cjs/react-dom-client.development.js:25989:20)
    at runWithFiberInDEV (/home/siegfriedneto/projects/servicedeskn1/frontend/app/node_modules/react-dom/cjs/react-dom-client.development.js:874:13)
    at commitHookEffectListMount (/home/siegfriedneto/projects/servicedeskn1/frontend/app/node_modules/react-dom/cjs/react-dom-client.development.js:13249:29) undefined
Error: Not implemented: window.scrollTo
    at module.exports (/home/siegfriedneto/projects/servicedeskn1/frontend/app/node_modules/jsdom/lib/jsdom/browser/not-implemented.js:9:17)
    at /home/siegfriedneto/projects/servicedeskn1/frontend/app/node_modules/jsdom/lib/jsdom/browser/Window.js:960:7
    at Object.fn (file:///home/siegfriedneto/projects/servicedeskn1/frontend/app/node_modules/@tanstack/router-core/dist/esm/scroll-restoration.js:180:27)
    at RouterCore.emit (file:///home/siegfriedneto/projects/servicedeskn1/frontend/app/node_modules/@tanstack/router-core/dist/esm/router.js:178:14)
    at file:///home/siegfriedneto/projects/servicedeskn1/frontend/app/node_modules/@tanstack/react-router/dist/esm/Transitioner.js:46:25
    at settleOwner (file:///home/siegfriedneto/projects/servicedeskn1/frontend/app/node_modules/@tanstack/react-router/dist/esm/Transitioner.js:10:10)
    at file:///home/siegfriedneto/projects/servicedeskn1/frontend/app/node_modules/@tanstack/react-router/dist/esm/Matches.js:38:39
    at Object.react_stack_bottom_frame (/home/siegfriedneto/projects/servicedeskn1/frontend/app/node_modules/react-dom/cjs/react-dom-client.development.js:25989:20)
    at runWithFiberInDEV (/home/siegfriedneto/projects/servicedeskn1/frontend/app/node_modules/react-dom/cjs/react-dom-client.development.js:874:13)
    at commitHookEffectListMount (/home/siegfriedneto/projects/servicedeskn1/frontend/app/node_modules/react-dom/cjs/react-dom-client.development.js:13249:29) undefined
Error: Not implemented: window.scrollTo
    at module.exports (/home/siegfriedneto/projects/servicedeskn1/frontend/app/node_modules/jsdom/lib/jsdom/browser/not-implemented.js:9:17)
    at /home/siegfriedneto/projects/servicedeskn1/frontend/app/node_modules/jsdom/lib/jsdom/browser/Window.js:960:7
    at Object.fn (file:///home/siegfriedneto/projects/servicedeskn1/frontend/app/node_modules/@tanstack/router-core/dist/esm/scroll-restoration.js:180:27)
    at RouterCore.emit (file:///home/siegfriedneto/projects/servicedeskn1/frontend/app/node_modules/@tanstack/router-core/dist/esm/router.js:178:14)
    at file:///home/siegfriedneto/projects/servicedeskn1/frontend/app/node_modules/@tanstack/react-router/dist/esm/Transitioner.js:46:25
    at settleOwner (file:///home/siegfriedneto/projects/servicedeskn1/frontend/app/node_modules/@tanstack/react-router/dist/esm/Transitioner.js:10:10)
    at file:///home/siegfriedneto/projects/servicedeskn1/frontend/app/node_modules/@tanstack/react-router/dist/esm/Matches.js:38:39
    at Object.react_stack_bottom_frame (/home/siegfriedneto/projects/servicedeskn1/frontend/app/node_modules/react-dom/cjs/react-dom-client.development.js:25989:20)
    at runWithFiberInDEV (/home/siegfriedneto/projects/servicedeskn1/frontend/app/node_modules/react-dom/cjs/react-dom-client.development.js:874:13)
    at commitHookEffectListMount (/home/siegfriedneto/projects/servicedeskn1/frontend/app/node_modules/react-dom/cjs/react-dom-client.development.js:13249:29) undefined
Error: Not implemented: window.scrollTo
    at module.exports (/home/siegfriedneto/projects/servicedeskn1/frontend/app/node_modules/jsdom/lib/jsdom/browser/not-implemented.js:9:17)
    at /home/siegfriedneto/projects/servicedeskn1/frontend/app/node_modules/jsdom/lib/jsdom/browser/Window.js:960:7
    at Object.fn (file:///home/siegfriedneto/projects/servicedeskn1/frontend/app/node_modules/@tanstack/router-core/dist/esm/scroll-restoration.js:180:27)
    at RouterCore.emit (file:///home/siegfriedneto/projects/servicedeskn1/frontend/app/node_modules/@tanstack/router-core/dist/esm/router.js:178:14)
    at file:///home/siegfriedneto/projects/servicedeskn1/frontend/app/node_modules/@tanstack/react-router/dist/esm/Transitioner.js:46:25
    at settleOwner (file:///home/siegfriedneto/projects/servicedeskn1/frontend/app/node_modules/@tanstack/react-router/dist/esm/Transitioner.js:10:10)
    at file:///home/siegfriedneto/projects/servicedeskn1/frontend/app/node_modules/@tanstack/react-router/dist/esm/Matches.js:38:39
    at Object.react_stack_bottom_frame (/home/siegfriedneto/projects/servicedeskn1/frontend/app/node_modules/react-dom/cjs/react-dom-client.development.js:25989:20)
    at runWithFiberInDEV (/home/siegfriedneto/projects/servicedeskn1/frontend/app/node_modules/react-dom/cjs/react-dom-client.development.js:874:13)
    at commitHookEffectListMount (/home/siegfriedneto/projects/servicedeskn1/frontend/app/node_modules/react-dom/cjs/react-dom-client.development.js:13249:29) undefined
Error: Not implemented: window.scrollTo
    at module.exports (/home/siegfriedneto/projects/servicedeskn1/frontend/app/node_modules/jsdom/lib/jsdom/browser/not-implemented.js:9:17)
    at /home/siegfriedneto/projects/servicedeskn1/frontend/app/node_modules/jsdom/lib/jsdom/browser/Window.js:960:7
    at Object.fn (file:///home/siegfriedneto/projects/servicedeskn1/frontend/app/node_modules/@tanstack/router-core/dist/esm/scroll-restoration.js:180:27)
    at RouterCore.emit (file:///home/siegfriedneto/projects/servicedeskn1/frontend/app/node_modules/@tanstack/router-core/dist/esm/router.js:178:14)
    at file:///home/siegfriedneto/projects/servicedeskn1/frontend/app/node_modules/@tanstack/react-router/dist/esm/Transitioner.js:46:25
    at settleOwner (file:///home/siegfriedneto/projects/servicedeskn1/frontend/app/node_modules/@tanstack/react-router/dist/esm/Transitioner.js:10:10)
    at file:///home/siegfriedneto/projects/servicedeskn1/frontend/app/node_modules/@tanstack/react-router/dist/esm/Matches.js:38:39
    at Object.react_stack_bottom_frame (/home/siegfriedneto/projects/servicedeskn1/frontend/app/node_modules/react-dom/cjs/react-dom-client.development.js:25989:20)
    at runWithFiberInDEV (/home/siegfriedneto/projects/servicedeskn1/frontend/app/node_modules/react-dom/cjs/react-dom-client.development.js:874:13)
    at commitHookEffectListMount (/home/siegfriedneto/projects/servicedeskn1/frontend/app/node_modules/react-dom/cjs/react-dom-client.development.js:13249:29) undefined
Error: Not implemented: window.scrollTo
    at module.exports (/home/siegfriedneto/projects/servicedeskn1/frontend/app/node_modules/jsdom/lib/jsdom/browser/not-implemented.js:9:17)
    at /home/siegfriedneto/projects/servicedeskn1/frontend/app/node_modules/jsdom/lib/jsdom/browser/Window.js:960:7
    at Object.fn (file:///home/siegfriedneto/projects/servicedeskn1/frontend/app/node_modules/@tanstack/router-core/dist/esm/scroll-restoration.js:180:27)
    at RouterCore.emit (file:///home/siegfriedneto/projects/servicedeskn1/frontend/app/node_modules/@tanstack/router-core/dist/esm/router.js:178:14)
    at file:///home/siegfriedneto/projects/servicedeskn1/frontend/app/node_modules/@tanstack/react-router/dist/esm/Transitioner.js:46:25
    at settleOwner (file:///home/siegfriedneto/projects/servicedeskn1/frontend/app/node_modules/@tanstack/react-router/dist/esm/Transitioner.js:10:10)
    at file:///home/siegfriedneto/projects/servicedeskn1/frontend/app/node_modules/@tanstack/react-router/dist/esm/Matches.js:38:39
    at Object.react_stack_bottom_frame (/home/siegfriedneto/projects/servicedeskn1/frontend/app/node_modules/react-dom/cjs/react-dom-client.development.js:25989:20)
    at runWithFiberInDEV (/home/siegfriedneto/projects/servicedeskn1/frontend/app/node_modules/react-dom/cjs/react-dom-client.development.js:874:13)
    at commitHookEffectListMount (/home/siegfriedneto/projects/servicedeskn1/frontend/app/node_modules/react-dom/cjs/react-dom-client.development.js:13249:29) undefined
Error: Not implemented: window.scrollTo
    at module.exports (/home/siegfriedneto/projects/servicedeskn1/frontend/app/node_modules/jsdom/lib/jsdom/browser/not-implemented.js:9:17)
    at /home/siegfriedneto/projects/servicedeskn1/frontend/app/node_modules/jsdom/lib/jsdom/browser/Window.js:960:7
    at Object.fn (file:///home/siegfriedneto/projects/servicedeskn1/frontend/app/node_modules/@tanstack/router-core/dist/esm/scroll-restoration.js:180:27)
    at RouterCore.emit (file:///home/siegfriedneto/projects/servicedeskn1/frontend/app/node_modules/@tanstack/router-core/dist/esm/router.js:178:14)
    at file:///home/siegfriedneto/projects/servicedeskn1/frontend/app/node_modules/@tanstack/react-router/dist/esm/Transitioner.js:46:25
    at settleOwner (file:///home/siegfriedneto/projects/servicedeskn1/frontend/app/node_modules/@tanstack/react-router/dist/esm/Transitioner.js:10:10)
    at file:///home/siegfriedneto/projects/servicedeskn1/frontend/app/node_modules/@tanstack/react-router/dist/esm/Matches.js:38:39
    at Object.react_stack_bottom_frame (/home/siegfriedneto/projects/servicedeskn1/frontend/app/node_modules/react-dom/cjs/react-dom-client.development.js:25989:20)
    at runWithFiberInDEV (/home/siegfriedneto/projects/servicedeskn1/frontend/app/node_modules/react-dom/cjs/react-dom-client.development.js:874:13)
    at commitHookEffectListMount (/home/siegfriedneto/projects/servicedeskn1/frontend/app/node_modules/react-dom/cjs/react-dom-client.development.js:13249:29) undefined
Error: Not implemented: window.scrollTo
    at module.exports (/home/siegfriedneto/projects/servicedeskn1/frontend/app/node_modules/jsdom/lib/jsdom/browser/not-implemented.js:9:17)
    at /home/siegfriedneto/projects/servicedeskn1/frontend/app/node_modules/jsdom/lib/jsdom/browser/Window.js:960:7
    at Object.fn (file:///home/siegfriedneto/projects/servicedeskn1/frontend/app/node_modules/@tanstack/router-core/dist/esm/scroll-restoration.js:180:27)
    at RouterCore.emit (file:///home/siegfriedneto/projects/servicedeskn1/frontend/app/node_modules/@tanstack/router-core/dist/esm/router.js:178:14)
    at file:///home/siegfriedneto/projects/servicedeskn1/frontend/app/node_modules/@tanstack/react-router/dist/esm/Transitioner.js:46:25
    at settleOwner (file:///home/siegfriedneto/projects/servicedeskn1/frontend/app/node_modules/@tanstack/react-router/dist/esm/Transitioner.js:10:10)
    at file:///home/siegfriedneto/projects/servicedeskn1/frontend/app/node_modules/@tanstack/react-router/dist/esm/Matches.js:38:39
    at Object.react_stack_bottom_frame (/home/siegfriedneto/projects/servicedeskn1/frontend/app/node_modules/react-dom/cjs/react-dom-client.development.js:25989:20)
    at runWithFiberInDEV (/home/siegfriedneto/projects/servicedeskn1/frontend/app/node_modules/react-dom/cjs/react-dom-client.development.js:874:13)
    at commitHookEffectListMount (/home/siegfriedneto/projects/servicedeskn1/frontend/app/node_modules/react-dom/cjs/react-dom-client.development.js:13249:29) undefined
Error: Not implemented: window.scrollTo
    at module.exports (/home/siegfriedneto/projects/servicedeskn1/frontend/app/node_modules/jsdom/lib/jsdom/browser/not-implemented.js:9:17)
    at /home/siegfriedneto/projects/servicedeskn1/frontend/app/node_modules/jsdom/lib/jsdom/browser/Window.js:960:7
    at Object.fn (file:///home/siegfriedneto/projects/servicedeskn1/frontend/app/node_modules/@tanstack/router-core/dist/esm/scroll-restoration.js:180:27)
    at RouterCore.emit (file:///home/siegfriedneto/projects/servicedeskn1/frontend/app/node_modules/@tanstack/router-core/dist/esm/router.js:178:14)
    at file:///home/siegfriedneto/projects/servicedeskn1/frontend/app/node_modules/@tanstack/react-router/dist/esm/Transitioner.js:46:25
    at settleOwner (file:///home/siegfriedneto/projects/servicedeskn1/frontend/app/node_modules/@tanstack/react-router/dist/esm/Transitioner.js:10:10)
    at file:///home/siegfriedneto/projects/servicedeskn1/frontend/app/node_modules/@tanstack/react-router/dist/esm/Matches.js:38:39
    at Object.react_stack_bottom_frame (/home/siegfriedneto/projects/servicedeskn1/frontend/app/node_modules/react-dom/cjs/react-dom-client.development.js:25989:20)
    at runWithFiberInDEV (/home/siegfriedneto/projects/servicedeskn1/frontend/app/node_modules/react-dom/cjs/react-dom-client.development.js:874:13)
    at commitHookEffectListMount (/home/siegfriedneto/projects/servicedeskn1/frontend/app/node_modules/react-dom/cjs/react-dom-client.development.js:13249:29) undefined
Error: Not implemented: window.scrollTo
    at module.exports (/home/siegfriedneto/projects/servicedeskn1/frontend/app/node_modules/jsdom/lib/jsdom/browser/not-implemented.js:9:17)
    at /home/siegfriedneto/projects/servicedeskn1/frontend/app/node_modules/jsdom/lib/jsdom/browser/Window.js:960:7
    at Object.fn (file:///home/siegfriedneto/projects/servicedeskn1/frontend/app/node_modules/@tanstack/router-core/dist/esm/scroll-restoration.js:180:27)
    at RouterCore.emit (file:///home/siegfriedneto/projects/servicedeskn1/frontend/app/node_modules/@tanstack/router-core/dist/esm/router.js:178:14)
    at file:///home/siegfriedneto/projects/servicedeskn1/frontend/app/node_modules/@tanstack/react-router/dist/esm/Transitioner.js:46:25
    at settleOwner (file:///home/siegfriedneto/projects/servicedeskn1/frontend/app/node_modules/@tanstack/react-router/dist/esm/Transitioner.js:10:10)
    at file:///home/siegfriedneto/projects/servicedeskn1/frontend/app/node_modules/@tanstack/react-router/dist/esm/Matches.js:38:39
    at Object.react_stack_bottom_frame (/home/siegfriedneto/projects/servicedeskn1/frontend/app/node_modules/react-dom/cjs/react-dom-client.development.js:25989:20)
    at runWithFiberInDEV (/home/siegfriedneto/projects/servicedeskn1/frontend/app/node_modules/react-dom/cjs/react-dom-client.development.js:874:13)
    at commitHookEffectListMount (/home/siegfriedneto/projects/servicedeskn1/frontend/app/node_modules/react-dom/cjs/react-dom-client.development.js:13249:29) undefined
Error: Not implemented: window.scrollTo
    at module.exports (/home/siegfriedneto/projects/servicedeskn1/frontend/app/node_modules/jsdom/lib/jsdom/browser/not-implemented.js:9:17)
    at /home/siegfriedneto/projects/servicedeskn1/frontend/app/node_modules/jsdom/lib/jsdom/browser/Window.js:960:7
    at Object.fn (file:///home/siegfriedneto/projects/servicedeskn1/frontend/app/node_modules/@tanstack/router-core/dist/esm/scroll-restoration.js:180:27)
    at RouterCore.emit (file:///home/siegfriedneto/projects/servicedeskn1/frontend/app/node_modules/@tanstack/router-core/dist/esm/router.js:178:14)
    at file:///home/siegfriedneto/projects/servicedeskn1/frontend/app/node_modules/@tanstack/react-router/dist/esm/Transitioner.js:46:25
    at settleOwner (file:///home/siegfriedneto/projects/servicedeskn1/frontend/app/node_modules/@tanstack/react-router/dist/esm/Transitioner.js:10:10)
    at file:///home/siegfriedneto/projects/servicedeskn1/frontend/app/node_modules/@tanstack/react-router/dist/esm/Matches.js:38:39
    at Object.react_stack_bottom_frame (/home/siegfriedneto/projects/servicedeskn1/frontend/app/node_modules/react-dom/cjs/react-dom-client.development.js:25989:20)
    at runWithFiberInDEV (/home/siegfriedneto/projects/servicedeskn1/frontend/app/node_modules/react-dom/cjs/react-dom-client.development.js:874:13)
    at commitHookEffectListMount (/home/siegfriedneto/projects/servicedeskn1/frontend/app/node_modules/react-dom/cjs/react-dom-client.development.js:13249:29) undefined
Error: Not implemented: window.scrollTo
    at module.exports (/home/siegfriedneto/projects/servicedeskn1/frontend/app/node_modules/jsdom/lib/jsdom/browser/not-implemented.js:9:17)
    at /home/siegfriedneto/projects/servicedeskn1/frontend/app/node_modules/jsdom/lib/jsdom/browser/Window.js:960:7
    at Object.fn (file:///home/siegfriedneto/projects/servicedeskn1/frontend/app/node_modules/@tanstack/router-core/dist/esm/scroll-restoration.js:180:27)
    at RouterCore.emit (file:///home/siegfriedneto/projects/servicedeskn1/frontend/app/node_modules/@tanstack/router-core/dist/esm/router.js:178:14)
    at file:///home/siegfriedneto/projects/servicedeskn1/frontend/app/node_modules/@tanstack/react-router/dist/esm/Transitioner.js:46:25
    at settleOwner (file:///home/siegfriedneto/projects/servicedeskn1/frontend/app/node_modules/@tanstack/react-router/dist/esm/Transitioner.js:10:10)
    at file:///home/siegfriedneto/projects/servicedeskn1/frontend/app/node_modules/@tanstack/react-router/dist/esm/Matches.js:38:39
    at Object.react_stack_bottom_frame (/home/siegfriedneto/projects/servicedeskn1/frontend/app/node_modules/react-dom/cjs/react-dom-client.development.js:25989:20)
    at runWithFiberInDEV (/home/siegfriedneto/projects/servicedeskn1/frontend/app/node_modules/react-dom/cjs/react-dom-client.development.js:874:13)
    at commitHookEffectListMount (/home/siegfriedneto/projects/servicedeskn1/frontend/app/node_modules/react-dom/cjs/react-dom-client.development.js:13249:29) undefined
 ❯ src/routes/connector-configuration-detail-screen-save.spec.ts (6 tests | 3 failed) 4525ms
     × shows an inline success acknowledgement and keeps the screen showing the just-saved value 1146ms
     × re-disables Save immediately after the save succeeds, with no further edits 1153ms
     × clears the acknowledgement once the operator edits again, so it never outlives the values it acknowledged 1156ms
Error: Not implemented: window.scrollTo
    at module.exports (/home/siegfriedneto/projects/servicedeskn1/frontend/app/node_modules/jsdom/lib/jsdom/browser/not-implemented.js:9:17)
    at /home/siegfriedneto/projects/servicedeskn1/frontend/app/node_modules/jsdom/lib/jsdom/browser/Window.js:960:7
    at Object.fn (file:///home/siegfriedneto/projects/servicedeskn1/frontend/app/node_modules/@tanstack/router-core/dist/esm/scroll-restoration.js:180:27)
    at RouterCore.emit (file:///home/siegfriedneto/projects/servicedeskn1/frontend/app/node_modules/@tanstack/router-core/dist/esm/router.js:178:14)
    at file:///home/siegfriedneto/projects/servicedeskn1/frontend/app/node_modules/@tanstack/react-router/dist/esm/Transitioner.js:46:25
    at settleOwner (file:///home/siegfriedneto/projects/servicedeskn1/frontend/app/node_modules/@tanstack/react-router/dist/esm/Transitioner.js:10:10)
    at file:///home/siegfriedneto/projects/servicedeskn1/frontend/app/node_modules/@tanstack/react-router/dist/esm/Matches.js:38:39
    at Object.react_stack_bottom_frame (/home/siegfriedneto/projects/servicedeskn1/frontend/app/node_modules/react-dom/cjs/react-dom-client.development.js:25989:20)
    at runWithFiberInDEV (/home/siegfriedneto/projects/servicedeskn1/frontend/app/node_modules/react-dom/cjs/react-dom-client.development.js:874:13)
    at commitHookEffectListMount (/home/siegfriedneto/projects/servicedeskn1/frontend/app/node_modules/react-dom/cjs/react-dom-client.development.js:13249:29) undefined
Error: Not implemented: window.scrollTo
    at module.exports (/home/siegfriedneto/projects/servicedeskn1/frontend/app/node_modules/jsdom/lib/jsdom/browser/not-implemented.js:9:17)
    at /home/siegfriedneto/projects/servicedeskn1/frontend/app/node_modules/jsdom/lib/jsdom/browser/Window.js:960:7
    at Object.fn (file:///home/siegfriedneto/projects/servicedeskn1/frontend/app/node_modules/@tanstack/router-core/dist/esm/scroll-restoration.js:180:27)
    at RouterCore.emit (file:///home/siegfriedneto/projects/servicedeskn1/frontend/app/node_modules/@tanstack/router-core/dist/esm/router.js:178:14)
    at file:///home/siegfriedneto/projects/servicedeskn1/frontend/app/node_modules/@tanstack/react-router/dist/esm/Transitioner.js:46:25
    at settleOwner (file:///home/siegfriedneto/projects/servicedeskn1/frontend/app/node_modules/@tanstack/react-router/dist/esm/Transitioner.js:10:10)
    at file:///home/siegfriedneto/projects/servicedeskn1/frontend/app/node_modules/@tanstack/react-router/dist/esm/Matches.js:38:39
    at Object.react_stack_bottom_frame (/home/siegfriedneto/projects/servicedeskn1/frontend/app/node_modules/react-dom/cjs/react-dom-client.development.js:25989:20)
    at runWithFiberInDEV (/home/siegfriedneto/projects/servicedeskn1/frontend/app/node_modules/react-dom/cjs/react-dom-client.development.js:874:13)
    at commitHookEffectListMount (/home/siegfriedneto/projects/servicedeskn1/frontend/app/node_modules/react-dom/cjs/react-dom-client.development.js:13249:29) undefined
Error: Not implemented: window.scrollTo
    at module.exports (/home/siegfriedneto/projects/servicedeskn1/frontend/app/node_modules/jsdom/lib/jsdom/browser/not-implemented.js:9:17)
    at /home/siegfriedneto/projects/servicedeskn1/frontend/app/node_modules/jsdom/lib/jsdom/browser/Window.js:960:7
    at Object.fn (file:///home/siegfriedneto/projects/servicedeskn1/frontend/app/node_modules/@tanstack/router-core/dist/esm/scroll-restoration.js:180:27)
    at RouterCore.emit (file:///home/siegfriedneto/projects/servicedeskn1/frontend/app/node_modules/@tanstack/router-core/dist/esm/router.js:178:14)
    at file:///home/siegfriedneto/projects/servicedeskn1/frontend/app/node_modules/@tanstack/react-router/dist/esm/Transitioner.js:46:25
    at settleOwner (file:///home/siegfriedneto/projects/servicedeskn1/frontend/app/node_modules/@tanstack/react-router/dist/esm/Transitioner.js:10:10)
    at file:///home/siegfriedneto/projects/servicedeskn1/frontend/app/node_modules/@tanstack/react-router/dist/esm/Matches.js:38:39
    at Object.react_stack_bottom_frame (/home/siegfriedneto/projects/servicedeskn1/frontend/app/node_modules/react-dom/cjs/react-dom-client.development.js:25989:20)
    at runWithFiberInDEV (/home/siegfriedneto/projects/servicedeskn1/frontend/app/node_modules/react-dom/cjs/react-dom-client.development.js:874:13)
    at commitHookEffectListMount (/home/siegfriedneto/projects/servicedeskn1/frontend/app/node_modules/react-dom/cjs/react-dom-client.development.js:13249:29) undefined
Error: Not implemented: window.scrollTo
    at module.exports (/home/siegfriedneto/projects/servicedeskn1/frontend/app/node_modules/jsdom/lib/jsdom/browser/not-implemented.js:9:17)
    at /home/siegfriedneto/projects/servicedeskn1/frontend/app/node_modules/jsdom/lib/jsdom/browser/Window.js:960:7
    at Object.fn (file:///home/siegfriedneto/projects/servicedeskn1/frontend/app/node_modules/@tanstack/router-core/dist/esm/scroll-restoration.js:180:27)
    at RouterCore.emit (file:///home/siegfriedneto/projects/servicedeskn1/frontend/app/node_modules/@tanstack/router-core/dist/esm/router.js:178:14)
    at file:///home/siegfriedneto/projects/servicedeskn1/frontend/app/node_modules/@tanstack/react-router/dist/esm/Transitioner.js:46:25
    at settleOwner (file:///home/siegfriedneto/projects/servicedeskn1/frontend/app/node_modules/@tanstack/react-router/dist/esm/Transitioner.js:10:10)
    at file:///home/siegfriedneto/projects/servicedeskn1/frontend/app/node_modules/@tanstack/react-router/dist/esm/Matches.js:38:39
    at Object.react_stack_bottom_frame (/home/siegfriedneto/projects/servicedeskn1/frontend/app/node_modules/react-dom/cjs/react-dom-client.development.js:25989:20)
    at runWithFiberInDEV (/home/siegfriedneto/projects/servicedeskn1/frontend/app/node_modules/react-dom/cjs/react-dom-client.development.js:874:13)
    at commitHookEffectListMount (/home/siegfriedneto/projects/servicedeskn1/frontend/app/node_modules/react-dom/cjs/react-dom-client.development.js:13249:29) undefined
Error: Not implemented: window.scrollTo
    at module.exports (/home/siegfriedneto/projects/servicedeskn1/frontend/app/node_modules/jsdom/lib/jsdom/browser/not-implemented.js:9:17)
    at /home/siegfriedneto/projects/servicedeskn1/frontend/app/node_modules/jsdom/lib/jsdom/browser/Window.js:960:7
    at Object.fn (file:///home/siegfriedneto/projects/servicedeskn1/frontend/app/node_modules/@tanstack/router-core/dist/esm/scroll-restoration.js:180:27)
    at RouterCore.emit (file:///home/siegfriedneto/projects/servicedeskn1/frontend/app/node_modules/@tanstack/router-core/dist/esm/router.js:178:14)
    at file:///home/siegfriedneto/projects/servicedeskn1/frontend/app/node_modules/@tanstack/react-router/dist/esm/Transitioner.js:46:25
    at settleOwner (file:///home/siegfriedneto/projects/servicedeskn1/frontend/app/node_modules/@tanstack/react-router/dist/esm/Transitioner.js:10:10)
    at file:///home/siegfriedneto/projects/servicedeskn1/frontend/app/node_modules/@tanstack/react-router/dist/esm/Matches.js:38:39
    at Object.react_stack_bottom_frame (/home/siegfriedneto/projects/servicedeskn1/frontend/app/node_modules/react-dom/cjs/react-dom-client.development.js:25989:20)
    at runWithFiberInDEV (/home/siegfriedneto/projects/servicedeskn1/frontend/app/node_modules/react-dom/cjs/react-dom-client.development.js:874:13)
    at commitHookEffectListMount (/home/siegfriedneto/projects/servicedeskn1/frontend/app/node_modules/react-dom/cjs/react-dom-client.development.js:13249:29) undefined
Error: Not implemented: window.scrollTo
    at module.exports (/home/siegfriedneto/projects/servicedeskn1/frontend/app/node_modules/jsdom/lib/jsdom/browser/not-implemented.js:9:17)
    at /home/siegfriedneto/projects/servicedeskn1/frontend/app/node_modules/jsdom/lib/jsdom/browser/Window.js:960:7
    at Object.fn (file:///home/siegfriedneto/projects/servicedeskn1/frontend/app/node_modules/@tanstack/router-core/dist/esm/scroll-restoration.js:180:27)
    at RouterCore.emit (file:///home/siegfriedneto/projects/servicedeskn1/frontend/app/node_modules/@tanstack/router-core/dist/esm/router.js:178:14)
    at file:///home/siegfriedneto/projects/servicedeskn1/frontend/app/node_modules/@tanstack/react-router/dist/esm/Transitioner.js:46:25
    at settleOwner (file:///home/siegfriedneto/projects/servicedeskn1/frontend/app/node_modules/@tanstack/react-router/dist/esm/Transitioner.js:10:10)
    at file:///home/siegfriedneto/projects/servicedeskn1/frontend/app/node_modules/@tanstack/react-router/dist/esm/Matches.js:38:39
    at Object.react_stack_bottom_frame (/home/siegfriedneto/projects/servicedeskn1/frontend/app/node_modules/react-dom/cjs/react-dom-client.development.js:25989:20)
    at runWithFiberInDEV (/home/siegfriedneto/projects/servicedeskn1/frontend/app/node_modules/react-dom/cjs/react-dom-client.development.js:874:13)
    at commitHookEffectListMount (/home/siegfriedneto/projects/servicedeskn1/frontend/app/node_modules/react-dom/cjs/react-dom-client.development.js:13249:29) undefined
Error: Not implemented: window.scrollTo
    at module.exports (/home/siegfriedneto/projects/servicedeskn1/frontend/app/node_modules/jsdom/lib/jsdom/browser/not-implemented.js:9:17)
    at /home/siegfriedneto/projects/servicedeskn1/frontend/app/node_modules/jsdom/lib/jsdom/browser/Window.js:960:7
    at Object.fn (file:///home/siegfriedneto/projects/servicedeskn1/frontend/app/node_modules/@tanstack/router-core/dist/esm/scroll-restoration.js:180:27)
    at RouterCore.emit (file:///home/siegfriedneto/projects/servicedeskn1/frontend/app/node_modules/@tanstack/router-core/dist/esm/router.js:178:14)
    at file:///home/siegfriedneto/projects/servicedeskn1/frontend/app/node_modules/@tanstack/react-router/dist/esm/Transitioner.js:46:25
    at settleOwner (file:///home/siegfriedneto/projects/servicedeskn1/frontend/app/node_modules/@tanstack/react-router/dist/esm/Transitioner.js:10:10)
    at file:///home/siegfriedneto/projects/servicedeskn1/frontend/app/node_modules/@tanstack/react-router/dist/esm/Matches.js:38:39
    at Object.react_stack_bottom_frame (/home/siegfriedneto/projects/servicedeskn1/frontend/app/node_modules/react-dom/cjs/react-dom-client.development.js:25989:20)
    at runWithFiberInDEV (/home/siegfriedneto/projects/servicedeskn1/frontend/app/node_modules/react-dom/cjs/react-dom-client.development.js:874:13)
    at commitHookEffectListMount (/home/siegfriedneto/projects/servicedeskn1/frontend/app/node_modules/react-dom/cjs/react-dom-client.development.js:13249:29) undefined
Error: Not implemented: window.scrollTo
    at module.exports (/home/siegfriedneto/projects/servicedeskn1/frontend/app/node_modules/jsdom/lib/jsdom/browser/not-implemented.js:9:17)
    at /home/siegfriedneto/projects/servicedeskn1/frontend/app/node_modules/jsdom/lib/jsdom/browser/Window.js:960:7
    at Object.fn (file:///home/siegfriedneto/projects/servicedeskn1/frontend/app/node_modules/@tanstack/router-core/dist/esm/scroll-restoration.js:180:27)
    at RouterCore.emit (file:///home/siegfriedneto/projects/servicedeskn1/frontend/app/node_modules/@tanstack/router-core/dist/esm/router.js:178:14)
    at file:///home/siegfriedneto/projects/servicedeskn1/frontend/app/node_modules/@tanstack/react-router/dist/esm/Transitioner.js:46:25
    at settleOwner (file:///home/siegfriedneto/projects/servicedeskn1/frontend/app/node_modules/@tanstack/react-router/dist/esm/Transitioner.js:10:10)
    at file:///home/siegfriedneto/projects/servicedeskn1/frontend/app/node_modules/@tanstack/react-router/dist/esm/Matches.js:38:39
    at Object.react_stack_bottom_frame (/home/siegfriedneto/projects/servicedeskn1/frontend/app/node_modules/react-dom/cjs/react-dom-client.development.js:25989:20)
    at runWithFiberInDEV (/home/siegfriedneto/projects/servicedeskn1/frontend/app/node_modules/react-dom/cjs/react-dom-client.development.js:874:13)
    at commitHookEffectListMount (/home/siegfriedneto/projects/servicedeskn1/frontend/app/node_modules/react-dom/cjs/react-dom-client.development.js:13249:29) undefined
Error: Not implemented: window.scrollTo
    at module.exports (/home/siegfriedneto/projects/servicedeskn1/frontend/app/node_modules/jsdom/lib/jsdom/browser/not-implemented.js:9:17)
    at /home/siegfriedneto/projects/servicedeskn1/frontend/app/node_modules/jsdom/lib/jsdom/browser/Window.js:960:7
    at Object.fn (file:///home/siegfriedneto/projects/servicedeskn1/frontend/app/node_modules/@tanstack/router-core/dist/esm/scroll-restoration.js:180:27)
    at RouterCore.emit (file:///home/siegfriedneto/projects/servicedeskn1/frontend/app/node_modules/@tanstack/router-core/dist/esm/router.js:178:14)
    at file:///home/siegfriedneto/projects/servicedeskn1/frontend/app/node_modules/@tanstack/react-router/dist/esm/Transitioner.js:46:25
    at settleOwner (file:///home/siegfriedneto/projects/servicedeskn1/frontend/app/node_modules/@tanstack/react-router/dist/esm/Transitioner.js:10:10)
    at file:///home/siegfriedneto/projects/servicedeskn1/frontend/app/node_modules/@tanstack/react-router/dist/esm/Matches.js:38:39
    at Object.react_stack_bottom_frame (/home/siegfriedneto/projects/servicedeskn1/frontend/app/node_modules/react-dom/cjs/react-dom-client.development.js:25989:20)
    at runWithFiberInDEV (/home/siegfriedneto/projects/servicedeskn1/frontend/app/node_modules/react-dom/cjs/react-dom-client.development.js:874:13)
    at commitHookEffectListMount (/home/siegfriedneto/projects/servicedeskn1/frontend/app/node_modules/react-dom/cjs/react-dom-client.development.js:13249:29) undefined
Error: Not implemented: window.scrollTo
    at module.exports (/home/siegfriedneto/projects/servicedeskn1/frontend/app/node_modules/jsdom/lib/jsdom/browser/not-implemented.js:9:17)
    at /home/siegfriedneto/projects/servicedeskn1/frontend/app/node_modules/jsdom/lib/jsdom/browser/Window.js:960:7
    at Object.fn (file:///home/siegfriedneto/projects/servicedeskn1/frontend/app/node_modules/@tanstack/router-core/dist/esm/scroll-restoration.js:180:27)
    at RouterCore.emit (file:///home/siegfriedneto/projects/servicedeskn1/frontend/app/node_modules/@tanstack/router-core/dist/esm/router.js:178:14)
    at file:///home/siegfriedneto/projects/servicedeskn1/frontend/app/node_modules/@tanstack/router-core/dist/esm/load-client.js:943:46
    at Router.batch (file:///home/siegfriedneto/projects/servicedeskn1/frontend/app/node_modules/@tanstack/store/dist/esm/atom.js:39:5)
    at file:///home/siegfriedneto/projects/servicedeskn1/frontend/app/node_modules/@tanstack/router-core/dist/esm/load-client.js:936:10
    at runClientTransaction (file:///home/siegfriedneto/projects/servicedeskn1/frontend/app/node_modules/@tanstack/router-core/dist/esm/load-client.js:902:2)
    at loadClientRoute (file:///home/siegfriedneto/projects/servicedeskn1/frontend/app/node_modules/@tanstack/router-core/dist/esm/load-client.js:1034:2)
    at RouterCore.load (file:///home/siegfriedneto/projects/servicedeskn1/frontend/app/node_modules/@tanstack/router-core/dist/esm/router.js:489:4) undefined
stderr | src/routes/connector-test-panel-sample-input.spec.ts > ConnectorTestPanel — the sample input is the shared JSON beautify/minify textarea (criterion 3) > renders a Beautify control beside the Sample input field, the shared control's own signature affordance
Warning: useRouter must be used inside a <RouterProvider> component!

stderr | src/routes/connector-test-panel-sample-input.spec.ts > ConnectorTestPanel — the sample input is the shared JSON beautify/minify textarea (criterion 3) > renders a Beautify control beside the Sample input field, the shared control's own signature affordance
Warning: useRouter must be used inside a <RouterProvider> component!

stderr | src/routes/connector-test-panel-sample-input.spec.ts > ConnectorTestPanel — the sample input is the shared JSON beautify/minify textarea (criterion 3) > reflects whatever the operator types into the Sample input field
Warning: useRouter must be used inside a <RouterProvider> component!

stderr | src/routes/connector-test-panel-sample-input.spec.ts > ConnectorTestPanel — the sample input is the shared JSON beautify/minify textarea (criterion 3) > reflects whatever the operator types into the Sample input field
Warning: useRouter must be used inside a <RouterProvider> component!

Error: Not implemented: window.scrollTo
    at module.exports (/home/siegfriedneto/projects/servicedeskn1/frontend/app/node_modules/jsdom/lib/jsdom/browser/not-implemented.js:9:17)
    at /home/siegfriedneto/projects/servicedeskn1/frontend/app/node_modules/jsdom/lib/jsdom/browser/Window.js:960:7
    at Object.fn (file:///home/siegfriedneto/projects/servicedeskn1/frontend/app/node_modules/@tanstack/router-core/dist/esm/scroll-restoration.js:180:27)
    at RouterCore.emit (file:///home/siegfriedneto/projects/servicedeskn1/frontend/app/node_modules/@tanstack/router-core/dist/esm/router.js:178:14)
    at file:///home/siegfriedneto/projects/servicedeskn1/frontend/app/node_modules/@tanstack/react-router/dist/esm/Transitioner.js:46:25
    at settleOwner (file:///home/siegfriedneto/projects/servicedeskn1/frontend/app/node_modules/@tanstack/react-router/dist/esm/Transitioner.js:10:10)
    at file:///home/siegfriedneto/projects/servicedeskn1/frontend/app/node_modules/@tanstack/react-router/dist/esm/Matches.js:38:39
    at Object.react_stack_bottom_frame (/home/siegfriedneto/projects/servicedeskn1/frontend/app/node_modules/react-dom/cjs/react-dom-client.development.js:25989:20)
    at runWithFiberInDEV (/home/siegfriedneto/projects/servicedeskn1/frontend/app/node_modules/react-dom/cjs/react-dom-client.development.js:874:13)
    at commitHookEffectListMount (/home/siegfriedneto/projects/servicedeskn1/frontend/app/node_modules/react-dom/cjs/react-dom-client.development.js:13249:29) undefined
Error: Not implemented: window.scrollTo
    at module.exports (/home/siegfriedneto/projects/servicedeskn1/frontend/app/node_modules/jsdom/lib/jsdom/browser/not-implemented.js:9:17)
    at /home/siegfriedneto/projects/servicedeskn1/frontend/app/node_modules/jsdom/lib/jsdom/browser/Window.js:960:7
    at Object.fn (file:///home/siegfriedneto/projects/servicedeskn1/frontend/app/node_modules/@tanstack/router-core/dist/esm/scroll-restoration.js:180:27)
    at RouterCore.emit (file:///home/siegfriedneto/projects/servicedeskn1/frontend/app/node_modules/@tanstack/router-core/dist/esm/router.js:178:14)
    at file:///home/siegfriedneto/projects/servicedeskn1/frontend/app/node_modules/@tanstack/react-router/dist/esm/Transitioner.js:46:25
    at settleOwner (file:///home/siegfriedneto/projects/servicedeskn1/frontend/app/node_modules/@tanstack/react-router/dist/esm/Transitioner.js:10:10)
    at file:///home/siegfriedneto/projects/servicedeskn1/frontend/app/node_modules/@tanstack/react-router/dist/esm/Matches.js:38:39
    at Object.react_stack_bottom_frame (/home/siegfriedneto/projects/servicedeskn1/frontend/app/node_modules/react-dom/cjs/react-dom-client.development.js:25989:20)
    at runWithFiberInDEV (/home/siegfriedneto/projects/servicedeskn1/frontend/app/node_modules/react-dom/cjs/react-dom-client.development.js:874:13)
    at commitHookEffectListMount (/home/siegfriedneto/projects/servicedeskn1/frontend/app/node_modules/react-dom/cjs/react-dom-client.development.js:13249:29) undefined
stderr | src/routes/connector-test-panel-sample-input.spec.ts > ConnectorTestPanel — the sample input is the shared JSON beautify/minify textarea (criterion 3) > shows the chosen capability's own input_schema, pretty-printed, as a read-only reference
Warning: useRouter must be used inside a <RouterProvider> component!

stderr | src/routes/connector-test-panel-sample-input.spec.ts > ConnectorTestPanel — the sample input is the shared JSON beautify/minify textarea (criterion 3) > shows the chosen capability's own input_schema, pretty-printed, as a read-only reference
Warning: useRouter must be used inside a <RouterProvider> component!

stderr | src/routes/connector-test-panel-sample-input.spec.ts > ConnectorTestPanel — the sample input is the shared JSON beautify/minify textarea (criterion 3) > falls back to the raw stored text for an input_schema that is not itself valid JSON (disclosed inference)
Warning: useRouter must be used inside a <RouterProvider> component!

stderr | src/routes/connector-test-panel-sample-input.spec.ts > ConnectorTestPanel — the sample input is the shared JSON beautify/minify textarea (criterion 3) > falls back to the raw stored text for an input_schema that is not itself valid JSON (disclosed inference)
Warning: useRouter must be used inside a <RouterProvider> component!

stderr | src/routes/connector-test-panel-sample-input.spec.ts > ConnectorTestPanel — the sample input defaults to a valid empty object (disclosed inference) > starts the Sample input field at "{}" rather than blank, before any capability is even selected
Warning: useRouter must be used inside a <RouterProvider> component!

stderr | src/routes/connector-test-panel-sample-input.spec.ts > ConnectorTestPanel — the sample input defaults to a valid empty object (disclosed inference) > starts the Sample input field at "{}" rather than blank, before any capability is even selected
Warning: useRouter must be used inside a <RouterProvider> component!

 ❯ src/routes/connector-test-panel-sample-input.spec.ts (5 tests | 5 failed) 657ms
     × renders a Beautify control beside the Sample input field, the shared control's own signature affordance 414ms
     × reflects whatever the operator types into the Sample input field 87ms
     × shows the chosen capability's own input_schema, pretty-printed, as a read-only reference 47ms
     × falls back to the raw stored text for an input_schema that is not itself valid JSON (disclosed inference) 61ms
     × starts the Sample input field at "{}" rather than blank, before any capability is even selected 41ms
Error: Not implemented: window.scrollTo
    at module.exports (/home/siegfriedneto/projects/servicedeskn1/frontend/app/node_modules/jsdom/lib/jsdom/browser/not-implemented.js:9:17)
    at /home/siegfriedneto/projects/servicedeskn1/frontend/app/node_modules/jsdom/lib/jsdom/browser/Window.js:960:7
    at Object.fn (file:///home/siegfriedneto/projects/servicedeskn1/frontend/app/node_modules/@tanstack/router-core/dist/esm/scroll-restoration.js:180:27)
    at RouterCore.emit (file:///home/siegfriedneto/projects/servicedeskn1/frontend/app/node_modules/@tanstack/router-core/dist/esm/router.js:178:14)
    at file:///home/siegfriedneto/projects/servicedeskn1/frontend/app/node_modules/@tanstack/react-router/dist/esm/Transitioner.js:46:25
    at settleOwner (file:///home/siegfriedneto/projects/servicedeskn1/frontend/app/node_modules/@tanstack/react-router/dist/esm/Transitioner.js:10:10)
    at file:///home/siegfriedneto/projects/servicedeskn1/frontend/app/node_modules/@tanstack/react-router/dist/esm/Matches.js:38:39
    at Object.react_stack_bottom_frame (/home/siegfriedneto/projects/servicedeskn1/frontend/app/node_modules/react-dom/cjs/react-dom-client.development.js:25989:20)
    at runWithFiberInDEV (/home/siegfriedneto/projects/servicedeskn1/frontend/app/node_modules/react-dom/cjs/react-dom-client.development.js:874:13)
    at commitHookEffectListMount (/home/siegfriedneto/projects/servicedeskn1/frontend/app/node_modules/react-dom/cjs/react-dom-client.development.js:13249:29) undefined
Error: Not implemented: window.scrollTo
    at module.exports (/home/siegfriedneto/projects/servicedeskn1/frontend/app/node_modules/jsdom/lib/jsdom/browser/not-implemented.js:9:17)
    at /home/siegfriedneto/projects/servicedeskn1/frontend/app/node_modules/jsdom/lib/jsdom/browser/Window.js:960:7
    at Object.fn (file:///home/siegfriedneto/projects/servicedeskn1/frontend/app/node_modules/@tanstack/router-core/dist/esm/scroll-restoration.js:180:27)
    at RouterCore.emit (file:///home/siegfriedneto/projects/servicedeskn1/frontend/app/node_modules/@tanstack/router-core/dist/esm/router.js:178:14)
    at file:///home/siegfriedneto/projects/servicedeskn1/frontend/app/node_modules/@tanstack/react-router/dist/esm/Transitioner.js:46:25
    at settleOwner (file:///home/siegfriedneto/projects/servicedeskn1/frontend/app/node_modules/@tanstack/react-router/dist/esm/Transitioner.js:10:10)
    at file:///home/siegfriedneto/projects/servicedeskn1/frontend/app/node_modules/@tanstack/react-router/dist/esm/Matches.js:38:39
    at Object.react_stack_bottom_frame (/home/siegfriedneto/projects/servicedeskn1/frontend/app/node_modules/react-dom/cjs/react-dom-client.development.js:25989:20)
    at runWithFiberInDEV (/home/siegfriedneto/projects/servicedeskn1/frontend/app/node_modules/react-dom/cjs/react-dom-client.development.js:874:13)
    at commitHookEffectListMount (/home/siegfriedneto/projects/servicedeskn1/frontend/app/node_modules/react-dom/cjs/react-dom-client.development.js:13249:29) undefined
Error: Not implemented: window.scrollTo
    at module.exports (/home/siegfriedneto/projects/servicedeskn1/frontend/app/node_modules/jsdom/lib/jsdom/browser/not-implemented.js:9:17)
    at /home/siegfriedneto/projects/servicedeskn1/frontend/app/node_modules/jsdom/lib/jsdom/browser/Window.js:960:7
    at Object.fn (file:///home/siegfriedneto/projects/servicedeskn1/frontend/app/node_modules/@tanstack/router-core/dist/esm/scroll-restoration.js:180:27)
    at RouterCore.emit (file:///home/siegfriedneto/projects/servicedeskn1/frontend/app/node_modules/@tanstack/router-core/dist/esm/router.js:178:14)
    at file:///home/siegfriedneto/projects/servicedeskn1/frontend/app/node_modules/@tanstack/react-router/dist/esm/Transitioner.js:46:25
    at settleOwner (file:///home/siegfriedneto/projects/servicedeskn1/frontend/app/node_modules/@tanstack/react-router/dist/esm/Transitioner.js:10:10)
    at file:///home/siegfriedneto/projects/servicedeskn1/frontend/app/node_modules/@tanstack/react-router/dist/esm/Matches.js:38:39
    at Object.react_stack_bottom_frame (/home/siegfriedneto/projects/servicedeskn1/frontend/app/node_modules/react-dom/cjs/react-dom-client.development.js:25989:20)
    at runWithFiberInDEV (/home/siegfriedneto/projects/servicedeskn1/frontend/app/node_modules/react-dom/cjs/react-dom-client.development.js:874:13)
    at commitHookEffectListMount (/home/siegfriedneto/projects/servicedeskn1/frontend/app/node_modules/react-dom/cjs/react-dom-client.development.js:13249:29) undefined
Error: Not implemented: window.scrollTo
    at module.exports (/home/siegfriedneto/projects/servicedeskn1/frontend/app/node_modules/jsdom/lib/jsdom/browser/not-implemented.js:9:17)
    at /home/siegfriedneto/projects/servicedeskn1/frontend/app/node_modules/jsdom/lib/jsdom/browser/Window.js:960:7
    at Object.fn (file:///home/siegfriedneto/projects/servicedeskn1/frontend/app/node_modules/@tanstack/router-core/dist/esm/scroll-restoration.js:180:27)
    at RouterCore.emit (file:///home/siegfriedneto/projects/servicedeskn1/frontend/app/node_modules/@tanstack/router-core/dist/esm/router.js:178:14)
    at file:///home/siegfriedneto/projects/servicedeskn1/frontend/app/node_modules/@tanstack/react-router/dist/esm/Transitioner.js:46:25
    at settleOwner (file:///home/siegfriedneto/projects/servicedeskn1/frontend/app/node_modules/@tanstack/react-router/dist/esm/Transitioner.js:10:10)
    at file:///home/siegfriedneto/projects/servicedeskn1/frontend/app/node_modules/@tanstack/react-router/dist/esm/Matches.js:38:39
    at Object.react_stack_bottom_frame (/home/siegfriedneto/projects/servicedeskn1/frontend/app/node_modules/react-dom/cjs/react-dom-client.development.js:25989:20)
    at runWithFiberInDEV (/home/siegfriedneto/projects/servicedeskn1/frontend/app/node_modules/react-dom/cjs/react-dom-client.development.js:874:13)
    at commitHookEffectListMount (/home/siegfriedneto/projects/servicedeskn1/frontend/app/node_modules/react-dom/cjs/react-dom-client.development.js:13249:29) undefined
Error: Not implemented: window.scrollTo
    at module.exports (/home/siegfriedneto/projects/servicedeskn1/frontend/app/node_modules/jsdom/lib/jsdom/browser/not-implemented.js:9:17)
    at /home/siegfriedneto/projects/servicedeskn1/frontend/app/node_modules/jsdom/lib/jsdom/browser/Window.js:960:7
    at Object.fn (file:///home/siegfriedneto/projects/servicedeskn1/frontend/app/node_modules/@tanstack/router-core/dist/esm/scroll-restoration.js:180:27)
    at RouterCore.emit (file:///home/siegfriedneto/projects/servicedeskn1/frontend/app/node_modules/@tanstack/router-core/dist/esm/router.js:178:14)
    at file:///home/siegfriedneto/projects/servicedeskn1/frontend/app/node_modules/@tanstack/react-router/dist/esm/Transitioner.js:46:25
    at settleOwner (file:///home/siegfriedneto/projects/servicedeskn1/frontend/app/node_modules/@tanstack/react-router/dist/esm/Transitioner.js:10:10)
    at file:///home/siegfriedneto/projects/servicedeskn1/frontend/app/node_modules/@tanstack/react-router/dist/esm/Matches.js:38:39
    at Object.react_stack_bottom_frame (/home/siegfriedneto/projects/servicedeskn1/frontend/app/node_modules/react-dom/cjs/react-dom-client.development.js:25989:20)
    at runWithFiberInDEV (/home/siegfriedneto/projects/servicedeskn1/frontend/app/node_modules/react-dom/cjs/react-dom-client.development.js:874:13)
    at commitHookEffectListMount (/home/siegfriedneto/projects/servicedeskn1/frontend/app/node_modules/react-dom/cjs/react-dom-client.development.js:13249:29) undefined
Error: Not implemented: window.scrollTo
    at module.exports (/home/siegfriedneto/projects/servicedeskn1/frontend/app/node_modules/jsdom/lib/jsdom/browser/not-implemented.js:9:17)
    at /home/siegfriedneto/projects/servicedeskn1/frontend/app/node_modules/jsdom/lib/jsdom/browser/Window.js:960:7
    at Object.fn (file:///home/siegfriedneto/projects/servicedeskn1/frontend/app/node_modules/@tanstack/router-core/dist/esm/scroll-restoration.js:180:27)
    at RouterCore.emit (file:///home/siegfriedneto/projects/servicedeskn1/frontend/app/node_modules/@tanstack/router-core/dist/esm/router.js:178:14)
    at file:///home/siegfriedneto/projects/servicedeskn1/frontend/app/node_modules/@tanstack/react-router/dist/esm/Transitioner.js:46:25
    at settleOwner (file:///home/siegfriedneto/projects/servicedeskn1/frontend/app/node_modules/@tanstack/react-router/dist/esm/Transitioner.js:10:10)
    at file:///home/siegfriedneto/projects/servicedeskn1/frontend/app/node_modules/@tanstack/react-router/dist/esm/Matches.js:38:39
    at Object.react_stack_bottom_frame (/home/siegfriedneto/projects/servicedeskn1/frontend/app/node_modules/react-dom/cjs/react-dom-client.development.js:25989:20)
    at runWithFiberInDEV (/home/siegfriedneto/projects/servicedeskn1/frontend/app/node_modules/react-dom/cjs/react-dom-client.development.js:874:13)
    at commitHookEffectListMount (/home/siegfriedneto/projects/servicedeskn1/frontend/app/node_modules/react-dom/cjs/react-dom-client.development.js:13249:29) undefined
Error: Not implemented: window.scrollTo
    at module.exports (/home/siegfriedneto/projects/servicedeskn1/frontend/app/node_modules/jsdom/lib/jsdom/browser/not-implemented.js:9:17)
    at /home/siegfriedneto/projects/servicedeskn1/frontend/app/node_modules/jsdom/lib/jsdom/browser/Window.js:960:7
    at Object.fn (file:///home/siegfriedneto/projects/servicedeskn1/frontend/app/node_modules/@tanstack/router-core/dist/esm/scroll-restoration.js:180:27)
    at RouterCore.emit (file:///home/siegfriedneto/projects/servicedeskn1/frontend/app/node_modules/@tanstack/router-core/dist/esm/router.js:178:14)
    at file:///home/siegfriedneto/projects/servicedeskn1/frontend/app/node_modules/@tanstack/react-router/dist/esm/Transitioner.js:46:25
    at settleOwner (file:///home/siegfriedneto/projects/servicedeskn1/frontend/app/node_modules/@tanstack/react-router/dist/esm/Transitioner.js:10:10)
    at file:///home/siegfriedneto/projects/servicedeskn1/frontend/app/node_modules/@tanstack/react-router/dist/esm/Matches.js:38:39
    at Object.react_stack_bottom_frame (/home/siegfriedneto/projects/servicedeskn1/frontend/app/node_modules/react-dom/cjs/react-dom-client.development.js:25989:20)
    at runWithFiberInDEV (/home/siegfriedneto/projects/servicedeskn1/frontend/app/node_modules/react-dom/cjs/react-dom-client.development.js:874:13)
    at commitHookEffectListMount (/home/siegfriedneto/projects/servicedeskn1/frontend/app/node_modules/react-dom/cjs/react-dom-client.development.js:13249:29) undefined

⎯⎯⎯⎯⎯⎯ Failed Tests 42 ⎯⎯⎯⎯⎯⎯⎯

 FAIL  src/hooks/use-connector-configuration-detail-view.spec.ts > useConnectorConfigurationDetailView -- justSaved (criterion 7) > becomes true the instant a save succeeds
AssertionError: expected false to be true // Object.is equality

Ignored nodes: comments, script, style
[36m<html>[39m
  [36m<head />[39m
  [36m<body>[39m
    [36m<div />[39m
  [36m</body>[39m
[36m</html>[39m

- Expected
+ Received

- true
+ false

 ❯ src/hooks/use-connector-configuration-detail-view.spec.ts:149:70
    147|     });
    148|
    149|     await waitFor(() => expect(readyState(result.current).justSaved).t…
       |                                                                      ^
    150|   });
    151|
 ❯ runWithExpensiveErrorDiagnosticsDisabled node_modules/@testing-library/dom/dist/config.js:47:12
 ❯ checkCallback node_modules/@testing-library/dom/dist/wait-for.js:124:77
 ❯ Timeout.checkRealTimersCallback node_modules/@testing-library/dom/dist/wait-for.js:118:16

⎯⎯⎯⎯⎯⎯⎯⎯⎯⎯⎯⎯⎯⎯⎯⎯⎯⎯⎯⎯⎯⎯⎯[1/42]⎯

 FAIL  src/hooks/use-connector-configuration-detail-view.spec.ts > useConnectorConfigurationDetailView -- justSaved (criterion 7) > clears once the operator edits again after a save, so the acknowledgement never outlives what it acknowledged
AssertionError: expected false to be true // Object.is equality

Ignored nodes: comments, script, style
[36m<html>[39m
  [36m<head />[39m
  [36m<body>[39m
    [36m<div />[39m
  [36m</body>[39m
[36m</html>[39m

- Expected
+ Received

- true
+ false

 ❯ src/hooks/use-connector-configuration-detail-view.spec.ts:170:70
    168|       readyState(result.current).onSubmit();
    169|     });
    170|     await waitFor(() => expect(readyState(result.current).justSaved).t…
       |                                                                      ^
    171|
    172|     act(() => {
 ❯ runWithExpensiveErrorDiagnosticsDisabled node_modules/@testing-library/dom/dist/config.js:47:12
 ❯ checkCallback node_modules/@testing-library/dom/dist/wait-for.js:124:77
 ❯ Timeout.checkRealTimersCallback node_modules/@testing-library/dom/dist/wait-for.js:118:16

⎯⎯⎯⎯⎯⎯⎯⎯⎯⎯⎯⎯⎯⎯⎯⎯⎯⎯⎯⎯⎯⎯⎯[2/42]⎯

 FAIL  src/routes/connector-configuration-detail-screen-discard.spec.ts > ConnectorConfigurationDetailScreen -- discard falls back to what was just saved, not the original pre-save value (disclosed inference) > resets to the just-saved configuration once a save has succeeded, rather than the value loaded before it
TestingLibraryElementError: Unable to find an element with the text: Saved.. This could be because the text is broken up by multiple elements. In this case, you can provide a function for your text matcher to make your matcher more flexible.

Ignored nodes: comments, script, style
[36m<body>[39m
  [36m<div>[39m
    [36m<section[39m
      [33mclass[39m=[32m"flex flex-col gap-4"[39m
    [36m>[39m
      [36m<a[39m
        [33maria-current[39m=[32m"page"[39m
        [33mclass[39m=[32m"active"[39m
        [33mdata-status[39m=[32m"active"[39m
        [33mhref[39m=[32m"/connectors"[39m
      [36m>[39m
        [0mBack to connector configurations[0m
      [36m</a>[39m
      [36m<h1[39m
        [33mclass[39m=[32m"text-lg font-semibold text-foreground"[39m
      [36m>[39m
        [0mConnector [0m
        [0msome-connector[0m
      [36m</h1>[39m
      [36m<div[39m
        [33mclass[39m=[32m"flex flex-col gap-4"[39m
      [36m>[39m
        [36m<form[39m
          [33mclass[39m=[32m"flex flex-col gap-4"[39m
          [33mnovalidate[39m=[32m""[39m
        [36m>[39m
          [36m<div[39m
            [33mclass[39m=[32m"flex flex-col gap-1"[39m
          [36m>[39m
            [36m<label[39m
              [33mclass[39m=[32m"text-sm leading-none font-medium tracking-wider text-accent uppercase peer-disabled:cursor-not-allowed peer-disabled:opacity-70 flex flex-col gap-1"[39m
            [36m>[39m
              [36m<span>[39m
                [0mConnector[0m
              [36m</span>[39m
              [36m<div[39m
                [33mclass[39m=[32m"normal-case tracking-normal font-normal text-foreground"[39m
              [36m>[39m
                [36m<input[39m
                  [33maria-invalid[39m=[32m"false"[39m
                  [33mclass[39m=[32m"flex h-9 w-full border border-border bg-background px-3 py-2 text-sm text-foreground placeholder:text-muted-foreground outline-none transition-colors focus-visible:ring-2 focus-visible:ring-ring motion-reduce:transition-none aria-invalid:border-destructive disabled:cursor-not-allowed disabled:opacity-50"[39m
                  [33mdata-slot[39m=[32m"input"[39m
                  [33mdisabled[39m=[32m""[39m
                  [33mname[39m=[32m"connector"[39m
                [36m/>[39m
              [36m</div>[39m
            [36m</label>[39m
          [36m</div>[39m
          [36m<div[39m
            [33mclass[39m=[32m"flex flex-col gap-1"[39m
          [36m>[39m
            [36m<div[39m
              [33mclass[39m=[32m"flex items-center justify-between gap-2"[39m
            [36m>[39m
              [36m<label[39m
                [33mclass[39m=[32m"block text-sm leading-none font-medium tracking-wider text-accent uppercase peer-disabled:cursor-not-allowed peer-disabled:opacity-70"[39m
                [33mfor[39m=[32m"configuration"[39m
              [36m>[39m
                [0mConfiguration[0m
              [36m</label>[39m
              [36m<button[39m
                [33mclass[39m=[32m"inline-flex items-center justify-center gap-2 border font-medium tracking-wider uppercase transition-colors outline-none select-none focus-visible:ring-2 focus-visible:ring-ring disabled:pointer-events-none disabled:opacity-50 border-border bg-surface text-foreground hover:border-border-strong hover:bg-elevated hover:text-primary h-9 px-3 text-sm"[39m
                [33mdata-slot[39m=[32m"button"[39m
                [33mtype[39m=[32m"button"[39m
              [36m>[39m
                [0mBeautify[0m
              [36m</button>[39m
            [36m</div>[39m
            [36m<textarea[39m
              [33maria-invalid[39m=[32m"false"[39m
              [33mclass[39m=[32m"flex w-full resize-y border border-border bg-background px-3 py-2 text-sm text-foreground placeholder:text-muted-foreground outline-none transition-colors focus-visible:ring-2 focus-visible:ring-ring motion-reduce:transition-none aria-invalid:border-destructive disabled:cursor-not-allowed disabled:opacity-50 min-h-40 font-mono"[39m
              [33mdata-slot[39m=[32m"textarea"[39m
              [33mid[39m=[32m"configuration"[39m
            [36m>[39m
              [0m{
  "key": "updated"
}[0m
            [36m</textarea>[39m
          [36m</div>[39m
          [36m<div[39m
            [33mclass[39m=[32m"flex justify-end"[39m
          [36m>[39m
            [36m<button[39m
              [33mclass[39m=[32m"inline-flex items-center justify-center gap-2 border font-medium tracking-wider uppercase transition-colors outline-none select-none focus-visible:ring-2 focus-visible:ring-ring disabled:pointer-events-none disabled:opacity-50 border-primary bg-primary text-primary-foreground hover:bg-transparent hover:text-primary h-9 px-3 text-sm"[39m
              [33mdata-slot[39m=[32m"button"[39m
              [33mdisabled[39m=[32m""[39m
              [33mtype[39m=[32m"submit"[39m
            [36m>[39m
              [0mSave[0m
            [36m</button>[39m
          [36m</div>[39m
        [36m</form>[39m
        [36m<div[39m
          [33mclass[39m=[32m"flex items-center gap-3"[39m
        [36m>[39m
          [36m<button[39m
            [33mclass[39m=[32m"inline-flex items-center justify-center gap-2 border font-medium tracking-wider uppercase transition-colors outline-none select-none focus-visible:ring-2 focus-visible:ring-ring disabled:pointer-events-none disabled:opacity-50 border-border bg-surface text-foreground hover:border-border-strong hover:bg-elevated hover:text-primary h-9 px-3 text-sm"[39m
            [33mdata-slot[39m=[32m"button"[39m
            [33mdisabled[39m=[32m""[39m
            [33mtype[39m=[32m"button"[39m
          [36m>[39m
            [0mDiscard changes[0m
          [36m</button>[39m
        [36m</div>[39m
        [36m<section>[39m
          [36m<h3>[39m
            [0mTest[0m
          [36m</h3>[39m
          [36m<div>[39m
            [36m<label[39m
              [33mclass[39m=[32m"block text-sm leading-none font-medium tracking-wider text-accent uppercase peer-disabled:cursor-not-allowed peer-disabled:opacity-70"[39m
            [36m>[39m
              [0mCapability[0m
              [36m<div[39m
                [33mclass[39m=[32m"relative w-full"[39m
                [33mdata-slot[39m=[32m"select"[39m
              [36m>[39m
                [36m<button[39m
                  [33maria-expanded[39m=[32m"false"[39m
                  [33maria-haspopup[39m=[32m"listbox"[39m
                  [33mclass[39m=[32m"flex h-9 w-full items-center justify-between gap-2 border bg-elevated px-3 text-sm text-foreground transition-colors outline-none motion-reduce:transition-none focus-visible:ring-2 focus-visible:ring-ring border-border hover:border-border-strong"[39m
                  [33mdata-slot[39m=[32m"select-trigger"[39m
                  [33mdata-value[39m=[32m""[39m
                  [33mrole[39m=[32m"combobox"[39m
                  [33mtype[39m=[32m"button"[39m
                [36m>[39m
                  [36m<span[39m
       ...

Ignored nodes: comments, script, style
[36m<body>[39m
  [36m<div>[39m
    [36m<section[39m
      [33mclass[39m=[32m"flex flex-col gap-4"[39m
    [36m>[39m
      [36m<a[39m
        [33maria-current[39m=[32m"page"[39m
        [33mclass[39m=[32m"active"[39m
        [33mdata-status[39m=[32m"active"[39m
        [33mhref[39m=[32m"/connectors"[39m
      [36m>[39m
        [0mBack to connector configurations[0m
      [36m</a>[39m
      [36m<h1[39m
        [33mclass[39m=[32m"text-lg font-semibold text-foreground"[39m
      [36m>[39m
        [0mConnector [0m
        [0msome-connector[0m
      [36m</h1>[39m
      [36m<div[39m
        [33mclass[39m=[32m"flex flex-col gap-4"[39m
      [36m>[39m
        [36m<form[39m
          [33mclass[39m=[32m"flex flex-col gap-4"[39m
          [33mnovalidate[39m=[32m""[39m
        [36m>[39m
          [36m<div[39m
            [33mclass[39m=[32m"flex flex-col gap-1"[39m
          [36m>[39m
            [36m<label[39m
              [33mclass[39m=[32m"text-sm leading-none font-medium tracking-wider text-accent uppercase peer-disabled:cursor-not-allowed peer-disabled:opacity-70 flex flex-col gap-1"[39m
            [36m>[39m
              [36m<span>[39m
                [0mConnector[0m
              [36m</span>[39m
              [36m<div[39m
                [33mclass[39m=[32m"normal-case tracking-normal font-normal text-foreground"[39m
              [36m>[39m
                [36m<input[39m
                  [33maria-invalid[39m=[32m"false"[39m
                  [33mclass[39m=[32m"flex h-9 w-full border border-border bg-background px-3 py-2 text-sm text-foreground placeholder:text-muted-foreground outline-none transition-colors focus-visible:ring-2 focus-visible:ring-ring motion-reduce:transition-none aria-invalid:border-destructive disabled:cursor-not-allowed disabled:opacity-50"[39m
                  [33mdata-slot[39m=[32m"input"[39m
                  [33mdisabled[39m=[32m""[39m
                  [33mname[39m=[32m"connector"[39m
                [36m/>[39m
              [36m</div>[39m
            [36m</label>[39m
          [36m</div>[39m
          [36m<div[39m
            [33mclass[39m=[32m"flex flex-col gap-1"[39m
          [36m>[39m
            [36m<div[39m
              [33mclass[39m=[32m"flex items-center justify-between gap-2"[39m
            [36m>[39m
              [36m<label[39m
                [33mclass[39m=[32m"block text-sm leading-none font-medium tracking-wider text-accent uppercase peer-disabled:cursor-not-allowed peer-disabled:opacity-70"[39m
                [33mfor[39m=[32m"configuration"[39m
              [36m>[39m
                [0mConfiguration[0m
              [36m</label>[39m
              [36m<button[39m
                [33mclass[39m=[32m"inline-flex items-center justify-center gap-2 border font-medium tracking-wider uppercase transition-colors outline-none select-none focus-visible:ring-2 focus-visible:ring-ring disabled:pointer-events-none disabled:opacity-50 border-border bg-surface text-foreground hover:border-border-strong hover:bg-elevated hover:text-primary h-9 px-3 text-sm"[39m
                [33mdata-slot[39m=[32m"button"[39m
                [33mtype[39m=[32m"button"[39m
              [36m>[39m
                [0mBeautify[0m
              [36m</button>[39m
            [36m</div>[39m
            [36m<textarea[39m
              [33maria-invalid[39m=[32m"false"[39m
              [33mclass[39m=[32m"flex w-full resize-y border border-border bg-background px-3 py-2 text-sm text-foreground placeholder:text-muted-foreground outline-none transition-colors focus-visible:ring-2 focus-visible:ring-ring motion-reduce:transition-none aria-invalid:border-destructive disabled:cursor-not-allowed disabled:opacity-50 min-h-40 font-mono"[39m
              [33mdata-slot[39m=[32m"textarea"[39m
              [33mid[39m=[32m"configuration"[39m
            [36m>[39m
              [0m{
  "key": "updated"
}[0m
            [36m</textarea>[39m
          [36m</div>[39m
          [36m<div[39m
            [33mclass[39m=[32m"flex justify-end"[39m
          [36m>[39m
            [36m<button[39m
              [33mclass[39m=[32m"inline-flex items-center justify-center gap-2 border font-medium tracking-wider uppercase transition-colors outline-none select-none focus-visible:ring-2 focus-visible:ring-ring disabled:pointer-events-none disabled:opacity-50 border-primary bg-primary text-primary-foreground hover:bg-transparent hover:text-primary h-9 px-3 text-sm"[39m
              [33mdata-slot[39m=[32m"button"[39m
              [33mdisabled[39m=[32m""[39m
              [33mtype[39m=[32m"submit"[39m
            [36m>[39m
              [0mSave[0m
            [36m</button>[39m
          [36m</div>[39m
        [36m</form>[39m
        [36m<div[39m
          [33mclass[39m=[32m"flex items-center gap-3"[39m
        [36m>[39m
          [36m<button[39m
            [33mclass[39m=[32m"inline-flex items-center justify-center gap-2 border font-medium tracking-wider uppercase transition-colors outline-none select-none focus-visible:ring-2 focus-visible:ring-ring disabled:pointer-events-none disabled:opacity-50 border-border bg-surface text-foreground hover:border-border-strong hover:bg-elevated hover:text-primary h-9 px-3 text-sm"[39m
            [33mdata-slot[39m=[32m"button"[39m
            [33mdisabled[39m=[32m""[39m
            [33mtype[39m=[32m"button"[39m
          [36m>[39m
            [0mDiscard changes[0m
          [36m</button>[39m
        [36m</div>[39m
        [36m<section>[39m
          [36m<h3>[39m
            [0mTest[0m
          [36m</h3>[39m
          [36m<div>[39m
            [36m<label[39m
              [33mclass[39m=[32m"block text-sm leading-none font-medium tracking-wider text-accent uppercase peer-disabled:cursor-not-allowed peer-disabled:opacity-70"[39m
            [36m>[39m
              [0mCapability[0m
              [36m<div[39m
                [33mclass[39m=[32m"relative w-full"[39m
                [33mdata-slot[39m=[32m"select"[39m
              [36m>[39m
                [36m<button[39m
                  [33maria-expanded[39m=[32m"false"[39m
                  [33maria-haspopup[39m=[32m"listbox"[39m
                  [33mclass[39m=[32m"flex h-9 w-full items-center justify-between gap-2 border bg-elevated px-3 text-sm text-foreground transition-colors outline-none motion-reduce:transition-none focus-visible:ring-2 focus-visible:ring-ring border-border hover:border-border-strong"[39m
                  [33mdata-slot[39m=[32m"select-trigger"[39m
                  [33mdata-value[39m=[32m""[39m
                  [33mrole[39m=[32m"combobox"[39m
                  [33mtype[39m=[32m"button"[39m
                [36m>[39m
                  [36m<span[39m
       ...
 ❯ waitForWrapper node_modules/@testing-library/dom/dist/wait-for.js:163:27
 ❯ node_modules/@testing-library/dom/dist/query-helpers.js:86:33
 ❯ src/routes/connector-configuration-detail-screen-discard.spec.ts:81:18
     79|     fireEvent.click(screen.getByRole("button", { name: "Save" }));
     80|     await waitFor(() => expect(putCallCount(fetchMock)).toBe(1));
     81|     await screen.findByText("Saved.");
       |                  ^
     82|
     83|     fireEvent.change(configurationField, { target: { value: '{"key":"f…

⎯⎯⎯⎯⎯⎯⎯⎯⎯⎯⎯⎯⎯⎯⎯⎯⎯⎯⎯⎯⎯⎯⎯[3/42]⎯

 FAIL  src/routes/connector-configuration-detail-screen-save.spec.ts > ConnectorConfigurationDetailScreen -- a successful save (criterion 7) > shows an inline success acknowledgement and keeps the screen showing the just-saved value
TestingLibraryElementError: Unable to find role="status"

Ignored nodes: comments, script, style
[36m<body>[39m
  [36m<div>[39m
    [36m<section[39m
      [33mclass[39m=[32m"flex flex-col gap-4"[39m
    [36m>[39m
      [36m<a[39m
        [33maria-current[39m=[32m"page"[39m
        [33mclass[39m=[32m"active"[39m
        [33mdata-status[39m=[32m"active"[39m
        [33mhref[39m=[32m"/connectors"[39m
      [36m>[39m
        [0mBack to connector configurations[0m
      [36m</a>[39m
      [36m<h1[39m
        [33mclass[39m=[32m"text-lg font-semibold text-foreground"[39m
      [36m>[39m
        [0mConnector [0m
        [0msome-connector[0m
      [36m</h1>[39m
      [36m<div[39m
        [33mclass[39m=[32m"flex flex-col gap-4"[39m
      [36m>[39m
        [36m<form[39m
          [33mclass[39m=[32m"flex flex-col gap-4"[39m
          [33mnovalidate[39m=[32m""[39m
        [36m>[39m
          [36m<div[39m
            [33mclass[39m=[32m"flex flex-col gap-1"[39m
          [36m>[39m
            [36m<label[39m
              [33mclass[39m=[32m"text-sm leading-none font-medium tracking-wider text-accent uppercase peer-disabled:cursor-not-allowed peer-disabled:opacity-70 flex flex-col gap-1"[39m
            [36m>[39m
              [36m<span>[39m
                [0mConnector[0m
              [36m</span>[39m
              [36m<div[39m
                [33mclass[39m=[32m"normal-case tracking-normal font-normal text-foreground"[39m
              [36m>[39m
                [36m<input[39m
                  [33maria-invalid[39m=[32m"false"[39m
                  [33mclass[39m=[32m"flex h-9 w-full border border-border bg-background px-3 py-2 text-sm text-foreground placeholder:text-muted-foreground outline-none transition-colors focus-visible:ring-2 focus-visible:ring-ring motion-reduce:transition-none aria-invalid:border-destructive disabled:cursor-not-allowed disabled:opacity-50"[39m
                  [33mdata-slot[39m=[32m"input"[39m
                  [33mdisabled[39m=[32m""[39m
                  [33mname[39m=[32m"connector"[39m
                [36m/>[39m
              [36m</div>[39m
            [36m</label>[39m
          [36m</div>[39m
          [36m<div[39m
            [33mclass[39m=[32m"flex flex-col gap-1"[39m
          [36m>[39m
            [36m<div[39m
              [33mclass[39m=[32m"flex items-center justify-between gap-2"[39m
            [36m>[39m
              [36m<label[39m
                [33mclass[39m=[32m"block text-sm leading-none font-medium tracking-wider text-accent uppercase peer-disabled:cursor-not-allowed peer-disabled:opacity-70"[39m
                [33mfor[39m=[32m"configuration"[39m
              [36m>[39m
                [0mConfiguration[0m
              [36m</label>[39m
              [36m<button[39m
                [33mclass[39m=[32m"inline-flex items-center justify-center gap-2 border font-medium tracking-wider uppercase transition-colors outline-none select-none focus-visible:ring-2 focus-visible:ring-ring disabled:pointer-events-none disabled:opacity-50 border-border bg-surface text-foreground hover:border-border-strong hover:bg-elevated hover:text-primary h-9 px-3 text-sm"[39m
                [33mdata-slot[39m=[32m"button"[39m
                [33mtype[39m=[32m"button"[39m
              [36m>[39m
                [0mBeautify[0m
              [36m</button>[39m
            [36m</div>[39m
            [36m<textarea[39m
              [33maria-invalid[39m=[32m"false"[39m
              [33mclass[39m=[32m"flex w-full resize-y border border-border bg-background px-3 py-2 text-sm text-foreground placeholder:text-muted-foreground outline-none transition-colors focus-visible:ring-2 focus-visible:ring-ring motion-reduce:transition-none aria-invalid:border-destructive disabled:cursor-not-allowed disabled:opacity-50 min-h-40 font-mono"[39m
              [33mdata-slot[39m=[32m"textarea"[39m
              [33mid[39m=[32m"configuration"[39m
            [36m>[39m
              [0m{
  "key": "updated"
}[0m
            [36m</textarea>[39m
          [36m</div>[39m
          [36m<div[39m
            [33mclass[39m=[32m"flex justify-end"[39m
          [36m>[39m
            [36m<button[39m
              [33mclass[39m=[32m"inline-flex items-center justify-center gap-2 border font-medium tracking-wider uppercase transition-colors outline-none select-none focus-visible:ring-2 focus-visible:ring-ring disabled:pointer-events-none disabled:opacity-50 border-primary bg-primary text-primary-foreground hover:bg-transparent hover:text-primary h-9 px-3 text-sm"[39m
              [33mdata-slot[39m=[32m"button"[39m
              [33mdisabled[39m=[32m""[39m
              [33mtype[39m=[32m"submit"[39m
            [36m>[39m
              [0mSave[0m
            [36m</button>[39m
          [36m</div>[39m
        [36m</form>[39m
        [36m<div[39m
          [33mclass[39m=[32m"flex items-center gap-3"[39m
        [36m>[39m
          [36m<button[39m
            [33mclass[39m=[32m"inline-flex items-center justify-center gap-2 border font-medium tracking-wider uppercase transition-colors outline-none select-none focus-visible:ring-2 focus-visible:ring-ring disabled:pointer-events-none disabled:opacity-50 border-border bg-surface text-foreground hover:border-border-strong hover:bg-elevated hover:text-primary h-9 px-3 text-sm"[39m
            [33mdata-slot[39m=[32m"button"[39m
            [33mdisabled[39m=[32m""[39m
            [33mtype[39m=[32m"button"[39m
          [36m>[39m
            [0mDiscard changes[0m
          [36m</button>[39m
        [36m</div>[39m
        [36m<section>[39m
          [36m<h3>[39m
            [0mTest[0m
          [36m</h3>[39m
          [36m<div>[39m
            [36m<label[39m
              [33mclass[39m=[32m"block text-sm leading-none font-medium tracking-wider text-accent uppercase peer-disabled:cursor-not-allowed peer-disabled:opacity-70"[39m
            [36m>[39m
              [0mCapability[0m
              [36m<div[39m
                [33mclass[39m=[32m"relative w-full"[39m
                [33mdata-slot[39m=[32m"select"[39m
              [36m>[39m
                [36m<button[39m
                  [33maria-expanded[39m=[32m"false"[39m
                  [33maria-haspopup[39m=[32m"listbox"[39m
                  [33mclass[39m=[32m"flex h-9 w-full items-center justify-between gap-2 border bg-elevated px-3 text-sm text-foreground transition-colors outline-none motion-reduce:transition-none focus-visible:ring-2 focus-visible:ring-ring border-border hover:border-border-strong"[39m
                  [33mdata-slot[39m=[32m"select-trigger"[39m
                  [33mdata-value[39m=[32m""[39m
                  [33mrole[39m=[32m"combobox"[39m
                  [33mtype[39m=[32m"button"[39m
                [36m>[39m
                  [36m<span[39m
       ...

Ignored nodes: comments, script, style
[36m<body>[39m
  [36m<div>[39m
    [36m<section[39m
      [33mclass[39m=[32m"flex flex-col gap-4"[39m
    [36m>[39m
      [36m<a[39m
        [33maria-current[39m=[32m"page"[39m
        [33mclass[39m=[32m"active"[39m
        [33mdata-status[39m=[32m"active"[39m
        [33mhref[39m=[32m"/connectors"[39m
      [36m>[39m
        [0mBack to connector configurations[0m
      [36m</a>[39m
      [36m<h1[39m
        [33mclass[39m=[32m"text-lg font-semibold text-foreground"[39m
      [36m>[39m
        [0mConnector [0m
        [0msome-connector[0m
      [36m</h1>[39m
      [36m<div[39m
        [33mclass[39m=[32m"flex flex-col gap-4"[39m
      [36m>[39m
        [36m<form[39m
          [33mclass[39m=[32m"flex flex-col gap-4"[39m
          [33mnovalidate[39m=[32m""[39m
        [36m>[39m
          [36m<div[39m
            [33mclass[39m=[32m"flex flex-col gap-1"[39m
          [36m>[39m
            [36m<label[39m
              [33mclass[39m=[32m"text-sm leading-none font-medium tracking-wider text-accent uppercase peer-disabled:cursor-not-allowed peer-disabled:opacity-70 flex flex-col gap-1"[39m
            [36m>[39m
              [36m<span>[39m
                [0mConnector[0m
              [36m</span>[39m
              [36m<div[39m
                [33mclass[39m=[32m"normal-case tracking-normal font-normal text-foreground"[39m
              [36m>[39m
                [36m<input[39m
                  [33maria-invalid[39m=[32m"false"[39m
                  [33mclass[39m=[32m"flex h-9 w-full border border-border bg-background px-3 py-2 text-sm text-foreground placeholder:text-muted-foreground outline-none transition-colors focus-visible:ring-2 focus-visible:ring-ring motion-reduce:transition-none aria-invalid:border-destructive disabled:cursor-not-allowed disabled:opacity-50"[39m
                  [33mdata-slot[39m=[32m"input"[39m
                  [33mdisabled[39m=[32m""[39m
                  [33mname[39m=[32m"connector"[39m
                [36m/>[39m
              [36m</div>[39m
            [36m</label>[39m
          [36m</div>[39m
          [36m<div[39m
            [33mclass[39m=[32m"flex flex-col gap-1"[39m
          [36m>[39m
            [36m<div[39m
              [33mclass[39m=[32m"flex items-center justify-between gap-2"[39m
            [36m>[39m
              [36m<label[39m
                [33mclass[39m=[32m"block text-sm leading-none font-medium tracking-wider text-accent uppercase peer-disabled:cursor-not-allowed peer-disabled:opacity-70"[39m
                [33mfor[39m=[32m"configuration"[39m
              [36m>[39m
                [0mConfiguration[0m
              [36m</label>[39m
              [36m<button[39m
                [33mclass[39m=[32m"inline-flex items-center justify-center gap-2 border font-medium tracking-wider uppercase transition-colors outline-none select-none focus-visible:ring-2 focus-visible:ring-ring disabled:pointer-events-none disabled:opacity-50 border-border bg-surface text-foreground hover:border-border-strong hover:bg-elevated hover:text-primary h-9 px-3 text-sm"[39m
                [33mdata-slot[39m=[32m"button"[39m
                [33mtype[39m=[32m"button"[39m
              [36m>[39m
                [0mBeautify[0m
              [36m</button>[39m
            [36m</div>[39m
            [36m<textarea[39m
              [33maria-invalid[39m=[32m"false"[39m
              [33mclass[39m=[32m"flex w-full resize-y border border-border bg-background px-3 py-2 text-sm text-foreground placeholder:text-muted-foreground outline-none transition-colors focus-visible:ring-2 focus-visible:ring-ring motion-reduce:transition-none aria-invalid:border-destructive disabled:cursor-not-allowed disabled:opacity-50 min-h-40 font-mono"[39m
              [33mdata-slot[39m=[32m"textarea"[39m
              [33mid[39m=[32m"configuration"[39m
            [36m>[39m
              [0m{
  "key": "updated"
}[0m
            [36m</textarea>[39m
          [36m</div>[39m
          [36m<div[39m
            [33mclass[39m=[32m"flex justify-end"[39m
          [36m>[39m
            [36m<button[39m
              [33mclass[39m=[32m"inline-flex items-center justify-center gap-2 border font-medium tracking-wider uppercase transition-colors outline-none select-none focus-visible:ring-2 focus-visible:ring-ring disabled:pointer-events-none disabled:opacity-50 border-primary bg-primary text-primary-foreground hover:bg-transparent hover:text-primary h-9 px-3 text-sm"[39m
              [33mdata-slot[39m=[32m"button"[39m
              [33mdisabled[39m=[32m""[39m
              [33mtype[39m=[32m"submit"[39m
            [36m>[39m
              [0mSave[0m
            [36m</button>[39m
          [36m</div>[39m
        [36m</form>[39m
        [36m<div[39m
          [33mclass[39m=[32m"flex items-center gap-3"[39m
        [36m>[39m
          [36m<button[39m
            [33mclass[39m=[32m"inline-flex items-center justify-center gap-2 border font-medium tracking-wider uppercase transition-colors outline-none select-none focus-visible:ring-2 focus-visible:ring-ring disabled:pointer-events-none disabled:opacity-50 border-border bg-surface text-foreground hover:border-border-strong hover:bg-elevated hover:text-primary h-9 px-3 text-sm"[39m
            [33mdata-slot[39m=[32m"button"[39m
            [33mdisabled[39m=[32m""[39m
            [33mtype[39m=[32m"button"[39m
          [36m>[39m
            [0mDiscard changes[0m
          [36m</button>[39m
        [36m</div>[39m
        [36m<section>[39m
          [36m<h3>[39m
            [0mTest[0m
          [36m</h3>[39m
          [36m<div>[39m
            [36m<label[39m
              [33mclass[39m=[32m"block text-sm leading-none font-medium tracking-wider text-accent uppercase peer-disabled:cursor-not-allowed peer-disabled:opacity-70"[39m
            [36m>[39m
              [0mCapability[0m
              [36m<div[39m
                [33mclass[39m=[32m"relative w-full"[39m
                [33mdata-slot[39m=[32m"select"[39m
              [36m>[39m
                [36m<button[39m
                  [33maria-expanded[39m=[32m"false"[39m
                  [33maria-haspopup[39m=[32m"listbox"[39m
                  [33mclass[39m=[32m"flex h-9 w-full items-center justify-between gap-2 border bg-elevated px-3 text-sm text-foreground transition-colors outline-none motion-reduce:transition-none focus-visible:ring-2 focus-visible:ring-ring border-border hover:border-border-strong"[39m
                  [33mdata-slot[39m=[32m"select-trigger"[39m
                  [33mdata-value[39m=[32m""[39m
                  [33mrole[39m=[32m"combobox"[39m
                  [33mtype[39m=[32m"button"[39m
                [36m>[39m
                  [36m<span[39m
       ...
 ❯ waitForWrapper node_modules/@testing-library/dom/dist/wait-for.js:163:27
 ❯ node_modules/@testing-library/dom/dist/query-helpers.js:86:33
 ❯ src/routes/connector-configuration-detail-screen-save.spec.ts:74:25
     72|     await waitFor(() => expect(putCallCount(fetchMock)).toBe(1));
     73|     expect(parsedPutBody(fetchMock)).toEqual({ configuration: UPDATED_…
     74|     expect(await screen.findByRole("status")).toBeTruthy();
       |                         ^
     75|     expect(screen.getByText("Saved.")).toBeTruthy();
     76|     // Compared as parsed data rather than as an exact string: JsonTex…

⎯⎯⎯⎯⎯⎯⎯⎯⎯⎯⎯⎯⎯⎯⎯⎯⎯⎯⎯⎯⎯⎯⎯[4/42]⎯

 FAIL  src/routes/connector-configuration-detail-screen-save.spec.ts > ConnectorConfigurationDetailScreen -- a successful save (criterion 7) > re-disables Save immediately after the save succeeds, with no further edits
TestingLibraryElementError: Unable to find an element with the text: Saved.. This could be because the text is broken up by multiple elements. In this case, you can provide a function for your text matcher to make your matcher more flexible.

Ignored nodes: comments, script, style
[36m<body>[39m
  [36m<div>[39m
    [36m<section[39m
      [33mclass[39m=[32m"flex flex-col gap-4"[39m
    [36m>[39m
      [36m<a[39m
        [33maria-current[39m=[32m"page"[39m
        [33mclass[39m=[32m"active"[39m
        [33mdata-status[39m=[32m"active"[39m
        [33mhref[39m=[32m"/connectors"[39m
      [36m>[39m
        [0mBack to connector configurations[0m
      [36m</a>[39m
      [36m<h1[39m
        [33mclass[39m=[32m"text-lg font-semibold text-foreground"[39m
      [36m>[39m
        [0mConnector [0m
        [0msome-connector[0m
      [36m</h1>[39m
      [36m<div[39m
        [33mclass[39m=[32m"flex flex-col gap-4"[39m
      [36m>[39m
        [36m<form[39m
          [33mclass[39m=[32m"flex flex-col gap-4"[39m
          [33mnovalidate[39m=[32m""[39m
        [36m>[39m
          [36m<div[39m
            [33mclass[39m=[32m"flex flex-col gap-1"[39m
          [36m>[39m
            [36m<label[39m
              [33mclass[39m=[32m"text-sm leading-none font-medium tracking-wider text-accent uppercase peer-disabled:cursor-not-allowed peer-disabled:opacity-70 flex flex-col gap-1"[39m
            [36m>[39m
              [36m<span>[39m
                [0mConnector[0m
              [36m</span>[39m
              [36m<div[39m
                [33mclass[39m=[32m"normal-case tracking-normal font-normal text-foreground"[39m
              [36m>[39m
                [36m<input[39m
                  [33maria-invalid[39m=[32m"false"[39m
                  [33mclass[39m=[32m"flex h-9 w-full border border-border bg-background px-3 py-2 text-sm text-foreground placeholder:text-muted-foreground outline-none transition-colors focus-visible:ring-2 focus-visible:ring-ring motion-reduce:transition-none aria-invalid:border-destructive disabled:cursor-not-allowed disabled:opacity-50"[39m
                  [33mdata-slot[39m=[32m"input"[39m
                  [33mdisabled[39m=[32m""[39m
                  [33mname[39m=[32m"connector"[39m
                [36m/>[39m
              [36m</div>[39m
            [36m</label>[39m
          [36m</div>[39m
          [36m<div[39m
            [33mclass[39m=[32m"flex flex-col gap-1"[39m
          [36m>[39m
            [36m<div[39m
              [33mclass[39m=[32m"flex items-center justify-between gap-2"[39m
            [36m>[39m
              [36m<label[39m
                [33mclass[39m=[32m"block text-sm leading-none font-medium tracking-wider text-accent uppercase peer-disabled:cursor-not-allowed peer-disabled:opacity-70"[39m
                [33mfor[39m=[32m"configuration"[39m
              [36m>[39m
                [0mConfiguration[0m
              [36m</label>[39m
              [36m<button[39m
                [33mclass[39m=[32m"inline-flex items-center justify-center gap-2 border font-medium tracking-wider uppercase transition-colors outline-none select-none focus-visible:ring-2 focus-visible:ring-ring disabled:pointer-events-none disabled:opacity-50 border-border bg-surface text-foreground hover:border-border-strong hover:bg-elevated hover:text-primary h-9 px-3 text-sm"[39m
                [33mdata-slot[39m=[32m"button"[39m
                [33mtype[39m=[32m"button"[39m
              [36m>[39m
                [0mBeautify[0m
              [36m</button>[39m
            [36m</div>[39m
            [36m<textarea[39m
              [33maria-invalid[39m=[32m"false"[39m
              [33mclass[39m=[32m"flex w-full resize-y border border-border bg-background px-3 py-2 text-sm text-foreground placeholder:text-muted-foreground outline-none transition-colors focus-visible:ring-2 focus-visible:ring-ring motion-reduce:transition-none aria-invalid:border-destructive disabled:cursor-not-allowed disabled:opacity-50 min-h-40 font-mono"[39m
              [33mdata-slot[39m=[32m"textarea"[39m
              [33mid[39m=[32m"configuration"[39m
            [36m>[39m
              [0m{
  "key": "updated"
}[0m
            [36m</textarea>[39m
          [36m</div>[39m
          [36m<div[39m
            [33mclass[39m=[32m"flex justify-end"[39m
          [36m>[39m
            [36m<button[39m
              [33mclass[39m=[32m"inline-flex items-center justify-center gap-2 border font-medium tracking-wider uppercase transition-colors outline-none select-none focus-visible:ring-2 focus-visible:ring-ring disabled:pointer-events-none disabled:opacity-50 border-primary bg-primary text-primary-foreground hover:bg-transparent hover:text-primary h-9 px-3 text-sm"[39m
              [33mdata-slot[39m=[32m"button"[39m
              [33mdisabled[39m=[32m""[39m
              [33mtype[39m=[32m"submit"[39m
            [36m>[39m
              [0mSave[0m
            [36m</button>[39m
          [36m</div>[39m
        [36m</form>[39m
        [36m<div[39m
          [33mclass[39m=[32m"flex items-center gap-3"[39m
        [36m>[39m
          [36m<button[39m
            [33mclass[39m=[32m"inline-flex items-center justify-center gap-2 border font-medium tracking-wider uppercase transition-colors outline-none select-none focus-visible:ring-2 focus-visible:ring-ring disabled:pointer-events-none disabled:opacity-50 border-border bg-surface text-foreground hover:border-border-strong hover:bg-elevated hover:text-primary h-9 px-3 text-sm"[39m
            [33mdata-slot[39m=[32m"button"[39m
            [33mdisabled[39m=[32m""[39m
            [33mtype[39m=[32m"button"[39m
          [36m>[39m
            [0mDiscard changes[0m
          [36m</button>[39m
        [36m</div>[39m
        [36m<section>[39m
          [36m<h3>[39m
            [0mTest[0m
          [36m</h3>[39m
          [36m<div>[39m
            [36m<label[39m
              [33mclass[39m=[32m"block text-sm leading-none font-medium tracking-wider text-accent uppercase peer-disabled:cursor-not-allowed peer-disabled:opacity-70"[39m
            [36m>[39m
              [0mCapability[0m
              [36m<div[39m
                [33mclass[39m=[32m"relative w-full"[39m
                [33mdata-slot[39m=[32m"select"[39m
              [36m>[39m
                [36m<button[39m
                  [33maria-expanded[39m=[32m"false"[39m
                  [33maria-haspopup[39m=[32m"listbox"[39m
                  [33mclass[39m=[32m"flex h-9 w-full items-center justify-between gap-2 border bg-elevated px-3 text-sm text-foreground transition-colors outline-none motion-reduce:transition-none focus-visible:ring-2 focus-visible:ring-ring border-border hover:border-border-strong"[39m
                  [33mdata-slot[39m=[32m"select-trigger"[39m
                  [33mdata-value[39m=[32m""[39m
                  [33mrole[39m=[32m"combobox"[39m
                  [33mtype[39m=[32m"button"[39m
                [36m>[39m
                  [36m<span[39m
       ...

Ignored nodes: comments, script, style
[36m<body>[39m
  [36m<div>[39m
    [36m<section[39m
      [33mclass[39m=[32m"flex flex-col gap-4"[39m
    [36m>[39m
      [36m<a[39m
        [33maria-current[39m=[32m"page"[39m
        [33mclass[39m=[32m"active"[39m
        [33mdata-status[39m=[32m"active"[39m
        [33mhref[39m=[32m"/connectors"[39m
      [36m>[39m
        [0mBack to connector configurations[0m
      [36m</a>[39m
      [36m<h1[39m
        [33mclass[39m=[32m"text-lg font-semibold text-foreground"[39m
      [36m>[39m
        [0mConnector [0m
        [0msome-connector[0m
      [36m</h1>[39m
      [36m<div[39m
        [33mclass[39m=[32m"flex flex-col gap-4"[39m
      [36m>[39m
        [36m<form[39m
          [33mclass[39m=[32m"flex flex-col gap-4"[39m
          [33mnovalidate[39m=[32m""[39m
        [36m>[39m
          [36m<div[39m
            [33mclass[39m=[32m"flex flex-col gap-1"[39m
          [36m>[39m
            [36m<label[39m
              [33mclass[39m=[32m"text-sm leading-none font-medium tracking-wider text-accent uppercase peer-disabled:cursor-not-allowed peer-disabled:opacity-70 flex flex-col gap-1"[39m
            [36m>[39m
              [36m<span>[39m
                [0mConnector[0m
              [36m</span>[39m
              [36m<div[39m
                [33mclass[39m=[32m"normal-case tracking-normal font-normal text-foreground"[39m
              [36m>[39m
                [36m<input[39m
                  [33maria-invalid[39m=[32m"false"[39m
                  [33mclass[39m=[32m"flex h-9 w-full border border-border bg-background px-3 py-2 text-sm text-foreground placeholder:text-muted-foreground outline-none transition-colors focus-visible:ring-2 focus-visible:ring-ring motion-reduce:transition-none aria-invalid:border-destructive disabled:cursor-not-allowed disabled:opacity-50"[39m
                  [33mdata-slot[39m=[32m"input"[39m
                  [33mdisabled[39m=[32m""[39m
                  [33mname[39m=[32m"connector"[39m
                [36m/>[39m
              [36m</div>[39m
            [36m</label>[39m
          [36m</div>[39m
          [36m<div[39m
            [33mclass[39m=[32m"flex flex-col gap-1"[39m
          [36m>[39m
            [36m<div[39m
              [33mclass[39m=[32m"flex items-center justify-between gap-2"[39m
            [36m>[39m
              [36m<label[39m
                [33mclass[39m=[32m"block text-sm leading-none font-medium tracking-wider text-accent uppercase peer-disabled:cursor-not-allowed peer-disabled:opacity-70"[39m
                [33mfor[39m=[32m"configuration"[39m
              [36m>[39m
                [0mConfiguration[0m
              [36m</label>[39m
              [36m<button[39m
                [33mclass[39m=[32m"inline-flex items-center justify-center gap-2 border font-medium tracking-wider uppercase transition-colors outline-none select-none focus-visible:ring-2 focus-visible:ring-ring disabled:pointer-events-none disabled:opacity-50 border-border bg-surface text-foreground hover:border-border-strong hover:bg-elevated hover:text-primary h-9 px-3 text-sm"[39m
                [33mdata-slot[39m=[32m"button"[39m
                [33mtype[39m=[32m"button"[39m
              [36m>[39m
                [0mBeautify[0m
              [36m</button>[39m
            [36m</div>[39m
            [36m<textarea[39m
              [33maria-invalid[39m=[32m"false"[39m
              [33mclass[39m=[32m"flex w-full resize-y border border-border bg-background px-3 py-2 text-sm text-foreground placeholder:text-muted-foreground outline-none transition-colors focus-visible:ring-2 focus-visible:ring-ring motion-reduce:transition-none aria-invalid:border-destructive disabled:cursor-not-allowed disabled:opacity-50 min-h-40 font-mono"[39m
              [33mdata-slot[39m=[32m"textarea"[39m
              [33mid[39m=[32m"configuration"[39m
            [36m>[39m
              [0m{
  "key": "updated"
}[0m
            [36m</textarea>[39m
          [36m</div>[39m
          [36m<div[39m
            [33mclass[39m=[32m"flex justify-end"[39m
          [36m>[39m
            [36m<button[39m
              [33mclass[39m=[32m"inline-flex items-center justify-center gap-2 border font-medium tracking-wider uppercase transition-colors outline-none select-none focus-visible:ring-2 focus-visible:ring-ring disabled:pointer-events-none disabled:opacity-50 border-primary bg-primary text-primary-foreground hover:bg-transparent hover:text-primary h-9 px-3 text-sm"[39m
              [33mdata-slot[39m=[32m"button"[39m
              [33mdisabled[39m=[32m""[39m
              [33mtype[39m=[32m"submit"[39m
            [36m>[39m
              [0mSave[0m
            [36m</button>[39m
          [36m</div>[39m
        [36m</form>[39m
        [36m<div[39m
          [33mclass[39m=[32m"flex items-center gap-3"[39m
        [36m>[39m
          [36m<button[39m
            [33mclass[39m=[32m"inline-flex items-center justify-center gap-2 border font-medium tracking-wider uppercase transition-colors outline-none select-none focus-visible:ring-2 focus-visible:ring-ring disabled:pointer-events-none disabled:opacity-50 border-border bg-surface text-foreground hover:border-border-strong hover:bg-elevated hover:text-primary h-9 px-3 text-sm"[39m
            [33mdata-slot[39m=[32m"button"[39m
            [33mdisabled[39m=[32m""[39m
            [33mtype[39m=[32m"button"[39m
          [36m>[39m
            [0mDiscard changes[0m
          [36m</button>[39m
        [36m</div>[39m
        [36m<section>[39m
          [36m<h3>[39m
            [0mTest[0m
          [36m</h3>[39m
          [36m<div>[39m
            [36m<label[39m
              [33mclass[39m=[32m"block text-sm leading-none font-medium tracking-wider text-accent uppercase peer-disabled:cursor-not-allowed peer-disabled:opacity-70"[39m
            [36m>[39m
              [0mCapability[0m
              [36m<div[39m
                [33mclass[39m=[32m"relative w-full"[39m
                [33mdata-slot[39m=[32m"select"[39m
              [36m>[39m
                [36m<button[39m
                  [33maria-expanded[39m=[32m"false"[39m
                  [33maria-haspopup[39m=[32m"listbox"[39m
                  [33mclass[39m=[32m"flex h-9 w-full items-center justify-between gap-2 border bg-elevated px-3 text-sm text-foreground transition-colors outline-none motion-reduce:transition-none focus-visible:ring-2 focus-visible:ring-ring border-border hover:border-border-strong"[39m
                  [33mdata-slot[39m=[32m"select-trigger"[39m
                  [33mdata-value[39m=[32m""[39m
                  [33mrole[39m=[32m"combobox"[39m
                  [33mtype[39m=[32m"button"[39m
                [36m>[39m
                  [36m<span[39m
       ...
 ❯ waitForWrapper node_modules/@testing-library/dom/dist/wait-for.js:163:27
 ❯ node_modules/@testing-library/dom/dist/query-helpers.js:86:33
 ❯ src/routes/connector-configuration-detail-screen-save.spec.ts:90:18
     88|     fireEvent.click(screen.getByRole("button", { name: "Save" }));
     89|
     90|     await screen.findByText("Saved.");
       |                  ^
     91|     expect(screen.getByRole("button", { name: "Save" }).hasAttribute("…
     92|   });

⎯⎯⎯⎯⎯⎯⎯⎯⎯⎯⎯⎯⎯⎯⎯⎯⎯⎯⎯⎯⎯⎯⎯[5/42]⎯

 FAIL  src/routes/connector-configuration-detail-screen-save.spec.ts > ConnectorConfigurationDetailScreen -- a successful save (criterion 7) > clears the acknowledgement once the operator edits again, so it never outlives the values it acknowledged
TestingLibraryElementError: Unable to find an element with the text: Saved.. This could be because the text is broken up by multiple elements. In this case, you can provide a function for your text matcher to make your matcher more flexible.

Ignored nodes: comments, script, style
[36m<body>[39m
  [36m<div>[39m
    [36m<section[39m
      [33mclass[39m=[32m"flex flex-col gap-4"[39m
    [36m>[39m
      [36m<a[39m
        [33maria-current[39m=[32m"page"[39m
        [33mclass[39m=[32m"active"[39m
        [33mdata-status[39m=[32m"active"[39m
        [33mhref[39m=[32m"/connectors"[39m
      [36m>[39m
        [0mBack to connector configurations[0m
      [36m</a>[39m
      [36m<h1[39m
        [33mclass[39m=[32m"text-lg font-semibold text-foreground"[39m
      [36m>[39m
        [0mConnector [0m
        [0msome-connector[0m
      [36m</h1>[39m
      [36m<div[39m
        [33mclass[39m=[32m"flex flex-col gap-4"[39m
      [36m>[39m
        [36m<form[39m
          [33mclass[39m=[32m"flex flex-col gap-4"[39m
          [33mnovalidate[39m=[32m""[39m
        [36m>[39m
          [36m<div[39m
            [33mclass[39m=[32m"flex flex-col gap-1"[39m
          [36m>[39m
            [36m<label[39m
              [33mclass[39m=[32m"text-sm leading-none font-medium tracking-wider text-accent uppercase peer-disabled:cursor-not-allowed peer-disabled:opacity-70 flex flex-col gap-1"[39m
            [36m>[39m
              [36m<span>[39m
                [0mConnector[0m
              [36m</span>[39m
              [36m<div[39m
                [33mclass[39m=[32m"normal-case tracking-normal font-normal text-foreground"[39m
              [36m>[39m
                [36m<input[39m
                  [33maria-invalid[39m=[32m"false"[39m
                  [33mclass[39m=[32m"flex h-9 w-full border border-border bg-background px-3 py-2 text-sm text-foreground placeholder:text-muted-foreground outline-none transition-colors focus-visible:ring-2 focus-visible:ring-ring motion-reduce:transition-none aria-invalid:border-destructive disabled:cursor-not-allowed disabled:opacity-50"[39m
                  [33mdata-slot[39m=[32m"input"[39m
                  [33mdisabled[39m=[32m""[39m
                  [33mname[39m=[32m"connector"[39m
                [36m/>[39m
              [36m</div>[39m
            [36m</label>[39m
          [36m</div>[39m
          [36m<div[39m
            [33mclass[39m=[32m"flex flex-col gap-1"[39m
          [36m>[39m
            [36m<div[39m
              [33mclass[39m=[32m"flex items-center justify-between gap-2"[39m
            [36m>[39m
              [36m<label[39m
                [33mclass[39m=[32m"block text-sm leading-none font-medium tracking-wider text-accent uppercase peer-disabled:cursor-not-allowed peer-disabled:opacity-70"[39m
                [33mfor[39m=[32m"configuration"[39m
              [36m>[39m
                [0mConfiguration[0m
              [36m</label>[39m
              [36m<button[39m
                [33mclass[39m=[32m"inline-flex items-center justify-center gap-2 border font-medium tracking-wider uppercase transition-colors outline-none select-none focus-visible:ring-2 focus-visible:ring-ring disabled:pointer-events-none disabled:opacity-50 border-border bg-surface text-foreground hover:border-border-strong hover:bg-elevated hover:text-primary h-9 px-3 text-sm"[39m
                [33mdata-slot[39m=[32m"button"[39m
                [33mtype[39m=[32m"button"[39m
              [36m>[39m
                [0mBeautify[0m
              [36m</button>[39m
            [36m</div>[39m
            [36m<textarea[39m
              [33maria-invalid[39m=[32m"false"[39m
              [33mclass[39m=[32m"flex w-full resize-y border border-border bg-background px-3 py-2 text-sm text-foreground placeholder:text-muted-foreground outline-none transition-colors focus-visible:ring-2 focus-visible:ring-ring motion-reduce:transition-none aria-invalid:border-destructive disabled:cursor-not-allowed disabled:opacity-50 min-h-40 font-mono"[39m
              [33mdata-slot[39m=[32m"textarea"[39m
              [33mid[39m=[32m"configuration"[39m
            [36m>[39m
              [0m{
  "key": "updated"
}[0m
            [36m</textarea>[39m
          [36m</div>[39m
          [36m<div[39m
            [33mclass[39m=[32m"flex justify-end"[39m
          [36m>[39m
            [36m<button[39m
              [33mclass[39m=[32m"inline-flex items-center justify-center gap-2 border font-medium tracking-wider uppercase transition-colors outline-none select-none focus-visible:ring-2 focus-visible:ring-ring disabled:pointer-events-none disabled:opacity-50 border-primary bg-primary text-primary-foreground hover:bg-transparent hover:text-primary h-9 px-3 text-sm"[39m
              [33mdata-slot[39m=[32m"button"[39m
              [33mdisabled[39m=[32m""[39m
              [33mtype[39m=[32m"submit"[39m
            [36m>[39m
              [0mSave[0m
            [36m</button>[39m
          [36m</div>[39m
        [36m</form>[39m
        [36m<div[39m
          [33mclass[39m=[32m"flex items-center gap-3"[39m
        [36m>[39m
          [36m<button[39m
            [33mclass[39m=[32m"inline-flex items-center justify-center gap-2 border font-medium tracking-wider uppercase transition-colors outline-none select-none focus-visible:ring-2 focus-visible:ring-ring disabled:pointer-events-none disabled:opacity-50 border-border bg-surface text-foreground hover:border-border-strong hover:bg-elevated hover:text-primary h-9 px-3 text-sm"[39m
            [33mdata-slot[39m=[32m"button"[39m
            [33mdisabled[39m=[32m""[39m
            [33mtype[39m=[32m"button"[39m
          [36m>[39m
            [0mDiscard changes[0m
          [36m</button>[39m
        [36m</div>[39m
        [36m<section>[39m
          [36m<h3>[39m
            [0mTest[0m
          [36m</h3>[39m
          [36m<div>[39m
            [36m<label[39m
              [33mclass[39m=[32m"block text-sm leading-none font-medium tracking-wider text-accent uppercase peer-disabled:cursor-not-allowed peer-disabled:opacity-70"[39m
            [36m>[39m
              [0mCapability[0m
              [36m<div[39m
                [33mclass[39m=[32m"relative w-full"[39m
                [33mdata-slot[39m=[32m"select"[39m
              [36m>[39m
                [36m<button[39m
                  [33maria-expanded[39m=[32m"false"[39m
                  [33maria-haspopup[39m=[32m"listbox"[39m
                  [33mclass[39m=[32m"flex h-9 w-full items-center justify-between gap-2 border bg-elevated px-3 text-sm text-foreground transition-colors outline-none motion-reduce:transition-none focus-visible:ring-2 focus-visible:ring-ring border-border hover:border-border-strong"[39m
                  [33mdata-slot[39m=[32m"select-trigger"[39m
                  [33mdata-value[39m=[32m""[39m
                  [33mrole[39m=[32m"combobox"[39m
                  [33mtype[39m=[32m"button"[39m
                [36m>[39m
                  [36m<span[39m
       ...

Ignored nodes: comments, script, style
[36m<body>[39m
  [36m<div>[39m
    [36m<section[39m
      [33mclass[39m=[32m"flex flex-col gap-4"[39m
    [36m>[39m
      [36m<a[39m
        [33maria-current[39m=[32m"page"[39m
        [33mclass[39m=[32m"active"[39m
        [33mdata-status[39m=[32m"active"[39m
        [33mhref[39m=[32m"/connectors"[39m
      [36m>[39m
        [0mBack to connector configurations[0m
      [36m</a>[39m
      [36m<h1[39m
        [33mclass[39m=[32m"text-lg font-semibold text-foreground"[39m
      [36m>[39m
        [0mConnector [0m
        [0msome-connector[0m
      [36m</h1>[39m
      [36m<div[39m
        [33mclass[39m=[32m"flex flex-col gap-4"[39m
      [36m>[39m
        [36m<form[39m
          [33mclass[39m=[32m"flex flex-col gap-4"[39m
          [33mnovalidate[39m=[32m""[39m
        [36m>[39m
          [36m<div[39m
            [33mclass[39m=[32m"flex flex-col gap-1"[39m
          [36m>[39m
            [36m<label[39m
              [33mclass[39m=[32m"text-sm leading-none font-medium tracking-wider text-accent uppercase peer-disabled:cursor-not-allowed peer-disabled:opacity-70 flex flex-col gap-1"[39m
            [36m>[39m
              [36m<span>[39m
                [0mConnector[0m
              [36m</span>[39m
              [36m<div[39m
                [33mclass[39m=[32m"normal-case tracking-normal font-normal text-foreground"[39m
              [36m>[39m
                [36m<input[39m
                  [33maria-invalid[39m=[32m"false"[39m
                  [33mclass[39m=[32m"flex h-9 w-full border border-border bg-background px-3 py-2 text-sm text-foreground placeholder:text-muted-foreground outline-none transition-colors focus-visible:ring-2 focus-visible:ring-ring motion-reduce:transition-none aria-invalid:border-destructive disabled:cursor-not-allowed disabled:opacity-50"[39m
                  [33mdata-slot[39m=[32m"input"[39m
                  [33mdisabled[39m=[32m""[39m
                  [33mname[39m=[32m"connector"[39m
                [36m/>[39m
              [36m</div>[39m
            [36m</label>[39m
          [36m</div>[39m
          [36m<div[39m
            [33mclass[39m=[32m"flex flex-col gap-1"[39m
          [36m>[39m
            [36m<div[39m
              [33mclass[39m=[32m"flex items-center justify-between gap-2"[39m
            [36m>[39m
              [36m<label[39m
                [33mclass[39m=[32m"block text-sm leading-none font-medium tracking-wider text-accent uppercase peer-disabled:cursor-not-allowed peer-disabled:opacity-70"[39m
                [33mfor[39m=[32m"configuration"[39m
              [36m>[39m
                [0mConfiguration[0m
              [36m</label>[39m
              [36m<button[39m
                [33mclass[39m=[32m"inline-flex items-center justify-center gap-2 border font-medium tracking-wider uppercase transition-colors outline-none select-none focus-visible:ring-2 focus-visible:ring-ring disabled:pointer-events-none disabled:opacity-50 border-border bg-surface text-foreground hover:border-border-strong hover:bg-elevated hover:text-primary h-9 px-3 text-sm"[39m
                [33mdata-slot[39m=[32m"button"[39m
                [33mtype[39m=[32m"button"[39m
              [36m>[39m
                [0mBeautify[0m
              [36m</button>[39m
            [36m</div>[39m
            [36m<textarea[39m
              [33maria-invalid[39m=[32m"false"[39m
              [33mclass[39m=[32m"flex w-full resize-y border border-border bg-background px-3 py-2 text-sm text-foreground placeholder:text-muted-foreground outline-none transition-colors focus-visible:ring-2 focus-visible:ring-ring motion-reduce:transition-none aria-invalid:border-destructive disabled:cursor-not-allowed disabled:opacity-50 min-h-40 font-mono"[39m
              [33mdata-slot[39m=[32m"textarea"[39m
              [33mid[39m=[32m"configuration"[39m
            [36m>[39m
              [0m{
  "key": "updated"
}[0m
            [36m</textarea>[39m
          [36m</div>[39m
          [36m<div[39m
            [33mclass[39m=[32m"flex justify-end"[39m
          [36m>[39m
            [36m<button[39m
              [33mclass[39m=[32m"inline-flex items-center justify-center gap-2 border font-medium tracking-wider uppercase transition-colors outline-none select-none focus-visible:ring-2 focus-visible:ring-ring disabled:pointer-events-none disabled:opacity-50 border-primary bg-primary text-primary-foreground hover:bg-transparent hover:text-primary h-9 px-3 text-sm"[39m
              [33mdata-slot[39m=[32m"button"[39m
              [33mdisabled[39m=[32m""[39m
              [33mtype[39m=[32m"submit"[39m
            [36m>[39m
              [0mSave[0m
            [36m</button>[39m
          [36m</div>[39m
        [36m</form>[39m
        [36m<div[39m
          [33mclass[39m=[32m"flex items-center gap-3"[39m
        [36m>[39m
          [36m<button[39m
            [33mclass[39m=[32m"inline-flex items-center justify-center gap-2 border font-medium tracking-wider uppercase transition-colors outline-none select-none focus-visible:ring-2 focus-visible:ring-ring disabled:pointer-events-none disabled:opacity-50 border-border bg-surface text-foreground hover:border-border-strong hover:bg-elevated hover:text-primary h-9 px-3 text-sm"[39m
            [33mdata-slot[39m=[32m"button"[39m
            [33mdisabled[39m=[32m""[39m
            [33mtype[39m=[32m"button"[39m
          [36m>[39m
            [0mDiscard changes[0m
          [36m</button>[39m
        [36m</div>[39m
        [36m<section>[39m
          [36m<h3>[39m
            [0mTest[0m
          [36m</h3>[39m
          [36m<div>[39m
            [36m<label[39m
              [33mclass[39m=[32m"block text-sm leading-none font-medium tracking-wider text-accent uppercase peer-disabled:cursor-not-allowed peer-disabled:opacity-70"[39m
            [36m>[39m
              [0mCapability[0m
              [36m<div[39m
                [33mclass[39m=[32m"relative w-full"[39m
                [33mdata-slot[39m=[32m"select"[39m
              [36m>[39m
                [36m<button[39m
                  [33maria-expanded[39m=[32m"false"[39m
                  [33maria-haspopup[39m=[32m"listbox"[39m
                  [33mclass[39m=[32m"flex h-9 w-full items-center justify-between gap-2 border bg-elevated px-3 text-sm text-foreground transition-colors outline-none motion-reduce:transition-none focus-visible:ring-2 focus-visible:ring-ring border-border hover:border-border-strong"[39m
                  [33mdata-slot[39m=[32m"select-trigger"[39m
                  [33mdata-value[39m=[32m""[39m
                  [33mrole[39m=[32m"combobox"[39m
                  [33mtype[39m=[32m"button"[39m
                [36m>[39m
                  [36m<span[39m
       ...
 ❯ waitForWrapper node_modules/@testing-library/dom/dist/wait-for.js:163:27
 ❯ node_modules/@testing-library/dom/dist/query-helpers.js:86:33
 ❯ src/routes/connector-configuration-detail-screen-save.spec.ts:99:18
     97|     fireEvent.change(configurationField, { target: { value: UPDATED_CO…
     98|     fireEvent.click(screen.getByRole("button", { name: "Save" }));
     99|     await screen.findByText("Saved.");
       |                  ^
    100|
    101|     fireEvent.change(configurationField, { target: { value: '{"key":"f…

⎯⎯⎯⎯⎯⎯⎯⎯⎯⎯⎯⎯⎯⎯⎯⎯⎯⎯⎯⎯⎯⎯⎯[6/42]⎯

 FAIL  src/routes/connector-configuration-detail-screen.spec.ts > ConnectorConfigurationDetailScreen -- shows the loaded record (criterion 1) > renders the connector's own identity and its configuration, both read from the GET this route's own hook issues
AssertionError: expected '{"key":"value"}' to be '{\n  "key": "value"\n}' // Object.is equality

- Expected
+ Received

- {
-   "key": "value"
- }
+ {"key":"value"}

 ❯ src/routes/connector-configuration-detail-screen.spec.ts:42:38
     40|     expect(connectorInput.value).toBe(CONNECTOR);
     41|     const configurationField = screen.getByLabelText<HTMLTextAreaEleme…
     42|     expect(configurationField.value).toBe(prettyPrinted(LOADED_CONFIGU…
       |                                      ^
     43|
     44|     // Proves this reached the screen through the network read this ro…

⎯⎯⎯⎯⎯⎯⎯⎯⎯⎯⎯⎯⎯⎯⎯⎯⎯⎯⎯⎯⎯⎯⎯[7/42]⎯

 FAIL  src/routes/connector-configuration-detail-screen.spec.ts > ConnectorConfigurationDetailScreen -- a control returns to the list (criterion 3) > keeps the same control available when the load fails (edge case: a dependency that fails)
TestingLibraryElementError: Unable to find an accessible element with the role "button" and name "Retry"

Here are the accessible roles:

  link:

  Name "Back to connector configurations":
  [36m<a[39m
    [33maria-current[39m=[32m"page"[39m
    [33mclass[39m=[32m"active"[39m
    [33mdata-status[39m=[32m"active"[39m
    [33mhref[39m=[32m"/connectors"[39m
  [36m/>[39m

  --------------------------------------------------
  paragraph:

  Name "":
  [36m<p />[39m

  --------------------------------------------------

Ignored nodes: comments, script, style
[36m<body>[39m
  [36m<div>[39m
    [36m<section[39m
      [33mclass[39m=[32m"flex flex-col gap-4"[39m
    [36m>[39m
      [36m<a[39m
        [33maria-current[39m=[32m"page"[39m
        [33mclass[39m=[32m"active"[39m
        [33mdata-status[39m=[32m"active"[39m
        [33mhref[39m=[32m"/connectors"[39m
      [36m>[39m
        [0mBack to connector configurations[0m
      [36m</a>[39m
      [36m<p>[39m
        [0mLoading connector configuration [0m
        [0msome-connector[0m
        [0m…[0m
      [36m</p>[39m
    [36m</section>[39m
  [36m</div>[39m
[36m</body>[39m
 ❯ Object.getElementError node_modules/@testing-library/dom/dist/config.js:37:19
 ❯ node_modules/@testing-library/dom/dist/query-helpers.js:76:38
 ❯ node_modules/@testing-library/dom/dist/query-helpers.js:52:17
 ❯ node_modules/@testing-library/dom/dist/query-helpers.js:95:19
 ❯ src/routes/connector-configuration-detail-screen.spec.ts:72:19
     70|       await screen.findByRole("link", { name: "Back to connector confi…
     71|     ).toBeTruthy();
     72|     expect(screen.getByRole("button", { name: "Retry" })).toBeTruthy();
       |                   ^
     73|   });
     74| });

⎯⎯⎯⎯⎯⎯⎯⎯⎯⎯⎯⎯⎯⎯⎯⎯⎯⎯⎯⎯⎯⎯⎯[8/42]⎯

 FAIL  src/routes/connector-configuration-detail-screen.spec.ts > ConnectorConfigurationDetailScreen -- an invalid loaded configuration is warned about (criterion 8) > shows a plain warning that the stored configuration is not valid JSON when the loaded value does not parse
TestingLibraryElementError: Unable to find an element with the text: This connector configuration's stored value is not valid JSON. Correct it before Save can succeed.. This could be because the text is broken up by multiple elements. In this case, you can provide a function for your text matcher to make your matcher more flexible.

Ignored nodes: comments, script, style
[36m<body>[39m
  [36m<div>[39m
    [36m<section[39m
      [33mclass[39m=[32m"flex flex-col gap-4"[39m
    [36m>[39m
      [36m<a[39m
        [33maria-current[39m=[32m"page"[39m
        [33mclass[39m=[32m"active"[39m
        [33mdata-status[39m=[32m"active"[39m
        [33mhref[39m=[32m"/connectors"[39m
      [36m>[39m
        [0mBack to connector configurations[0m
      [36m</a>[39m
      [36m<h1[39m
        [33mclass[39m=[32m"text-lg font-semibold text-foreground"[39m
      [36m>[39m
        [0mConnector [0m
        [0msome-connector[0m
      [36m</h1>[39m
      [36m<div[39m
        [33mclass[39m=[32m"flex flex-col gap-4"[39m
      [36m>[39m
        [36m<form[39m
          [33mclass[39m=[32m"flex flex-col gap-4"[39m
          [33mnovalidate[39m=[32m""[39m
        [36m>[39m
          [36m<div[39m
            [33mclass[39m=[32m"flex flex-col gap-1"[39m
          [36m>[39m
            [36m<label[39m
              [33mclass[39m=[32m"text-sm leading-none font-medium tracking-wider text-accent uppercase peer-disabled:cursor-not-allowed peer-disabled:opacity-70 flex flex-col gap-1"[39m
            [36m>[39m
              [36m<span>[39m
                [0mConnector[0m
              [36m</span>[39m
              [36m<div[39m
                [33mclass[39m=[32m"normal-case tracking-normal font-normal text-foreground"[39m
              [36m>[39m
                [36m<input[39m
                  [33maria-invalid[39m=[32m"false"[39m
                  [33mclass[39m=[32m"flex h-9 w-full border border-border bg-background px-3 py-2 text-sm text-foreground placeholder:text-muted-foreground outline-none transition-colors focus-visible:ring-2 focus-visible:ring-ring motion-reduce:transition-none aria-invalid:border-destructive disabled:cursor-not-allowed disabled:opacity-50"[39m
                  [33mdata-slot[39m=[32m"input"[39m
                  [33mdisabled[39m=[32m""[39m
                  [33mname[39m=[32m"connector"[39m
                [36m/>[39m
              [36m</div>[39m
            [36m</label>[39m
          [36m</div>[39m
          [36m<div[39m
            [33mclass[39m=[32m"flex flex-col gap-1"[39m
          [36m>[39m
            [36m<div[39m
              [33mclass[39m=[32m"flex items-center justify-between gap-2"[39m
            [36m>[39m
              [36m<label[39m
                [33mclass[39m=[32m"block text-sm leading-none font-medium tracking-wider text-accent uppercase peer-disabled:cursor-not-allowed peer-disabled:opacity-70"[39m
                [33mfor[39m=[32m"configuration"[39m
              [36m>[39m
                [0mConfiguration[0m
              [36m</label>[39m
              [36m<button[39m
                [33mclass[39m=[32m"inline-flex items-center justify-center gap-2 border font-medium tracking-wider uppercase transition-colors outline-none select-none focus-visible:ring-2 focus-visible:ring-ring disabled:pointer-events-none disabled:opacity-50 border-border bg-surface text-foreground hover:border-border-strong hover:bg-elevated hover:text-primary h-9 px-3 text-sm"[39m
                [33mdata-slot[39m=[32m"button"[39m
                [33mdisabled[39m=[32m""[39m
                [33mtype[39m=[32m"button"[39m
              [36m>[39m
                [0mBeautify[0m
              [36m</button>[39m
            [36m</div>[39m
            [36m<textarea[39m
              [33maria-describedby[39m=[32m"configuration-error"[39m
              [33maria-invalid[39m=[32m"true"[39m
              [33mclass[39m=[32m"flex w-full resize-y border border-border bg-background px-3 py-2 text-sm text-foreground placeholder:text-muted-foreground outline-none transition-colors focus-visible:ring-2 focus-visible:ring-ring motion-reduce:transition-none aria-invalid:border-destructive disabled:cursor-not-allowed disabled:opacity-50 min-h-40 font-mono"[39m
              [33mdata-slot[39m=[32m"textarea"[39m
              [33mid[39m=[32m"configuration"[39m
            [36m>[39m
              [0m{not valid json[0m
            [36m</textarea>[39m
            [36m<p[39m
              [33mclass[39m=[32m"text-sm text-destructive"[39m
              [33mid[39m=[32m"configuration-error"[39m
              [33mrole[39m=[32m"alert"[39m
            [36m>[39m
              [0mInvalid JSON: [0m
              [0mExpected property name or '}' in JSON at position 1 (line 1 column 2)[0m
            [36m</p>[39m
          [36m</div>[39m
          [36m<div[39m
            [33mclass[39m=[32m"flex justify-end"[39m
          [36m>[39m
            [36m<button[39m
              [33mclass[39m=[32m"inline-flex items-center justify-center gap-2 border font-medium tracking-wider uppercase transition-colors outline-none select-none focus-visible:ring-2 focus-visible:ring-ring disabled:pointer-events-none disabled:opacity-50 border-primary bg-primary text-primary-foreground hover:bg-transparent hover:text-primary h-9 px-3 text-sm"[39m
              [33mdata-slot[39m=[32m"button"[39m
              [33mdisabled[39m=[32m""[39m
              [33mtype[39m=[32m"submit"[39m
            [36m>[39m
              [0mSave[0m
            [36m</button>[39m
          [36m</div>[39m
        [36m</form>[39m
        [36m<div[39m
          [33mclass[39m=[32m"flex items-center gap-3"[39m
        [36m>[39m
          [36m<button[39m
            [33mclass[39m=[32m"inline-flex items-center justify-center gap-2 border font-medium tracking-wider uppercase transition-colors outline-none select-none focus-visible:ring-2 focus-visible:ring-ring disabled:pointer-events-none disabled:opacity-50 border-border bg-surface text-foreground hover:border-border-strong hover:bg-elevated hover:text-primary h-9 px-3 text-sm"[39m
            [33mdata-slot[39m=[32m"button"[39m
            [33mdisabled[39m=[32m""[39m
            [33mtype[39m=[32m"button"[39m
          [36m>[39m
            [0mDiscard changes[0m
          [36m</button>[39m
        [36m</div>[39m
        [36m<section>[39m
          [36m<h3>[39m
            [0mTest[0m
          [36m</h3>[39m
          [36m<div>[39m
            [36m<label[39m
              [33mclass[39m=[32m"block text-sm leading-none font-medium tracking-wider text-accent uppercase peer-disabled:cursor-not-allowed peer-disabled:opacity-70"[39m
            [36m>[39m
              [0mCapability[0m
              [36m<div[39m
                [33mclass[39m=[32m"relative w-full"[39m
                [33mdata-slot[39m=[32m"select"[39m
              [36m>[39m
                [36m<button[39m
                  [33maria-expanded[39m=[32m"false"[39m
                  [33maria-haspopup[39m=[32m"listbox"[39m
                  [33mclass[39m=[32m"flex h-9 w-full items-center justify-between gap-2 bo...
 ❯ Object.getElementError node_modules/@testing-library/dom/dist/config.js:37:19
 ❯ node_modules/@testing-library/dom/dist/query-helpers.js:76:38
 ❯ node_modules/@testing-library/dom/dist/query-helpers.js:52:17
 ❯ node_modules/@testing-library/dom/dist/query-helpers.js:95:19
 ❯ src/routes/connector-configuration-detail-screen.spec.ts:102:14
    100|     await screen.findByLabelText("Configuration");
    101|     expect(
    102|       screen.getByText(
       |              ^
    103|         "This connector configuration's stored value is not valid JSON…
    104|       ),

⎯⎯⎯⎯⎯⎯⎯⎯⎯⎯⎯⎯⎯⎯⎯⎯⎯⎯⎯⎯⎯⎯⎯[9/42]⎯

 FAIL  src/routes/connector-configurations-screen-form-save.spec.ts > ConnectorConfigurationsScreen — a successful edit replaces the configuration in place and the list reflects it (criterion 5) > issues PUT at the existing connector name with the edited configuration, and the list shows the change afterward
TestingLibraryElementError: Unable to find an accessible element with the role "button" and name "Edit"

Here are the accessible roles:

  heading:

  Name "Connectors":
  [36m<h1[39m
    [33mclass[39m=[32m"text-lg font-semibold text-foreground"[39m
  [36m/>[39m

  --------------------------------------------------
  button:

  Name "New connector configuration":
  [36m<button[39m
    [33mclass[39m=[32m"inline-flex items-center justify-center gap-2 border font-medium tracking-wider uppercase transition-colors outline-none select-none focus-visible:ring-2 focus-visible:ring-ring disabled:pointer-events-none disabled:opacity-50 border-primary bg-primary text-primary-foreground hover:bg-transparent hover:text-primary h-9 px-3 text-sm"[39m
    [33mdata-slot[39m=[32m"button"[39m
    [33mtype[39m=[32m"button"[39m
  [36m/>[39m

  Name "deepl-connector":
  [36m<tr[39m
    [33mclass[39m=[32m"border-b border-border odd:bg-transparent even:bg-zebra transition-colors hover:bg-hover motion-reduce:transition-none cursor-pointer"[39m
    [33mdata-slot[39m=[32m"table-row"[39m
    [33mrole[39m=[32m"button"[39m
    [33mtabindex[39m=[32m"0"[39m
  [36m/>[39m

  --------------------------------------------------
  table:

  Name "":
  [36m<table[39m
    [33mclass[39m=[32m"w-full border-collapse text-sm"[39m
    [33mdata-slot[39m=[32m"table"[39m
  [36m/>[39m

  --------------------------------------------------
  rowgroup:

  Name "":
  [36m<thead[39m
    [33mclass[39m=[32m"border-b border-border bg-surface"[39m
    [33mdata-slot[39m=[32m"table-header"[39m
  [36m/>[39m

  Name "":
  [36m<tbody[39m
    [33mclass[39m=[32m""[39m
    [33mdata-slot[39m=[32m"table-body"[39m
  [36m/>[39m

  --------------------------------------------------
  row:

  Name "Connector":
  [36m<tr[39m
    [33mclass[39m=[32m"border-b border-border odd:bg-transparent even:bg-zebra transition-colors hover:bg-hover motion-reduce:transition-none"[39m
    [33mdata-slot[39m=[32m"table-row"[39m
  [36m/>[39m

  --------------------------------------------------
  columnheader:

  Name "Connector":
  [36m<th[39m
    [33mclass[39m=[32m"h-10 px-3 text-left align-middle text-xs font-medium uppercase tracking-wider text-muted-foreground"[39m
    [33mdata-slot[39m=[32m"table-head"[39m
  [36m/>[39m

  --------------------------------------------------
  cell:

  Name "deepl-connector":
  [36m<td[39m
    [33mclass[39m=[32m"px-3 py-2 align-middle text-foreground"[39m
    [33mdata-slot[39m=[32m"table-cell"[39m
  [36m/>[39m

  --------------------------------------------------

Ignored nodes: comments, script, style
[36m<body[39m
  [33mstyle[39m=[32m""[39m
[36m>[39m
  [36m<div>[39m
    [36m<div[39m
      [33mclass[39m=[32m"flex flex-col gap-4"[39m
    [36m>[39m
      [36m<div[39m
        [33mclass[39m=[32m"flex items-center justify-between"[39m
      [36m>[39m
        [36m<h1[39m
          [33mclass[39m=[32m"text-lg font-semibold text-foreground"[39m
        [36m>[39m
          [0mConnectors[0m
        [36m</h1>[39m
        [36m<button[39m
          [33mclass[39m=[32m"inline-flex items-center justify-center gap-2 border font-medium tracking-wider uppercase transition-colors outline-none select-none focus-visible:ring-2 focus-visible:ring-ring disabled:pointer-events-none disabled:opacity-50 border-primary bg-primary text-primary-foreground hover:bg-transparent hover:text-primary h-9 px-3 text-sm"[39m
          [33mdata-slot[39m=[32m"button"[39m
          [33mtype[39m=[32m"button"[39m
        [36m>[39m
          [0mNew connector configuration[0m
        [36m</button>[39m
      [36m</div>[39m
      [36m<div[39m
        [33mclass[39m=[32m"w-full overflow-x-auto"[39m
        [33mdata-slot[39m=[32m"table-container"[39m
      [36m>[39m
        [36m<table[39m
          [33mclass[39m=[32m"w-full border-collapse text-sm"[39m
          [33mdata-slot[39m=[32m"table"[39m
        [36m>[39m
          [36m<thead[39m
            [33mclass[39m=[32m"border-b border-border bg-surface"[39m
            [33mdata-slot[39m=[32m"table-header"[39m
          [36m>[39m
            [36m<tr[39m
              [33mclass[39m=[32m"border-b border-border odd:bg-transparent even:bg-zebra transition-colors hover:bg-hover motion-reduce:transition-none"[39m
              [33mdata-slot[39m=[32m"table-row"[39m
            [36m>[39m
              [36m<th[39m
                [33mclass[39m=[32m"h-10 px-3 text-left align-middle text-xs font-medium uppercase tracking-wider text-muted-foreground"[39m
                [33mdata-slot[39m=[32m"table-head"[39m
              [36m>[39m
                [0mConnector[0m
              [36m</th>[39m
            [36m</tr>[39m
          [36m</thead>[39m
          [36m<tbody[39m
            [33mclass[39m=[32m""[39m
            [33mdata-slot[39m=[32m"table-body"[39m
          [36m>[39m
            [36m<tr[39m
              [33mclass[39m=[32m"border-b border-border odd:bg-transparent even:bg-zebra transition-colors hover:bg-hover motion-reduce:transition-none cursor-pointer"[39m
              [33mdata-slot[39m=[32m"table-row"[39m
              [33mrole[39m=[32m"button"[39m
              [33mtabindex[39m=[32m"0"[39m
            [36m>[39m
              [36m<td[39m
                [33mclass[39m=[32m"px-3 py-2 align-middle text-foreground"[39m
                [33mdata-slot[39m=[32m"table-cell"[39m
              [36m>[39m
                [0mdeepl-connector[0m
              [36m</td>[39m
            [36m</tr>[39m
          [36m</tbody>[39m
        [36m</table>[39m
      [36m</div>[39m
    [36m</div>[39m
  [36m</div>[39m
[36m</body>[39m
 ❯ Object.getElementError node_modules/@testing-library/dom/dist/config.js:37:19
 ❯ node_modules/@testing-library/dom/dist/query-helpers.js:76:38
 ❯ node_modules/@testing-library/dom/dist/query-helpers.js:52:17
 ❯ node_modules/@testing-library/dom/dist/query-helpers.js:95:19
 ❯ src/routes/connector-configurations-screen-form-save.spec.ts:92:28
     90|     await screen.findByText("deepl-connector");
     91|
     92|     fireEvent.click(screen.getByRole("button", { name: "Edit" }));
       |                            ^
     93|     const dialog = await screen.findByRole("dialog");
     94|     fireEvent.change(await within(dialog).findByLabelText("Configurati…

⎯⎯⎯⎯⎯⎯⎯⎯⎯⎯⎯⎯⎯⎯⎯⎯⎯⎯⎯⎯⎯⎯[10/42]⎯

 FAIL  src/routes/connector-configurations-screen-form-save.spec.ts > ConnectorConfigurationsScreen — a not-well-formed refusal reaches the operator as a specific message (disclosed inference) > shows ConnectorConfigurationNotWellFormedError's own message, distinguishable from the generic fallback, and keeps the Dialog open
TestingLibraryElementError: Unable to find an accessible element with the role "button" and name "Edit"

Here are the accessible roles:

  heading:

  Name "Connectors":
  [36m<h1[39m
    [33mclass[39m=[32m"text-lg font-semibold text-foreground"[39m
  [36m/>[39m

  --------------------------------------------------
  button:

  Name "New connector configuration":
  [36m<button[39m
    [33mclass[39m=[32m"inline-flex items-center justify-center gap-2 border font-medium tracking-wider uppercase transition-colors outline-none select-none focus-visible:ring-2 focus-visible:ring-ring disabled:pointer-events-none disabled:opacity-50 border-primary bg-primary text-primary-foreground hover:bg-transparent hover:text-primary h-9 px-3 text-sm"[39m
    [33mdata-slot[39m=[32m"button"[39m
    [33mtype[39m=[32m"button"[39m
  [36m/>[39m

  Name "deepl-connector":
  [36m<tr[39m
    [33mclass[39m=[32m"border-b border-border odd:bg-transparent even:bg-zebra transition-colors hover:bg-hover motion-reduce:transition-none cursor-pointer"[39m
    [33mdata-slot[39m=[32m"table-row"[39m
    [33mrole[39m=[32m"button"[39m
    [33mtabindex[39m=[32m"0"[39m
  [36m/>[39m

  --------------------------------------------------
  table:

  Name "":
  [36m<table[39m
    [33mclass[39m=[32m"w-full border-collapse text-sm"[39m
    [33mdata-slot[39m=[32m"table"[39m
  [36m/>[39m

  --------------------------------------------------
  rowgroup:

  Name "":
  [36m<thead[39m
    [33mclass[39m=[32m"border-b border-border bg-surface"[39m
    [33mdata-slot[39m=[32m"table-header"[39m
  [36m/>[39m

  Name "":
  [36m<tbody[39m
    [33mclass[39m=[32m""[39m
    [33mdata-slot[39m=[32m"table-body"[39m
  [36m/>[39m

  --------------------------------------------------
  row:

  Name "Connector":
  [36m<tr[39m
    [33mclass[39m=[32m"border-b border-border odd:bg-transparent even:bg-zebra transition-colors hover:bg-hover motion-reduce:transition-none"[39m
    [33mdata-slot[39m=[32m"table-row"[39m
  [36m/>[39m

  --------------------------------------------------
  columnheader:

  Name "Connector":
  [36m<th[39m
    [33mclass[39m=[32m"h-10 px-3 text-left align-middle text-xs font-medium uppercase tracking-wider text-muted-foreground"[39m
    [33mdata-slot[39m=[32m"table-head"[39m
  [36m/>[39m

  --------------------------------------------------
  cell:

  Name "deepl-connector":
  [36m<td[39m
    [33mclass[39m=[32m"px-3 py-2 align-middle text-foreground"[39m
    [33mdata-slot[39m=[32m"table-cell"[39m
  [36m/>[39m

  --------------------------------------------------

Ignored nodes: comments, script, style
[36m<body[39m
  [33mstyle[39m=[32m""[39m
[36m>[39m
  [36m<div>[39m
    [36m<div[39m
      [33mclass[39m=[32m"flex flex-col gap-4"[39m
    [36m>[39m
      [36m<div[39m
        [33mclass[39m=[32m"flex items-center justify-between"[39m
      [36m>[39m
        [36m<h1[39m
          [33mclass[39m=[32m"text-lg font-semibold text-foreground"[39m
        [36m>[39m
          [0mConnectors[0m
        [36m</h1>[39m
        [36m<button[39m
          [33mclass[39m=[32m"inline-flex items-center justify-center gap-2 border font-medium tracking-wider uppercase transition-colors outline-none select-none focus-visible:ring-2 focus-visible:ring-ring disabled:pointer-events-none disabled:opacity-50 border-primary bg-primary text-primary-foreground hover:bg-transparent hover:text-primary h-9 px-3 text-sm"[39m
          [33mdata-slot[39m=[32m"button"[39m
          [33mtype[39m=[32m"button"[39m
        [36m>[39m
          [0mNew connector configuration[0m
        [36m</button>[39m
      [36m</div>[39m
      [36m<div[39m
        [33mclass[39m=[32m"w-full overflow-x-auto"[39m
        [33mdata-slot[39m=[32m"table-container"[39m
      [36m>[39m
        [36m<table[39m
          [33mclass[39m=[32m"w-full border-collapse text-sm"[39m
          [33mdata-slot[39m=[32m"table"[39m
        [36m>[39m
          [36m<thead[39m
            [33mclass[39m=[32m"border-b border-border bg-surface"[39m
            [33mdata-slot[39m=[32m"table-header"[39m
          [36m>[39m
            [36m<tr[39m
              [33mclass[39m=[32m"border-b border-border odd:bg-transparent even:bg-zebra transition-colors hover:bg-hover motion-reduce:transition-none"[39m
              [33mdata-slot[39m=[32m"table-row"[39m
            [36m>[39m
              [36m<th[39m
                [33mclass[39m=[32m"h-10 px-3 text-left align-middle text-xs font-medium uppercase tracking-wider text-muted-foreground"[39m
                [33mdata-slot[39m=[32m"table-head"[39m
              [36m>[39m
                [0mConnector[0m
              [36m</th>[39m
            [36m</tr>[39m
          [36m</thead>[39m
          [36m<tbody[39m
            [33mclass[39m=[32m""[39m
            [33mdata-slot[39m=[32m"table-body"[39m
          [36m>[39m
            [36m<tr[39m
              [33mclass[39m=[32m"border-b border-border odd:bg-transparent even:bg-zebra transition-colors hover:bg-hover motion-reduce:transition-none cursor-pointer"[39m
              [33mdata-slot[39m=[32m"table-row"[39m
              [33mrole[39m=[32m"button"[39m
              [33mtabindex[39m=[32m"0"[39m
            [36m>[39m
              [36m<td[39m
                [33mclass[39m=[32m"px-3 py-2 align-middle text-foreground"[39m
                [33mdata-slot[39m=[32m"table-cell"[39m
              [36m>[39m
                [0mdeepl-connector[0m
              [36m</td>[39m
            [36m</tr>[39m
          [36m</tbody>[39m
        [36m</table>[39m
      [36m</div>[39m
    [36m</div>[39m
  [36m</div>[39m
[36m</body>[39m
 ❯ Object.getElementError node_modules/@testing-library/dom/dist/config.js:37:19
 ❯ node_modules/@testing-library/dom/dist/query-helpers.js:76:38
 ❯ node_modules/@testing-library/dom/dist/query-helpers.js:52:17
 ❯ node_modules/@testing-library/dom/dist/query-helpers.js:95:19
 ❯ src/routes/connector-configurations-screen-form-save.spec.ts:190:28
    188|     await screen.findByText("deepl-connector");
    189|
    190|     fireEvent.click(screen.getByRole("button", { name: "Edit" }));
       |                            ^
    191|     const dialog = await screen.findByRole("dialog");
    192|     await within(dialog).findByLabelText("Connector");

⎯⎯⎯⎯⎯⎯⎯⎯⎯⎯⎯⎯⎯⎯⎯⎯⎯⎯⎯⎯⎯⎯[11/42]⎯

 FAIL  src/routes/connector-configurations-screen-form-save.spec.ts > ConnectorConfigurationsScreen — an unmapped save failure falls back to the generic message > shows the shared generic save-failure toast for a failure error-ui-state.ts does not name
TestingLibraryElementError: Unable to find an accessible element with the role "button" and name "Edit"

Here are the accessible roles:

  heading:

  Name "Connectors":
  [36m<h1[39m
    [33mclass[39m=[32m"text-lg font-semibold text-foreground"[39m
  [36m/>[39m

  --------------------------------------------------
  button:

  Name "New connector configuration":
  [36m<button[39m
    [33mclass[39m=[32m"inline-flex items-center justify-center gap-2 border font-medium tracking-wider uppercase transition-colors outline-none select-none focus-visible:ring-2 focus-visible:ring-ring disabled:pointer-events-none disabled:opacity-50 border-primary bg-primary text-primary-foreground hover:bg-transparent hover:text-primary h-9 px-3 text-sm"[39m
    [33mdata-slot[39m=[32m"button"[39m
    [33mtype[39m=[32m"button"[39m
  [36m/>[39m

  Name "deepl-connector":
  [36m<tr[39m
    [33mclass[39m=[32m"border-b border-border odd:bg-transparent even:bg-zebra transition-colors hover:bg-hover motion-reduce:transition-none cursor-pointer"[39m
    [33mdata-slot[39m=[32m"table-row"[39m
    [33mrole[39m=[32m"button"[39m
    [33mtabindex[39m=[32m"0"[39m
  [36m/>[39m

  --------------------------------------------------
  table:

  Name "":
  [36m<table[39m
    [33mclass[39m=[32m"w-full border-collapse text-sm"[39m
    [33mdata-slot[39m=[32m"table"[39m
  [36m/>[39m

  --------------------------------------------------
  rowgroup:

  Name "":
  [36m<thead[39m
    [33mclass[39m=[32m"border-b border-border bg-surface"[39m
    [33mdata-slot[39m=[32m"table-header"[39m
  [36m/>[39m

  Name "":
  [36m<tbody[39m
    [33mclass[39m=[32m""[39m
    [33mdata-slot[39m=[32m"table-body"[39m
  [36m/>[39m

  --------------------------------------------------
  row:

  Name "Connector":
  [36m<tr[39m
    [33mclass[39m=[32m"border-b border-border odd:bg-transparent even:bg-zebra transition-colors hover:bg-hover motion-reduce:transition-none"[39m
    [33mdata-slot[39m=[32m"table-row"[39m
  [36m/>[39m

  --------------------------------------------------
  columnheader:

  Name "Connector":
  [36m<th[39m
    [33mclass[39m=[32m"h-10 px-3 text-left align-middle text-xs font-medium uppercase tracking-wider text-muted-foreground"[39m
    [33mdata-slot[39m=[32m"table-head"[39m
  [36m/>[39m

  --------------------------------------------------
  cell:

  Name "deepl-connector":
  [36m<td[39m
    [33mclass[39m=[32m"px-3 py-2 align-middle text-foreground"[39m
    [33mdata-slot[39m=[32m"table-cell"[39m
  [36m/>[39m

  --------------------------------------------------

Ignored nodes: comments, script, style
[36m<body[39m
  [33mstyle[39m=[32m""[39m
[36m>[39m
  [36m<div>[39m
    [36m<div[39m
      [33mclass[39m=[32m"flex flex-col gap-4"[39m
    [36m>[39m
      [36m<div[39m
        [33mclass[39m=[32m"flex items-center justify-between"[39m
      [36m>[39m
        [36m<h1[39m
          [33mclass[39m=[32m"text-lg font-semibold text-foreground"[39m
        [36m>[39m
          [0mConnectors[0m
        [36m</h1>[39m
        [36m<button[39m
          [33mclass[39m=[32m"inline-flex items-center justify-center gap-2 border font-medium tracking-wider uppercase transition-colors outline-none select-none focus-visible:ring-2 focus-visible:ring-ring disabled:pointer-events-none disabled:opacity-50 border-primary bg-primary text-primary-foreground hover:bg-transparent hover:text-primary h-9 px-3 text-sm"[39m
          [33mdata-slot[39m=[32m"button"[39m
          [33mtype[39m=[32m"button"[39m
        [36m>[39m
          [0mNew connector configuration[0m
        [36m</button>[39m
      [36m</div>[39m
      [36m<div[39m
        [33mclass[39m=[32m"w-full overflow-x-auto"[39m
        [33mdata-slot[39m=[32m"table-container"[39m
      [36m>[39m
        [36m<table[39m
          [33mclass[39m=[32m"w-full border-collapse text-sm"[39m
          [33mdata-slot[39m=[32m"table"[39m
        [36m>[39m
          [36m<thead[39m
            [33mclass[39m=[32m"border-b border-border bg-surface"[39m
            [33mdata-slot[39m=[32m"table-header"[39m
          [36m>[39m
            [36m<tr[39m
              [33mclass[39m=[32m"border-b border-border odd:bg-transparent even:bg-zebra transition-colors hover:bg-hover motion-reduce:transition-none"[39m
              [33mdata-slot[39m=[32m"table-row"[39m
            [36m>[39m
              [36m<th[39m
                [33mclass[39m=[32m"h-10 px-3 text-left align-middle text-xs font-medium uppercase tracking-wider text-muted-foreground"[39m
                [33mdata-slot[39m=[32m"table-head"[39m
              [36m>[39m
                [0mConnector[0m
              [36m</th>[39m
            [36m</tr>[39m
          [36m</thead>[39m
          [36m<tbody[39m
            [33mclass[39m=[32m""[39m
            [33mdata-slot[39m=[32m"table-body"[39m
          [36m>[39m
            [36m<tr[39m
              [33mclass[39m=[32m"border-b border-border odd:bg-transparent even:bg-zebra transition-colors hover:bg-hover motion-reduce:transition-none cursor-pointer"[39m
              [33mdata-slot[39m=[32m"table-row"[39m
              [33mrole[39m=[32m"button"[39m
              [33mtabindex[39m=[32m"0"[39m
            [36m>[39m
              [36m<td[39m
                [33mclass[39m=[32m"px-3 py-2 align-middle text-foreground"[39m
                [33mdata-slot[39m=[32m"table-cell"[39m
              [36m>[39m
                [0mdeepl-connector[0m
              [36m</td>[39m
            [36m</tr>[39m
          [36m</tbody>[39m
        [36m</table>[39m
      [36m</div>[39m
    [36m</div>[39m
  [36m</div>[39m
[36m</body>[39m
 ❯ Object.getElementError node_modules/@testing-library/dom/dist/config.js:37:19
 ❯ node_modules/@testing-library/dom/dist/query-helpers.js:76:38
 ❯ node_modules/@testing-library/dom/dist/query-helpers.js:52:17
 ❯ node_modules/@testing-library/dom/dist/query-helpers.js:95:19
 ❯ src/routes/connector-configurations-screen-form-save.spec.ts:217:28
    215|     await screen.findByText("deepl-connector");
    216|
    217|     fireEvent.click(screen.getByRole("button", { name: "Edit" }));
       |                            ^
    218|     const dialog = await screen.findByRole("dialog");
    219|     await within(dialog).findByLabelText("Connector");

⎯⎯⎯⎯⎯⎯⎯⎯⎯⎯⎯⎯⎯⎯⎯⎯⎯⎯⎯⎯⎯⎯[12/42]⎯

 FAIL  src/routes/connector-configurations-screen-form-save.spec.ts > ConnectorConfigurationsScreen — saving twice in quick succession (edge case) > issues exactly one PUT when Save is clicked twice before the first request resolves
TestingLibraryElementError: Unable to find an accessible element with the role "button" and name "Edit"

Here are the accessible roles:

  heading:

  Name "Connectors":
  [36m<h1[39m
    [33mclass[39m=[32m"text-lg font-semibold text-foreground"[39m
  [36m/>[39m

  --------------------------------------------------
  button:

  Name "New connector configuration":
  [36m<button[39m
    [33mclass[39m=[32m"inline-flex items-center justify-center gap-2 border font-medium tracking-wider uppercase transition-colors outline-none select-none focus-visible:ring-2 focus-visible:ring-ring disabled:pointer-events-none disabled:opacity-50 border-primary bg-primary text-primary-foreground hover:bg-transparent hover:text-primary h-9 px-3 text-sm"[39m
    [33mdata-slot[39m=[32m"button"[39m
    [33mtype[39m=[32m"button"[39m
  [36m/>[39m

  Name "deepl-connector":
  [36m<tr[39m
    [33mclass[39m=[32m"border-b border-border odd:bg-transparent even:bg-zebra transition-colors hover:bg-hover motion-reduce:transition-none cursor-pointer"[39m
    [33mdata-slot[39m=[32m"table-row"[39m
    [33mrole[39m=[32m"button"[39m
    [33mtabindex[39m=[32m"0"[39m
  [36m/>[39m

  --------------------------------------------------
  table:

  Name "":
  [36m<table[39m
    [33mclass[39m=[32m"w-full border-collapse text-sm"[39m
    [33mdata-slot[39m=[32m"table"[39m
  [36m/>[39m

  --------------------------------------------------
  rowgroup:

  Name "":
  [36m<thead[39m
    [33mclass[39m=[32m"border-b border-border bg-surface"[39m
    [33mdata-slot[39m=[32m"table-header"[39m
  [36m/>[39m

  Name "":
  [36m<tbody[39m
    [33mclass[39m=[32m""[39m
    [33mdata-slot[39m=[32m"table-body"[39m
  [36m/>[39m

  --------------------------------------------------
  row:

  Name "Connector":
  [36m<tr[39m
    [33mclass[39m=[32m"border-b border-border odd:bg-transparent even:bg-zebra transition-colors hover:bg-hover motion-reduce:transition-none"[39m
    [33mdata-slot[39m=[32m"table-row"[39m
  [36m/>[39m

  --------------------------------------------------
  columnheader:

  Name "Connector":
  [36m<th[39m
    [33mclass[39m=[32m"h-10 px-3 text-left align-middle text-xs font-medium uppercase tracking-wider text-muted-foreground"[39m
    [33mdata-slot[39m=[32m"table-head"[39m
  [36m/>[39m

  --------------------------------------------------
  cell:

  Name "deepl-connector":
  [36m<td[39m
    [33mclass[39m=[32m"px-3 py-2 align-middle text-foreground"[39m
    [33mdata-slot[39m=[32m"table-cell"[39m
  [36m/>[39m

  --------------------------------------------------

Ignored nodes: comments, script, style
[36m<body[39m
  [33mstyle[39m=[32m""[39m
[36m>[39m
  [36m<div>[39m
    [36m<div[39m
      [33mclass[39m=[32m"flex flex-col gap-4"[39m
    [36m>[39m
      [36m<div[39m
        [33mclass[39m=[32m"flex items-center justify-between"[39m
      [36m>[39m
        [36m<h1[39m
          [33mclass[39m=[32m"text-lg font-semibold text-foreground"[39m
        [36m>[39m
          [0mConnectors[0m
        [36m</h1>[39m
        [36m<button[39m
          [33mclass[39m=[32m"inline-flex items-center justify-center gap-2 border font-medium tracking-wider uppercase transition-colors outline-none select-none focus-visible:ring-2 focus-visible:ring-ring disabled:pointer-events-none disabled:opacity-50 border-primary bg-primary text-primary-foreground hover:bg-transparent hover:text-primary h-9 px-3 text-sm"[39m
          [33mdata-slot[39m=[32m"button"[39m
          [33mtype[39m=[32m"button"[39m
        [36m>[39m
          [0mNew connector configuration[0m
        [36m</button>[39m
      [36m</div>[39m
      [36m<div[39m
        [33mclass[39m=[32m"w-full overflow-x-auto"[39m
        [33mdata-slot[39m=[32m"table-container"[39m
      [36m>[39m
        [36m<table[39m
          [33mclass[39m=[32m"w-full border-collapse text-sm"[39m
          [33mdata-slot[39m=[32m"table"[39m
        [36m>[39m
          [36m<thead[39m
            [33mclass[39m=[32m"border-b border-border bg-surface"[39m
            [33mdata-slot[39m=[32m"table-header"[39m
          [36m>[39m
            [36m<tr[39m
              [33mclass[39m=[32m"border-b border-border odd:bg-transparent even:bg-zebra transition-colors hover:bg-hover motion-reduce:transition-none"[39m
              [33mdata-slot[39m=[32m"table-row"[39m
            [36m>[39m
              [36m<th[39m
                [33mclass[39m=[32m"h-10 px-3 text-left align-middle text-xs font-medium uppercase tracking-wider text-muted-foreground"[39m
                [33mdata-slot[39m=[32m"table-head"[39m
              [36m>[39m
                [0mConnector[0m
              [36m</th>[39m
            [36m</tr>[39m
          [36m</thead>[39m
          [36m<tbody[39m
            [33mclass[39m=[32m""[39m
            [33mdata-slot[39m=[32m"table-body"[39m
          [36m>[39m
            [36m<tr[39m
              [33mclass[39m=[32m"border-b border-border odd:bg-transparent even:bg-zebra transition-colors hover:bg-hover motion-reduce:transition-none cursor-pointer"[39m
              [33mdata-slot[39m=[32m"table-row"[39m
              [33mrole[39m=[32m"button"[39m
              [33mtabindex[39m=[32m"0"[39m
            [36m>[39m
              [36m<td[39m
                [33mclass[39m=[32m"px-3 py-2 align-middle text-foreground"[39m
                [33mdata-slot[39m=[32m"table-cell"[39m
              [36m>[39m
                [0mdeepl-connector[0m
              [36m</td>[39m
            [36m</tr>[39m
          [36m</tbody>[39m
        [36m</table>[39m
      [36m</div>[39m
    [36m</div>[39m
  [36m</div>[39m
[36m</body>[39m
 ❯ Object.getElementError node_modules/@testing-library/dom/dist/config.js:37:19
 ❯ node_modules/@testing-library/dom/dist/query-helpers.js:76:38
 ❯ node_modules/@testing-library/dom/dist/query-helpers.js:52:17
 ❯ node_modules/@testing-library/dom/dist/query-helpers.js:95:19
 ❯ src/routes/connector-configurations-screen-form-save.spec.ts:242:28
    240|     await screen.findByText("deepl-connector");
    241|
    242|     fireEvent.click(screen.getByRole("button", { name: "Edit" }));
       |                            ^
    243|     const dialog = await screen.findByRole("dialog");
    244|     const saveButton = await within(dialog).findByRole("button", { nam…

⎯⎯⎯⎯⎯⎯⎯⎯⎯⎯⎯⎯⎯⎯⎯⎯⎯⎯⎯⎯⎯⎯[13/42]⎯

 FAIL  src/routes/connector-configurations-screen-form.spec.ts > ConnectorConfigurationsScreen — each row's own Edit action opens the same form, pre-filled (criterion 3) > opens a Dialog whose connector and configuration fields already hold that row's own current values
TestingLibraryElementError: Unable to find an accessible element with the role "button" and name "Edit"

Here are the accessible roles:

  heading:

  Name "Connectors":
  [36m<h1[39m
    [33mclass[39m=[32m"text-lg font-semibold text-foreground"[39m
  [36m/>[39m

  --------------------------------------------------
  button:

  Name "New connector configuration":
  [36m<button[39m
    [33mclass[39m=[32m"inline-flex items-center justify-center gap-2 border font-medium tracking-wider uppercase transition-colors outline-none select-none focus-visible:ring-2 focus-visible:ring-ring disabled:pointer-events-none disabled:opacity-50 border-primary bg-primary text-primary-foreground hover:bg-transparent hover:text-primary h-9 px-3 text-sm"[39m
    [33mdata-slot[39m=[32m"button"[39m
    [33mtype[39m=[32m"button"[39m
  [36m/>[39m

  Name "deepl-connector":
  [36m<tr[39m
    [33mclass[39m=[32m"border-b border-border odd:bg-transparent even:bg-zebra transition-colors hover:bg-hover motion-reduce:transition-none cursor-pointer"[39m
    [33mdata-slot[39m=[32m"table-row"[39m
    [33mrole[39m=[32m"button"[39m
    [33mtabindex[39m=[32m"0"[39m
  [36m/>[39m

  --------------------------------------------------
  table:

  Name "":
  [36m<table[39m
    [33mclass[39m=[32m"w-full border-collapse text-sm"[39m
    [33mdata-slot[39m=[32m"table"[39m
  [36m/>[39m

  --------------------------------------------------
  rowgroup:

  Name "":
  [36m<thead[39m
    [33mclass[39m=[32m"border-b border-border bg-surface"[39m
    [33mdata-slot[39m=[32m"table-header"[39m
  [36m/>[39m

  Name "":
  [36m<tbody[39m
    [33mclass[39m=[32m""[39m
    [33mdata-slot[39m=[32m"table-body"[39m
  [36m/>[39m

  --------------------------------------------------
  row:

  Name "Connector":
  [36m<tr[39m
    [33mclass[39m=[32m"border-b border-border odd:bg-transparent even:bg-zebra transition-colors hover:bg-hover motion-reduce:transition-none"[39m
    [33mdata-slot[39m=[32m"table-row"[39m
  [36m/>[39m

  --------------------------------------------------
  columnheader:

  Name "Connector":
  [36m<th[39m
    [33mclass[39m=[32m"h-10 px-3 text-left align-middle text-xs font-medium uppercase tracking-wider text-muted-foreground"[39m
    [33mdata-slot[39m=[32m"table-head"[39m
  [36m/>[39m

  --------------------------------------------------
  cell:

  Name "deepl-connector":
  [36m<td[39m
    [33mclass[39m=[32m"px-3 py-2 align-middle text-foreground"[39m
    [33mdata-slot[39m=[32m"table-cell"[39m
  [36m/>[39m

  --------------------------------------------------

Ignored nodes: comments, script, style
[36m<body[39m
  [33mstyle[39m=[32m""[39m
[36m>[39m
  [36m<div>[39m
    [36m<div[39m
      [33mclass[39m=[32m"flex flex-col gap-4"[39m
    [36m>[39m
      [36m<div[39m
        [33mclass[39m=[32m"flex items-center justify-between"[39m
      [36m>[39m
        [36m<h1[39m
          [33mclass[39m=[32m"text-lg font-semibold text-foreground"[39m
        [36m>[39m
          [0mConnectors[0m
        [36m</h1>[39m
        [36m<button[39m
          [33mclass[39m=[32m"inline-flex items-center justify-center gap-2 border font-medium tracking-wider uppercase transition-colors outline-none select-none focus-visible:ring-2 focus-visible:ring-ring disabled:pointer-events-none disabled:opacity-50 border-primary bg-primary text-primary-foreground hover:bg-transparent hover:text-primary h-9 px-3 text-sm"[39m
          [33mdata-slot[39m=[32m"button"[39m
          [33mtype[39m=[32m"button"[39m
        [36m>[39m
          [0mNew connector configuration[0m
        [36m</button>[39m
      [36m</div>[39m
      [36m<div[39m
        [33mclass[39m=[32m"w-full overflow-x-auto"[39m
        [33mdata-slot[39m=[32m"table-container"[39m
      [36m>[39m
        [36m<table[39m
          [33mclass[39m=[32m"w-full border-collapse text-sm"[39m
          [33mdata-slot[39m=[32m"table"[39m
        [36m>[39m
          [36m<thead[39m
            [33mclass[39m=[32m"border-b border-border bg-surface"[39m
            [33mdata-slot[39m=[32m"table-header"[39m
          [36m>[39m
            [36m<tr[39m
              [33mclass[39m=[32m"border-b border-border odd:bg-transparent even:bg-zebra transition-colors hover:bg-hover motion-reduce:transition-none"[39m
              [33mdata-slot[39m=[32m"table-row"[39m
            [36m>[39m
              [36m<th[39m
                [33mclass[39m=[32m"h-10 px-3 text-left align-middle text-xs font-medium uppercase tracking-wider text-muted-foreground"[39m
                [33mdata-slot[39m=[32m"table-head"[39m
              [36m>[39m
                [0mConnector[0m
              [36m</th>[39m
            [36m</tr>[39m
          [36m</thead>[39m
          [36m<tbody[39m
            [33mclass[39m=[32m""[39m
            [33mdata-slot[39m=[32m"table-body"[39m
          [36m>[39m
            [36m<tr[39m
              [33mclass[39m=[32m"border-b border-border odd:bg-transparent even:bg-zebra transition-colors hover:bg-hover motion-reduce:transition-none cursor-pointer"[39m
              [33mdata-slot[39m=[32m"table-row"[39m
              [33mrole[39m=[32m"button"[39m
              [33mtabindex[39m=[32m"0"[39m
            [36m>[39m
              [36m<td[39m
                [33mclass[39m=[32m"px-3 py-2 align-middle text-foreground"[39m
                [33mdata-slot[39m=[32m"table-cell"[39m
              [36m>[39m
                [0mdeepl-connector[0m
              [36m</td>[39m
            [36m</tr>[39m
          [36m</tbody>[39m
        [36m</table>[39m
      [36m</div>[39m
    [36m</div>[39m
  [36m</div>[39m
[36m</body>[39m
 ❯ Object.getElementError node_modules/@testing-library/dom/dist/config.js:37:19
 ❯ node_modules/@testing-library/dom/dist/query-helpers.js:76:38
 ❯ node_modules/@testing-library/dom/dist/query-helpers.js:52:17
 ❯ node_modules/@testing-library/dom/dist/query-helpers.js:95:19
 ❯ src/routes/connector-configurations-screen-form.spec.ts:78:28
     76|     await screen.findByText("deepl-connector");
     77|
     78|     fireEvent.click(screen.getByRole("button", { name: "Edit" }));
       |                            ^
     79|
     80|     const dialog = await screen.findByRole("dialog");

⎯⎯⎯⎯⎯⎯⎯⎯⎯⎯⎯⎯⎯⎯⎯⎯⎯⎯⎯⎯⎯⎯[14/42]⎯

 FAIL  src/routes/connector-configurations-screen-form.spec.ts > ConnectorConfigurationsScreen — each row's own Edit action opens the same form, pre-filled (criterion 3) > issues no second network request beyond the initial GET /v1/connectors when a row's own Edit action is opened
TestingLibraryElementError: Unable to find an accessible element with the role "button" and name "Edit"

Here are the accessible roles:

  heading:

  Name "Connectors":
  [36m<h1[39m
    [33mclass[39m=[32m"text-lg font-semibold text-foreground"[39m
  [36m/>[39m

  --------------------------------------------------
  button:

  Name "New connector configuration":
  [36m<button[39m
    [33mclass[39m=[32m"inline-flex items-center justify-center gap-2 border font-medium tracking-wider uppercase transition-colors outline-none select-none focus-visible:ring-2 focus-visible:ring-ring disabled:pointer-events-none disabled:opacity-50 border-primary bg-primary text-primary-foreground hover:bg-transparent hover:text-primary h-9 px-3 text-sm"[39m
    [33mdata-slot[39m=[32m"button"[39m
    [33mtype[39m=[32m"button"[39m
  [36m/>[39m

  Name "deepl-connector":
  [36m<tr[39m
    [33mclass[39m=[32m"border-b border-border odd:bg-transparent even:bg-zebra transition-colors hover:bg-hover motion-reduce:transition-none cursor-pointer"[39m
    [33mdata-slot[39m=[32m"table-row"[39m
    [33mrole[39m=[32m"button"[39m
    [33mtabindex[39m=[32m"0"[39m
  [36m/>[39m

  --------------------------------------------------
  table:

  Name "":
  [36m<table[39m
    [33mclass[39m=[32m"w-full border-collapse text-sm"[39m
    [33mdata-slot[39m=[32m"table"[39m
  [36m/>[39m

  --------------------------------------------------
  rowgroup:

  Name "":
  [36m<thead[39m
    [33mclass[39m=[32m"border-b border-border bg-surface"[39m
    [33mdata-slot[39m=[32m"table-header"[39m
  [36m/>[39m

  Name "":
  [36m<tbody[39m
    [33mclass[39m=[32m""[39m
    [33mdata-slot[39m=[32m"table-body"[39m
  [36m/>[39m

  --------------------------------------------------
  row:

  Name "Connector":
  [36m<tr[39m
    [33mclass[39m=[32m"border-b border-border odd:bg-transparent even:bg-zebra transition-colors hover:bg-hover motion-reduce:transition-none"[39m
    [33mdata-slot[39m=[32m"table-row"[39m
  [36m/>[39m

  --------------------------------------------------
  columnheader:

  Name "Connector":
  [36m<th[39m
    [33mclass[39m=[32m"h-10 px-3 text-left align-middle text-xs font-medium uppercase tracking-wider text-muted-foreground"[39m
    [33mdata-slot[39m=[32m"table-head"[39m
  [36m/>[39m

  --------------------------------------------------
  cell:

  Name "deepl-connector":
  [36m<td[39m
    [33mclass[39m=[32m"px-3 py-2 align-middle text-foreground"[39m
    [33mdata-slot[39m=[32m"table-cell"[39m
  [36m/>[39m

  --------------------------------------------------

Ignored nodes: comments, script, style
[36m<body[39m
  [33mstyle[39m=[32m""[39m
[36m>[39m
  [36m<div>[39m
    [36m<div[39m
      [33mclass[39m=[32m"flex flex-col gap-4"[39m
    [36m>[39m
      [36m<div[39m
        [33mclass[39m=[32m"flex items-center justify-between"[39m
      [36m>[39m
        [36m<h1[39m
          [33mclass[39m=[32m"text-lg font-semibold text-foreground"[39m
        [36m>[39m
          [0mConnectors[0m
        [36m</h1>[39m
        [36m<button[39m
          [33mclass[39m=[32m"inline-flex items-center justify-center gap-2 border font-medium tracking-wider uppercase transition-colors outline-none select-none focus-visible:ring-2 focus-visible:ring-ring disabled:pointer-events-none disabled:opacity-50 border-primary bg-primary text-primary-foreground hover:bg-transparent hover:text-primary h-9 px-3 text-sm"[39m
          [33mdata-slot[39m=[32m"button"[39m
          [33mtype[39m=[32m"button"[39m
        [36m>[39m
          [0mNew connector configuration[0m
        [36m</button>[39m
      [36m</div>[39m
      [36m<div[39m
        [33mclass[39m=[32m"w-full overflow-x-auto"[39m
        [33mdata-slot[39m=[32m"table-container"[39m
      [36m>[39m
        [36m<table[39m
          [33mclass[39m=[32m"w-full border-collapse text-sm"[39m
          [33mdata-slot[39m=[32m"table"[39m
        [36m>[39m
          [36m<thead[39m
            [33mclass[39m=[32m"border-b border-border bg-surface"[39m
            [33mdata-slot[39m=[32m"table-header"[39m
          [36m>[39m
            [36m<tr[39m
              [33mclass[39m=[32m"border-b border-border odd:bg-transparent even:bg-zebra transition-colors hover:bg-hover motion-reduce:transition-none"[39m
              [33mdata-slot[39m=[32m"table-row"[39m
            [36m>[39m
              [36m<th[39m
                [33mclass[39m=[32m"h-10 px-3 text-left align-middle text-xs font-medium uppercase tracking-wider text-muted-foreground"[39m
                [33mdata-slot[39m=[32m"table-head"[39m
              [36m>[39m
                [0mConnector[0m
              [36m</th>[39m
            [36m</tr>[39m
          [36m</thead>[39m
          [36m<tbody[39m
            [33mclass[39m=[32m""[39m
            [33mdata-slot[39m=[32m"table-body"[39m
          [36m>[39m
            [36m<tr[39m
              [33mclass[39m=[32m"border-b border-border odd:bg-transparent even:bg-zebra transition-colors hover:bg-hover motion-reduce:transition-none cursor-pointer"[39m
              [33mdata-slot[39m=[32m"table-row"[39m
              [33mrole[39m=[32m"button"[39m
              [33mtabindex[39m=[32m"0"[39m
            [36m>[39m
              [36m<td[39m
                [33mclass[39m=[32m"px-3 py-2 align-middle text-foreground"[39m
                [33mdata-slot[39m=[32m"table-cell"[39m
              [36m>[39m
                [0mdeepl-connector[0m
              [36m</td>[39m
            [36m</tr>[39m
          [36m</tbody>[39m
        [36m</table>[39m
      [36m</div>[39m
    [36m</div>[39m
  [36m</div>[39m
[36m</body>[39m
 ❯ Object.getElementError node_modules/@testing-library/dom/dist/config.js:37:19
 ❯ node_modules/@testing-library/dom/dist/query-helpers.js:76:38
 ❯ node_modules/@testing-library/dom/dist/query-helpers.js:52:17
 ❯ node_modules/@testing-library/dom/dist/query-helpers.js:95:19
 ❯ src/routes/connector-configurations-screen-form.spec.ts:104:28
    102|     expect(callsToPath(fetchMock, CONNECTORS_PATH)).toHaveLength(1);
    103|
    104|     fireEvent.click(screen.getByRole("button", { name: "Edit" }));
       |                            ^
    105|     await screen.findByRole("dialog");
    106|

⎯⎯⎯⎯⎯⎯⎯⎯⎯⎯⎯⎯⎯⎯⎯⎯⎯⎯⎯⎯⎯⎯[15/42]⎯

 FAIL  src/routes/connector-configurations-screen-form.spec.ts > ConnectorConfigurationsScreen — editing a connector configuration disables the connector field (disclosed inference) > renders the connector field disabled while editing, so its identity cannot be changed
TestingLibraryElementError: Unable to find an accessible element with the role "button" and name "Edit"

Here are the accessible roles:

  heading:

  Name "Connectors":
  [36m<h1[39m
    [33mclass[39m=[32m"text-lg font-semibold text-foreground"[39m
  [36m/>[39m

  --------------------------------------------------
  button:

  Name "New connector configuration":
  [36m<button[39m
    [33mclass[39m=[32m"inline-flex items-center justify-center gap-2 border font-medium tracking-wider uppercase transition-colors outline-none select-none focus-visible:ring-2 focus-visible:ring-ring disabled:pointer-events-none disabled:opacity-50 border-primary bg-primary text-primary-foreground hover:bg-transparent hover:text-primary h-9 px-3 text-sm"[39m
    [33mdata-slot[39m=[32m"button"[39m
    [33mtype[39m=[32m"button"[39m
  [36m/>[39m

  Name "deepl-connector":
  [36m<tr[39m
    [33mclass[39m=[32m"border-b border-border odd:bg-transparent even:bg-zebra transition-colors hover:bg-hover motion-reduce:transition-none cursor-pointer"[39m
    [33mdata-slot[39m=[32m"table-row"[39m
    [33mrole[39m=[32m"button"[39m
    [33mtabindex[39m=[32m"0"[39m
  [36m/>[39m

  --------------------------------------------------
  table:

  Name "":
  [36m<table[39m
    [33mclass[39m=[32m"w-full border-collapse text-sm"[39m
    [33mdata-slot[39m=[32m"table"[39m
  [36m/>[39m

  --------------------------------------------------
  rowgroup:

  Name "":
  [36m<thead[39m
    [33mclass[39m=[32m"border-b border-border bg-surface"[39m
    [33mdata-slot[39m=[32m"table-header"[39m
  [36m/>[39m

  Name "":
  [36m<tbody[39m
    [33mclass[39m=[32m""[39m
    [33mdata-slot[39m=[32m"table-body"[39m
  [36m/>[39m

  --------------------------------------------------
  row:

  Name "Connector":
  [36m<tr[39m
    [33mclass[39m=[32m"border-b border-border odd:bg-transparent even:bg-zebra transition-colors hover:bg-hover motion-reduce:transition-none"[39m
    [33mdata-slot[39m=[32m"table-row"[39m
  [36m/>[39m

  --------------------------------------------------
  columnheader:

  Name "Connector":
  [36m<th[39m
    [33mclass[39m=[32m"h-10 px-3 text-left align-middle text-xs font-medium uppercase tracking-wider text-muted-foreground"[39m
    [33mdata-slot[39m=[32m"table-head"[39m
  [36m/>[39m

  --------------------------------------------------
  cell:

  Name "deepl-connector":
  [36m<td[39m
    [33mclass[39m=[32m"px-3 py-2 align-middle text-foreground"[39m
    [33mdata-slot[39m=[32m"table-cell"[39m
  [36m/>[39m

  --------------------------------------------------

Ignored nodes: comments, script, style
[36m<body[39m
  [33mstyle[39m=[32m""[39m
[36m>[39m
  [36m<div>[39m
    [36m<div[39m
      [33mclass[39m=[32m"flex flex-col gap-4"[39m
    [36m>[39m
      [36m<div[39m
        [33mclass[39m=[32m"flex items-center justify-between"[39m
      [36m>[39m
        [36m<h1[39m
          [33mclass[39m=[32m"text-lg font-semibold text-foreground"[39m
        [36m>[39m
          [0mConnectors[0m
        [36m</h1>[39m
        [36m<button[39m
          [33mclass[39m=[32m"inline-flex items-center justify-center gap-2 border font-medium tracking-wider uppercase transition-colors outline-none select-none focus-visible:ring-2 focus-visible:ring-ring disabled:pointer-events-none disabled:opacity-50 border-primary bg-primary text-primary-foreground hover:bg-transparent hover:text-primary h-9 px-3 text-sm"[39m
          [33mdata-slot[39m=[32m"button"[39m
          [33mtype[39m=[32m"button"[39m
        [36m>[39m
          [0mNew connector configuration[0m
        [36m</button>[39m
      [36m</div>[39m
      [36m<div[39m
        [33mclass[39m=[32m"w-full overflow-x-auto"[39m
        [33mdata-slot[39m=[32m"table-container"[39m
      [36m>[39m
        [36m<table[39m
          [33mclass[39m=[32m"w-full border-collapse text-sm"[39m
          [33mdata-slot[39m=[32m"table"[39m
        [36m>[39m
          [36m<thead[39m
            [33mclass[39m=[32m"border-b border-border bg-surface"[39m
            [33mdata-slot[39m=[32m"table-header"[39m
          [36m>[39m
            [36m<tr[39m
              [33mclass[39m=[32m"border-b border-border odd:bg-transparent even:bg-zebra transition-colors hover:bg-hover motion-reduce:transition-none"[39m
              [33mdata-slot[39m=[32m"table-row"[39m
            [36m>[39m
              [36m<th[39m
                [33mclass[39m=[32m"h-10 px-3 text-left align-middle text-xs font-medium uppercase tracking-wider text-muted-foreground"[39m
                [33mdata-slot[39m=[32m"table-head"[39m
              [36m>[39m
                [0mConnector[0m
              [36m</th>[39m
            [36m</tr>[39m
          [36m</thead>[39m
          [36m<tbody[39m
            [33mclass[39m=[32m""[39m
            [33mdata-slot[39m=[32m"table-body"[39m
          [36m>[39m
            [36m<tr[39m
              [33mclass[39m=[32m"border-b border-border odd:bg-transparent even:bg-zebra transition-colors hover:bg-hover motion-reduce:transition-none cursor-pointer"[39m
              [33mdata-slot[39m=[32m"table-row"[39m
              [33mrole[39m=[32m"button"[39m
              [33mtabindex[39m=[32m"0"[39m
            [36m>[39m
              [36m<td[39m
                [33mclass[39m=[32m"px-3 py-2 align-middle text-foreground"[39m
                [33mdata-slot[39m=[32m"table-cell"[39m
              [36m>[39m
                [0mdeepl-connector[0m
              [36m</td>[39m
            [36m</tr>[39m
          [36m</tbody>[39m
        [36m</table>[39m
      [36m</div>[39m
    [36m</div>[39m
  [36m</div>[39m
[36m</body>[39m
 ❯ Object.getElementError node_modules/@testing-library/dom/dist/config.js:37:19
 ❯ node_modules/@testing-library/dom/dist/query-helpers.js:76:38
 ❯ node_modules/@testing-library/dom/dist/query-helpers.js:52:17
 ❯ node_modules/@testing-library/dom/dist/query-helpers.js:95:19
 ❯ src/routes/connector-configurations-screen-form.spec.ts:120:28
    118|     await screen.findByText("deepl-connector");
    119|
    120|     fireEvent.click(screen.getByRole("button", { name: "Edit" }));
       |                            ^
    121|
    122|     const dialog = await screen.findByRole("dialog");

⎯⎯⎯⎯⎯⎯⎯⎯⎯⎯⎯⎯⎯⎯⎯⎯⎯⎯⎯⎯⎯⎯[16/42]⎯

 FAIL  src/routes/connector-configurations-screen-form.spec.ts > ConnectorConfigurationsScreen — the configuration field shows its loaded value pretty-printed (task/connector-capability-detail-editing/json-textarea-pretty-print-on-load, criterion 3) > renders the configuration field's loaded, minified value reformatted as indented JSON as soon as the Edit dialog opens
TestingLibraryElementError: Unable to find an accessible element with the role "button" and name "Edit"

Here are the accessible roles:

  heading:

  Name "Connectors":
  [36m<h1[39m
    [33mclass[39m=[32m"text-lg font-semibold text-foreground"[39m
  [36m/>[39m

  --------------------------------------------------
  button:

  Name "New connector configuration":
  [36m<button[39m
    [33mclass[39m=[32m"inline-flex items-center justify-center gap-2 border font-medium tracking-wider uppercase transition-colors outline-none select-none focus-visible:ring-2 focus-visible:ring-ring disabled:pointer-events-none disabled:opacity-50 border-primary bg-primary text-primary-foreground hover:bg-transparent hover:text-primary h-9 px-3 text-sm"[39m
    [33mdata-slot[39m=[32m"button"[39m
    [33mtype[39m=[32m"button"[39m
  [36m/>[39m

  Name "deepl-connector":
  [36m<tr[39m
    [33mclass[39m=[32m"border-b border-border odd:bg-transparent even:bg-zebra transition-colors hover:bg-hover motion-reduce:transition-none cursor-pointer"[39m
    [33mdata-slot[39m=[32m"table-row"[39m
    [33mrole[39m=[32m"button"[39m
    [33mtabindex[39m=[32m"0"[39m
  [36m/>[39m

  --------------------------------------------------
  table:

  Name "":
  [36m<table[39m
    [33mclass[39m=[32m"w-full border-collapse text-sm"[39m
    [33mdata-slot[39m=[32m"table"[39m
  [36m/>[39m

  --------------------------------------------------
  rowgroup:

  Name "":
  [36m<thead[39m
    [33mclass[39m=[32m"border-b border-border bg-surface"[39m
    [33mdata-slot[39m=[32m"table-header"[39m
  [36m/>[39m

  Name "":
  [36m<tbody[39m
    [33mclass[39m=[32m""[39m
    [33mdata-slot[39m=[32m"table-body"[39m
  [36m/>[39m

  --------------------------------------------------
  row:

  Name "Connector":
  [36m<tr[39m
    [33mclass[39m=[32m"border-b border-border odd:bg-transparent even:bg-zebra transition-colors hover:bg-hover motion-reduce:transition-none"[39m
    [33mdata-slot[39m=[32m"table-row"[39m
  [36m/>[39m

  --------------------------------------------------
  columnheader:

  Name "Connector":
  [36m<th[39m
    [33mclass[39m=[32m"h-10 px-3 text-left align-middle text-xs font-medium uppercase tracking-wider text-muted-foreground"[39m
    [33mdata-slot[39m=[32m"table-head"[39m
  [36m/>[39m

  --------------------------------------------------
  cell:

  Name "deepl-connector":
  [36m<td[39m
    [33mclass[39m=[32m"px-3 py-2 align-middle text-foreground"[39m
    [33mdata-slot[39m=[32m"table-cell"[39m
  [36m/>[39m

  --------------------------------------------------

Ignored nodes: comments, script, style
[36m<body[39m
  [33mstyle[39m=[32m""[39m
[36m>[39m
  [36m<div>[39m
    [36m<div[39m
      [33mclass[39m=[32m"flex flex-col gap-4"[39m
    [36m>[39m
      [36m<div[39m
        [33mclass[39m=[32m"flex items-center justify-between"[39m
      [36m>[39m
        [36m<h1[39m
          [33mclass[39m=[32m"text-lg font-semibold text-foreground"[39m
        [36m>[39m
          [0mConnectors[0m
        [36m</h1>[39m
        [36m<button[39m
          [33mclass[39m=[32m"inline-flex items-center justify-center gap-2 border font-medium tracking-wider uppercase transition-colors outline-none select-none focus-visible:ring-2 focus-visible:ring-ring disabled:pointer-events-none disabled:opacity-50 border-primary bg-primary text-primary-foreground hover:bg-transparent hover:text-primary h-9 px-3 text-sm"[39m
          [33mdata-slot[39m=[32m"button"[39m
          [33mtype[39m=[32m"button"[39m
        [36m>[39m
          [0mNew connector configuration[0m
        [36m</button>[39m
      [36m</div>[39m
      [36m<div[39m
        [33mclass[39m=[32m"w-full overflow-x-auto"[39m
        [33mdata-slot[39m=[32m"table-container"[39m
      [36m>[39m
        [36m<table[39m
          [33mclass[39m=[32m"w-full border-collapse text-sm"[39m
          [33mdata-slot[39m=[32m"table"[39m
        [36m>[39m
          [36m<thead[39m
            [33mclass[39m=[32m"border-b border-border bg-surface"[39m
            [33mdata-slot[39m=[32m"table-header"[39m
          [36m>[39m
            [36m<tr[39m
              [33mclass[39m=[32m"border-b border-border odd:bg-transparent even:bg-zebra transition-colors hover:bg-hover motion-reduce:transition-none"[39m
              [33mdata-slot[39m=[32m"table-row"[39m
            [36m>[39m
              [36m<th[39m
                [33mclass[39m=[32m"h-10 px-3 text-left align-middle text-xs font-medium uppercase tracking-wider text-muted-foreground"[39m
                [33mdata-slot[39m=[32m"table-head"[39m
              [36m>[39m
                [0mConnector[0m
              [36m</th>[39m
            [36m</tr>[39m
          [36m</thead>[39m
          [36m<tbody[39m
            [33mclass[39m=[32m""[39m
            [33mdata-slot[39m=[32m"table-body"[39m
          [36m>[39m
            [36m<tr[39m
              [33mclass[39m=[32m"border-b border-border odd:bg-transparent even:bg-zebra transition-colors hover:bg-hover motion-reduce:transition-none cursor-pointer"[39m
              [33mdata-slot[39m=[32m"table-row"[39m
              [33mrole[39m=[32m"button"[39m
              [33mtabindex[39m=[32m"0"[39m
            [36m>[39m
              [36m<td[39m
                [33mclass[39m=[32m"px-3 py-2 align-middle text-foreground"[39m
                [33mdata-slot[39m=[32m"table-cell"[39m
              [36m>[39m
                [0mdeepl-connector[0m
              [36m</td>[39m
            [36m</tr>[39m
          [36m</tbody>[39m
        [36m</table>[39m
      [36m</div>[39m
    [36m</div>[39m
  [36m</div>[39m
[36m</body>[39m
 ❯ Object.getElementError node_modules/@testing-library/dom/dist/config.js:37:19
 ❯ node_modules/@testing-library/dom/dist/query-helpers.js:76:38
 ❯ node_modules/@testing-library/dom/dist/query-helpers.js:52:17
 ❯ node_modules/@testing-library/dom/dist/query-helpers.js:95:19
 ❯ src/routes/connector-configurations-screen-form.spec.ts:164:30
    162|       await screen.findByText("deepl-connector");
    163|
    164|       fireEvent.click(screen.getByRole("button", { name: "Edit" }));
       |                              ^
    165|
    166|       const dialog = await screen.findByRole("dialog");

⎯⎯⎯⎯⎯⎯⎯⎯⎯⎯⎯⎯⎯⎯⎯⎯⎯⎯⎯⎯⎯⎯[17/42]⎯

 FAIL  src/routes/connector-configurations-screen.spec.ts > ConnectorConfigurationsScreen — listing (criterion 1) > renders one row per connector configuration GET /v1/connectors returns, each showing its own connector name
AssertionError: expected [ …(1) ] to have a length of 3 but got 1

- Expected
+ Received

- 3
+ 1

 ❯ src/routes/connector-configurations-screen.spec.ts:42:18
     40|     // rows[0] is the header row (StatusTable's own TableHeader); one …
     41|     // connector configuration.
     42|     expect(rows).toHaveLength(3);
       |                  ^
     43|     expect(within(rows[1]).getByText("deepl-connector")).toBeTruthy();
     44|     expect(within(rows[2]).getByText("sendgrid-connector")).toBeTruthy…

⎯⎯⎯⎯⎯⎯⎯⎯⎯⎯⎯⎯⎯⎯⎯⎯⎯⎯⎯⎯⎯⎯[18/42]⎯

 FAIL  src/routes/connector-test-panel-capability-picker.spec.ts > ConnectorTestPanel — the capability picker offers only capabilities naming this connector (criterion 1) > offers the matching capability and omits one registered against a different connector
TestingLibraryElementError: Unable to find an accessible element with the role "button" and name "Edit"

Here are the accessible roles:

  heading:

  Name "Connectors":
  [36m<h1[39m
    [33mclass[39m=[32m"text-lg font-semibold text-foreground"[39m
  [36m/>[39m

  --------------------------------------------------
  button:

  Name "New connector configuration":
  [36m<button[39m
    [33mclass[39m=[32m"inline-flex items-center justify-center gap-2 border font-medium tracking-wider uppercase transition-colors outline-none select-none focus-visible:ring-2 focus-visible:ring-ring disabled:pointer-events-none disabled:opacity-50 border-primary bg-primary text-primary-foreground hover:bg-transparent hover:text-primary h-9 px-3 text-sm"[39m
    [33mdata-slot[39m=[32m"button"[39m
    [33mtype[39m=[32m"button"[39m
  [36m/>[39m

  Name "deepl-connector":
  [36m<tr[39m
    [33mclass[39m=[32m"border-b border-border odd:bg-transparent even:bg-zebra transition-colors hover:bg-hover motion-reduce:transition-none cursor-pointer"[39m
    [33mdata-slot[39m=[32m"table-row"[39m
    [33mrole[39m=[32m"button"[39m
    [33mtabindex[39m=[32m"0"[39m
  [36m/>[39m

  --------------------------------------------------
  table:

  Name "":
  [36m<table[39m
    [33mclass[39m=[32m"w-full border-collapse text-sm"[39m
    [33mdata-slot[39m=[32m"table"[39m
  [36m/>[39m

  --------------------------------------------------
  rowgroup:

  Name "":
  [36m<thead[39m
    [33mclass[39m=[32m"border-b border-border bg-surface"[39m
    [33mdata-slot[39m=[32m"table-header"[39m
  [36m/>[39m

  Name "":
  [36m<tbody[39m
    [33mclass[39m=[32m""[39m
    [33mdata-slot[39m=[32m"table-body"[39m
  [36m/>[39m

  --------------------------------------------------
  row:

  Name "Connector":
  [36m<tr[39m
    [33mclass[39m=[32m"border-b border-border odd:bg-transparent even:bg-zebra transition-colors hover:bg-hover motion-reduce:transition-none"[39m
    [33mdata-slot[39m=[32m"table-row"[39m
  [36m/>[39m

  --------------------------------------------------
  columnheader:

  Name "Connector":
  [36m<th[39m
    [33mclass[39m=[32m"h-10 px-3 text-left align-middle text-xs font-medium uppercase tracking-wider text-muted-foreground"[39m
    [33mdata-slot[39m=[32m"table-head"[39m
  [36m/>[39m

  --------------------------------------------------
  cell:

  Name "deepl-connector":
  [36m<td[39m
    [33mclass[39m=[32m"px-3 py-2 align-middle text-foreground"[39m
    [33mdata-slot[39m=[32m"table-cell"[39m
  [36m/>[39m

  --------------------------------------------------

Ignored nodes: comments, script, style
[36m<body>[39m
  [36m<div>[39m
    [36m<div[39m
      [33mclass[39m=[32m"flex flex-col gap-4"[39m
    [36m>[39m
      [36m<div[39m
        [33mclass[39m=[32m"flex items-center justify-between"[39m
      [36m>[39m
        [36m<h1[39m
          [33mclass[39m=[32m"text-lg font-semibold text-foreground"[39m
        [36m>[39m
          [0mConnectors[0m
        [36m</h1>[39m
        [36m<button[39m
          [33mclass[39m=[32m"inline-flex items-center justify-center gap-2 border font-medium tracking-wider uppercase transition-colors outline-none select-none focus-visible:ring-2 focus-visible:ring-ring disabled:pointer-events-none disabled:opacity-50 border-primary bg-primary text-primary-foreground hover:bg-transparent hover:text-primary h-9 px-3 text-sm"[39m
          [33mdata-slot[39m=[32m"button"[39m
          [33mtype[39m=[32m"button"[39m
        [36m>[39m
          [0mNew connector configuration[0m
        [36m</button>[39m
      [36m</div>[39m
      [36m<div[39m
        [33mclass[39m=[32m"w-full overflow-x-auto"[39m
        [33mdata-slot[39m=[32m"table-container"[39m
      [36m>[39m
        [36m<table[39m
          [33mclass[39m=[32m"w-full border-collapse text-sm"[39m
          [33mdata-slot[39m=[32m"table"[39m
        [36m>[39m
          [36m<thead[39m
            [33mclass[39m=[32m"border-b border-border bg-surface"[39m
            [33mdata-slot[39m=[32m"table-header"[39m
          [36m>[39m
            [36m<tr[39m
              [33mclass[39m=[32m"border-b border-border odd:bg-transparent even:bg-zebra transition-colors hover:bg-hover motion-reduce:transition-none"[39m
              [33mdata-slot[39m=[32m"table-row"[39m
            [36m>[39m
              [36m<th[39m
                [33mclass[39m=[32m"h-10 px-3 text-left align-middle text-xs font-medium uppercase tracking-wider text-muted-foreground"[39m
                [33mdata-slot[39m=[32m"table-head"[39m
              [36m>[39m
                [0mConnector[0m
              [36m</th>[39m
            [36m</tr>[39m
          [36m</thead>[39m
          [36m<tbody[39m
            [33mclass[39m=[32m""[39m
            [33mdata-slot[39m=[32m"table-body"[39m
          [36m>[39m
            [36m<tr[39m
              [33mclass[39m=[32m"border-b border-border odd:bg-transparent even:bg-zebra transition-colors hover:bg-hover motion-reduce:transition-none cursor-pointer"[39m
              [33mdata-slot[39m=[32m"table-row"[39m
              [33mrole[39m=[32m"button"[39m
              [33mtabindex[39m=[32m"0"[39m
            [36m>[39m
              [36m<td[39m
                [33mclass[39m=[32m"px-3 py-2 align-middle text-foreground"[39m
                [33mdata-slot[39m=[32m"table-cell"[39m
              [36m>[39m
                [0mdeepl-connector[0m
              [36m</td>[39m
            [36m</tr>[39m
          [36m</tbody>[39m
        [36m</table>[39m
      [36m</div>[39m
    [36m</div>[39m
  [36m</div>[39m
[36m</body>[39m
 ❯ Object.getElementError node_modules/@testing-library/dom/dist/config.js:37:19
 ❯ node_modules/@testing-library/dom/dist/query-helpers.js:76:38
 ❯ node_modules/@testing-library/dom/dist/query-helpers.js:52:17
 ❯ node_modules/@testing-library/dom/dist/query-helpers.js:95:19
 ❯ mountTestPanelInEditMode src/routes/connector-test-panel.test-support.ts:137:26
    135|   await mountConnectorConfigurationsScreen(fetchMock);
    136|   await screen.findByText(target.connector);
    137|   fireEvent.click(screen.getByRole("button", { name: "Edit" }));
       |                          ^
    138|   const dialog = await screen.findByRole("dialog");
    139|   await within(dialog).findByRole("heading", { name: "Test" });
 ❯ src/routes/connector-test-panel-capability-picker.spec.ts:37:24

⎯⎯⎯⎯⎯⎯⎯⎯⎯⎯⎯⎯⎯⎯⎯⎯⎯⎯⎯⎯⎯⎯[19/42]⎯

 FAIL  src/routes/connector-test-panel-capability-picker.spec.ts > ConnectorTestPanel — the capability picker offers only capabilities naming this connector (criterion 1) > offers no option at all once the read resolves, when no capability currently names this connector (edge case: empty match)
TestingLibraryElementError: Unable to find an accessible element with the role "button" and name "Edit"

Here are the accessible roles:

  heading:

  Name "Connectors":
  [36m<h1[39m
    [33mclass[39m=[32m"text-lg font-semibold text-foreground"[39m
  [36m/>[39m

  --------------------------------------------------
  button:

  Name "New connector configuration":
  [36m<button[39m
    [33mclass[39m=[32m"inline-flex items-center justify-center gap-2 border font-medium tracking-wider uppercase transition-colors outline-none select-none focus-visible:ring-2 focus-visible:ring-ring disabled:pointer-events-none disabled:opacity-50 border-primary bg-primary text-primary-foreground hover:bg-transparent hover:text-primary h-9 px-3 text-sm"[39m
    [33mdata-slot[39m=[32m"button"[39m
    [33mtype[39m=[32m"button"[39m
  [36m/>[39m

  Name "deepl-connector":
  [36m<tr[39m
    [33mclass[39m=[32m"border-b border-border odd:bg-transparent even:bg-zebra transition-colors hover:bg-hover motion-reduce:transition-none cursor-pointer"[39m
    [33mdata-slot[39m=[32m"table-row"[39m
    [33mrole[39m=[32m"button"[39m
    [33mtabindex[39m=[32m"0"[39m
  [36m/>[39m

  --------------------------------------------------
  table:

  Name "":
  [36m<table[39m
    [33mclass[39m=[32m"w-full border-collapse text-sm"[39m
    [33mdata-slot[39m=[32m"table"[39m
  [36m/>[39m

  --------------------------------------------------
  rowgroup:

  Name "":
  [36m<thead[39m
    [33mclass[39m=[32m"border-b border-border bg-surface"[39m
    [33mdata-slot[39m=[32m"table-header"[39m
  [36m/>[39m

  Name "":
  [36m<tbody[39m
    [33mclass[39m=[32m""[39m
    [33mdata-slot[39m=[32m"table-body"[39m
  [36m/>[39m

  --------------------------------------------------
  row:

  Name "Connector":
  [36m<tr[39m
    [33mclass[39m=[32m"border-b border-border odd:bg-transparent even:bg-zebra transition-colors hover:bg-hover motion-reduce:transition-none"[39m
    [33mdata-slot[39m=[32m"table-row"[39m
  [36m/>[39m

  --------------------------------------------------
  columnheader:

  Name "Connector":
  [36m<th[39m
    [33mclass[39m=[32m"h-10 px-3 text-left align-middle text-xs font-medium uppercase tracking-wider text-muted-foreground"[39m
    [33mdata-slot[39m=[32m"table-head"[39m
  [36m/>[39m

  --------------------------------------------------
  cell:

  Name "deepl-connector":
  [36m<td[39m
    [33mclass[39m=[32m"px-3 py-2 align-middle text-foreground"[39m
    [33mdata-slot[39m=[32m"table-cell"[39m
  [36m/>[39m

  --------------------------------------------------

Ignored nodes: comments, script, style
[36m<body>[39m
  [36m<div>[39m
    [36m<div[39m
      [33mclass[39m=[32m"flex flex-col gap-4"[39m
    [36m>[39m
      [36m<div[39m
        [33mclass[39m=[32m"flex items-center justify-between"[39m
      [36m>[39m
        [36m<h1[39m
          [33mclass[39m=[32m"text-lg font-semibold text-foreground"[39m
        [36m>[39m
          [0mConnectors[0m
        [36m</h1>[39m
        [36m<button[39m
          [33mclass[39m=[32m"inline-flex items-center justify-center gap-2 border font-medium tracking-wider uppercase transition-colors outline-none select-none focus-visible:ring-2 focus-visible:ring-ring disabled:pointer-events-none disabled:opacity-50 border-primary bg-primary text-primary-foreground hover:bg-transparent hover:text-primary h-9 px-3 text-sm"[39m
          [33mdata-slot[39m=[32m"button"[39m
          [33mtype[39m=[32m"button"[39m
        [36m>[39m
          [0mNew connector configuration[0m
        [36m</button>[39m
      [36m</div>[39m
      [36m<div[39m
        [33mclass[39m=[32m"w-full overflow-x-auto"[39m
        [33mdata-slot[39m=[32m"table-container"[39m
      [36m>[39m
        [36m<table[39m
          [33mclass[39m=[32m"w-full border-collapse text-sm"[39m
          [33mdata-slot[39m=[32m"table"[39m
        [36m>[39m
          [36m<thead[39m
            [33mclass[39m=[32m"border-b border-border bg-surface"[39m
            [33mdata-slot[39m=[32m"table-header"[39m
          [36m>[39m
            [36m<tr[39m
              [33mclass[39m=[32m"border-b border-border odd:bg-transparent even:bg-zebra transition-colors hover:bg-hover motion-reduce:transition-none"[39m
              [33mdata-slot[39m=[32m"table-row"[39m
            [36m>[39m
              [36m<th[39m
                [33mclass[39m=[32m"h-10 px-3 text-left align-middle text-xs font-medium uppercase tracking-wider text-muted-foreground"[39m
                [33mdata-slot[39m=[32m"table-head"[39m
              [36m>[39m
                [0mConnector[0m
              [36m</th>[39m
            [36m</tr>[39m
          [36m</thead>[39m
          [36m<tbody[39m
            [33mclass[39m=[32m""[39m
            [33mdata-slot[39m=[32m"table-body"[39m
          [36m>[39m
            [36m<tr[39m
              [33mclass[39m=[32m"border-b border-border odd:bg-transparent even:bg-zebra transition-colors hover:bg-hover motion-reduce:transition-none cursor-pointer"[39m
              [33mdata-slot[39m=[32m"table-row"[39m
              [33mrole[39m=[32m"button"[39m
              [33mtabindex[39m=[32m"0"[39m
            [36m>[39m
              [36m<td[39m
                [33mclass[39m=[32m"px-3 py-2 align-middle text-foreground"[39m
                [33mdata-slot[39m=[32m"table-cell"[39m
              [36m>[39m
                [0mdeepl-connector[0m
              [36m</td>[39m
            [36m</tr>[39m
          [36m</tbody>[39m
        [36m</table>[39m
      [36m</div>[39m
    [36m</div>[39m
  [36m</div>[39m
[36m</body>[39m
 ❯ Object.getElementError node_modules/@testing-library/dom/dist/config.js:37:19
 ❯ node_modules/@testing-library/dom/dist/query-helpers.js:76:38
 ❯ node_modules/@testing-library/dom/dist/query-helpers.js:52:17
 ❯ node_modules/@testing-library/dom/dist/query-helpers.js:95:19
 ❯ mountTestPanelInEditMode src/routes/connector-test-panel.test-support.ts:137:26
    135|   await mountConnectorConfigurationsScreen(fetchMock);
    136|   await screen.findByText(target.connector);
    137|   fireEvent.click(screen.getByRole("button", { name: "Edit" }));
       |                          ^
    138|   const dialog = await screen.findByRole("dialog");
    139|   await within(dialog).findByRole("heading", { name: "Test" });
 ❯ src/routes/connector-test-panel-capability-picker.spec.ts:64:24

⎯⎯⎯⎯⎯⎯⎯⎯⎯⎯⎯⎯⎯⎯⎯⎯⎯⎯⎯⎯⎯⎯[20/42]⎯

 FAIL  src/routes/connector-test-panel-capability-picker.spec.ts > ConnectorTestPanel — the capability picker offers only capabilities naming this connector (criterion 1) > keys capability options by name and version together, offering two capabilities that share a name as distinct, independently selectable options (composite-key inference)
TestingLibraryElementError: Unable to find an accessible element with the role "button" and name "Edit"

Here are the accessible roles:

  heading:

  Name "Connectors":
  [36m<h1[39m
    [33mclass[39m=[32m"text-lg font-semibold text-foreground"[39m
  [36m/>[39m

  --------------------------------------------------
  button:

  Name "New connector configuration":
  [36m<button[39m
    [33mclass[39m=[32m"inline-flex items-center justify-center gap-2 border font-medium tracking-wider uppercase transition-colors outline-none select-none focus-visible:ring-2 focus-visible:ring-ring disabled:pointer-events-none disabled:opacity-50 border-primary bg-primary text-primary-foreground hover:bg-transparent hover:text-primary h-9 px-3 text-sm"[39m
    [33mdata-slot[39m=[32m"button"[39m
    [33mtype[39m=[32m"button"[39m
  [36m/>[39m

  Name "deepl-connector":
  [36m<tr[39m
    [33mclass[39m=[32m"border-b border-border odd:bg-transparent even:bg-zebra transition-colors hover:bg-hover motion-reduce:transition-none cursor-pointer"[39m
    [33mdata-slot[39m=[32m"table-row"[39m
    [33mrole[39m=[32m"button"[39m
    [33mtabindex[39m=[32m"0"[39m
  [36m/>[39m

  --------------------------------------------------
  table:

  Name "":
  [36m<table[39m
    [33mclass[39m=[32m"w-full border-collapse text-sm"[39m
    [33mdata-slot[39m=[32m"table"[39m
  [36m/>[39m

  --------------------------------------------------
  rowgroup:

  Name "":
  [36m<thead[39m
    [33mclass[39m=[32m"border-b border-border bg-surface"[39m
    [33mdata-slot[39m=[32m"table-header"[39m
  [36m/>[39m

  Name "":
  [36m<tbody[39m
    [33mclass[39m=[32m""[39m
    [33mdata-slot[39m=[32m"table-body"[39m
  [36m/>[39m

  --------------------------------------------------
  row:

  Name "Connector":
  [36m<tr[39m
    [33mclass[39m=[32m"border-b border-border odd:bg-transparent even:bg-zebra transition-colors hover:bg-hover motion-reduce:transition-none"[39m
    [33mdata-slot[39m=[32m"table-row"[39m
  [36m/>[39m

  --------------------------------------------------
  columnheader:

  Name "Connector":
  [36m<th[39m
    [33mclass[39m=[32m"h-10 px-3 text-left align-middle text-xs font-medium uppercase tracking-wider text-muted-foreground"[39m
    [33mdata-slot[39m=[32m"table-head"[39m
  [36m/>[39m

  --------------------------------------------------
  cell:

  Name "deepl-connector":
  [36m<td[39m
    [33mclass[39m=[32m"px-3 py-2 align-middle text-foreground"[39m
    [33mdata-slot[39m=[32m"table-cell"[39m
  [36m/>[39m

  --------------------------------------------------

Ignored nodes: comments, script, style
[36m<body>[39m
  [36m<div>[39m
    [36m<div[39m
      [33mclass[39m=[32m"flex flex-col gap-4"[39m
    [36m>[39m
      [36m<div[39m
        [33mclass[39m=[32m"flex items-center justify-between"[39m
      [36m>[39m
        [36m<h1[39m
          [33mclass[39m=[32m"text-lg font-semibold text-foreground"[39m
        [36m>[39m
          [0mConnectors[0m
        [36m</h1>[39m
        [36m<button[39m
          [33mclass[39m=[32m"inline-flex items-center justify-center gap-2 border font-medium tracking-wider uppercase transition-colors outline-none select-none focus-visible:ring-2 focus-visible:ring-ring disabled:pointer-events-none disabled:opacity-50 border-primary bg-primary text-primary-foreground hover:bg-transparent hover:text-primary h-9 px-3 text-sm"[39m
          [33mdata-slot[39m=[32m"button"[39m
          [33mtype[39m=[32m"button"[39m
        [36m>[39m
          [0mNew connector configuration[0m
        [36m</button>[39m
      [36m</div>[39m
      [36m<div[39m
        [33mclass[39m=[32m"w-full overflow-x-auto"[39m
        [33mdata-slot[39m=[32m"table-container"[39m
      [36m>[39m
        [36m<table[39m
          [33mclass[39m=[32m"w-full border-collapse text-sm"[39m
          [33mdata-slot[39m=[32m"table"[39m
        [36m>[39m
          [36m<thead[39m
            [33mclass[39m=[32m"border-b border-border bg-surface"[39m
            [33mdata-slot[39m=[32m"table-header"[39m
          [36m>[39m
            [36m<tr[39m
              [33mclass[39m=[32m"border-b border-border odd:bg-transparent even:bg-zebra transition-colors hover:bg-hover motion-reduce:transition-none"[39m
              [33mdata-slot[39m=[32m"table-row"[39m
            [36m>[39m
              [36m<th[39m
                [33mclass[39m=[32m"h-10 px-3 text-left align-middle text-xs font-medium uppercase tracking-wider text-muted-foreground"[39m
                [33mdata-slot[39m=[32m"table-head"[39m
              [36m>[39m
                [0mConnector[0m
              [36m</th>[39m
            [36m</tr>[39m
          [36m</thead>[39m
          [36m<tbody[39m
            [33mclass[39m=[32m""[39m
            [33mdata-slot[39m=[32m"table-body"[39m
          [36m>[39m
            [36m<tr[39m
              [33mclass[39m=[32m"border-b border-border odd:bg-transparent even:bg-zebra transition-colors hover:bg-hover motion-reduce:transition-none cursor-pointer"[39m
              [33mdata-slot[39m=[32m"table-row"[39m
              [33mrole[39m=[32m"button"[39m
              [33mtabindex[39m=[32m"0"[39m
            [36m>[39m
              [36m<td[39m
                [33mclass[39m=[32m"px-3 py-2 align-middle text-foreground"[39m
                [33mdata-slot[39m=[32m"table-cell"[39m
              [36m>[39m
                [0mdeepl-connector[0m
              [36m</td>[39m
            [36m</tr>[39m
          [36m</tbody>[39m
        [36m</table>[39m
      [36m</div>[39m
    [36m</div>[39m
  [36m</div>[39m
[36m</body>[39m
 ❯ Object.getElementError node_modules/@testing-library/dom/dist/config.js:37:19
 ❯ node_modules/@testing-library/dom/dist/query-helpers.js:76:38
 ❯ node_modules/@testing-library/dom/dist/query-helpers.js:52:17
 ❯ node_modules/@testing-library/dom/dist/query-helpers.js:95:19
 ❯ mountTestPanelInEditMode src/routes/connector-test-panel.test-support.ts:137:26
    135|   await mountConnectorConfigurationsScreen(fetchMock);
    136|   await screen.findByText(target.connector);
    137|   fireEvent.click(screen.getByRole("button", { name: "Edit" }));
       |                          ^
    138|   const dialog = await screen.findByRole("dialog");
    139|   await within(dialog).findByRole("heading", { name: "Test" });
 ❯ src/routes/connector-test-panel-capability-picker.spec.ts:78:24

⎯⎯⎯⎯⎯⎯⎯⎯⎯⎯⎯⎯⎯⎯⎯⎯⎯⎯⎯⎯⎯⎯[21/42]⎯

 FAIL  src/routes/connector-test-panel-capability-picker.spec.ts > ConnectorTestPanel — the capability picker offers only capabilities naming this connector (criterion 1) > shows an alert rather than silently offering no options when the capabilities read itself fails (edge case: a dependency that fails)
TestingLibraryElementError: Unable to find an accessible element with the role "button" and name "Edit"

Here are the accessible roles:

  heading:

  Name "Connectors":
  [36m<h1[39m
    [33mclass[39m=[32m"text-lg font-semibold text-foreground"[39m
  [36m/>[39m

  --------------------------------------------------
  button:

  Name "New connector configuration":
  [36m<button[39m
    [33mclass[39m=[32m"inline-flex items-center justify-center gap-2 border font-medium tracking-wider uppercase transition-colors outline-none select-none focus-visible:ring-2 focus-visible:ring-ring disabled:pointer-events-none disabled:opacity-50 border-primary bg-primary text-primary-foreground hover:bg-transparent hover:text-primary h-9 px-3 text-sm"[39m
    [33mdata-slot[39m=[32m"button"[39m
    [33mtype[39m=[32m"button"[39m
  [36m/>[39m

  Name "deepl-connector":
  [36m<tr[39m
    [33mclass[39m=[32m"border-b border-border odd:bg-transparent even:bg-zebra transition-colors hover:bg-hover motion-reduce:transition-none cursor-pointer"[39m
    [33mdata-slot[39m=[32m"table-row"[39m
    [33mrole[39m=[32m"button"[39m
    [33mtabindex[39m=[32m"0"[39m
  [36m/>[39m

  --------------------------------------------------
  table:

  Name "":
  [36m<table[39m
    [33mclass[39m=[32m"w-full border-collapse text-sm"[39m
    [33mdata-slot[39m=[32m"table"[39m
  [36m/>[39m

  --------------------------------------------------
  rowgroup:

  Name "":
  [36m<thead[39m
    [33mclass[39m=[32m"border-b border-border bg-surface"[39m
    [33mdata-slot[39m=[32m"table-header"[39m
  [36m/>[39m

  Name "":
  [36m<tbody[39m
    [33mclass[39m=[32m""[39m
    [33mdata-slot[39m=[32m"table-body"[39m
  [36m/>[39m

  --------------------------------------------------
  row:

  Name "Connector":
  [36m<tr[39m
    [33mclass[39m=[32m"border-b border-border odd:bg-transparent even:bg-zebra transition-colors hover:bg-hover motion-reduce:transition-none"[39m
    [33mdata-slot[39m=[32m"table-row"[39m
  [36m/>[39m

  --------------------------------------------------
  columnheader:

  Name "Connector":
  [36m<th[39m
    [33mclass[39m=[32m"h-10 px-3 text-left align-middle text-xs font-medium uppercase tracking-wider text-muted-foreground"[39m
    [33mdata-slot[39m=[32m"table-head"[39m
  [36m/>[39m

  --------------------------------------------------
  cell:

  Name "deepl-connector":
  [36m<td[39m
    [33mclass[39m=[32m"px-3 py-2 align-middle text-foreground"[39m
    [33mdata-slot[39m=[32m"table-cell"[39m
  [36m/>[39m

  --------------------------------------------------

Ignored nodes: comments, script, style
[36m<body>[39m
  [36m<div>[39m
    [36m<div[39m
      [33mclass[39m=[32m"flex flex-col gap-4"[39m
    [36m>[39m
      [36m<div[39m
        [33mclass[39m=[32m"flex items-center justify-between"[39m
      [36m>[39m
        [36m<h1[39m
          [33mclass[39m=[32m"text-lg font-semibold text-foreground"[39m
        [36m>[39m
          [0mConnectors[0m
        [36m</h1>[39m
        [36m<button[39m
          [33mclass[39m=[32m"inline-flex items-center justify-center gap-2 border font-medium tracking-wider uppercase transition-colors outline-none select-none focus-visible:ring-2 focus-visible:ring-ring disabled:pointer-events-none disabled:opacity-50 border-primary bg-primary text-primary-foreground hover:bg-transparent hover:text-primary h-9 px-3 text-sm"[39m
          [33mdata-slot[39m=[32m"button"[39m
          [33mtype[39m=[32m"button"[39m
        [36m>[39m
          [0mNew connector configuration[0m
        [36m</button>[39m
      [36m</div>[39m
      [36m<div[39m
        [33mclass[39m=[32m"w-full overflow-x-auto"[39m
        [33mdata-slot[39m=[32m"table-container"[39m
      [36m>[39m
        [36m<table[39m
          [33mclass[39m=[32m"w-full border-collapse text-sm"[39m
          [33mdata-slot[39m=[32m"table"[39m
        [36m>[39m
          [36m<thead[39m
            [33mclass[39m=[32m"border-b border-border bg-surface"[39m
            [33mdata-slot[39m=[32m"table-header"[39m
          [36m>[39m
            [36m<tr[39m
              [33mclass[39m=[32m"border-b border-border odd:bg-transparent even:bg-zebra transition-colors hover:bg-hover motion-reduce:transition-none"[39m
              [33mdata-slot[39m=[32m"table-row"[39m
            [36m>[39m
              [36m<th[39m
                [33mclass[39m=[32m"h-10 px-3 text-left align-middle text-xs font-medium uppercase tracking-wider text-muted-foreground"[39m
                [33mdata-slot[39m=[32m"table-head"[39m
              [36m>[39m
                [0mConnector[0m
              [36m</th>[39m
            [36m</tr>[39m
          [36m</thead>[39m
          [36m<tbody[39m
            [33mclass[39m=[32m""[39m
            [33mdata-slot[39m=[32m"table-body"[39m
          [36m>[39m
            [36m<tr[39m
              [33mclass[39m=[32m"border-b border-border odd:bg-transparent even:bg-zebra transition-colors hover:bg-hover motion-reduce:transition-none cursor-pointer"[39m
              [33mdata-slot[39m=[32m"table-row"[39m
              [33mrole[39m=[32m"button"[39m
              [33mtabindex[39m=[32m"0"[39m
            [36m>[39m
              [36m<td[39m
                [33mclass[39m=[32m"px-3 py-2 align-middle text-foreground"[39m
                [33mdata-slot[39m=[32m"table-cell"[39m
              [36m>[39m
                [0mdeepl-connector[0m
              [36m</td>[39m
            [36m</tr>[39m
          [36m</tbody>[39m
        [36m</table>[39m
      [36m</div>[39m
    [36m</div>[39m
  [36m</div>[39m
[36m</body>[39m
 ❯ Object.getElementError node_modules/@testing-library/dom/dist/config.js:37:19
 ❯ node_modules/@testing-library/dom/dist/query-helpers.js:76:38
 ❯ node_modules/@testing-library/dom/dist/query-helpers.js:52:17
 ❯ node_modules/@testing-library/dom/dist/query-helpers.js:95:19
 ❯ mountTestPanelInEditMode src/routes/connector-test-panel.test-support.ts:137:26
    135|   await mountConnectorConfigurationsScreen(fetchMock);
    136|   await screen.findByText(target.connector);
    137|   fireEvent.click(screen.getByRole("button", { name: "Edit" }));
       |                          ^
    138|   const dialog = await screen.findByRole("dialog");
    139|   await within(dialog).findByRole("heading", { name: "Test" });
 ❯ src/routes/connector-test-panel-capability-picker.spec.ts:104:24

⎯⎯⎯⎯⎯⎯⎯⎯⎯⎯⎯⎯⎯⎯⎯⎯⎯⎯⎯⎯⎯⎯[22/42]⎯

 FAIL  src/routes/connector-test-panel-dispatch-safety.spec.ts > ConnectorTestPanel — nothing displayed is persisted anywhere the rest of the app could read back (criterion 7) > issues no further read of the connectors, capabilities or subject-type vocabulary after a completed test call
TestingLibraryElementError: Unable to find an accessible element with the role "button" and name "Edit"

Here are the accessible roles:

  heading:

  Name "Connectors":
  [36m<h1[39m
    [33mclass[39m=[32m"text-lg font-semibold text-foreground"[39m
  [36m/>[39m

  --------------------------------------------------
  button:

  Name "New connector configuration":
  [36m<button[39m
    [33mclass[39m=[32m"inline-flex items-center justify-center gap-2 border font-medium tracking-wider uppercase transition-colors outline-none select-none focus-visible:ring-2 focus-visible:ring-ring disabled:pointer-events-none disabled:opacity-50 border-primary bg-primary text-primary-foreground hover:bg-transparent hover:text-primary h-9 px-3 text-sm"[39m
    [33mdata-slot[39m=[32m"button"[39m
    [33mtype[39m=[32m"button"[39m
  [36m/>[39m

  Name "deepl-connector":
  [36m<tr[39m
    [33mclass[39m=[32m"border-b border-border odd:bg-transparent even:bg-zebra transition-colors hover:bg-hover motion-reduce:transition-none cursor-pointer"[39m
    [33mdata-slot[39m=[32m"table-row"[39m
    [33mrole[39m=[32m"button"[39m
    [33mtabindex[39m=[32m"0"[39m
  [36m/>[39m

  --------------------------------------------------
  table:

  Name "":
  [36m<table[39m
    [33mclass[39m=[32m"w-full border-collapse text-sm"[39m
    [33mdata-slot[39m=[32m"table"[39m
  [36m/>[39m

  --------------------------------------------------
  rowgroup:

  Name "":
  [36m<thead[39m
    [33mclass[39m=[32m"border-b border-border bg-surface"[39m
    [33mdata-slot[39m=[32m"table-header"[39m
  [36m/>[39m

  Name "":
  [36m<tbody[39m
    [33mclass[39m=[32m""[39m
    [33mdata-slot[39m=[32m"table-body"[39m
  [36m/>[39m

  --------------------------------------------------
  row:

  Name "Connector":
  [36m<tr[39m
    [33mclass[39m=[32m"border-b border-border odd:bg-transparent even:bg-zebra transition-colors hover:bg-hover motion-reduce:transition-none"[39m
    [33mdata-slot[39m=[32m"table-row"[39m
  [36m/>[39m

  --------------------------------------------------
  columnheader:

  Name "Connector":
  [36m<th[39m
    [33mclass[39m=[32m"h-10 px-3 text-left align-middle text-xs font-medium uppercase tracking-wider text-muted-foreground"[39m
    [33mdata-slot[39m=[32m"table-head"[39m
  [36m/>[39m

  --------------------------------------------------
  cell:

  Name "deepl-connector":
  [36m<td[39m
    [33mclass[39m=[32m"px-3 py-2 align-middle text-foreground"[39m
    [33mdata-slot[39m=[32m"table-cell"[39m
  [36m/>[39m

  --------------------------------------------------

Ignored nodes: comments, script, style
[36m<body>[39m
  [36m<div>[39m
    [36m<div[39m
      [33mclass[39m=[32m"flex flex-col gap-4"[39m
    [36m>[39m
      [36m<div[39m
        [33mclass[39m=[32m"flex items-center justify-between"[39m
      [36m>[39m
        [36m<h1[39m
          [33mclass[39m=[32m"text-lg font-semibold text-foreground"[39m
        [36m>[39m
          [0mConnectors[0m
        [36m</h1>[39m
        [36m<button[39m
          [33mclass[39m=[32m"inline-flex items-center justify-center gap-2 border font-medium tracking-wider uppercase transition-colors outline-none select-none focus-visible:ring-2 focus-visible:ring-ring disabled:pointer-events-none disabled:opacity-50 border-primary bg-primary text-primary-foreground hover:bg-transparent hover:text-primary h-9 px-3 text-sm"[39m
          [33mdata-slot[39m=[32m"button"[39m
          [33mtype[39m=[32m"button"[39m
        [36m>[39m
          [0mNew connector configuration[0m
        [36m</button>[39m
      [36m</div>[39m
      [36m<div[39m
        [33mclass[39m=[32m"w-full overflow-x-auto"[39m
        [33mdata-slot[39m=[32m"table-container"[39m
      [36m>[39m
        [36m<table[39m
          [33mclass[39m=[32m"w-full border-collapse text-sm"[39m
          [33mdata-slot[39m=[32m"table"[39m
        [36m>[39m
          [36m<thead[39m
            [33mclass[39m=[32m"border-b border-border bg-surface"[39m
            [33mdata-slot[39m=[32m"table-header"[39m
          [36m>[39m
            [36m<tr[39m
              [33mclass[39m=[32m"border-b border-border odd:bg-transparent even:bg-zebra transition-colors hover:bg-hover motion-reduce:transition-none"[39m
              [33mdata-slot[39m=[32m"table-row"[39m
            [36m>[39m
              [36m<th[39m
                [33mclass[39m=[32m"h-10 px-3 text-left align-middle text-xs font-medium uppercase tracking-wider text-muted-foreground"[39m
                [33mdata-slot[39m=[32m"table-head"[39m
              [36m>[39m
                [0mConnector[0m
              [36m</th>[39m
            [36m</tr>[39m
          [36m</thead>[39m
          [36m<tbody[39m
            [33mclass[39m=[32m""[39m
            [33mdata-slot[39m=[32m"table-body"[39m
          [36m>[39m
            [36m<tr[39m
              [33mclass[39m=[32m"border-b border-border odd:bg-transparent even:bg-zebra transition-colors hover:bg-hover motion-reduce:transition-none cursor-pointer"[39m
              [33mdata-slot[39m=[32m"table-row"[39m
              [33mrole[39m=[32m"button"[39m
              [33mtabindex[39m=[32m"0"[39m
            [36m>[39m
              [36m<td[39m
                [33mclass[39m=[32m"px-3 py-2 align-middle text-foreground"[39m
                [33mdata-slot[39m=[32m"table-cell"[39m
              [36m>[39m
                [0mdeepl-connector[0m
              [36m</td>[39m
            [36m</tr>[39m
          [36m</tbody>[39m
        [36m</table>[39m
      [36m</div>[39m
    [36m</div>[39m
  [36m</div>[39m
[36m</body>[39m
 ❯ Object.getElementError node_modules/@testing-library/dom/dist/config.js:37:19
 ❯ node_modules/@testing-library/dom/dist/query-helpers.js:76:38
 ❯ node_modules/@testing-library/dom/dist/query-helpers.js:52:17
 ❯ node_modules/@testing-library/dom/dist/query-helpers.js:95:19
 ❯ mountTestPanelInEditMode src/routes/connector-test-panel.test-support.ts:137:26
    135|   await mountConnectorConfigurationsScreen(fetchMock);
    136|   await screen.findByText(target.connector);
    137|   fireEvent.click(screen.getByRole("button", { name: "Edit" }));
       |                          ^
    138|   const dialog = await screen.findByRole("dialog");
    139|   await within(dialog).findByRole("heading", { name: "Test" });
 ❯ src/routes/connector-test-panel-dispatch-safety.spec.ts:40:35

⎯⎯⎯⎯⎯⎯⎯⎯⎯⎯⎯⎯⎯⎯⎯⎯⎯⎯⎯⎯⎯⎯[23/42]⎯

 FAIL  src/routes/connector-test-panel-dispatch-safety.spec.ts > ConnectorTestPanel — a dispatch failure of the test call itself resolves to one generic message (disclosed inference) > shows the fixed generic dispatch-failure message rather than the backend's own raw error text, even for a mapped error code
TestingLibraryElementError: Unable to find an accessible element with the role "button" and name "Edit"

Here are the accessible roles:

  heading:

  Name "Connectors":
  [36m<h1[39m
    [33mclass[39m=[32m"text-lg font-semibold text-foreground"[39m
  [36m/>[39m

  --------------------------------------------------
  button:

  Name "New connector configuration":
  [36m<button[39m
    [33mclass[39m=[32m"inline-flex items-center justify-center gap-2 border font-medium tracking-wider uppercase transition-colors outline-none select-none focus-visible:ring-2 focus-visible:ring-ring disabled:pointer-events-none disabled:opacity-50 border-primary bg-primary text-primary-foreground hover:bg-transparent hover:text-primary h-9 px-3 text-sm"[39m
    [33mdata-slot[39m=[32m"button"[39m
    [33mtype[39m=[32m"button"[39m
  [36m/>[39m

  Name "deepl-connector":
  [36m<tr[39m
    [33mclass[39m=[32m"border-b border-border odd:bg-transparent even:bg-zebra transition-colors hover:bg-hover motion-reduce:transition-none cursor-pointer"[39m
    [33mdata-slot[39m=[32m"table-row"[39m
    [33mrole[39m=[32m"button"[39m
    [33mtabindex[39m=[32m"0"[39m
  [36m/>[39m

  --------------------------------------------------
  table:

  Name "":
  [36m<table[39m
    [33mclass[39m=[32m"w-full border-collapse text-sm"[39m
    [33mdata-slot[39m=[32m"table"[39m
  [36m/>[39m

  --------------------------------------------------
  rowgroup:

  Name "":
  [36m<thead[39m
    [33mclass[39m=[32m"border-b border-border bg-surface"[39m
    [33mdata-slot[39m=[32m"table-header"[39m
  [36m/>[39m

  Name "":
  [36m<tbody[39m
    [33mclass[39m=[32m""[39m
    [33mdata-slot[39m=[32m"table-body"[39m
  [36m/>[39m

  --------------------------------------------------
  row:

  Name "Connector":
  [36m<tr[39m
    [33mclass[39m=[32m"border-b border-border odd:bg-transparent even:bg-zebra transition-colors hover:bg-hover motion-reduce:transition-none"[39m
    [33mdata-slot[39m=[32m"table-row"[39m
  [36m/>[39m

  --------------------------------------------------
  columnheader:

  Name "Connector":
  [36m<th[39m
    [33mclass[39m=[32m"h-10 px-3 text-left align-middle text-xs font-medium uppercase tracking-wider text-muted-foreground"[39m
    [33mdata-slot[39m=[32m"table-head"[39m
  [36m/>[39m

  --------------------------------------------------
  cell:

  Name "deepl-connector":
  [36m<td[39m
    [33mclass[39m=[32m"px-3 py-2 align-middle text-foreground"[39m
    [33mdata-slot[39m=[32m"table-cell"[39m
  [36m/>[39m

  --------------------------------------------------

Ignored nodes: comments, script, style
[36m<body>[39m
  [36m<div>[39m
    [36m<div[39m
      [33mclass[39m=[32m"flex flex-col gap-4"[39m
    [36m>[39m
      [36m<div[39m
        [33mclass[39m=[32m"flex items-center justify-between"[39m
      [36m>[39m
        [36m<h1[39m
          [33mclass[39m=[32m"text-lg font-semibold text-foreground"[39m
        [36m>[39m
          [0mConnectors[0m
        [36m</h1>[39m
        [36m<button[39m
          [33mclass[39m=[32m"inline-flex items-center justify-center gap-2 border font-medium tracking-wider uppercase transition-colors outline-none select-none focus-visible:ring-2 focus-visible:ring-ring disabled:pointer-events-none disabled:opacity-50 border-primary bg-primary text-primary-foreground hover:bg-transparent hover:text-primary h-9 px-3 text-sm"[39m
          [33mdata-slot[39m=[32m"button"[39m
          [33mtype[39m=[32m"button"[39m
        [36m>[39m
          [0mNew connector configuration[0m
        [36m</button>[39m
      [36m</div>[39m
      [36m<div[39m
        [33mclass[39m=[32m"w-full overflow-x-auto"[39m
        [33mdata-slot[39m=[32m"table-container"[39m
      [36m>[39m
        [36m<table[39m
          [33mclass[39m=[32m"w-full border-collapse text-sm"[39m
          [33mdata-slot[39m=[32m"table"[39m
        [36m>[39m
          [36m<thead[39m
            [33mclass[39m=[32m"border-b border-border bg-surface"[39m
            [33mdata-slot[39m=[32m"table-header"[39m
          [36m>[39m
            [36m<tr[39m
              [33mclass[39m=[32m"border-b border-border odd:bg-transparent even:bg-zebra transition-colors hover:bg-hover motion-reduce:transition-none"[39m
              [33mdata-slot[39m=[32m"table-row"[39m
            [36m>[39m
              [36m<th[39m
                [33mclass[39m=[32m"h-10 px-3 text-left align-middle text-xs font-medium uppercase tracking-wider text-muted-foreground"[39m
                [33mdata-slot[39m=[32m"table-head"[39m
              [36m>[39m
                [0mConnector[0m
              [36m</th>[39m
            [36m</tr>[39m
          [36m</thead>[39m
          [36m<tbody[39m
            [33mclass[39m=[32m""[39m
            [33mdata-slot[39m=[32m"table-body"[39m
          [36m>[39m
            [36m<tr[39m
              [33mclass[39m=[32m"border-b border-border odd:bg-transparent even:bg-zebra transition-colors hover:bg-hover motion-reduce:transition-none cursor-pointer"[39m
              [33mdata-slot[39m=[32m"table-row"[39m
              [33mrole[39m=[32m"button"[39m
              [33mtabindex[39m=[32m"0"[39m
            [36m>[39m
              [36m<td[39m
                [33mclass[39m=[32m"px-3 py-2 align-middle text-foreground"[39m
                [33mdata-slot[39m=[32m"table-cell"[39m
              [36m>[39m
                [0mdeepl-connector[0m
              [36m</td>[39m
            [36m</tr>[39m
          [36m</tbody>[39m
        [36m</table>[39m
      [36m</div>[39m
    [36m</div>[39m
  [36m</div>[39m
[36m</body>[39m
 ❯ Object.getElementError node_modules/@testing-library/dom/dist/config.js:37:19
 ❯ node_modules/@testing-library/dom/dist/query-helpers.js:76:38
 ❯ node_modules/@testing-library/dom/dist/query-helpers.js:52:17
 ❯ node_modules/@testing-library/dom/dist/query-helpers.js:95:19
 ❯ mountTestPanelInEditMode src/routes/connector-test-panel.test-support.ts:137:26
    135|   await mountConnectorConfigurationsScreen(fetchMock);
    136|   await screen.findByText(target.connector);
    137|   fireEvent.click(screen.getByRole("button", { name: "Edit" }));
       |                          ^
    138|   const dialog = await screen.findByRole("dialog");
    139|   await within(dialog).findByRole("heading", { name: "Test" });
 ❯ src/routes/connector-test-panel-dispatch-safety.spec.ts:64:24

⎯⎯⎯⎯⎯⎯⎯⎯⎯⎯⎯⎯⎯⎯⎯⎯⎯⎯⎯⎯⎯⎯[24/42]⎯

 FAIL  src/routes/connector-test-panel-dispatch-safety.spec.ts > ConnectorTestPanel — Test stays disabled until every required field is filled (edge case: an operation against a state that forbids it) > renders the Test button disabled, and issues no call, before any field has been filled
TestingLibraryElementError: Unable to find an accessible element with the role "button" and name "Edit"

Here are the accessible roles:

  heading:

  Name "Connectors":
  [36m<h1[39m
    [33mclass[39m=[32m"text-lg font-semibold text-foreground"[39m
  [36m/>[39m

  --------------------------------------------------
  button:

  Name "New connector configuration":
  [36m<button[39m
    [33mclass[39m=[32m"inline-flex items-center justify-center gap-2 border font-medium tracking-wider uppercase transition-colors outline-none select-none focus-visible:ring-2 focus-visible:ring-ring disabled:pointer-events-none disabled:opacity-50 border-primary bg-primary text-primary-foreground hover:bg-transparent hover:text-primary h-9 px-3 text-sm"[39m
    [33mdata-slot[39m=[32m"button"[39m
    [33mtype[39m=[32m"button"[39m
  [36m/>[39m

  Name "deepl-connector":
  [36m<tr[39m
    [33mclass[39m=[32m"border-b border-border odd:bg-transparent even:bg-zebra transition-colors hover:bg-hover motion-reduce:transition-none cursor-pointer"[39m
    [33mdata-slot[39m=[32m"table-row"[39m
    [33mrole[39m=[32m"button"[39m
    [33mtabindex[39m=[32m"0"[39m
  [36m/>[39m

  --------------------------------------------------
  table:

  Name "":
  [36m<table[39m
    [33mclass[39m=[32m"w-full border-collapse text-sm"[39m
    [33mdata-slot[39m=[32m"table"[39m
  [36m/>[39m

  --------------------------------------------------
  rowgroup:

  Name "":
  [36m<thead[39m
    [33mclass[39m=[32m"border-b border-border bg-surface"[39m
    [33mdata-slot[39m=[32m"table-header"[39m
  [36m/>[39m

  Name "":
  [36m<tbody[39m
    [33mclass[39m=[32m""[39m
    [33mdata-slot[39m=[32m"table-body"[39m
  [36m/>[39m

  --------------------------------------------------
  row:

  Name "Connector":
  [36m<tr[39m
    [33mclass[39m=[32m"border-b border-border odd:bg-transparent even:bg-zebra transition-colors hover:bg-hover motion-reduce:transition-none"[39m
    [33mdata-slot[39m=[32m"table-row"[39m
  [36m/>[39m

  --------------------------------------------------
  columnheader:

  Name "Connector":
  [36m<th[39m
    [33mclass[39m=[32m"h-10 px-3 text-left align-middle text-xs font-medium uppercase tracking-wider text-muted-foreground"[39m
    [33mdata-slot[39m=[32m"table-head"[39m
  [36m/>[39m

  --------------------------------------------------
  cell:

  Name "deepl-connector":
  [36m<td[39m
    [33mclass[39m=[32m"px-3 py-2 align-middle text-foreground"[39m
    [33mdata-slot[39m=[32m"table-cell"[39m
  [36m/>[39m

  --------------------------------------------------

Ignored nodes: comments, script, style
[36m<body>[39m
  [36m<div>[39m
    [36m<div[39m
      [33mclass[39m=[32m"flex flex-col gap-4"[39m
    [36m>[39m
      [36m<div[39m
        [33mclass[39m=[32m"flex items-center justify-between"[39m
      [36m>[39m
        [36m<h1[39m
          [33mclass[39m=[32m"text-lg font-semibold text-foreground"[39m
        [36m>[39m
          [0mConnectors[0m
        [36m</h1>[39m
        [36m<button[39m
          [33mclass[39m=[32m"inline-flex items-center justify-center gap-2 border font-medium tracking-wider uppercase transition-colors outline-none select-none focus-visible:ring-2 focus-visible:ring-ring disabled:pointer-events-none disabled:opacity-50 border-primary bg-primary text-primary-foreground hover:bg-transparent hover:text-primary h-9 px-3 text-sm"[39m
          [33mdata-slot[39m=[32m"button"[39m
          [33mtype[39m=[32m"button"[39m
        [36m>[39m
          [0mNew connector configuration[0m
        [36m</button>[39m
      [36m</div>[39m
      [36m<div[39m
        [33mclass[39m=[32m"w-full overflow-x-auto"[39m
        [33mdata-slot[39m=[32m"table-container"[39m
      [36m>[39m
        [36m<table[39m
          [33mclass[39m=[32m"w-full border-collapse text-sm"[39m
          [33mdata-slot[39m=[32m"table"[39m
        [36m>[39m
          [36m<thead[39m
            [33mclass[39m=[32m"border-b border-border bg-surface"[39m
            [33mdata-slot[39m=[32m"table-header"[39m
          [36m>[39m
            [36m<tr[39m
              [33mclass[39m=[32m"border-b border-border odd:bg-transparent even:bg-zebra transition-colors hover:bg-hover motion-reduce:transition-none"[39m
              [33mdata-slot[39m=[32m"table-row"[39m
            [36m>[39m
              [36m<th[39m
                [33mclass[39m=[32m"h-10 px-3 text-left align-middle text-xs font-medium uppercase tracking-wider text-muted-foreground"[39m
                [33mdata-slot[39m=[32m"table-head"[39m
              [36m>[39m
                [0mConnector[0m
              [36m</th>[39m
            [36m</tr>[39m
          [36m</thead>[39m
          [36m<tbody[39m
            [33mclass[39m=[32m""[39m
            [33mdata-slot[39m=[32m"table-body"[39m
          [36m>[39m
            [36m<tr[39m
              [33mclass[39m=[32m"border-b border-border odd:bg-transparent even:bg-zebra transition-colors hover:bg-hover motion-reduce:transition-none cursor-pointer"[39m
              [33mdata-slot[39m=[32m"table-row"[39m
              [33mrole[39m=[32m"button"[39m
              [33mtabindex[39m=[32m"0"[39m
            [36m>[39m
              [36m<td[39m
                [33mclass[39m=[32m"px-3 py-2 align-middle text-foreground"[39m
                [33mdata-slot[39m=[32m"table-cell"[39m
              [36m>[39m
                [0mdeepl-connector[0m
              [36m</td>[39m
            [36m</tr>[39m
          [36m</tbody>[39m
        [36m</table>[39m
      [36m</div>[39m
    [36m</div>[39m
  [36m</div>[39m
[36m</body>[39m
 ❯ Object.getElementError node_modules/@testing-library/dom/dist/config.js:37:19
 ❯ node_modules/@testing-library/dom/dist/query-helpers.js:76:38
 ❯ node_modules/@testing-library/dom/dist/query-helpers.js:52:17
 ❯ node_modules/@testing-library/dom/dist/query-helpers.js:95:19
 ❯ mountTestPanelInEditMode src/routes/connector-test-panel.test-support.ts:137:26
    135|   await mountConnectorConfigurationsScreen(fetchMock);
    136|   await screen.findByText(target.connector);
    137|   fireEvent.click(screen.getByRole("button", { name: "Edit" }));
       |                          ^
    138|   const dialog = await screen.findByRole("dialog");
    139|   await within(dialog).findByRole("heading", { name: "Test" });
 ❯ src/routes/connector-test-panel-dispatch-safety.spec.ts:93:35

⎯⎯⎯⎯⎯⎯⎯⎯⎯⎯⎯⎯⎯⎯⎯⎯⎯⎯⎯⎯⎯⎯[25/42]⎯

 FAIL  src/routes/connector-test-panel-dispatch-safety.spec.ts > ConnectorTestPanel — one dispatch per test run (edge case: two operations against one subject at once) > issues only one POST /v1/test-connector call when Test is clicked twice before the first call settles
TestingLibraryElementError: Unable to find an accessible element with the role "button" and name "Edit"

Here are the accessible roles:

  heading:

  Name "Connectors":
  [36m<h1[39m
    [33mclass[39m=[32m"text-lg font-semibold text-foreground"[39m
  [36m/>[39m

  --------------------------------------------------
  button:

  Name "New connector configuration":
  [36m<button[39m
    [33mclass[39m=[32m"inline-flex items-center justify-center gap-2 border font-medium tracking-wider uppercase transition-colors outline-none select-none focus-visible:ring-2 focus-visible:ring-ring disabled:pointer-events-none disabled:opacity-50 border-primary bg-primary text-primary-foreground hover:bg-transparent hover:text-primary h-9 px-3 text-sm"[39m
    [33mdata-slot[39m=[32m"button"[39m
    [33mtype[39m=[32m"button"[39m
  [36m/>[39m

  Name "deepl-connector":
  [36m<tr[39m
    [33mclass[39m=[32m"border-b border-border odd:bg-transparent even:bg-zebra transition-colors hover:bg-hover motion-reduce:transition-none cursor-pointer"[39m
    [33mdata-slot[39m=[32m"table-row"[39m
    [33mrole[39m=[32m"button"[39m
    [33mtabindex[39m=[32m"0"[39m
  [36m/>[39m

  --------------------------------------------------
  table:

  Name "":
  [36m<table[39m
    [33mclass[39m=[32m"w-full border-collapse text-sm"[39m
    [33mdata-slot[39m=[32m"table"[39m
  [36m/>[39m

  --------------------------------------------------
  rowgroup:

  Name "":
  [36m<thead[39m
    [33mclass[39m=[32m"border-b border-border bg-surface"[39m
    [33mdata-slot[39m=[32m"table-header"[39m
  [36m/>[39m

  Name "":
  [36m<tbody[39m
    [33mclass[39m=[32m""[39m
    [33mdata-slot[39m=[32m"table-body"[39m
  [36m/>[39m

  --------------------------------------------------
  row:

  Name "Connector":
  [36m<tr[39m
    [33mclass[39m=[32m"border-b border-border odd:bg-transparent even:bg-zebra transition-colors hover:bg-hover motion-reduce:transition-none"[39m
    [33mdata-slot[39m=[32m"table-row"[39m
  [36m/>[39m

  --------------------------------------------------
  columnheader:

  Name "Connector":
  [36m<th[39m
    [33mclass[39m=[32m"h-10 px-3 text-left align-middle text-xs font-medium uppercase tracking-wider text-muted-foreground"[39m
    [33mdata-slot[39m=[32m"table-head"[39m
  [36m/>[39m

  --------------------------------------------------
  cell:

  Name "deepl-connector":
  [36m<td[39m
    [33mclass[39m=[32m"px-3 py-2 align-middle text-foreground"[39m
    [33mdata-slot[39m=[32m"table-cell"[39m
  [36m/>[39m

  --------------------------------------------------

Ignored nodes: comments, script, style
[36m<body>[39m
  [36m<div>[39m
    [36m<div[39m
      [33mclass[39m=[32m"flex flex-col gap-4"[39m
    [36m>[39m
      [36m<div[39m
        [33mclass[39m=[32m"flex items-center justify-between"[39m
      [36m>[39m
        [36m<h1[39m
          [33mclass[39m=[32m"text-lg font-semibold text-foreground"[39m
        [36m>[39m
          [0mConnectors[0m
        [36m</h1>[39m
        [36m<button[39m
          [33mclass[39m=[32m"inline-flex items-center justify-center gap-2 border font-medium tracking-wider uppercase transition-colors outline-none select-none focus-visible:ring-2 focus-visible:ring-ring disabled:pointer-events-none disabled:opacity-50 border-primary bg-primary text-primary-foreground hover:bg-transparent hover:text-primary h-9 px-3 text-sm"[39m
          [33mdata-slot[39m=[32m"button"[39m
          [33mtype[39m=[32m"button"[39m
        [36m>[39m
          [0mNew connector configuration[0m
        [36m</button>[39m
      [36m</div>[39m
      [36m<div[39m
        [33mclass[39m=[32m"w-full overflow-x-auto"[39m
        [33mdata-slot[39m=[32m"table-container"[39m
      [36m>[39m
        [36m<table[39m
          [33mclass[39m=[32m"w-full border-collapse text-sm"[39m
          [33mdata-slot[39m=[32m"table"[39m
        [36m>[39m
          [36m<thead[39m
            [33mclass[39m=[32m"border-b border-border bg-surface"[39m
            [33mdata-slot[39m=[32m"table-header"[39m
          [36m>[39m
            [36m<tr[39m
              [33mclass[39m=[32m"border-b border-border odd:bg-transparent even:bg-zebra transition-colors hover:bg-hover motion-reduce:transition-none"[39m
              [33mdata-slot[39m=[32m"table-row"[39m
            [36m>[39m
              [36m<th[39m
                [33mclass[39m=[32m"h-10 px-3 text-left align-middle text-xs font-medium uppercase tracking-wider text-muted-foreground"[39m
                [33mdata-slot[39m=[32m"table-head"[39m
              [36m>[39m
                [0mConnector[0m
              [36m</th>[39m
            [36m</tr>[39m
          [36m</thead>[39m
          [36m<tbody[39m
            [33mclass[39m=[32m""[39m
            [33mdata-slot[39m=[32m"table-body"[39m
          [36m>[39m
            [36m<tr[39m
              [33mclass[39m=[32m"border-b border-border odd:bg-transparent even:bg-zebra transition-colors hover:bg-hover motion-reduce:transition-none cursor-pointer"[39m
              [33mdata-slot[39m=[32m"table-row"[39m
              [33mrole[39m=[32m"button"[39m
              [33mtabindex[39m=[32m"0"[39m
            [36m>[39m
              [36m<td[39m
                [33mclass[39m=[32m"px-3 py-2 align-middle text-foreground"[39m
                [33mdata-slot[39m=[32m"table-cell"[39m
              [36m>[39m
                [0mdeepl-connector[0m
              [36m</td>[39m
            [36m</tr>[39m
          [36m</tbody>[39m
        [36m</table>[39m
      [36m</div>[39m
    [36m</div>[39m
  [36m</div>[39m
[36m</body>[39m
 ❯ Object.getElementError node_modules/@testing-library/dom/dist/config.js:37:19
 ❯ node_modules/@testing-library/dom/dist/query-helpers.js:76:38
 ❯ node_modules/@testing-library/dom/dist/query-helpers.js:52:17
 ❯ node_modules/@testing-library/dom/dist/query-helpers.js:95:19
 ❯ mountTestPanelInEditMode src/routes/connector-test-panel.test-support.ts:137:26
    135|   await mountConnectorConfigurationsScreen(fetchMock);
    136|   await screen.findByText(target.connector);
    137|   fireEvent.click(screen.getByRole("button", { name: "Edit" }));
       |                          ^
    138|   const dialog = await screen.findByRole("dialog");
    139|   await within(dialog).findByRole("heading", { name: "Test" });
 ❯ src/routes/connector-test-panel-dispatch-safety.spec.ts:110:35

⎯⎯⎯⎯⎯⎯⎯⎯⎯⎯⎯⎯⎯⎯⎯⎯⎯⎯⎯⎯⎯⎯[26/42]⎯

 FAIL  src/routes/connector-test-panel-request-response.spec.ts > ConnectorTestPanel — clicking "Test" displays the raw request actually sent (criterion 4) > shows the method, resolved address, headers and body exactly as the response echoed them back
TestingLibraryElementError: Unable to find an accessible element with the role "button" and name "Edit"

Here are the accessible roles:

  heading:

  Name "Connectors":
  [36m<h1[39m
    [33mclass[39m=[32m"text-lg font-semibold text-foreground"[39m
  [36m/>[39m

  --------------------------------------------------
  button:

  Name "New connector configuration":
  [36m<button[39m
    [33mclass[39m=[32m"inline-flex items-center justify-center gap-2 border font-medium tracking-wider uppercase transition-colors outline-none select-none focus-visible:ring-2 focus-visible:ring-ring disabled:pointer-events-none disabled:opacity-50 border-primary bg-primary text-primary-foreground hover:bg-transparent hover:text-primary h-9 px-3 text-sm"[39m
    [33mdata-slot[39m=[32m"button"[39m
    [33mtype[39m=[32m"button"[39m
  [36m/>[39m

  Name "deepl-connector":
  [36m<tr[39m
    [33mclass[39m=[32m"border-b border-border odd:bg-transparent even:bg-zebra transition-colors hover:bg-hover motion-reduce:transition-none cursor-pointer"[39m
    [33mdata-slot[39m=[32m"table-row"[39m
    [33mrole[39m=[32m"button"[39m
    [33mtabindex[39m=[32m"0"[39m
  [36m/>[39m

  --------------------------------------------------
  table:

  Name "":
  [36m<table[39m
    [33mclass[39m=[32m"w-full border-collapse text-sm"[39m
    [33mdata-slot[39m=[32m"table"[39m
  [36m/>[39m

  --------------------------------------------------
  rowgroup:

  Name "":
  [36m<thead[39m
    [33mclass[39m=[32m"border-b border-border bg-surface"[39m
    [33mdata-slot[39m=[32m"table-header"[39m
  [36m/>[39m

  Name "":
  [36m<tbody[39m
    [33mclass[39m=[32m""[39m
    [33mdata-slot[39m=[32m"table-body"[39m
  [36m/>[39m

  --------------------------------------------------
  row:

  Name "Connector":
  [36m<tr[39m
    [33mclass[39m=[32m"border-b border-border odd:bg-transparent even:bg-zebra transition-colors hover:bg-hover motion-reduce:transition-none"[39m
    [33mdata-slot[39m=[32m"table-row"[39m
  [36m/>[39m

  --------------------------------------------------
  columnheader:

  Name "Connector":
  [36m<th[39m
    [33mclass[39m=[32m"h-10 px-3 text-left align-middle text-xs font-medium uppercase tracking-wider text-muted-foreground"[39m
    [33mdata-slot[39m=[32m"table-head"[39m
  [36m/>[39m

  --------------------------------------------------
  cell:

  Name "deepl-connector":
  [36m<td[39m
    [33mclass[39m=[32m"px-3 py-2 align-middle text-foreground"[39m
    [33mdata-slot[39m=[32m"table-cell"[39m
  [36m/>[39m

  --------------------------------------------------

Ignored nodes: comments, script, style
[36m<body>[39m
  [36m<div>[39m
    [36m<div[39m
      [33mclass[39m=[32m"flex flex-col gap-4"[39m
    [36m>[39m
      [36m<div[39m
        [33mclass[39m=[32m"flex items-center justify-between"[39m
      [36m>[39m
        [36m<h1[39m
          [33mclass[39m=[32m"text-lg font-semibold text-foreground"[39m
        [36m>[39m
          [0mConnectors[0m
        [36m</h1>[39m
        [36m<button[39m
          [33mclass[39m=[32m"inline-flex items-center justify-center gap-2 border font-medium tracking-wider uppercase transition-colors outline-none select-none focus-visible:ring-2 focus-visible:ring-ring disabled:pointer-events-none disabled:opacity-50 border-primary bg-primary text-primary-foreground hover:bg-transparent hover:text-primary h-9 px-3 text-sm"[39m
          [33mdata-slot[39m=[32m"button"[39m
          [33mtype[39m=[32m"button"[39m
        [36m>[39m
          [0mNew connector configuration[0m
        [36m</button>[39m
      [36m</div>[39m
      [36m<div[39m
        [33mclass[39m=[32m"w-full overflow-x-auto"[39m
        [33mdata-slot[39m=[32m"table-container"[39m
      [36m>[39m
        [36m<table[39m
          [33mclass[39m=[32m"w-full border-collapse text-sm"[39m
          [33mdata-slot[39m=[32m"table"[39m
        [36m>[39m
          [36m<thead[39m
            [33mclass[39m=[32m"border-b border-border bg-surface"[39m
            [33mdata-slot[39m=[32m"table-header"[39m
          [36m>[39m
            [36m<tr[39m
              [33mclass[39m=[32m"border-b border-border odd:bg-transparent even:bg-zebra transition-colors hover:bg-hover motion-reduce:transition-none"[39m
              [33mdata-slot[39m=[32m"table-row"[39m
            [36m>[39m
              [36m<th[39m
                [33mclass[39m=[32m"h-10 px-3 text-left align-middle text-xs font-medium uppercase tracking-wider text-muted-foreground"[39m
                [33mdata-slot[39m=[32m"table-head"[39m
              [36m>[39m
                [0mConnector[0m
              [36m</th>[39m
            [36m</tr>[39m
          [36m</thead>[39m
          [36m<tbody[39m
            [33mclass[39m=[32m""[39m
            [33mdata-slot[39m=[32m"table-body"[39m
          [36m>[39m
            [36m<tr[39m
              [33mclass[39m=[32m"border-b border-border odd:bg-transparent even:bg-zebra transition-colors hover:bg-hover motion-reduce:transition-none cursor-pointer"[39m
              [33mdata-slot[39m=[32m"table-row"[39m
              [33mrole[39m=[32m"button"[39m
              [33mtabindex[39m=[32m"0"[39m
            [36m>[39m
              [36m<td[39m
                [33mclass[39m=[32m"px-3 py-2 align-middle text-foreground"[39m
                [33mdata-slot[39m=[32m"table-cell"[39m
              [36m>[39m
                [0mdeepl-connector[0m
              [36m</td>[39m
            [36m</tr>[39m
          [36m</tbody>[39m
        [36m</table>[39m
      [36m</div>[39m
    [36m</div>[39m
  [36m</div>[39m
[36m</body>[39m
 ❯ Object.getElementError node_modules/@testing-library/dom/dist/config.js:37:19
 ❯ node_modules/@testing-library/dom/dist/query-helpers.js:76:38
 ❯ node_modules/@testing-library/dom/dist/query-helpers.js:52:17
 ❯ node_modules/@testing-library/dom/dist/query-helpers.js:95:19
 ❯ mountTestPanelInEditMode src/routes/connector-test-panel.test-support.ts:137:26
    135|   await mountConnectorConfigurationsScreen(fetchMock);
    136|   await screen.findByText(target.connector);
    137|   fireEvent.click(screen.getByRole("button", { name: "Edit" }));
       |                          ^
    138|   const dialog = await screen.findByRole("dialog");
    139|   await within(dialog).findByRole("heading", { name: "Test" });
 ❯ src/routes/connector-test-panel-request-response.spec.ts:46:24

⎯⎯⎯⎯⎯⎯⎯⎯⎯⎯⎯⎯⎯⎯⎯⎯⎯⎯⎯⎯⎯⎯[27/42]⎯

 FAIL  src/routes/connector-test-panel-request-response.spec.ts > ConnectorTestPanel — a completed call displays the raw response actually received (criterion 5) > shows the status, elapsed time, headers and body exactly as the response carried them
TestingLibraryElementError: Unable to find an accessible element with the role "button" and name "Edit"

Here are the accessible roles:

  heading:

  Name "Connectors":
  [36m<h1[39m
    [33mclass[39m=[32m"text-lg font-semibold text-foreground"[39m
  [36m/>[39m

  --------------------------------------------------
  button:

  Name "New connector configuration":
  [36m<button[39m
    [33mclass[39m=[32m"inline-flex items-center justify-center gap-2 border font-medium tracking-wider uppercase transition-colors outline-none select-none focus-visible:ring-2 focus-visible:ring-ring disabled:pointer-events-none disabled:opacity-50 border-primary bg-primary text-primary-foreground hover:bg-transparent hover:text-primary h-9 px-3 text-sm"[39m
    [33mdata-slot[39m=[32m"button"[39m
    [33mtype[39m=[32m"button"[39m
  [36m/>[39m

  Name "deepl-connector":
  [36m<tr[39m
    [33mclass[39m=[32m"border-b border-border odd:bg-transparent even:bg-zebra transition-colors hover:bg-hover motion-reduce:transition-none cursor-pointer"[39m
    [33mdata-slot[39m=[32m"table-row"[39m
    [33mrole[39m=[32m"button"[39m
    [33mtabindex[39m=[32m"0"[39m
  [36m/>[39m

  --------------------------------------------------
  table:

  Name "":
  [36m<table[39m
    [33mclass[39m=[32m"w-full border-collapse text-sm"[39m
    [33mdata-slot[39m=[32m"table"[39m
  [36m/>[39m

  --------------------------------------------------
  rowgroup:

  Name "":
  [36m<thead[39m
    [33mclass[39m=[32m"border-b border-border bg-surface"[39m
    [33mdata-slot[39m=[32m"table-header"[39m
  [36m/>[39m

  Name "":
  [36m<tbody[39m
    [33mclass[39m=[32m""[39m
    [33mdata-slot[39m=[32m"table-body"[39m
  [36m/>[39m

  --------------------------------------------------
  row:

  Name "Connector":
  [36m<tr[39m
    [33mclass[39m=[32m"border-b border-border odd:bg-transparent even:bg-zebra transition-colors hover:bg-hover motion-reduce:transition-none"[39m
    [33mdata-slot[39m=[32m"table-row"[39m
  [36m/>[39m

  --------------------------------------------------
  columnheader:

  Name "Connector":
  [36m<th[39m
    [33mclass[39m=[32m"h-10 px-3 text-left align-middle text-xs font-medium uppercase tracking-wider text-muted-foreground"[39m
    [33mdata-slot[39m=[32m"table-head"[39m
  [36m/>[39m

  --------------------------------------------------
  cell:

  Name "deepl-connector":
  [36m<td[39m
    [33mclass[39m=[32m"px-3 py-2 align-middle text-foreground"[39m
    [33mdata-slot[39m=[32m"table-cell"[39m
  [36m/>[39m

  --------------------------------------------------

Ignored nodes: comments, script, style
[36m<body>[39m
  [36m<div>[39m
    [36m<div[39m
      [33mclass[39m=[32m"flex flex-col gap-4"[39m
    [36m>[39m
      [36m<div[39m
        [33mclass[39m=[32m"flex items-center justify-between"[39m
      [36m>[39m
        [36m<h1[39m
          [33mclass[39m=[32m"text-lg font-semibold text-foreground"[39m
        [36m>[39m
          [0mConnectors[0m
        [36m</h1>[39m
        [36m<button[39m
          [33mclass[39m=[32m"inline-flex items-center justify-center gap-2 border font-medium tracking-wider uppercase transition-colors outline-none select-none focus-visible:ring-2 focus-visible:ring-ring disabled:pointer-events-none disabled:opacity-50 border-primary bg-primary text-primary-foreground hover:bg-transparent hover:text-primary h-9 px-3 text-sm"[39m
          [33mdata-slot[39m=[32m"button"[39m
          [33mtype[39m=[32m"button"[39m
        [36m>[39m
          [0mNew connector configuration[0m
        [36m</button>[39m
      [36m</div>[39m
      [36m<div[39m
        [33mclass[39m=[32m"w-full overflow-x-auto"[39m
        [33mdata-slot[39m=[32m"table-container"[39m
      [36m>[39m
        [36m<table[39m
          [33mclass[39m=[32m"w-full border-collapse text-sm"[39m
          [33mdata-slot[39m=[32m"table"[39m
        [36m>[39m
          [36m<thead[39m
            [33mclass[39m=[32m"border-b border-border bg-surface"[39m
            [33mdata-slot[39m=[32m"table-header"[39m
          [36m>[39m
            [36m<tr[39m
              [33mclass[39m=[32m"border-b border-border odd:bg-transparent even:bg-zebra transition-colors hover:bg-hover motion-reduce:transition-none"[39m
              [33mdata-slot[39m=[32m"table-row"[39m
            [36m>[39m
              [36m<th[39m
                [33mclass[39m=[32m"h-10 px-3 text-left align-middle text-xs font-medium uppercase tracking-wider text-muted-foreground"[39m
                [33mdata-slot[39m=[32m"table-head"[39m
              [36m>[39m
                [0mConnector[0m
              [36m</th>[39m
            [36m</tr>[39m
          [36m</thead>[39m
          [36m<tbody[39m
            [33mclass[39m=[32m""[39m
            [33mdata-slot[39m=[32m"table-body"[39m
          [36m>[39m
            [36m<tr[39m
              [33mclass[39m=[32m"border-b border-border odd:bg-transparent even:bg-zebra transition-colors hover:bg-hover motion-reduce:transition-none cursor-pointer"[39m
              [33mdata-slot[39m=[32m"table-row"[39m
              [33mrole[39m=[32m"button"[39m
              [33mtabindex[39m=[32m"0"[39m
            [36m>[39m
              [36m<td[39m
                [33mclass[39m=[32m"px-3 py-2 align-middle text-foreground"[39m
                [33mdata-slot[39m=[32m"table-cell"[39m
              [36m>[39m
                [0mdeepl-connector[0m
              [36m</td>[39m
            [36m</tr>[39m
          [36m</tbody>[39m
        [36m</table>[39m
      [36m</div>[39m
    [36m</div>[39m
  [36m</div>[39m
[36m</body>[39m
 ❯ Object.getElementError node_modules/@testing-library/dom/dist/config.js:37:19
 ❯ node_modules/@testing-library/dom/dist/query-helpers.js:76:38
 ❯ node_modules/@testing-library/dom/dist/query-helpers.js:52:17
 ❯ node_modules/@testing-library/dom/dist/query-helpers.js:95:19
 ❯ mountTestPanelInEditMode src/routes/connector-test-panel.test-support.ts:137:26
    135|   await mountConnectorConfigurationsScreen(fetchMock);
    136|   await screen.findByText(target.connector);
    137|   fireEvent.click(screen.getByRole("button", { name: "Edit" }));
       |                          ^
    138|   const dialog = await screen.findByRole("dialog");
    139|   await within(dialog).findByRole("heading", { name: "Test" });
 ❯ src/routes/connector-test-panel-request-response.spec.ts:75:24

⎯⎯⎯⎯⎯⎯⎯⎯⎯⎯⎯⎯⎯⎯⎯⎯⎯⎯⎯⎯⎯⎯[28/42]⎯

 FAIL  src/routes/connector-test-panel-request-response.spec.ts > ConnectorTestPanel — a timed-out call displays the raw timeout, never a parsed or summarized result (criterion 6) > shows only the elapsed time for a timed-out call, with no status or body rendered as though a response had arrived
TestingLibraryElementError: Unable to find an accessible element with the role "button" and name "Edit"

Here are the accessible roles:

  heading:

  Name "Connectors":
  [36m<h1[39m
    [33mclass[39m=[32m"text-lg font-semibold text-foreground"[39m
  [36m/>[39m

  --------------------------------------------------
  button:

  Name "New connector configuration":
  [36m<button[39m
    [33mclass[39m=[32m"inline-flex items-center justify-center gap-2 border font-medium tracking-wider uppercase transition-colors outline-none select-none focus-visible:ring-2 focus-visible:ring-ring disabled:pointer-events-none disabled:opacity-50 border-primary bg-primary text-primary-foreground hover:bg-transparent hover:text-primary h-9 px-3 text-sm"[39m
    [33mdata-slot[39m=[32m"button"[39m
    [33mtype[39m=[32m"button"[39m
  [36m/>[39m

  Name "deepl-connector":
  [36m<tr[39m
    [33mclass[39m=[32m"border-b border-border odd:bg-transparent even:bg-zebra transition-colors hover:bg-hover motion-reduce:transition-none cursor-pointer"[39m
    [33mdata-slot[39m=[32m"table-row"[39m
    [33mrole[39m=[32m"button"[39m
    [33mtabindex[39m=[32m"0"[39m
  [36m/>[39m

  --------------------------------------------------
  table:

  Name "":
  [36m<table[39m
    [33mclass[39m=[32m"w-full border-collapse text-sm"[39m
    [33mdata-slot[39m=[32m"table"[39m
  [36m/>[39m

  --------------------------------------------------
  rowgroup:

  Name "":
  [36m<thead[39m
    [33mclass[39m=[32m"border-b border-border bg-surface"[39m
    [33mdata-slot[39m=[32m"table-header"[39m
  [36m/>[39m

  Name "":
  [36m<tbody[39m
    [33mclass[39m=[32m""[39m
    [33mdata-slot[39m=[32m"table-body"[39m
  [36m/>[39m

  --------------------------------------------------
  row:

  Name "Connector":
  [36m<tr[39m
    [33mclass[39m=[32m"border-b border-border odd:bg-transparent even:bg-zebra transition-colors hover:bg-hover motion-reduce:transition-none"[39m
    [33mdata-slot[39m=[32m"table-row"[39m
  [36m/>[39m

  --------------------------------------------------
  columnheader:

  Name "Connector":
  [36m<th[39m
    [33mclass[39m=[32m"h-10 px-3 text-left align-middle text-xs font-medium uppercase tracking-wider text-muted-foreground"[39m
    [33mdata-slot[39m=[32m"table-head"[39m
  [36m/>[39m

  --------------------------------------------------
  cell:

  Name "deepl-connector":
  [36m<td[39m
    [33mclass[39m=[32m"px-3 py-2 align-middle text-foreground"[39m
    [33mdata-slot[39m=[32m"table-cell"[39m
  [36m/>[39m

  --------------------------------------------------

Ignored nodes: comments, script, style
[36m<body>[39m
  [36m<div>[39m
    [36m<div[39m
      [33mclass[39m=[32m"flex flex-col gap-4"[39m
    [36m>[39m
      [36m<div[39m
        [33mclass[39m=[32m"flex items-center justify-between"[39m
      [36m>[39m
        [36m<h1[39m
          [33mclass[39m=[32m"text-lg font-semibold text-foreground"[39m
        [36m>[39m
          [0mConnectors[0m
        [36m</h1>[39m
        [36m<button[39m
          [33mclass[39m=[32m"inline-flex items-center justify-center gap-2 border font-medium tracking-wider uppercase transition-colors outline-none select-none focus-visible:ring-2 focus-visible:ring-ring disabled:pointer-events-none disabled:opacity-50 border-primary bg-primary text-primary-foreground hover:bg-transparent hover:text-primary h-9 px-3 text-sm"[39m
          [33mdata-slot[39m=[32m"button"[39m
          [33mtype[39m=[32m"button"[39m
        [36m>[39m
          [0mNew connector configuration[0m
        [36m</button>[39m
      [36m</div>[39m
      [36m<div[39m
        [33mclass[39m=[32m"w-full overflow-x-auto"[39m
        [33mdata-slot[39m=[32m"table-container"[39m
      [36m>[39m
        [36m<table[39m
          [33mclass[39m=[32m"w-full border-collapse text-sm"[39m
          [33mdata-slot[39m=[32m"table"[39m
        [36m>[39m
          [36m<thead[39m
            [33mclass[39m=[32m"border-b border-border bg-surface"[39m
            [33mdata-slot[39m=[32m"table-header"[39m
          [36m>[39m
            [36m<tr[39m
              [33mclass[39m=[32m"border-b border-border odd:bg-transparent even:bg-zebra transition-colors hover:bg-hover motion-reduce:transition-none"[39m
              [33mdata-slot[39m=[32m"table-row"[39m
            [36m>[39m
              [36m<th[39m
                [33mclass[39m=[32m"h-10 px-3 text-left align-middle text-xs font-medium uppercase tracking-wider text-muted-foreground"[39m
                [33mdata-slot[39m=[32m"table-head"[39m
              [36m>[39m
                [0mConnector[0m
              [36m</th>[39m
            [36m</tr>[39m
          [36m</thead>[39m
          [36m<tbody[39m
            [33mclass[39m=[32m""[39m
            [33mdata-slot[39m=[32m"table-body"[39m
          [36m>[39m
            [36m<tr[39m
              [33mclass[39m=[32m"border-b border-border odd:bg-transparent even:bg-zebra transition-colors hover:bg-hover motion-reduce:transition-none cursor-pointer"[39m
              [33mdata-slot[39m=[32m"table-row"[39m
              [33mrole[39m=[32m"button"[39m
              [33mtabindex[39m=[32m"0"[39m
            [36m>[39m
              [36m<td[39m
                [33mclass[39m=[32m"px-3 py-2 align-middle text-foreground"[39m
                [33mdata-slot[39m=[32m"table-cell"[39m
              [36m>[39m
                [0mdeepl-connector[0m
              [36m</td>[39m
            [36m</tr>[39m
          [36m</tbody>[39m
        [36m</table>[39m
      [36m</div>[39m
    [36m</div>[39m
  [36m</div>[39m
[36m</body>[39m
 ❯ Object.getElementError node_modules/@testing-library/dom/dist/config.js:37:19
 ❯ node_modules/@testing-library/dom/dist/query-helpers.js:76:38
 ❯ node_modules/@testing-library/dom/dist/query-helpers.js:52:17
 ❯ node_modules/@testing-library/dom/dist/query-helpers.js:95:19
 ❯ mountTestPanelInEditMode src/routes/connector-test-panel.test-support.ts:137:26
    135|   await mountConnectorConfigurationsScreen(fetchMock);
    136|   await screen.findByText(target.connector);
    137|   fireEvent.click(screen.getByRole("button", { name: "Edit" }));
       |                          ^
    138|   const dialog = await screen.findByRole("dialog");
    139|   await within(dialog).findByRole("heading", { name: "Test" });
 ❯ src/routes/connector-test-panel-request-response.spec.ts:103:24

⎯⎯⎯⎯⎯⎯⎯⎯⎯⎯⎯⎯⎯⎯⎯⎯⎯⎯⎯⎯⎯⎯[29/42]⎯

 FAIL  src/routes/connector-test-panel-request-response.spec.ts > ConnectorTestPanel — a failed call displays the raw error, never a parsed or summarized result (criterion 6) > shows the raw error message and elapsed time verbatim, with no status or body rendered as though a response had arrived
TestingLibraryElementError: Unable to find an accessible element with the role "button" and name "Edit"

Here are the accessible roles:

  heading:

  Name "Connectors":
  [36m<h1[39m
    [33mclass[39m=[32m"text-lg font-semibold text-foreground"[39m
  [36m/>[39m

  --------------------------------------------------
  button:

  Name "New connector configuration":
  [36m<button[39m
    [33mclass[39m=[32m"inline-flex items-center justify-center gap-2 border font-medium tracking-wider uppercase transition-colors outline-none select-none focus-visible:ring-2 focus-visible:ring-ring disabled:pointer-events-none disabled:opacity-50 border-primary bg-primary text-primary-foreground hover:bg-transparent hover:text-primary h-9 px-3 text-sm"[39m
    [33mdata-slot[39m=[32m"button"[39m
    [33mtype[39m=[32m"button"[39m
  [36m/>[39m

  Name "deepl-connector":
  [36m<tr[39m
    [33mclass[39m=[32m"border-b border-border odd:bg-transparent even:bg-zebra transition-colors hover:bg-hover motion-reduce:transition-none cursor-pointer"[39m
    [33mdata-slot[39m=[32m"table-row"[39m
    [33mrole[39m=[32m"button"[39m
    [33mtabindex[39m=[32m"0"[39m
  [36m/>[39m

  --------------------------------------------------
  table:

  Name "":
  [36m<table[39m
    [33mclass[39m=[32m"w-full border-collapse text-sm"[39m
    [33mdata-slot[39m=[32m"table"[39m
  [36m/>[39m

  --------------------------------------------------
  rowgroup:

  Name "":
  [36m<thead[39m
    [33mclass[39m=[32m"border-b border-border bg-surface"[39m
    [33mdata-slot[39m=[32m"table-header"[39m
  [36m/>[39m

  Name "":
  [36m<tbody[39m
    [33mclass[39m=[32m""[39m
    [33mdata-slot[39m=[32m"table-body"[39m
  [36m/>[39m

  --------------------------------------------------
  row:

  Name "Connector":
  [36m<tr[39m
    [33mclass[39m=[32m"border-b border-border odd:bg-transparent even:bg-zebra transition-colors hover:bg-hover motion-reduce:transition-none"[39m
    [33mdata-slot[39m=[32m"table-row"[39m
  [36m/>[39m

  --------------------------------------------------
  columnheader:

  Name "Connector":
  [36m<th[39m
    [33mclass[39m=[32m"h-10 px-3 text-left align-middle text-xs font-medium uppercase tracking-wider text-muted-foreground"[39m
    [33mdata-slot[39m=[32m"table-head"[39m
  [36m/>[39m

  --------------------------------------------------
  cell:

  Name "deepl-connector":
  [36m<td[39m
    [33mclass[39m=[32m"px-3 py-2 align-middle text-foreground"[39m
    [33mdata-slot[39m=[32m"table-cell"[39m
  [36m/>[39m

  --------------------------------------------------

Ignored nodes: comments, script, style
[36m<body>[39m
  [36m<div>[39m
    [36m<div[39m
      [33mclass[39m=[32m"flex flex-col gap-4"[39m
    [36m>[39m
      [36m<div[39m
        [33mclass[39m=[32m"flex items-center justify-between"[39m
      [36m>[39m
        [36m<h1[39m
          [33mclass[39m=[32m"text-lg font-semibold text-foreground"[39m
        [36m>[39m
          [0mConnectors[0m
        [36m</h1>[39m
        [36m<button[39m
          [33mclass[39m=[32m"inline-flex items-center justify-center gap-2 border font-medium tracking-wider uppercase transition-colors outline-none select-none focus-visible:ring-2 focus-visible:ring-ring disabled:pointer-events-none disabled:opacity-50 border-primary bg-primary text-primary-foreground hover:bg-transparent hover:text-primary h-9 px-3 text-sm"[39m
          [33mdata-slot[39m=[32m"button"[39m
          [33mtype[39m=[32m"button"[39m
        [36m>[39m
          [0mNew connector configuration[0m
        [36m</button>[39m
      [36m</div>[39m
      [36m<div[39m
        [33mclass[39m=[32m"w-full overflow-x-auto"[39m
        [33mdata-slot[39m=[32m"table-container"[39m
      [36m>[39m
        [36m<table[39m
          [33mclass[39m=[32m"w-full border-collapse text-sm"[39m
          [33mdata-slot[39m=[32m"table"[39m
        [36m>[39m
          [36m<thead[39m
            [33mclass[39m=[32m"border-b border-border bg-surface"[39m
            [33mdata-slot[39m=[32m"table-header"[39m
          [36m>[39m
            [36m<tr[39m
              [33mclass[39m=[32m"border-b border-border odd:bg-transparent even:bg-zebra transition-colors hover:bg-hover motion-reduce:transition-none"[39m
              [33mdata-slot[39m=[32m"table-row"[39m
            [36m>[39m
              [36m<th[39m
                [33mclass[39m=[32m"h-10 px-3 text-left align-middle text-xs font-medium uppercase tracking-wider text-muted-foreground"[39m
                [33mdata-slot[39m=[32m"table-head"[39m
              [36m>[39m
                [0mConnector[0m
              [36m</th>[39m
            [36m</tr>[39m
          [36m</thead>[39m
          [36m<tbody[39m
            [33mclass[39m=[32m""[39m
            [33mdata-slot[39m=[32m"table-body"[39m
          [36m>[39m
            [36m<tr[39m
              [33mclass[39m=[32m"border-b border-border odd:bg-transparent even:bg-zebra transition-colors hover:bg-hover motion-reduce:transition-none cursor-pointer"[39m
              [33mdata-slot[39m=[32m"table-row"[39m
              [33mrole[39m=[32m"button"[39m
              [33mtabindex[39m=[32m"0"[39m
            [36m>[39m
              [36m<td[39m
                [33mclass[39m=[32m"px-3 py-2 align-middle text-foreground"[39m
                [33mdata-slot[39m=[32m"table-cell"[39m
              [36m>[39m
                [0mdeepl-connector[0m
              [36m</td>[39m
            [36m</tr>[39m
          [36m</tbody>[39m
        [36m</table>[39m
      [36m</div>[39m
    [36m</div>[39m
  [36m</div>[39m
[36m</body>[39m
 ❯ Object.getElementError node_modules/@testing-library/dom/dist/config.js:37:19
 ❯ node_modules/@testing-library/dom/dist/query-helpers.js:76:38
 ❯ node_modules/@testing-library/dom/dist/query-helpers.js:52:17
 ❯ node_modules/@testing-library/dom/dist/query-helpers.js:95:19
 ❯ mountTestPanelInEditMode src/routes/connector-test-panel.test-support.ts:137:26
    135|   await mountConnectorConfigurationsScreen(fetchMock);
    136|   await screen.findByText(target.connector);
    137|   fireEvent.click(screen.getByRole("button", { name: "Edit" }));
       |                          ^
    138|   const dialog = await screen.findByRole("dialog");
    139|   await within(dialog).findByRole("heading", { name: "Test" });
 ❯ src/routes/connector-test-panel-request-response.spec.ts:118:24

⎯⎯⎯⎯⎯⎯⎯⎯⎯⎯⎯⎯⎯⎯⎯⎯⎯⎯⎯⎯⎯⎯[30/42]⎯

 FAIL  src/routes/connector-test-panel-sample-input.spec.ts > ConnectorTestPanel — the sample input is the shared JSON beautify/minify textarea (criterion 3) > renders a Beautify control beside the Sample input field, the shared control's own signature affordance
TestingLibraryElementError: Unable to find an accessible element with the role "button" and name "Edit"

Here are the accessible roles:

  heading:

  Name "Connectors":
  [36m<h1[39m
    [33mclass[39m=[32m"text-lg font-semibold text-foreground"[39m
  [36m/>[39m

  --------------------------------------------------
  button:

  Name "New connector configuration":
  [36m<button[39m
    [33mclass[39m=[32m"inline-flex items-center justify-center gap-2 border font-medium tracking-wider uppercase transition-colors outline-none select-none focus-visible:ring-2 focus-visible:ring-ring disabled:pointer-events-none disabled:opacity-50 border-primary bg-primary text-primary-foreground hover:bg-transparent hover:text-primary h-9 px-3 text-sm"[39m
    [33mdata-slot[39m=[32m"button"[39m
    [33mtype[39m=[32m"button"[39m
  [36m/>[39m

  Name "deepl-connector":
  [36m<tr[39m
    [33mclass[39m=[32m"border-b border-border odd:bg-transparent even:bg-zebra transition-colors hover:bg-hover motion-reduce:transition-none cursor-pointer"[39m
    [33mdata-slot[39m=[32m"table-row"[39m
    [33mrole[39m=[32m"button"[39m
    [33mtabindex[39m=[32m"0"[39m
  [36m/>[39m

  --------------------------------------------------
  table:

  Name "":
  [36m<table[39m
    [33mclass[39m=[32m"w-full border-collapse text-sm"[39m
    [33mdata-slot[39m=[32m"table"[39m
  [36m/>[39m

  --------------------------------------------------
  rowgroup:

  Name "":
  [36m<thead[39m
    [33mclass[39m=[32m"border-b border-border bg-surface"[39m
    [33mdata-slot[39m=[32m"table-header"[39m
  [36m/>[39m

  Name "":
  [36m<tbody[39m
    [33mclass[39m=[32m""[39m
    [33mdata-slot[39m=[32m"table-body"[39m
  [36m/>[39m

  --------------------------------------------------
  row:

  Name "Connector":
  [36m<tr[39m
    [33mclass[39m=[32m"border-b border-border odd:bg-transparent even:bg-zebra transition-colors hover:bg-hover motion-reduce:transition-none"[39m
    [33mdata-slot[39m=[32m"table-row"[39m
  [36m/>[39m

  --------------------------------------------------
  columnheader:

  Name "Connector":
  [36m<th[39m
    [33mclass[39m=[32m"h-10 px-3 text-left align-middle text-xs font-medium uppercase tracking-wider text-muted-foreground"[39m
    [33mdata-slot[39m=[32m"table-head"[39m
  [36m/>[39m

  --------------------------------------------------
  cell:

  Name "deepl-connector":
  [36m<td[39m
    [33mclass[39m=[32m"px-3 py-2 align-middle text-foreground"[39m
    [33mdata-slot[39m=[32m"table-cell"[39m
  [36m/>[39m

  --------------------------------------------------

Ignored nodes: comments, script, style
[36m<body>[39m
  [36m<div>[39m
    [36m<div[39m
      [33mclass[39m=[32m"flex flex-col gap-4"[39m
    [36m>[39m
      [36m<div[39m
        [33mclass[39m=[32m"flex items-center justify-between"[39m
      [36m>[39m
        [36m<h1[39m
          [33mclass[39m=[32m"text-lg font-semibold text-foreground"[39m
        [36m>[39m
          [0mConnectors[0m
        [36m</h1>[39m
        [36m<button[39m
          [33mclass[39m=[32m"inline-flex items-center justify-center gap-2 border font-medium tracking-wider uppercase transition-colors outline-none select-none focus-visible:ring-2 focus-visible:ring-ring disabled:pointer-events-none disabled:opacity-50 border-primary bg-primary text-primary-foreground hover:bg-transparent hover:text-primary h-9 px-3 text-sm"[39m
          [33mdata-slot[39m=[32m"button"[39m
          [33mtype[39m=[32m"button"[39m
        [36m>[39m
          [0mNew connector configuration[0m
        [36m</button>[39m
      [36m</div>[39m
      [36m<div[39m
        [33mclass[39m=[32m"w-full overflow-x-auto"[39m
        [33mdata-slot[39m=[32m"table-container"[39m
      [36m>[39m
        [36m<table[39m
          [33mclass[39m=[32m"w-full border-collapse text-sm"[39m
          [33mdata-slot[39m=[32m"table"[39m
        [36m>[39m
          [36m<thead[39m
            [33mclass[39m=[32m"border-b border-border bg-surface"[39m
            [33mdata-slot[39m=[32m"table-header"[39m
          [36m>[39m
            [36m<tr[39m
              [33mclass[39m=[32m"border-b border-border odd:bg-transparent even:bg-zebra transition-colors hover:bg-hover motion-reduce:transition-none"[39m
              [33mdata-slot[39m=[32m"table-row"[39m
            [36m>[39m
              [36m<th[39m
                [33mclass[39m=[32m"h-10 px-3 text-left align-middle text-xs font-medium uppercase tracking-wider text-muted-foreground"[39m
                [33mdata-slot[39m=[32m"table-head"[39m
              [36m>[39m
                [0mConnector[0m
              [36m</th>[39m
            [36m</tr>[39m
          [36m</thead>[39m
          [36m<tbody[39m
            [33mclass[39m=[32m""[39m
            [33mdata-slot[39m=[32m"table-body"[39m
          [36m>[39m
            [36m<tr[39m
              [33mclass[39m=[32m"border-b border-border odd:bg-transparent even:bg-zebra transition-colors hover:bg-hover motion-reduce:transition-none cursor-pointer"[39m
              [33mdata-slot[39m=[32m"table-row"[39m
              [33mrole[39m=[32m"button"[39m
              [33mtabindex[39m=[32m"0"[39m
            [36m>[39m
              [36m<td[39m
                [33mclass[39m=[32m"px-3 py-2 align-middle text-foreground"[39m
                [33mdata-slot[39m=[32m"table-cell"[39m
              [36m>[39m
                [0mdeepl-connector[0m
              [36m</td>[39m
            [36m</tr>[39m
          [36m</tbody>[39m
        [36m</table>[39m
      [36m</div>[39m
    [36m</div>[39m
  [36m</div>[39m
[36m</body>[39m
 ❯ Object.getElementError node_modules/@testing-library/dom/dist/config.js:37:19
 ❯ node_modules/@testing-library/dom/dist/query-helpers.js:76:38
 ❯ node_modules/@testing-library/dom/dist/query-helpers.js:52:17
 ❯ node_modules/@testing-library/dom/dist/query-helpers.js:95:19
 ❯ mountTestPanelInEditMode src/routes/connector-test-panel.test-support.ts:137:26
    135|   await mountConnectorConfigurationsScreen(fetchMock);
    136|   await screen.findByText(target.connector);
    137|   fireEvent.click(screen.getByRole("button", { name: "Edit" }));
       |                          ^
    138|   const dialog = await screen.findByRole("dialog");
    139|   await within(dialog).findByRole("heading", { name: "Test" });
 ❯ src/routes/connector-test-panel-sample-input.spec.ts:35:24

⎯⎯⎯⎯⎯⎯⎯⎯⎯⎯⎯⎯⎯⎯⎯⎯⎯⎯⎯⎯⎯⎯[31/42]⎯

 FAIL  src/routes/connector-test-panel-sample-input.spec.ts > ConnectorTestPanel — the sample input is the shared JSON beautify/minify textarea (criterion 3) > reflects whatever the operator types into the Sample input field
TestingLibraryElementError: Unable to find an accessible element with the role "button" and name "Edit"

Here are the accessible roles:

  heading:

  Name "Connectors":
  [36m<h1[39m
    [33mclass[39m=[32m"text-lg font-semibold text-foreground"[39m
  [36m/>[39m

  --------------------------------------------------
  button:

  Name "New connector configuration":
  [36m<button[39m
    [33mclass[39m=[32m"inline-flex items-center justify-center gap-2 border font-medium tracking-wider uppercase transition-colors outline-none select-none focus-visible:ring-2 focus-visible:ring-ring disabled:pointer-events-none disabled:opacity-50 border-primary bg-primary text-primary-foreground hover:bg-transparent hover:text-primary h-9 px-3 text-sm"[39m
    [33mdata-slot[39m=[32m"button"[39m
    [33mtype[39m=[32m"button"[39m
  [36m/>[39m

  Name "deepl-connector":
  [36m<tr[39m
    [33mclass[39m=[32m"border-b border-border odd:bg-transparent even:bg-zebra transition-colors hover:bg-hover motion-reduce:transition-none cursor-pointer"[39m
    [33mdata-slot[39m=[32m"table-row"[39m
    [33mrole[39m=[32m"button"[39m
    [33mtabindex[39m=[32m"0"[39m
  [36m/>[39m

  --------------------------------------------------
  table:

  Name "":
  [36m<table[39m
    [33mclass[39m=[32m"w-full border-collapse text-sm"[39m
    [33mdata-slot[39m=[32m"table"[39m
  [36m/>[39m

  --------------------------------------------------
  rowgroup:

  Name "":
  [36m<thead[39m
    [33mclass[39m=[32m"border-b border-border bg-surface"[39m
    [33mdata-slot[39m=[32m"table-header"[39m
  [36m/>[39m

  Name "":
  [36m<tbody[39m
    [33mclass[39m=[32m""[39m
    [33mdata-slot[39m=[32m"table-body"[39m
  [36m/>[39m

  --------------------------------------------------
  row:

  Name "Connector":
  [36m<tr[39m
    [33mclass[39m=[32m"border-b border-border odd:bg-transparent even:bg-zebra transition-colors hover:bg-hover motion-reduce:transition-none"[39m
    [33mdata-slot[39m=[32m"table-row"[39m
  [36m/>[39m

  --------------------------------------------------
  columnheader:

  Name "Connector":
  [36m<th[39m
    [33mclass[39m=[32m"h-10 px-3 text-left align-middle text-xs font-medium uppercase tracking-wider text-muted-foreground"[39m
    [33mdata-slot[39m=[32m"table-head"[39m
  [36m/>[39m

  --------------------------------------------------
  cell:

  Name "deepl-connector":
  [36m<td[39m
    [33mclass[39m=[32m"px-3 py-2 align-middle text-foreground"[39m
    [33mdata-slot[39m=[32m"table-cell"[39m
  [36m/>[39m

  --------------------------------------------------

Ignored nodes: comments, script, style
[36m<body>[39m
  [36m<div>[39m
    [36m<div[39m
      [33mclass[39m=[32m"flex flex-col gap-4"[39m
    [36m>[39m
      [36m<div[39m
        [33mclass[39m=[32m"flex items-center justify-between"[39m
      [36m>[39m
        [36m<h1[39m
          [33mclass[39m=[32m"text-lg font-semibold text-foreground"[39m
        [36m>[39m
          [0mConnectors[0m
        [36m</h1>[39m
        [36m<button[39m
          [33mclass[39m=[32m"inline-flex items-center justify-center gap-2 border font-medium tracking-wider uppercase transition-colors outline-none select-none focus-visible:ring-2 focus-visible:ring-ring disabled:pointer-events-none disabled:opacity-50 border-primary bg-primary text-primary-foreground hover:bg-transparent hover:text-primary h-9 px-3 text-sm"[39m
          [33mdata-slot[39m=[32m"button"[39m
          [33mtype[39m=[32m"button"[39m
        [36m>[39m
          [0mNew connector configuration[0m
        [36m</button>[39m
      [36m</div>[39m
      [36m<div[39m
        [33mclass[39m=[32m"w-full overflow-x-auto"[39m
        [33mdata-slot[39m=[32m"table-container"[39m
      [36m>[39m
        [36m<table[39m
          [33mclass[39m=[32m"w-full border-collapse text-sm"[39m
          [33mdata-slot[39m=[32m"table"[39m
        [36m>[39m
          [36m<thead[39m
            [33mclass[39m=[32m"border-b border-border bg-surface"[39m
            [33mdata-slot[39m=[32m"table-header"[39m
          [36m>[39m
            [36m<tr[39m
              [33mclass[39m=[32m"border-b border-border odd:bg-transparent even:bg-zebra transition-colors hover:bg-hover motion-reduce:transition-none"[39m
              [33mdata-slot[39m=[32m"table-row"[39m
            [36m>[39m
              [36m<th[39m
                [33mclass[39m=[32m"h-10 px-3 text-left align-middle text-xs font-medium uppercase tracking-wider text-muted-foreground"[39m
                [33mdata-slot[39m=[32m"table-head"[39m
              [36m>[39m
                [0mConnector[0m
              [36m</th>[39m
            [36m</tr>[39m
          [36m</thead>[39m
          [36m<tbody[39m
            [33mclass[39m=[32m""[39m
            [33mdata-slot[39m=[32m"table-body"[39m
          [36m>[39m
            [36m<tr[39m
              [33mclass[39m=[32m"border-b border-border odd:bg-transparent even:bg-zebra transition-colors hover:bg-hover motion-reduce:transition-none cursor-pointer"[39m
              [33mdata-slot[39m=[32m"table-row"[39m
              [33mrole[39m=[32m"button"[39m
              [33mtabindex[39m=[32m"0"[39m
            [36m>[39m
              [36m<td[39m
                [33mclass[39m=[32m"px-3 py-2 align-middle text-foreground"[39m
                [33mdata-slot[39m=[32m"table-cell"[39m
              [36m>[39m
                [0mdeepl-connector[0m
              [36m</td>[39m
            [36m</tr>[39m
          [36m</tbody>[39m
        [36m</table>[39m
      [36m</div>[39m
    [36m</div>[39m
  [36m</div>[39m
[36m</body>[39m
 ❯ Object.getElementError node_modules/@testing-library/dom/dist/config.js:37:19
 ❯ node_modules/@testing-library/dom/dist/query-helpers.js:76:38
 ❯ node_modules/@testing-library/dom/dist/query-helpers.js:52:17
 ❯ node_modules/@testing-library/dom/dist/query-helpers.js:95:19
 ❯ mountTestPanelInEditMode src/routes/connector-test-panel.test-support.ts:137:26
    135|   await mountConnectorConfigurationsScreen(fetchMock);
    136|   await screen.findByText(target.connector);
    137|   fireEvent.click(screen.getByRole("button", { name: "Edit" }));
       |                          ^
    138|   const dialog = await screen.findByRole("dialog");
    139|   await within(dialog).findByRole("heading", { name: "Test" });
 ❯ src/routes/connector-test-panel-sample-input.spec.ts:45:24

⎯⎯⎯⎯⎯⎯⎯⎯⎯⎯⎯⎯⎯⎯⎯⎯⎯⎯⎯⎯⎯⎯[32/42]⎯

 FAIL  src/routes/connector-test-panel-sample-input.spec.ts > ConnectorTestPanel — the sample input is the shared JSON beautify/minify textarea (criterion 3) > shows the chosen capability's own input_schema, pretty-printed, as a read-only reference
TestingLibraryElementError: Unable to find an accessible element with the role "button" and name "Edit"

Here are the accessible roles:

  heading:

  Name "Connectors":
  [36m<h1[39m
    [33mclass[39m=[32m"text-lg font-semibold text-foreground"[39m
  [36m/>[39m

  --------------------------------------------------
  button:

  Name "New connector configuration":
  [36m<button[39m
    [33mclass[39m=[32m"inline-flex items-center justify-center gap-2 border font-medium tracking-wider uppercase transition-colors outline-none select-none focus-visible:ring-2 focus-visible:ring-ring disabled:pointer-events-none disabled:opacity-50 border-primary bg-primary text-primary-foreground hover:bg-transparent hover:text-primary h-9 px-3 text-sm"[39m
    [33mdata-slot[39m=[32m"button"[39m
    [33mtype[39m=[32m"button"[39m
  [36m/>[39m

  Name "deepl-connector":
  [36m<tr[39m
    [33mclass[39m=[32m"border-b border-border odd:bg-transparent even:bg-zebra transition-colors hover:bg-hover motion-reduce:transition-none cursor-pointer"[39m
    [33mdata-slot[39m=[32m"table-row"[39m
    [33mrole[39m=[32m"button"[39m
    [33mtabindex[39m=[32m"0"[39m
  [36m/>[39m

  --------------------------------------------------
  table:

  Name "":
  [36m<table[39m
    [33mclass[39m=[32m"w-full border-collapse text-sm"[39m
    [33mdata-slot[39m=[32m"table"[39m
  [36m/>[39m

  --------------------------------------------------
  rowgroup:

  Name "":
  [36m<thead[39m
    [33mclass[39m=[32m"border-b border-border bg-surface"[39m
    [33mdata-slot[39m=[32m"table-header"[39m
  [36m/>[39m

  Name "":
  [36m<tbody[39m
    [33mclass[39m=[32m""[39m
    [33mdata-slot[39m=[32m"table-body"[39m
  [36m/>[39m

  --------------------------------------------------
  row:

  Name "Connector":
  [36m<tr[39m
    [33mclass[39m=[32m"border-b border-border odd:bg-transparent even:bg-zebra transition-colors hover:bg-hover motion-reduce:transition-none"[39m
    [33mdata-slot[39m=[32m"table-row"[39m
  [36m/>[39m

  --------------------------------------------------
  columnheader:

  Name "Connector":
  [36m<th[39m
    [33mclass[39m=[32m"h-10 px-3 text-left align-middle text-xs font-medium uppercase tracking-wider text-muted-foreground"[39m
    [33mdata-slot[39m=[32m"table-head"[39m
  [36m/>[39m

  --------------------------------------------------
  cell:

  Name "deepl-connector":
  [36m<td[39m
    [33mclass[39m=[32m"px-3 py-2 align-middle text-foreground"[39m
    [33mdata-slot[39m=[32m"table-cell"[39m
  [36m/>[39m

  --------------------------------------------------

Ignored nodes: comments, script, style
[36m<body>[39m
  [36m<div>[39m
    [36m<div[39m
      [33mclass[39m=[32m"flex flex-col gap-4"[39m
    [36m>[39m
      [36m<div[39m
        [33mclass[39m=[32m"flex items-center justify-between"[39m
      [36m>[39m
        [36m<h1[39m
          [33mclass[39m=[32m"text-lg font-semibold text-foreground"[39m
        [36m>[39m
          [0mConnectors[0m
        [36m</h1>[39m
        [36m<button[39m
          [33mclass[39m=[32m"inline-flex items-center justify-center gap-2 border font-medium tracking-wider uppercase transition-colors outline-none select-none focus-visible:ring-2 focus-visible:ring-ring disabled:pointer-events-none disabled:opacity-50 border-primary bg-primary text-primary-foreground hover:bg-transparent hover:text-primary h-9 px-3 text-sm"[39m
          [33mdata-slot[39m=[32m"button"[39m
          [33mtype[39m=[32m"button"[39m
        [36m>[39m
          [0mNew connector configuration[0m
        [36m</button>[39m
      [36m</div>[39m
      [36m<div[39m
        [33mclass[39m=[32m"w-full overflow-x-auto"[39m
        [33mdata-slot[39m=[32m"table-container"[39m
      [36m>[39m
        [36m<table[39m
          [33mclass[39m=[32m"w-full border-collapse text-sm"[39m
          [33mdata-slot[39m=[32m"table"[39m
        [36m>[39m
          [36m<thead[39m
            [33mclass[39m=[32m"border-b border-border bg-surface"[39m
            [33mdata-slot[39m=[32m"table-header"[39m
          [36m>[39m
            [36m<tr[39m
              [33mclass[39m=[32m"border-b border-border odd:bg-transparent even:bg-zebra transition-colors hover:bg-hover motion-reduce:transition-none"[39m
              [33mdata-slot[39m=[32m"table-row"[39m
            [36m>[39m
              [36m<th[39m
                [33mclass[39m=[32m"h-10 px-3 text-left align-middle text-xs font-medium uppercase tracking-wider text-muted-foreground"[39m
                [33mdata-slot[39m=[32m"table-head"[39m
              [36m>[39m
                [0mConnector[0m
              [36m</th>[39m
            [36m</tr>[39m
          [36m</thead>[39m
          [36m<tbody[39m
            [33mclass[39m=[32m""[39m
            [33mdata-slot[39m=[32m"table-body"[39m
          [36m>[39m
            [36m<tr[39m
              [33mclass[39m=[32m"border-b border-border odd:bg-transparent even:bg-zebra transition-colors hover:bg-hover motion-reduce:transition-none cursor-pointer"[39m
              [33mdata-slot[39m=[32m"table-row"[39m
              [33mrole[39m=[32m"button"[39m
              [33mtabindex[39m=[32m"0"[39m
            [36m>[39m
              [36m<td[39m
                [33mclass[39m=[32m"px-3 py-2 align-middle text-foreground"[39m
                [33mdata-slot[39m=[32m"table-cell"[39m
              [36m>[39m
                [0mdeepl-connector[0m
              [36m</td>[39m
            [36m</tr>[39m
          [36m</tbody>[39m
        [36m</table>[39m
      [36m</div>[39m
    [36m</div>[39m
  [36m</div>[39m
[36m</body>[39m
 ❯ Object.getElementError node_modules/@testing-library/dom/dist/config.js:37:19
 ❯ node_modules/@testing-library/dom/dist/query-helpers.js:76:38
 ❯ node_modules/@testing-library/dom/dist/query-helpers.js:52:17
 ❯ node_modules/@testing-library/dom/dist/query-helpers.js:95:19
 ❯ mountTestPanelInEditMode src/routes/connector-test-panel.test-support.ts:137:26
    135|   await mountConnectorConfigurationsScreen(fetchMock);
    136|   await screen.findByText(target.connector);
    137|   fireEvent.click(screen.getByRole("button", { name: "Edit" }));
       |                          ^
    138|   const dialog = await screen.findByRole("dialog");
    139|   await within(dialog).findByRole("heading", { name: "Test" });
 ❯ src/routes/connector-test-panel-sample-input.spec.ts:54:24

⎯⎯⎯⎯⎯⎯⎯⎯⎯⎯⎯⎯⎯⎯⎯⎯⎯⎯⎯⎯⎯⎯[33/42]⎯

 FAIL  src/routes/connector-test-panel-sample-input.spec.ts > ConnectorTestPanel — the sample input is the shared JSON beautify/minify textarea (criterion 3) > falls back to the raw stored text for an input_schema that is not itself valid JSON (disclosed inference)
TestingLibraryElementError: Unable to find an accessible element with the role "button" and name "Edit"

Here are the accessible roles:

  heading:

  Name "Connectors":
  [36m<h1[39m
    [33mclass[39m=[32m"text-lg font-semibold text-foreground"[39m
  [36m/>[39m

  --------------------------------------------------
  button:

  Name "New connector configuration":
  [36m<button[39m
    [33mclass[39m=[32m"inline-flex items-center justify-center gap-2 border font-medium tracking-wider uppercase transition-colors outline-none select-none focus-visible:ring-2 focus-visible:ring-ring disabled:pointer-events-none disabled:opacity-50 border-primary bg-primary text-primary-foreground hover:bg-transparent hover:text-primary h-9 px-3 text-sm"[39m
    [33mdata-slot[39m=[32m"button"[39m
    [33mtype[39m=[32m"button"[39m
  [36m/>[39m

  Name "deepl-connector":
  [36m<tr[39m
    [33mclass[39m=[32m"border-b border-border odd:bg-transparent even:bg-zebra transition-colors hover:bg-hover motion-reduce:transition-none cursor-pointer"[39m
    [33mdata-slot[39m=[32m"table-row"[39m
    [33mrole[39m=[32m"button"[39m
    [33mtabindex[39m=[32m"0"[39m
  [36m/>[39m

  --------------------------------------------------
  table:

  Name "":
  [36m<table[39m
    [33mclass[39m=[32m"w-full border-collapse text-sm"[39m
    [33mdata-slot[39m=[32m"table"[39m
  [36m/>[39m

  --------------------------------------------------
  rowgroup:

  Name "":
  [36m<thead[39m
    [33mclass[39m=[32m"border-b border-border bg-surface"[39m
    [33mdata-slot[39m=[32m"table-header"[39m
  [36m/>[39m

  Name "":
  [36m<tbody[39m
    [33mclass[39m=[32m""[39m
    [33mdata-slot[39m=[32m"table-body"[39m
  [36m/>[39m

  --------------------------------------------------
  row:

  Name "Connector":
  [36m<tr[39m
    [33mclass[39m=[32m"border-b border-border odd:bg-transparent even:bg-zebra transition-colors hover:bg-hover motion-reduce:transition-none"[39m
    [33mdata-slot[39m=[32m"table-row"[39m
  [36m/>[39m

  --------------------------------------------------
  columnheader:

  Name "Connector":
  [36m<th[39m
    [33mclass[39m=[32m"h-10 px-3 text-left align-middle text-xs font-medium uppercase tracking-wider text-muted-foreground"[39m
    [33mdata-slot[39m=[32m"table-head"[39m
  [36m/>[39m

  --------------------------------------------------
  cell:

  Name "deepl-connector":
  [36m<td[39m
    [33mclass[39m=[32m"px-3 py-2 align-middle text-foreground"[39m
    [33mdata-slot[39m=[32m"table-cell"[39m
  [36m/>[39m

  --------------------------------------------------

Ignored nodes: comments, script, style
[36m<body>[39m
  [36m<div>[39m
    [36m<div[39m
      [33mclass[39m=[32m"flex flex-col gap-4"[39m
    [36m>[39m
      [36m<div[39m
        [33mclass[39m=[32m"flex items-center justify-between"[39m
      [36m>[39m
        [36m<h1[39m
          [33mclass[39m=[32m"text-lg font-semibold text-foreground"[39m
        [36m>[39m
          [0mConnectors[0m
        [36m</h1>[39m
        [36m<button[39m
          [33mclass[39m=[32m"inline-flex items-center justify-center gap-2 border font-medium tracking-wider uppercase transition-colors outline-none select-none focus-visible:ring-2 focus-visible:ring-ring disabled:pointer-events-none disabled:opacity-50 border-primary bg-primary text-primary-foreground hover:bg-transparent hover:text-primary h-9 px-3 text-sm"[39m
          [33mdata-slot[39m=[32m"button"[39m
          [33mtype[39m=[32m"button"[39m
        [36m>[39m
          [0mNew connector configuration[0m
        [36m</button>[39m
      [36m</div>[39m
      [36m<div[39m
        [33mclass[39m=[32m"w-full overflow-x-auto"[39m
        [33mdata-slot[39m=[32m"table-container"[39m
      [36m>[39m
        [36m<table[39m
          [33mclass[39m=[32m"w-full border-collapse text-sm"[39m
          [33mdata-slot[39m=[32m"table"[39m
        [36m>[39m
          [36m<thead[39m
            [33mclass[39m=[32m"border-b border-border bg-surface"[39m
            [33mdata-slot[39m=[32m"table-header"[39m
          [36m>[39m
            [36m<tr[39m
              [33mclass[39m=[32m"border-b border-border odd:bg-transparent even:bg-zebra transition-colors hover:bg-hover motion-reduce:transition-none"[39m
              [33mdata-slot[39m=[32m"table-row"[39m
            [36m>[39m
              [36m<th[39m
                [33mclass[39m=[32m"h-10 px-3 text-left align-middle text-xs font-medium uppercase tracking-wider text-muted-foreground"[39m
                [33mdata-slot[39m=[32m"table-head"[39m
              [36m>[39m
                [0mConnector[0m
              [36m</th>[39m
            [36m</tr>[39m
          [36m</thead>[39m
          [36m<tbody[39m
            [33mclass[39m=[32m""[39m
            [33mdata-slot[39m=[32m"table-body"[39m
          [36m>[39m
            [36m<tr[39m
              [33mclass[39m=[32m"border-b border-border odd:bg-transparent even:bg-zebra transition-colors hover:bg-hover motion-reduce:transition-none cursor-pointer"[39m
              [33mdata-slot[39m=[32m"table-row"[39m
              [33mrole[39m=[32m"button"[39m
              [33mtabindex[39m=[32m"0"[39m
            [36m>[39m
              [36m<td[39m
                [33mclass[39m=[32m"px-3 py-2 align-middle text-foreground"[39m
                [33mdata-slot[39m=[32m"table-cell"[39m
              [36m>[39m
                [0mdeepl-connector[0m
              [36m</td>[39m
            [36m</tr>[39m
          [36m</tbody>[39m
        [36m</table>[39m
      [36m</div>[39m
    [36m</div>[39m
  [36m</div>[39m
[36m</body>[39m
 ❯ Object.getElementError node_modules/@testing-library/dom/dist/config.js:37:19
 ❯ node_modules/@testing-library/dom/dist/query-helpers.js:76:38
 ❯ node_modules/@testing-library/dom/dist/query-helpers.js:52:17
 ❯ node_modules/@testing-library/dom/dist/query-helpers.js:95:19
 ❯ mountTestPanelInEditMode src/routes/connector-test-panel.test-support.ts:137:26
    135|   await mountConnectorConfigurationsScreen(fetchMock);
    136|   await screen.findByText(target.connector);
    137|   fireEvent.click(screen.getByRole("button", { name: "Edit" }));
       |                          ^
    138|   const dialog = await screen.findByRole("dialog");
    139|   await within(dialog).findByRole("heading", { name: "Test" });
 ❯ src/routes/connector-test-panel-sample-input.spec.ts:64:24

⎯⎯⎯⎯⎯⎯⎯⎯⎯⎯⎯⎯⎯⎯⎯⎯⎯⎯⎯⎯⎯⎯[34/42]⎯

 FAIL  src/routes/connector-test-panel-sample-input.spec.ts > ConnectorTestPanel — the sample input defaults to a valid empty object (disclosed inference) > starts the Sample input field at "{}" rather than blank, before any capability is even selected
TestingLibraryElementError: Unable to find an accessible element with the role "button" and name "Edit"

Here are the accessible roles:

  heading:

  Name "Connectors":
  [36m<h1[39m
    [33mclass[39m=[32m"text-lg font-semibold text-foreground"[39m
  [36m/>[39m

  --------------------------------------------------
  button:

  Name "New connector configuration":
  [36m<button[39m
    [33mclass[39m=[32m"inline-flex items-center justify-center gap-2 border font-medium tracking-wider uppercase transition-colors outline-none select-none focus-visible:ring-2 focus-visible:ring-ring disabled:pointer-events-none disabled:opacity-50 border-primary bg-primary text-primary-foreground hover:bg-transparent hover:text-primary h-9 px-3 text-sm"[39m
    [33mdata-slot[39m=[32m"button"[39m
    [33mtype[39m=[32m"button"[39m
  [36m/>[39m

  Name "deepl-connector":
  [36m<tr[39m
    [33mclass[39m=[32m"border-b border-border odd:bg-transparent even:bg-zebra transition-colors hover:bg-hover motion-reduce:transition-none cursor-pointer"[39m
    [33mdata-slot[39m=[32m"table-row"[39m
    [33mrole[39m=[32m"button"[39m
    [33mtabindex[39m=[32m"0"[39m
  [36m/>[39m

  --------------------------------------------------
  table:

  Name "":
  [36m<table[39m
    [33mclass[39m=[32m"w-full border-collapse text-sm"[39m
    [33mdata-slot[39m=[32m"table"[39m
  [36m/>[39m

  --------------------------------------------------
  rowgroup:

  Name "":
  [36m<thead[39m
    [33mclass[39m=[32m"border-b border-border bg-surface"[39m
    [33mdata-slot[39m=[32m"table-header"[39m
  [36m/>[39m

  Name "":
  [36m<tbody[39m
    [33mclass[39m=[32m""[39m
    [33mdata-slot[39m=[32m"table-body"[39m
  [36m/>[39m

  --------------------------------------------------
  row:

  Name "Connector":
  [36m<tr[39m
    [33mclass[39m=[32m"border-b border-border odd:bg-transparent even:bg-zebra transition-colors hover:bg-hover motion-reduce:transition-none"[39m
    [33mdata-slot[39m=[32m"table-row"[39m
  [36m/>[39m

  --------------------------------------------------
  columnheader:

  Name "Connector":
  [36m<th[39m
    [33mclass[39m=[32m"h-10 px-3 text-left align-middle text-xs font-medium uppercase tracking-wider text-muted-foreground"[39m
    [33mdata-slot[39m=[32m"table-head"[39m
  [36m/>[39m

  --------------------------------------------------
  cell:

  Name "deepl-connector":
  [36m<td[39m
    [33mclass[39m=[32m"px-3 py-2 align-middle text-foreground"[39m
    [33mdata-slot[39m=[32m"table-cell"[39m
  [36m/>[39m

  --------------------------------------------------

Ignored nodes: comments, script, style
[36m<body>[39m
  [36m<div>[39m
    [36m<div[39m
      [33mclass[39m=[32m"flex flex-col gap-4"[39m
    [36m>[39m
      [36m<div[39m
        [33mclass[39m=[32m"flex items-center justify-between"[39m
      [36m>[39m
        [36m<h1[39m
          [33mclass[39m=[32m"text-lg font-semibold text-foreground"[39m
        [36m>[39m
          [0mConnectors[0m
        [36m</h1>[39m
        [36m<button[39m
          [33mclass[39m=[32m"inline-flex items-center justify-center gap-2 border font-medium tracking-wider uppercase transition-colors outline-none select-none focus-visible:ring-2 focus-visible:ring-ring disabled:pointer-events-none disabled:opacity-50 border-primary bg-primary text-primary-foreground hover:bg-transparent hover:text-primary h-9 px-3 text-sm"[39m
          [33mdata-slot[39m=[32m"button"[39m
          [33mtype[39m=[32m"button"[39m
        [36m>[39m
          [0mNew connector configuration[0m
        [36m</button>[39m
      [36m</div>[39m
      [36m<div[39m
        [33mclass[39m=[32m"w-full overflow-x-auto"[39m
        [33mdata-slot[39m=[32m"table-container"[39m
      [36m>[39m
        [36m<table[39m
          [33mclass[39m=[32m"w-full border-collapse text-sm"[39m
          [33mdata-slot[39m=[32m"table"[39m
        [36m>[39m
          [36m<thead[39m
            [33mclass[39m=[32m"border-b border-border bg-surface"[39m
            [33mdata-slot[39m=[32m"table-header"[39m
          [36m>[39m
            [36m<tr[39m
              [33mclass[39m=[32m"border-b border-border odd:bg-transparent even:bg-zebra transition-colors hover:bg-hover motion-reduce:transition-none"[39m
              [33mdata-slot[39m=[32m"table-row"[39m
            [36m>[39m
              [36m<th[39m
                [33mclass[39m=[32m"h-10 px-3 text-left align-middle text-xs font-medium uppercase tracking-wider text-muted-foreground"[39m
                [33mdata-slot[39m=[32m"table-head"[39m
              [36m>[39m
                [0mConnector[0m
              [36m</th>[39m
            [36m</tr>[39m
          [36m</thead>[39m
          [36m<tbody[39m
            [33mclass[39m=[32m""[39m
            [33mdata-slot[39m=[32m"table-body"[39m
          [36m>[39m
            [36m<tr[39m
              [33mclass[39m=[32m"border-b border-border odd:bg-transparent even:bg-zebra transition-colors hover:bg-hover motion-reduce:transition-none cursor-pointer"[39m
              [33mdata-slot[39m=[32m"table-row"[39m
              [33mrole[39m=[32m"button"[39m
              [33mtabindex[39m=[32m"0"[39m
            [36m>[39m
              [36m<td[39m
                [33mclass[39m=[32m"px-3 py-2 align-middle text-foreground"[39m
                [33mdata-slot[39m=[32m"table-cell"[39m
              [36m>[39m
                [0mdeepl-connector[0m
              [36m</td>[39m
            [36m</tr>[39m
          [36m</tbody>[39m
        [36m</table>[39m
      [36m</div>[39m
    [36m</div>[39m
  [36m</div>[39m
[36m</body>[39m
 ❯ Object.getElementError node_modules/@testing-library/dom/dist/config.js:37:19
 ❯ node_modules/@testing-library/dom/dist/query-helpers.js:76:38
 ❯ node_modules/@testing-library/dom/dist/query-helpers.js:52:17
 ❯ node_modules/@testing-library/dom/dist/query-helpers.js:95:19
 ❯ mountTestPanelInEditMode src/routes/connector-test-panel.test-support.ts:137:26
    135|   await mountConnectorConfigurationsScreen(fetchMock);
    136|   await screen.findByText(target.connector);
    137|   fireEvent.click(screen.getByRole("button", { name: "Edit" }));
       |                          ^
    138|   const dialog = await screen.findByRole("dialog");
    139|   await within(dialog).findByRole("heading", { name: "Test" });
 ❯ src/routes/connector-test-panel-sample-input.spec.ts:74:24

⎯⎯⎯⎯⎯⎯⎯⎯⎯⎯⎯⎯⎯⎯⎯⎯⎯⎯⎯⎯⎯⎯[35/42]⎯

 FAIL  src/routes/connector-test-panel-subject-and-attributes.spec.ts > ConnectorTestPanel — the subject type is drawn from the subject-type glossary vocabulary (criterion 2) > offers exactly the subject-type vocabulary's own current terms as options, once the read resolves
TestingLibraryElementError: Unable to find an accessible element with the role "button" and name "Edit"

Here are the accessible roles:

  heading:

  Name "Connectors":
  [36m<h1[39m
    [33mclass[39m=[32m"text-lg font-semibold text-foreground"[39m
  [36m/>[39m

  --------------------------------------------------
  button:

  Name "New connector configuration":
  [36m<button[39m
    [33mclass[39m=[32m"inline-flex items-center justify-center gap-2 border font-medium tracking-wider uppercase transition-colors outline-none select-none focus-visible:ring-2 focus-visible:ring-ring disabled:pointer-events-none disabled:opacity-50 border-primary bg-primary text-primary-foreground hover:bg-transparent hover:text-primary h-9 px-3 text-sm"[39m
    [33mdata-slot[39m=[32m"button"[39m
    [33mtype[39m=[32m"button"[39m
  [36m/>[39m

  Name "deepl-connector":
  [36m<tr[39m
    [33mclass[39m=[32m"border-b border-border odd:bg-transparent even:bg-zebra transition-colors hover:bg-hover motion-reduce:transition-none cursor-pointer"[39m
    [33mdata-slot[39m=[32m"table-row"[39m
    [33mrole[39m=[32m"button"[39m
    [33mtabindex[39m=[32m"0"[39m
  [36m/>[39m

  --------------------------------------------------
  table:

  Name "":
  [36m<table[39m
    [33mclass[39m=[32m"w-full border-collapse text-sm"[39m
    [33mdata-slot[39m=[32m"table"[39m
  [36m/>[39m

  --------------------------------------------------
  rowgroup:

  Name "":
  [36m<thead[39m
    [33mclass[39m=[32m"border-b border-border bg-surface"[39m
    [33mdata-slot[39m=[32m"table-header"[39m
  [36m/>[39m

  Name "":
  [36m<tbody[39m
    [33mclass[39m=[32m""[39m
    [33mdata-slot[39m=[32m"table-body"[39m
  [36m/>[39m

  --------------------------------------------------
  row:

  Name "Connector":
  [36m<tr[39m
    [33mclass[39m=[32m"border-b border-border odd:bg-transparent even:bg-zebra transition-colors hover:bg-hover motion-reduce:transition-none"[39m
    [33mdata-slot[39m=[32m"table-row"[39m
  [36m/>[39m

  --------------------------------------------------
  columnheader:

  Name "Connector":
  [36m<th[39m
    [33mclass[39m=[32m"h-10 px-3 text-left align-middle text-xs font-medium uppercase tracking-wider text-muted-foreground"[39m
    [33mdata-slot[39m=[32m"table-head"[39m
  [36m/>[39m

  --------------------------------------------------
  cell:

  Name "deepl-connector":
  [36m<td[39m
    [33mclass[39m=[32m"px-3 py-2 align-middle text-foreground"[39m
    [33mdata-slot[39m=[32m"table-cell"[39m
  [36m/>[39m

  --------------------------------------------------

Ignored nodes: comments, script, style
[36m<body>[39m
  [36m<div>[39m
    [36m<div[39m
      [33mclass[39m=[32m"flex flex-col gap-4"[39m
    [36m>[39m
      [36m<div[39m
        [33mclass[39m=[32m"flex items-center justify-between"[39m
      [36m>[39m
        [36m<h1[39m
          [33mclass[39m=[32m"text-lg font-semibold text-foreground"[39m
        [36m>[39m
          [0mConnectors[0m
        [36m</h1>[39m
        [36m<button[39m
          [33mclass[39m=[32m"inline-flex items-center justify-center gap-2 border font-medium tracking-wider uppercase transition-colors outline-none select-none focus-visible:ring-2 focus-visible:ring-ring disabled:pointer-events-none disabled:opacity-50 border-primary bg-primary text-primary-foreground hover:bg-transparent hover:text-primary h-9 px-3 text-sm"[39m
          [33mdata-slot[39m=[32m"button"[39m
          [33mtype[39m=[32m"button"[39m
        [36m>[39m
          [0mNew connector configuration[0m
        [36m</button>[39m
      [36m</div>[39m
      [36m<div[39m
        [33mclass[39m=[32m"w-full overflow-x-auto"[39m
        [33mdata-slot[39m=[32m"table-container"[39m
      [36m>[39m
        [36m<table[39m
          [33mclass[39m=[32m"w-full border-collapse text-sm"[39m
          [33mdata-slot[39m=[32m"table"[39m
        [36m>[39m
          [36m<thead[39m
            [33mclass[39m=[32m"border-b border-border bg-surface"[39m
            [33mdata-slot[39m=[32m"table-header"[39m
          [36m>[39m
            [36m<tr[39m
              [33mclass[39m=[32m"border-b border-border odd:bg-transparent even:bg-zebra transition-colors hover:bg-hover motion-reduce:transition-none"[39m
              [33mdata-slot[39m=[32m"table-row"[39m
            [36m>[39m
              [36m<th[39m
                [33mclass[39m=[32m"h-10 px-3 text-left align-middle text-xs font-medium uppercase tracking-wider text-muted-foreground"[39m
                [33mdata-slot[39m=[32m"table-head"[39m
              [36m>[39m
                [0mConnector[0m
              [36m</th>[39m
            [36m</tr>[39m
          [36m</thead>[39m
          [36m<tbody[39m
            [33mclass[39m=[32m""[39m
            [33mdata-slot[39m=[32m"table-body"[39m
          [36m>[39m
            [36m<tr[39m
              [33mclass[39m=[32m"border-b border-border odd:bg-transparent even:bg-zebra transition-colors hover:bg-hover motion-reduce:transition-none cursor-pointer"[39m
              [33mdata-slot[39m=[32m"table-row"[39m
              [33mrole[39m=[32m"button"[39m
              [33mtabindex[39m=[32m"0"[39m
            [36m>[39m
              [36m<td[39m
                [33mclass[39m=[32m"px-3 py-2 align-middle text-foreground"[39m
                [33mdata-slot[39m=[32m"table-cell"[39m
              [36m>[39m
                [0mdeepl-connector[0m
              [36m</td>[39m
            [36m</tr>[39m
          [36m</tbody>[39m
        [36m</table>[39m
      [36m</div>[39m
    [36m</div>[39m
  [36m</div>[39m
[36m</body>[39m
 ❯ Object.getElementError node_modules/@testing-library/dom/dist/config.js:37:19
 ❯ node_modules/@testing-library/dom/dist/query-helpers.js:76:38
 ❯ node_modules/@testing-library/dom/dist/query-helpers.js:52:17
 ❯ node_modules/@testing-library/dom/dist/query-helpers.js:95:19
 ❯ mountTestPanelInEditMode src/routes/connector-test-panel.test-support.ts:137:26
    135|   await mountConnectorConfigurationsScreen(fetchMock);
    136|   await screen.findByText(target.connector);
    137|   fireEvent.click(screen.getByRole("button", { name: "Edit" }));
       |                          ^
    138|   const dialog = await screen.findByRole("dialog");
    139|   await within(dialog).findByRole("heading", { name: "Test" });
 ❯ src/routes/connector-test-panel-subject-and-attributes.spec.ts:34:24

⎯⎯⎯⎯⎯⎯⎯⎯⎯⎯⎯⎯⎯⎯⎯⎯⎯⎯⎯⎯⎯⎯[36/42]⎯

 FAIL  src/routes/connector-test-panel-subject-and-attributes.spec.ts > ConnectorTestPanel — attribute-values are typed by hand, never selected from an existing subject (criterion 2) > lets the operator add an attribute row and type its own attribute name and value
TestingLibraryElementError: Unable to find an accessible element with the role "button" and name "Edit"

Here are the accessible roles:

  heading:

  Name "Connectors":
  [36m<h1[39m
    [33mclass[39m=[32m"text-lg font-semibold text-foreground"[39m
  [36m/>[39m

  --------------------------------------------------
  button:

  Name "New connector configuration":
  [36m<button[39m
    [33mclass[39m=[32m"inline-flex items-center justify-center gap-2 border font-medium tracking-wider uppercase transition-colors outline-none select-none focus-visible:ring-2 focus-visible:ring-ring disabled:pointer-events-none disabled:opacity-50 border-primary bg-primary text-primary-foreground hover:bg-transparent hover:text-primary h-9 px-3 text-sm"[39m
    [33mdata-slot[39m=[32m"button"[39m
    [33mtype[39m=[32m"button"[39m
  [36m/>[39m

  Name "deepl-connector":
  [36m<tr[39m
    [33mclass[39m=[32m"border-b border-border odd:bg-transparent even:bg-zebra transition-colors hover:bg-hover motion-reduce:transition-none cursor-pointer"[39m
    [33mdata-slot[39m=[32m"table-row"[39m
    [33mrole[39m=[32m"button"[39m
    [33mtabindex[39m=[32m"0"[39m
  [36m/>[39m

  --------------------------------------------------
  table:

  Name "":
  [36m<table[39m
    [33mclass[39m=[32m"w-full border-collapse text-sm"[39m
    [33mdata-slot[39m=[32m"table"[39m
  [36m/>[39m

  --------------------------------------------------
  rowgroup:

  Name "":
  [36m<thead[39m
    [33mclass[39m=[32m"border-b border-border bg-surface"[39m
    [33mdata-slot[39m=[32m"table-header"[39m
  [36m/>[39m

  Name "":
  [36m<tbody[39m
    [33mclass[39m=[32m""[39m
    [33mdata-slot[39m=[32m"table-body"[39m
  [36m/>[39m

  --------------------------------------------------
  row:

  Name "Connector":
  [36m<tr[39m
    [33mclass[39m=[32m"border-b border-border odd:bg-transparent even:bg-zebra transition-colors hover:bg-hover motion-reduce:transition-none"[39m
    [33mdata-slot[39m=[32m"table-row"[39m
  [36m/>[39m

  --------------------------------------------------
  columnheader:

  Name "Connector":
  [36m<th[39m
    [33mclass[39m=[32m"h-10 px-3 text-left align-middle text-xs font-medium uppercase tracking-wider text-muted-foreground"[39m
    [33mdata-slot[39m=[32m"table-head"[39m
  [36m/>[39m

  --------------------------------------------------
  cell:

  Name "deepl-connector":
  [36m<td[39m
    [33mclass[39m=[32m"px-3 py-2 align-middle text-foreground"[39m
    [33mdata-slot[39m=[32m"table-cell"[39m
  [36m/>[39m

  --------------------------------------------------

Ignored nodes: comments, script, style
[36m<body>[39m
  [36m<div>[39m
    [36m<div[39m
      [33mclass[39m=[32m"flex flex-col gap-4"[39m
    [36m>[39m
      [36m<div[39m
        [33mclass[39m=[32m"flex items-center justify-between"[39m
      [36m>[39m
        [36m<h1[39m
          [33mclass[39m=[32m"text-lg font-semibold text-foreground"[39m
        [36m>[39m
          [0mConnectors[0m
        [36m</h1>[39m
        [36m<button[39m
          [33mclass[39m=[32m"inline-flex items-center justify-center gap-2 border font-medium tracking-wider uppercase transition-colors outline-none select-none focus-visible:ring-2 focus-visible:ring-ring disabled:pointer-events-none disabled:opacity-50 border-primary bg-primary text-primary-foreground hover:bg-transparent hover:text-primary h-9 px-3 text-sm"[39m
          [33mdata-slot[39m=[32m"button"[39m
          [33mtype[39m=[32m"button"[39m
        [36m>[39m
          [0mNew connector configuration[0m
        [36m</button>[39m
      [36m</div>[39m
      [36m<div[39m
        [33mclass[39m=[32m"w-full overflow-x-auto"[39m
        [33mdata-slot[39m=[32m"table-container"[39m
      [36m>[39m
        [36m<table[39m
          [33mclass[39m=[32m"w-full border-collapse text-sm"[39m
          [33mdata-slot[39m=[32m"table"[39m
        [36m>[39m
          [36m<thead[39m
            [33mclass[39m=[32m"border-b border-border bg-surface"[39m
            [33mdata-slot[39m=[32m"table-header"[39m
          [36m>[39m
            [36m<tr[39m
              [33mclass[39m=[32m"border-b border-border odd:bg-transparent even:bg-zebra transition-colors hover:bg-hover motion-reduce:transition-none"[39m
              [33mdata-slot[39m=[32m"table-row"[39m
            [36m>[39m
              [36m<th[39m
                [33mclass[39m=[32m"h-10 px-3 text-left align-middle text-xs font-medium uppercase tracking-wider text-muted-foreground"[39m
                [33mdata-slot[39m=[32m"table-head"[39m
              [36m>[39m
                [0mConnector[0m
              [36m</th>[39m
            [36m</tr>[39m
          [36m</thead>[39m
          [36m<tbody[39m
            [33mclass[39m=[32m""[39m
            [33mdata-slot[39m=[32m"table-body"[39m
          [36m>[39m
            [36m<tr[39m
              [33mclass[39m=[32m"border-b border-border odd:bg-transparent even:bg-zebra transition-colors hover:bg-hover motion-reduce:transition-none cursor-pointer"[39m
              [33mdata-slot[39m=[32m"table-row"[39m
              [33mrole[39m=[32m"button"[39m
              [33mtabindex[39m=[32m"0"[39m
            [36m>[39m
              [36m<td[39m
                [33mclass[39m=[32m"px-3 py-2 align-middle text-foreground"[39m
                [33mdata-slot[39m=[32m"table-cell"[39m
              [36m>[39m
                [0mdeepl-connector[0m
              [36m</td>[39m
            [36m</tr>[39m
          [36m</tbody>[39m
        [36m</table>[39m
      [36m</div>[39m
    [36m</div>[39m
  [36m</div>[39m
[36m</body>[39m
 ❯ Object.getElementError node_modules/@testing-library/dom/dist/config.js:37:19
 ❯ node_modules/@testing-library/dom/dist/query-helpers.js:76:38
 ❯ node_modules/@testing-library/dom/dist/query-helpers.js:52:17
 ❯ node_modules/@testing-library/dom/dist/query-helpers.js:95:19
 ❯ mountTestPanelInEditMode src/routes/connector-test-panel.test-support.ts:137:26
    135|   await mountConnectorConfigurationsScreen(fetchMock);
    136|   await screen.findByText(target.connector);
    137|   fireEvent.click(screen.getByRole("button", { name: "Edit" }));
       |                          ^
    138|   const dialog = await screen.findByRole("dialog");
    139|   await within(dialog).findByRole("heading", { name: "Test" });
 ❯ src/routes/connector-test-panel-subject-and-attributes.spec.ts:50:24

⎯⎯⎯⎯⎯⎯⎯⎯⎯⎯⎯⎯⎯⎯⎯⎯⎯⎯⎯⎯⎯⎯[37/42]⎯

 FAIL  src/routes/connector-test-panel-subject-and-attributes.spec.ts > ConnectorTestPanel — attribute-values are typed by hand, never selected from an existing subject (criterion 2) > removes exactly the row whose own Remove action was clicked, leaving the other rows' own values intact (stable-row-identity inference)
TestingLibraryElementError: Unable to find an accessible element with the role "button" and name "Edit"

Here are the accessible roles:

  heading:

  Name "Connectors":
  [36m<h1[39m
    [33mclass[39m=[32m"text-lg font-semibold text-foreground"[39m
  [36m/>[39m

  --------------------------------------------------
  button:

  Name "New connector configuration":
  [36m<button[39m
    [33mclass[39m=[32m"inline-flex items-center justify-center gap-2 border font-medium tracking-wider uppercase transition-colors outline-none select-none focus-visible:ring-2 focus-visible:ring-ring disabled:pointer-events-none disabled:opacity-50 border-primary bg-primary text-primary-foreground hover:bg-transparent hover:text-primary h-9 px-3 text-sm"[39m
    [33mdata-slot[39m=[32m"button"[39m
    [33mtype[39m=[32m"button"[39m
  [36m/>[39m

  Name "deepl-connector":
  [36m<tr[39m
    [33mclass[39m=[32m"border-b border-border odd:bg-transparent even:bg-zebra transition-colors hover:bg-hover motion-reduce:transition-none cursor-pointer"[39m
    [33mdata-slot[39m=[32m"table-row"[39m
    [33mrole[39m=[32m"button"[39m
    [33mtabindex[39m=[32m"0"[39m
  [36m/>[39m

  --------------------------------------------------
  table:

  Name "":
  [36m<table[39m
    [33mclass[39m=[32m"w-full border-collapse text-sm"[39m
    [33mdata-slot[39m=[32m"table"[39m
  [36m/>[39m

  --------------------------------------------------
  rowgroup:

  Name "":
  [36m<thead[39m
    [33mclass[39m=[32m"border-b border-border bg-surface"[39m
    [33mdata-slot[39m=[32m"table-header"[39m
  [36m/>[39m

  Name "":
  [36m<tbody[39m
    [33mclass[39m=[32m""[39m
    [33mdata-slot[39m=[32m"table-body"[39m
  [36m/>[39m

  --------------------------------------------------
  row:

  Name "Connector":
  [36m<tr[39m
    [33mclass[39m=[32m"border-b border-border odd:bg-transparent even:bg-zebra transition-colors hover:bg-hover motion-reduce:transition-none"[39m
    [33mdata-slot[39m=[32m"table-row"[39m
  [36m/>[39m

  --------------------------------------------------
  columnheader:

  Name "Connector":
  [36m<th[39m
    [33mclass[39m=[32m"h-10 px-3 text-left align-middle text-xs font-medium uppercase tracking-wider text-muted-foreground"[39m
    [33mdata-slot[39m=[32m"table-head"[39m
  [36m/>[39m

  --------------------------------------------------
  cell:

  Name "deepl-connector":
  [36m<td[39m
    [33mclass[39m=[32m"px-3 py-2 align-middle text-foreground"[39m
    [33mdata-slot[39m=[32m"table-cell"[39m
  [36m/>[39m

  --------------------------------------------------

Ignored nodes: comments, script, style
[36m<body>[39m
  [36m<div>[39m
    [36m<div[39m
      [33mclass[39m=[32m"flex flex-col gap-4"[39m
    [36m>[39m
      [36m<div[39m
        [33mclass[39m=[32m"flex items-center justify-between"[39m
      [36m>[39m
        [36m<h1[39m
          [33mclass[39m=[32m"text-lg font-semibold text-foreground"[39m
        [36m>[39m
          [0mConnectors[0m
        [36m</h1>[39m
        [36m<button[39m
          [33mclass[39m=[32m"inline-flex items-center justify-center gap-2 border font-medium tracking-wider uppercase transition-colors outline-none select-none focus-visible:ring-2 focus-visible:ring-ring disabled:pointer-events-none disabled:opacity-50 border-primary bg-primary text-primary-foreground hover:bg-transparent hover:text-primary h-9 px-3 text-sm"[39m
          [33mdata-slot[39m=[32m"button"[39m
          [33mtype[39m=[32m"button"[39m
        [36m>[39m
          [0mNew connector configuration[0m
        [36m</button>[39m
      [36m</div>[39m
      [36m<div[39m
        [33mclass[39m=[32m"w-full overflow-x-auto"[39m
        [33mdata-slot[39m=[32m"table-container"[39m
      [36m>[39m
        [36m<table[39m
          [33mclass[39m=[32m"w-full border-collapse text-sm"[39m
          [33mdata-slot[39m=[32m"table"[39m
        [36m>[39m
          [36m<thead[39m
            [33mclass[39m=[32m"border-b border-border bg-surface"[39m
            [33mdata-slot[39m=[32m"table-header"[39m
          [36m>[39m
            [36m<tr[39m
              [33mclass[39m=[32m"border-b border-border odd:bg-transparent even:bg-zebra transition-colors hover:bg-hover motion-reduce:transition-none"[39m
              [33mdata-slot[39m=[32m"table-row"[39m
            [36m>[39m
              [36m<th[39m
                [33mclass[39m=[32m"h-10 px-3 text-left align-middle text-xs font-medium uppercase tracking-wider text-muted-foreground"[39m
                [33mdata-slot[39m=[32m"table-head"[39m
              [36m>[39m
                [0mConnector[0m
              [36m</th>[39m
            [36m</tr>[39m
          [36m</thead>[39m
          [36m<tbody[39m
            [33mclass[39m=[32m""[39m
            [33mdata-slot[39m=[32m"table-body"[39m
          [36m>[39m
            [36m<tr[39m
              [33mclass[39m=[32m"border-b border-border odd:bg-transparent even:bg-zebra transition-colors hover:bg-hover motion-reduce:transition-none cursor-pointer"[39m
              [33mdata-slot[39m=[32m"table-row"[39m
              [33mrole[39m=[32m"button"[39m
              [33mtabindex[39m=[32m"0"[39m
            [36m>[39m
              [36m<td[39m
                [33mclass[39m=[32m"px-3 py-2 align-middle text-foreground"[39m
                [33mdata-slot[39m=[32m"table-cell"[39m
              [36m>[39m
                [0mdeepl-connector[0m
              [36m</td>[39m
            [36m</tr>[39m
          [36m</tbody>[39m
        [36m</table>[39m
      [36m</div>[39m
    [36m</div>[39m
  [36m</div>[39m
[36m</body>[39m
 ❯ Object.getElementError node_modules/@testing-library/dom/dist/config.js:37:19
 ❯ node_modules/@testing-library/dom/dist/query-helpers.js:76:38
 ❯ node_modules/@testing-library/dom/dist/query-helpers.js:52:17
 ❯ node_modules/@testing-library/dom/dist/query-helpers.js:95:19
 ❯ mountTestPanelInEditMode src/routes/connector-test-panel.test-support.ts:137:26
    135|   await mountConnectorConfigurationsScreen(fetchMock);
    136|   await screen.findByText(target.connector);
    137|   fireEvent.click(screen.getByRole("button", { name: "Edit" }));
       |                          ^
    138|   const dialog = await screen.findByRole("dialog");
    139|   await within(dialog).findByRole("heading", { name: "Test" });
 ❯ src/routes/connector-test-panel-subject-and-attributes.spec.ts:63:24

⎯⎯⎯⎯⎯⎯⎯⎯⎯⎯⎯⎯⎯⎯⎯⎯⎯⎯⎯⎯⎯⎯[38/42]⎯

 FAIL  src/routes/connector-test-panel-subject-and-attributes.spec.ts > ConnectorTestPanel — attribute-values are typed by hand, never selected from an existing subject (criterion 2) > issues no network request beyond the panel's own two dependent reads while a subject is assembled by hand
TestingLibraryElementError: Unable to find an accessible element with the role "button" and name "Edit"

Here are the accessible roles:

  heading:

  Name "Connectors":
  [36m<h1[39m
    [33mclass[39m=[32m"text-lg font-semibold text-foreground"[39m
  [36m/>[39m

  --------------------------------------------------
  button:

  Name "New connector configuration":
  [36m<button[39m
    [33mclass[39m=[32m"inline-flex items-center justify-center gap-2 border font-medium tracking-wider uppercase transition-colors outline-none select-none focus-visible:ring-2 focus-visible:ring-ring disabled:pointer-events-none disabled:opacity-50 border-primary bg-primary text-primary-foreground hover:bg-transparent hover:text-primary h-9 px-3 text-sm"[39m
    [33mdata-slot[39m=[32m"button"[39m
    [33mtype[39m=[32m"button"[39m
  [36m/>[39m

  Name "deepl-connector":
  [36m<tr[39m
    [33mclass[39m=[32m"border-b border-border odd:bg-transparent even:bg-zebra transition-colors hover:bg-hover motion-reduce:transition-none cursor-pointer"[39m
    [33mdata-slot[39m=[32m"table-row"[39m
    [33mrole[39m=[32m"button"[39m
    [33mtabindex[39m=[32m"0"[39m
  [36m/>[39m

  --------------------------------------------------
  table:

  Name "":
  [36m<table[39m
    [33mclass[39m=[32m"w-full border-collapse text-sm"[39m
    [33mdata-slot[39m=[32m"table"[39m
  [36m/>[39m

  --------------------------------------------------
  rowgroup:

  Name "":
  [36m<thead[39m
    [33mclass[39m=[32m"border-b border-border bg-surface"[39m
    [33mdata-slot[39m=[32m"table-header"[39m
  [36m/>[39m

  Name "":
  [36m<tbody[39m
    [33mclass[39m=[32m""[39m
    [33mdata-slot[39m=[32m"table-body"[39m
  [36m/>[39m

  --------------------------------------------------
  row:

  Name "Connector":
  [36m<tr[39m
    [33mclass[39m=[32m"border-b border-border odd:bg-transparent even:bg-zebra transition-colors hover:bg-hover motion-reduce:transition-none"[39m
    [33mdata-slot[39m=[32m"table-row"[39m
  [36m/>[39m

  --------------------------------------------------
  columnheader:

  Name "Connector":
  [36m<th[39m
    [33mclass[39m=[32m"h-10 px-3 text-left align-middle text-xs font-medium uppercase tracking-wider text-muted-foreground"[39m
    [33mdata-slot[39m=[32m"table-head"[39m
  [36m/>[39m

  --------------------------------------------------
  cell:

  Name "deepl-connector":
  [36m<td[39m
    [33mclass[39m=[32m"px-3 py-2 align-middle text-foreground"[39m
    [33mdata-slot[39m=[32m"table-cell"[39m
  [36m/>[39m

  --------------------------------------------------

Ignored nodes: comments, script, style
[36m<body>[39m
  [36m<div>[39m
    [36m<div[39m
      [33mclass[39m=[32m"flex flex-col gap-4"[39m
    [36m>[39m
      [36m<div[39m
        [33mclass[39m=[32m"flex items-center justify-between"[39m
      [36m>[39m
        [36m<h1[39m
          [33mclass[39m=[32m"text-lg font-semibold text-foreground"[39m
        [36m>[39m
          [0mConnectors[0m
        [36m</h1>[39m
        [36m<button[39m
          [33mclass[39m=[32m"inline-flex items-center justify-center gap-2 border font-medium tracking-wider uppercase transition-colors outline-none select-none focus-visible:ring-2 focus-visible:ring-ring disabled:pointer-events-none disabled:opacity-50 border-primary bg-primary text-primary-foreground hover:bg-transparent hover:text-primary h-9 px-3 text-sm"[39m
          [33mdata-slot[39m=[32m"button"[39m
          [33mtype[39m=[32m"button"[39m
        [36m>[39m
          [0mNew connector configuration[0m
        [36m</button>[39m
      [36m</div>[39m
      [36m<div[39m
        [33mclass[39m=[32m"w-full overflow-x-auto"[39m
        [33mdata-slot[39m=[32m"table-container"[39m
      [36m>[39m
        [36m<table[39m
          [33mclass[39m=[32m"w-full border-collapse text-sm"[39m
          [33mdata-slot[39m=[32m"table"[39m
        [36m>[39m
          [36m<thead[39m
            [33mclass[39m=[32m"border-b border-border bg-surface"[39m
            [33mdata-slot[39m=[32m"table-header"[39m
          [36m>[39m
            [36m<tr[39m
              [33mclass[39m=[32m"border-b border-border odd:bg-transparent even:bg-zebra transition-colors hover:bg-hover motion-reduce:transition-none"[39m
              [33mdata-slot[39m=[32m"table-row"[39m
            [36m>[39m
              [36m<th[39m
                [33mclass[39m=[32m"h-10 px-3 text-left align-middle text-xs font-medium uppercase tracking-wider text-muted-foreground"[39m
                [33mdata-slot[39m=[32m"table-head"[39m
              [36m>[39m
                [0mConnector[0m
              [36m</th>[39m
            [36m</tr>[39m
          [36m</thead>[39m
          [36m<tbody[39m
            [33mclass[39m=[32m""[39m
            [33mdata-slot[39m=[32m"table-body"[39m
          [36m>[39m
            [36m<tr[39m
              [33mclass[39m=[32m"border-b border-border odd:bg-transparent even:bg-zebra transition-colors hover:bg-hover motion-reduce:transition-none cursor-pointer"[39m
              [33mdata-slot[39m=[32m"table-row"[39m
              [33mrole[39m=[32m"button"[39m
              [33mtabindex[39m=[32m"0"[39m
            [36m>[39m
              [36m<td[39m
                [33mclass[39m=[32m"px-3 py-2 align-middle text-foreground"[39m
                [33mdata-slot[39m=[32m"table-cell"[39m
              [36m>[39m
                [0mdeepl-connector[0m
              [36m</td>[39m
            [36m</tr>[39m
          [36m</tbody>[39m
        [36m</table>[39m
      [36m</div>[39m
    [36m</div>[39m
  [36m</div>[39m
[36m</body>[39m
 ❯ Object.getElementError node_modules/@testing-library/dom/dist/config.js:37:19
 ❯ node_modules/@testing-library/dom/dist/query-helpers.js:76:38
 ❯ node_modules/@testing-library/dom/dist/query-helpers.js:52:17
 ❯ node_modules/@testing-library/dom/dist/query-helpers.js:95:19
 ❯ mountTestPanelInEditMode src/routes/connector-test-panel.test-support.ts:137:26
    135|   await mountConnectorConfigurationsScreen(fetchMock);
    136|   await screen.findByText(target.connector);
    137|   fireEvent.click(screen.getByRole("button", { name: "Edit" }));
       |                          ^
    138|   const dialog = await screen.findByRole("dialog");
    139|   await within(dialog).findByRole("heading", { name: "Test" });
 ❯ src/routes/connector-test-panel-subject-and-attributes.spec.ts:92:35

⎯⎯⎯⎯⎯⎯⎯⎯⎯⎯⎯⎯⎯⎯⎯⎯⎯⎯⎯⎯⎯⎯[39/42]⎯

 FAIL  src/routes/connector-test-panel-subject-and-attributes.spec.ts > ConnectorTestPanel — attribute-values are typed by hand, never selected from an existing subject (criterion 2) > renders the attribute-value row as plain text inputs, not a combobox offering existing subjects to pick from
TestingLibraryElementError: Unable to find an accessible element with the role "button" and name "Edit"

Here are the accessible roles:

  heading:

  Name "Connectors":
  [36m<h1[39m
    [33mclass[39m=[32m"text-lg font-semibold text-foreground"[39m
  [36m/>[39m

  --------------------------------------------------
  button:

  Name "New connector configuration":
  [36m<button[39m
    [33mclass[39m=[32m"inline-flex items-center justify-center gap-2 border font-medium tracking-wider uppercase transition-colors outline-none select-none focus-visible:ring-2 focus-visible:ring-ring disabled:pointer-events-none disabled:opacity-50 border-primary bg-primary text-primary-foreground hover:bg-transparent hover:text-primary h-9 px-3 text-sm"[39m
    [33mdata-slot[39m=[32m"button"[39m
    [33mtype[39m=[32m"button"[39m
  [36m/>[39m

  Name "deepl-connector":
  [36m<tr[39m
    [33mclass[39m=[32m"border-b border-border odd:bg-transparent even:bg-zebra transition-colors hover:bg-hover motion-reduce:transition-none cursor-pointer"[39m
    [33mdata-slot[39m=[32m"table-row"[39m
    [33mrole[39m=[32m"button"[39m
    [33mtabindex[39m=[32m"0"[39m
  [36m/>[39m

  --------------------------------------------------
  table:

  Name "":
  [36m<table[39m
    [33mclass[39m=[32m"w-full border-collapse text-sm"[39m
    [33mdata-slot[39m=[32m"table"[39m
  [36m/>[39m

  --------------------------------------------------
  rowgroup:

  Name "":
  [36m<thead[39m
    [33mclass[39m=[32m"border-b border-border bg-surface"[39m
    [33mdata-slot[39m=[32m"table-header"[39m
  [36m/>[39m

  Name "":
  [36m<tbody[39m
    [33mclass[39m=[32m""[39m
    [33mdata-slot[39m=[32m"table-body"[39m
  [36m/>[39m

  --------------------------------------------------
  row:

  Name "Connector":
  [36m<tr[39m
    [33mclass[39m=[32m"border-b border-border odd:bg-transparent even:bg-zebra transition-colors hover:bg-hover motion-reduce:transition-none"[39m
    [33mdata-slot[39m=[32m"table-row"[39m
  [36m/>[39m

  --------------------------------------------------
  columnheader:

  Name "Connector":
  [36m<th[39m
    [33mclass[39m=[32m"h-10 px-3 text-left align-middle text-xs font-medium uppercase tracking-wider text-muted-foreground"[39m
    [33mdata-slot[39m=[32m"table-head"[39m
  [36m/>[39m

  --------------------------------------------------
  cell:

  Name "deepl-connector":
  [36m<td[39m
    [33mclass[39m=[32m"px-3 py-2 align-middle text-foreground"[39m
    [33mdata-slot[39m=[32m"table-cell"[39m
  [36m/>[39m

  --------------------------------------------------

Ignored nodes: comments, script, style
[36m<body>[39m
  [36m<div>[39m
    [36m<div[39m
      [33mclass[39m=[32m"flex flex-col gap-4"[39m
    [36m>[39m
      [36m<div[39m
        [33mclass[39m=[32m"flex items-center justify-between"[39m
      [36m>[39m
        [36m<h1[39m
          [33mclass[39m=[32m"text-lg font-semibold text-foreground"[39m
        [36m>[39m
          [0mConnectors[0m
        [36m</h1>[39m
        [36m<button[39m
          [33mclass[39m=[32m"inline-flex items-center justify-center gap-2 border font-medium tracking-wider uppercase transition-colors outline-none select-none focus-visible:ring-2 focus-visible:ring-ring disabled:pointer-events-none disabled:opacity-50 border-primary bg-primary text-primary-foreground hover:bg-transparent hover:text-primary h-9 px-3 text-sm"[39m
          [33mdata-slot[39m=[32m"button"[39m
          [33mtype[39m=[32m"button"[39m
        [36m>[39m
          [0mNew connector configuration[0m
        [36m</button>[39m
      [36m</div>[39m
      [36m<div[39m
        [33mclass[39m=[32m"w-full overflow-x-auto"[39m
        [33mdata-slot[39m=[32m"table-container"[39m
      [36m>[39m
        [36m<table[39m
          [33mclass[39m=[32m"w-full border-collapse text-sm"[39m
          [33mdata-slot[39m=[32m"table"[39m
        [36m>[39m
          [36m<thead[39m
            [33mclass[39m=[32m"border-b border-border bg-surface"[39m
            [33mdata-slot[39m=[32m"table-header"[39m
          [36m>[39m
            [36m<tr[39m
              [33mclass[39m=[32m"border-b border-border odd:bg-transparent even:bg-zebra transition-colors hover:bg-hover motion-reduce:transition-none"[39m
              [33mdata-slot[39m=[32m"table-row"[39m
            [36m>[39m
              [36m<th[39m
                [33mclass[39m=[32m"h-10 px-3 text-left align-middle text-xs font-medium uppercase tracking-wider text-muted-foreground"[39m
                [33mdata-slot[39m=[32m"table-head"[39m
              [36m>[39m
                [0mConnector[0m
              [36m</th>[39m
            [36m</tr>[39m
          [36m</thead>[39m
          [36m<tbody[39m
            [33mclass[39m=[32m""[39m
            [33mdata-slot[39m=[32m"table-body"[39m
          [36m>[39m
            [36m<tr[39m
              [33mclass[39m=[32m"border-b border-border odd:bg-transparent even:bg-zebra transition-colors hover:bg-hover motion-reduce:transition-none cursor-pointer"[39m
              [33mdata-slot[39m=[32m"table-row"[39m
              [33mrole[39m=[32m"button"[39m
              [33mtabindex[39m=[32m"0"[39m
            [36m>[39m
              [36m<td[39m
                [33mclass[39m=[32m"px-3 py-2 align-middle text-foreground"[39m
                [33mdata-slot[39m=[32m"table-cell"[39m
              [36m>[39m
                [0mdeepl-connector[0m
              [36m</td>[39m
            [36m</tr>[39m
          [36m</tbody>[39m
        [36m</table>[39m
      [36m</div>[39m
    [36m</div>[39m
  [36m</div>[39m
[36m</body>[39m
 ❯ Object.getElementError node_modules/@testing-library/dom/dist/config.js:37:19
 ❯ node_modules/@testing-library/dom/dist/query-helpers.js:76:38
 ❯ node_modules/@testing-library/dom/dist/query-helpers.js:52:17
 ❯ node_modules/@testing-library/dom/dist/query-helpers.js:95:19
 ❯ mountTestPanelInEditMode src/routes/connector-test-panel.test-support.ts:137:26
    135|   await mountConnectorConfigurationsScreen(fetchMock);
    136|   await screen.findByText(target.connector);
    137|   fireEvent.click(screen.getByRole("button", { name: "Edit" }));
       |                          ^
    138|   const dialog = await screen.findByRole("dialog");
    139|   await within(dialog).findByRole("heading", { name: "Test" });
 ❯ src/routes/connector-test-panel-subject-and-attributes.spec.ts:105:24

⎯⎯⎯⎯⎯⎯⎯⎯⎯⎯⎯⎯⎯⎯⎯⎯⎯⎯⎯⎯⎯⎯[40/42]⎯

 FAIL  src/routes/connector-test-panel-subject-and-attributes.spec.ts > ConnectorTestPanel — requester is collected as a plain free-text field (disclosed inference) > renders Requester as a plain text input, and reflects whatever the operator types into it
TestingLibraryElementError: Unable to find an accessible element with the role "button" and name "Edit"

Here are the accessible roles:

  heading:

  Name "Connectors":
  [36m<h1[39m
    [33mclass[39m=[32m"text-lg font-semibold text-foreground"[39m
  [36m/>[39m

  --------------------------------------------------
  button:

  Name "New connector configuration":
  [36m<button[39m
    [33mclass[39m=[32m"inline-flex items-center justify-center gap-2 border font-medium tracking-wider uppercase transition-colors outline-none select-none focus-visible:ring-2 focus-visible:ring-ring disabled:pointer-events-none disabled:opacity-50 border-primary bg-primary text-primary-foreground hover:bg-transparent hover:text-primary h-9 px-3 text-sm"[39m
    [33mdata-slot[39m=[32m"button"[39m
    [33mtype[39m=[32m"button"[39m
  [36m/>[39m

  Name "deepl-connector":
  [36m<tr[39m
    [33mclass[39m=[32m"border-b border-border odd:bg-transparent even:bg-zebra transition-colors hover:bg-hover motion-reduce:transition-none cursor-pointer"[39m
    [33mdata-slot[39m=[32m"table-row"[39m
    [33mrole[39m=[32m"button"[39m
    [33mtabindex[39m=[32m"0"[39m
  [36m/>[39m

  --------------------------------------------------
  table:

  Name "":
  [36m<table[39m
    [33mclass[39m=[32m"w-full border-collapse text-sm"[39m
    [33mdata-slot[39m=[32m"table"[39m
  [36m/>[39m

  --------------------------------------------------
  rowgroup:

  Name "":
  [36m<thead[39m
    [33mclass[39m=[32m"border-b border-border bg-surface"[39m
    [33mdata-slot[39m=[32m"table-header"[39m
  [36m/>[39m

  Name "":
  [36m<tbody[39m
    [33mclass[39m=[32m""[39m
    [33mdata-slot[39m=[32m"table-body"[39m
  [36m/>[39m

  --------------------------------------------------
  row:

  Name "Connector":
  [36m<tr[39m
    [33mclass[39m=[32m"border-b border-border odd:bg-transparent even:bg-zebra transition-colors hover:bg-hover motion-reduce:transition-none"[39m
    [33mdata-slot[39m=[32m"table-row"[39m
  [36m/>[39m

  --------------------------------------------------
  columnheader:

  Name "Connector":
  [36m<th[39m
    [33mclass[39m=[32m"h-10 px-3 text-left align-middle text-xs font-medium uppercase tracking-wider text-muted-foreground"[39m
    [33mdata-slot[39m=[32m"table-head"[39m
  [36m/>[39m

  --------------------------------------------------
  cell:

  Name "deepl-connector":
  [36m<td[39m
    [33mclass[39m=[32m"px-3 py-2 align-middle text-foreground"[39m
    [33mdata-slot[39m=[32m"table-cell"[39m
  [36m/>[39m

  --------------------------------------------------

Ignored nodes: comments, script, style
[36m<body>[39m
  [36m<div>[39m
    [36m<div[39m
      [33mclass[39m=[32m"flex flex-col gap-4"[39m
    [36m>[39m
      [36m<div[39m
        [33mclass[39m=[32m"flex items-center justify-between"[39m
      [36m>[39m
        [36m<h1[39m
          [33mclass[39m=[32m"text-lg font-semibold text-foreground"[39m
        [36m>[39m
          [0mConnectors[0m
        [36m</h1>[39m
        [36m<button[39m
          [33mclass[39m=[32m"inline-flex items-center justify-center gap-2 border font-medium tracking-wider uppercase transition-colors outline-none select-none focus-visible:ring-2 focus-visible:ring-ring disabled:pointer-events-none disabled:opacity-50 border-primary bg-primary text-primary-foreground hover:bg-transparent hover:text-primary h-9 px-3 text-sm"[39m
          [33mdata-slot[39m=[32m"button"[39m
          [33mtype[39m=[32m"button"[39m
        [36m>[39m
          [0mNew connector configuration[0m
        [36m</button>[39m
      [36m</div>[39m
      [36m<div[39m
        [33mclass[39m=[32m"w-full overflow-x-auto"[39m
        [33mdata-slot[39m=[32m"table-container"[39m
      [36m>[39m
        [36m<table[39m
          [33mclass[39m=[32m"w-full border-collapse text-sm"[39m
          [33mdata-slot[39m=[32m"table"[39m
        [36m>[39m
          [36m<thead[39m
            [33mclass[39m=[32m"border-b border-border bg-surface"[39m
            [33mdata-slot[39m=[32m"table-header"[39m
          [36m>[39m
            [36m<tr[39m
              [33mclass[39m=[32m"border-b border-border odd:bg-transparent even:bg-zebra transition-colors hover:bg-hover motion-reduce:transition-none"[39m
              [33mdata-slot[39m=[32m"table-row"[39m
            [36m>[39m
              [36m<th[39m
                [33mclass[39m=[32m"h-10 px-3 text-left align-middle text-xs font-medium uppercase tracking-wider text-muted-foreground"[39m
                [33mdata-slot[39m=[32m"table-head"[39m
              [36m>[39m
                [0mConnector[0m
              [36m</th>[39m
            [36m</tr>[39m
          [36m</thead>[39m
          [36m<tbody[39m
            [33mclass[39m=[32m""[39m
            [33mdata-slot[39m=[32m"table-body"[39m
          [36m>[39m
            [36m<tr[39m
              [33mclass[39m=[32m"border-b border-border odd:bg-transparent even:bg-zebra transition-colors hover:bg-hover motion-reduce:transition-none cursor-pointer"[39m
              [33mdata-slot[39m=[32m"table-row"[39m
              [33mrole[39m=[32m"button"[39m
              [33mtabindex[39m=[32m"0"[39m
            [36m>[39m
              [36m<td[39m
                [33mclass[39m=[32m"px-3 py-2 align-middle text-foreground"[39m
                [33mdata-slot[39m=[32m"table-cell"[39m
              [36m>[39m
                [0mdeepl-connector[0m
              [36m</td>[39m
            [36m</tr>[39m
          [36m</tbody>[39m
        [36m</table>[39m
      [36m</div>[39m
    [36m</div>[39m
  [36m</div>[39m
[36m</body>[39m
 ❯ Object.getElementError node_modules/@testing-library/dom/dist/config.js:37:19
 ❯ node_modules/@testing-library/dom/dist/query-helpers.js:76:38
 ❯ node_modules/@testing-library/dom/dist/query-helpers.js:52:17
 ❯ node_modules/@testing-library/dom/dist/query-helpers.js:95:19
 ❯ mountTestPanelInEditMode src/routes/connector-test-panel.test-support.ts:137:26
    135|   await mountConnectorConfigurationsScreen(fetchMock);
    136|   await screen.findByText(target.connector);
    137|   fireEvent.click(screen.getByRole("button", { name: "Edit" }));
       |                          ^
    138|   const dialog = await screen.findByRole("dialog");
    139|   await within(dialog).findByRole("heading", { name: "Test" });
 ❯ src/routes/connector-test-panel-subject-and-attributes.spec.ts:117:24

⎯⎯⎯⎯⎯⎯⎯⎯⎯⎯⎯⎯⎯⎯⎯⎯⎯⎯⎯⎯⎯⎯[41/42]⎯

 FAIL  src/routes/route-tree.spec.ts > route-tree > registers a route at each of the thirteen proposal-plus-origination screens' paths, and no other
AssertionError: expected [ '/capabilities', '/cases', …(12) ] to deeply equal [ '/capabilities', '/cases', …(11) ]

- Expected
+ Received

@@ -9,7 +9,8 @@
    "/cases/$slug/versions/$version/manifest/hypotheses/$hypothesisName",
    "/cases/$slug/versions/$version/manifest/hypotheses/new",
    "/cases/$slug/versions/$version/release",
    "/cases/$slug/versions/new",
    "/connectors",
+   "/connectors/$connector",
    "/glossary",
  ]

 ❯ src/routes/route-tree.spec.ts:97:37
     95|     const actualPaths = leafRoutes().map((route) => route.fullPath);
     96|
     97|     expect([...actualPaths].sort()).toEqual([...EXPECTED_PATHS].sort()…
       |                                     ^
     98|   });
     99|

⎯⎯⎯⎯⎯⎯⎯⎯⎯⎯⎯⎯⎯⎯⎯⎯⎯⎯⎯⎯⎯⎯[42/42]⎯


 Test Files  13 failed | 58 passed (71)
      Tests  42 failed | 473 passed (515)
   Start at  07:09:33
   Duration  22.09s (transform 10.55s, setup 0ms, import 61.50s, tests 83.39s, environment 68.77s)


