===== install :: npm ci :: passed =====
npm warn deprecated try-resolve@1.0.1: Package no longer supported. Contact Support at https://www.npmjs.com/support for more info.
npm warn deprecated whatwg-encoding@3.1.1: Use @exodus/bytes instead for a more spec-conformant and faster implementation
npm warn deprecated eslint@9.39.5: This version is no longer supported. Please see https://eslint.org/version-support for other options.

> case-authoring-console@0.1.0 postinstall
> node scripts/dedupe-tui-react.mjs

dedupe-tui-react: react already deduped
dedupe-tui-react: react-dom already deduped

added 577 packages, and audited 578 packages in 14s

196 packages are looking for funding
  run `npm fund` for details

found 0 vulnerabilities

===== typecheck :: npm run typecheck :: passed =====

> case-authoring-console@0.1.0 typecheck
> tsc --noEmit


===== lint :: npm run lint :: passed =====

> case-authoring-console@0.1.0 lint
> eslint .


===== style :: npm run lint:css :: passed =====

> case-authoring-console@0.1.0 lint:css
> stylelint "src/**/*.css"


===== build :: npm run build :: passed =====

> case-authoring-console@0.1.0 build
> vite build

vite v6.4.3 building for production...
transforming...
Found 1 warning while optimizing generated CSS:

[2m│   }[22m
[2m│   .rounded-\[var\(--radius-\*\)\] {[22m
[2m│[22m     border-radius: var(--radius-*);
[2m┆[22m                                 [33m[2m^--[22m Unexpected token Delim('*')[39m
[2m┆[22m
[2m│   }[22m
[2m│   .rounded-full {[22m

✓ 1918 modules transformed.
rendering chunks...
computing gzip size...
dist/index.html                   0.41 kB │ gzip:   0.27 kB
dist/assets/index-DGx-Y8pw.css   29.86 kB │ gzip:   6.63 kB
dist/assets/index-C9SH-rmW.js   663.44 kB │ gzip: 199.79 kB

(!) Some chunks are larger than 500 kB after minification. Consider:
- Using dynamic import() to code-split the application
- Use build.rollupOptions.output.manualChunks to improve chunking: https://rollupjs.org/configuration-options/#output-manualchunks
- Adjust chunk size limit for this warning via build.chunkSizeWarningLimit.
✓ built in 4.11s

===== a11y :: npm run test:a11y :: passed =====

> case-authoring-console@0.1.0 test:a11y
> playwright test --pass-with-no-tests

[WebServer] Found 1 warning while optimizing generated CSS:
[WebServer] 
[WebServer] │   }
[WebServer] │   .rounded-\[var\(--radius-\*\)\] {
[WebServer] │     border-radius: var(--radius-*);
[WebServer] ┆                                 ^-- Unexpected token Delim('*')
[WebServer] ┆
[WebServer] │   }
[WebServer] │   .rounded-full {
[WebServer] 
[WebServer] 
[WebServer] (!) Some chunks are larger than 500 kB after minification. Consider:
[WebServer] - Using dynamic import() to code-split the application
[WebServer] - Use build.rollupOptions.output.manualChunks to improve chunking: https://rollupjs.org/configuration-options/#output-manualchunks
[WebServer] - Adjust chunk size limit for this warning via build.chunkSizeWarningLimit.


===== secret-scan :: npm run secret-scan :: passed =====

> case-authoring-console@0.1.0 secret-scan
> secretlint "**/*"


===== test :: npm test :: passed =====

> case-authoring-console@0.1.0 test
> vitest run --passWithNoTests


 RUN  v4.1.11 /home/siegfriedneto/projects/servicedeskn1-fix-simulate-hypothesis/frontend/app

Error: Not implemented: window.scrollTo
    at module.exports (/home/siegfriedneto/projects/servicedeskn1-fix-simulate-hypothesis/frontend/app/node_modules/jsdom/lib/jsdom/browser/not-implemented.js:9:17)
    at /home/siegfriedneto/projects/servicedeskn1-fix-simulate-hypothesis/frontend/app/node_modules/jsdom/lib/jsdom/browser/Window.js:960:7
    at Object.fn (file:///home/siegfriedneto/projects/servicedeskn1-fix-simulate-hypothesis/frontend/app/node_modules/@tanstack/router-core/dist/esm/scroll-restoration.js:180:27)
    at RouterCore.emit (file:///home/siegfriedneto/projects/servicedeskn1-fix-simulate-hypothesis/frontend/app/node_modules/@tanstack/router-core/dist/esm/router.js:178:14)
    at file:///home/siegfriedneto/projects/servicedeskn1-fix-simulate-hypothesis/frontend/app/node_modules/@tanstack/react-router/dist/esm/Transitioner.js:46:25
    at settleOwner (file:///home/siegfriedneto/projects/servicedeskn1-fix-simulate-hypothesis/frontend/app/node_modules/@tanstack/react-router/dist/esm/Transitioner.js:10:10)
    at file:///home/siegfriedneto/projects/servicedeskn1-fix-simulate-hypothesis/frontend/app/node_modules/@tanstack/react-router/dist/esm/Matches.js:38:39
    at Object.react_stack_bottom_frame (/home/siegfriedneto/projects/servicedeskn1-fix-simulate-hypothesis/frontend/app/node_modules/react-dom/cjs/react-dom-client.development.js:25989:20)
    at runWithFiberInDEV (/home/siegfriedneto/projects/servicedeskn1-fix-simulate-hypothesis/frontend/app/node_modules/react-dom/cjs/react-dom-client.development.js:874:13)
    at commitHookEffectListMount (/home/siegfriedneto/projects/servicedeskn1-fix-simulate-hypothesis/frontend/app/node_modules/react-dom/cjs/react-dom-client.development.js:13249:29) undefined
Error: Not implemented: window.scrollTo
    at module.exports (/home/siegfriedneto/projects/servicedeskn1-fix-simulate-hypothesis/frontend/app/node_modules/jsdom/lib/jsdom/browser/not-implemented.js:9:17)
    at /home/siegfriedneto/projects/servicedeskn1-fix-simulate-hypothesis/frontend/app/node_modules/jsdom/lib/jsdom/browser/Window.js:960:7
    at Object.fn (file:///home/siegfriedneto/projects/servicedeskn1-fix-simulate-hypothesis/frontend/app/node_modules/@tanstack/router-core/dist/esm/scroll-restoration.js:180:27)
    at RouterCore.emit (file:///home/siegfriedneto/projects/servicedeskn1-fix-simulate-hypothesis/frontend/app/node_modules/@tanstack/router-core/dist/esm/router.js:178:14)
    at file:///home/siegfriedneto/projects/servicedeskn1-fix-simulate-hypothesis/frontend/app/node_modules/@tanstack/react-router/dist/esm/Transitioner.js:46:25
    at settleOwner (file:///home/siegfriedneto/projects/servicedeskn1-fix-simulate-hypothesis/frontend/app/node_modules/@tanstack/react-router/dist/esm/Transitioner.js:10:10)
    at file:///home/siegfriedneto/projects/servicedeskn1-fix-simulate-hypothesis/frontend/app/node_modules/@tanstack/react-router/dist/esm/Matches.js:38:39
    at Object.react_stack_bottom_frame (/home/siegfriedneto/projects/servicedeskn1-fix-simulate-hypothesis/frontend/app/node_modules/react-dom/cjs/react-dom-client.development.js:25989:20)
    at runWithFiberInDEV (/home/siegfriedneto/projects/servicedeskn1-fix-simulate-hypothesis/frontend/app/node_modules/react-dom/cjs/react-dom-client.development.js:874:13)
    at commitHookEffectListMount (/home/siegfriedneto/projects/servicedeskn1-fix-simulate-hypothesis/frontend/app/node_modules/react-dom/cjs/react-dom-client.development.js:13249:29) undefined
Error: Not implemented: window.scrollTo
    at module.exports (/home/siegfriedneto/projects/servicedeskn1-fix-simulate-hypothesis/frontend/app/node_modules/jsdom/lib/jsdom/browser/not-implemented.js:9:17)
    at /home/siegfriedneto/projects/servicedeskn1-fix-simulate-hypothesis/frontend/app/node_modules/jsdom/lib/jsdom/browser/Window.js:960:7
    at Object.fn (file:///home/siegfriedneto/projects/servicedeskn1-fix-simulate-hypothesis/frontend/app/node_modules/@tanstack/router-core/dist/esm/scroll-restoration.js:180:27)
    at RouterCore.emit (file:///home/siegfriedneto/projects/servicedeskn1-fix-simulate-hypothesis/frontend/app/node_modules/@tanstack/router-core/dist/esm/router.js:178:14)
    at file:///home/siegfriedneto/projects/servicedeskn1-fix-simulate-hypothesis/frontend/app/node_modules/@tanstack/react-router/dist/esm/Transitioner.js:46:25
    at settleOwner (file:///home/siegfriedneto/projects/servicedeskn1-fix-simulate-hypothesis/frontend/app/node_modules/@tanstack/react-router/dist/esm/Transitioner.js:10:10)
    at file:///home/siegfriedneto/projects/servicedeskn1-fix-simulate-hypothesis/frontend/app/node_modules/@tanstack/react-router/dist/esm/Matches.js:38:39
    at Object.react_stack_bottom_frame (/home/siegfriedneto/projects/servicedeskn1-fix-simulate-hypothesis/frontend/app/node_modules/react-dom/cjs/react-dom-client.development.js:25989:20)
    at runWithFiberInDEV (/home/siegfriedneto/projects/servicedeskn1-fix-simulate-hypothesis/frontend/app/node_modules/react-dom/cjs/react-dom-client.development.js:874:13)
    at commitHookEffectListMount (/home/siegfriedneto/projects/servicedeskn1-fix-simulate-hypothesis/frontend/app/node_modules/react-dom/cjs/react-dom-client.development.js:13249:29) undefined
Error: Not implemented: window.scrollTo
    at module.exports (/home/siegfriedneto/projects/servicedeskn1-fix-simulate-hypothesis/frontend/app/node_modules/jsdom/lib/jsdom/browser/not-implemented.js:9:17)
    at /home/siegfriedneto/projects/servicedeskn1-fix-simulate-hypothesis/frontend/app/node_modules/jsdom/lib/jsdom/browser/Window.js:960:7
    at Object.fn (file:///home/siegfriedneto/projects/servicedeskn1-fix-simulate-hypothesis/frontend/app/node_modules/@tanstack/router-core/dist/esm/scroll-restoration.js:180:27)
    at RouterCore.emit (file:///home/siegfriedneto/projects/servicedeskn1-fix-simulate-hypothesis/frontend/app/node_modules/@tanstack/router-core/dist/esm/router.js:178:14)
    at file:///home/siegfriedneto/projects/servicedeskn1-fix-simulate-hypothesis/frontend/app/node_modules/@tanstack/react-router/dist/esm/Transitioner.js:46:25
    at settleOwner (file:///home/siegfriedneto/projects/servicedeskn1-fix-simulate-hypothesis/frontend/app/node_modules/@tanstack/react-router/dist/esm/Transitioner.js:10:10)
    at file:///home/siegfriedneto/projects/servicedeskn1-fix-simulate-hypothesis/frontend/app/node_modules/@tanstack/react-router/dist/esm/Matches.js:38:39
    at Object.react_stack_bottom_frame (/home/siegfriedneto/projects/servicedeskn1-fix-simulate-hypothesis/frontend/app/node_modules/react-dom/cjs/react-dom-client.development.js:25989:20)
    at runWithFiberInDEV (/home/siegfriedneto/projects/servicedeskn1-fix-simulate-hypothesis/frontend/app/node_modules/react-dom/cjs/react-dom-client.development.js:874:13)
    at commitHookEffectListMount (/home/siegfriedneto/projects/servicedeskn1-fix-simulate-hypothesis/frontend/app/node_modules/react-dom/cjs/react-dom-client.development.js:13249:29) undefined
Error: Not implemented: window.scrollTo
    at module.exports (/home/siegfriedneto/projects/servicedeskn1-fix-simulate-hypothesis/frontend/app/node_modules/jsdom/lib/jsdom/browser/not-implemented.js:9:17)
    at /home/siegfriedneto/projects/servicedeskn1-fix-simulate-hypothesis/frontend/app/node_modules/jsdom/lib/jsdom/browser/Window.js:960:7
    at Object.fn (file:///home/siegfriedneto/projects/servicedeskn1-fix-simulate-hypothesis/frontend/app/node_modules/@tanstack/router-core/dist/esm/scroll-restoration.js:180:27)
    at RouterCore.emit (file:///home/siegfriedneto/projects/servicedeskn1-fix-simulate-hypothesis/frontend/app/node_modules/@tanstack/router-core/dist/esm/router.js:178:14)
    at file:///home/siegfriedneto/projects/servicedeskn1-fix-simulate-hypothesis/frontend/app/node_modules/@tanstack/react-router/dist/esm/Transitioner.js:46:25
    at settleOwner (file:///home/siegfriedneto/projects/servicedeskn1-fix-simulate-hypothesis/frontend/app/node_modules/@tanstack/react-router/dist/esm/Transitioner.js:10:10)
    at file:///home/siegfriedneto/projects/servicedeskn1-fix-simulate-hypothesis/frontend/app/node_modules/@tanstack/react-router/dist/esm/Matches.js:38:39
    at Object.react_stack_bottom_frame (/home/siegfriedneto/projects/servicedeskn1-fix-simulate-hypothesis/frontend/app/node_modules/react-dom/cjs/react-dom-client.development.js:25989:20)
    at runWithFiberInDEV (/home/siegfriedneto/projects/servicedeskn1-fix-simulate-hypothesis/frontend/app/node_modules/react-dom/cjs/react-dom-client.development.js:874:13)
    at commitHookEffectListMount (/home/siegfriedneto/projects/servicedeskn1-fix-simulate-hypothesis/frontend/app/node_modules/react-dom/cjs/react-dom-client.development.js:13249:29) undefined
Error: Not implemented: window.scrollTo
    at module.exports (/home/siegfriedneto/projects/servicedeskn1-fix-simulate-hypothesis/frontend/app/node_modules/jsdom/lib/jsdom/browser/not-implemented.js:9:17)
    at /home/siegfriedneto/projects/servicedeskn1-fix-simulate-hypothesis/frontend/app/node_modules/jsdom/lib/jsdom/browser/Window.js:960:7
    at Object.fn (file:///home/siegfriedneto/projects/servicedeskn1-fix-simulate-hypothesis/frontend/app/node_modules/@tanstack/router-core/dist/esm/scroll-restoration.js:180:27)
    at RouterCore.emit (file:///home/siegfriedneto/projects/servicedeskn1-fix-simulate-hypothesis/frontend/app/node_modules/@tanstack/router-core/dist/esm/router.js:178:14)
    at file:///home/siegfriedneto/projects/servicedeskn1-fix-simulate-hypothesis/frontend/app/node_modules/@tanstack/react-router/dist/esm/Transitioner.js:46:25
    at settleOwner (file:///home/siegfriedneto/projects/servicedeskn1-fix-simulate-hypothesis/frontend/app/node_modules/@tanstack/react-router/dist/esm/Transitioner.js:10:10)
    at file:///home/siegfriedneto/projects/servicedeskn1-fix-simulate-hypothesis/frontend/app/node_modules/@tanstack/react-router/dist/esm/Matches.js:38:39
    at Object.react_stack_bottom_frame (/home/siegfriedneto/projects/servicedeskn1-fix-simulate-hypothesis/frontend/app/node_modules/react-dom/cjs/react-dom-client.development.js:25989:20)
    at runWithFiberInDEV (/home/siegfriedneto/projects/servicedeskn1-fix-simulate-hypothesis/frontend/app/node_modules/react-dom/cjs/react-dom-client.development.js:874:13)
    at commitHookEffectListMount (/home/siegfriedneto/projects/servicedeskn1-fix-simulate-hypothesis/frontend/app/node_modules/react-dom/cjs/react-dom-client.development.js:13249:29) undefined
Error: Not implemented: window.scrollTo
    at module.exports (/home/siegfriedneto/projects/servicedeskn1-fix-simulate-hypothesis/frontend/app/node_modules/jsdom/lib/jsdom/browser/not-implemented.js:9:17)
    at /home/siegfriedneto/projects/servicedeskn1-fix-simulate-hypothesis/frontend/app/node_modules/jsdom/lib/jsdom/browser/Window.js:960:7
    at Object.fn (file:///home/siegfriedneto/projects/servicedeskn1-fix-simulate-hypothesis/frontend/app/node_modules/@tanstack/router-core/dist/esm/scroll-restoration.js:180:27)
    at RouterCore.emit (file:///home/siegfriedneto/projects/servicedeskn1-fix-simulate-hypothesis/frontend/app/node_modules/@tanstack/router-core/dist/esm/router.js:178:14)
    at file:///home/siegfriedneto/projects/servicedeskn1-fix-simulate-hypothesis/frontend/app/node_modules/@tanstack/react-router/dist/esm/Transitioner.js:46:25
    at settleOwner (file:///home/siegfriedneto/projects/servicedeskn1-fix-simulate-hypothesis/frontend/app/node_modules/@tanstack/react-router/dist/esm/Transitioner.js:10:10)
    at file:///home/siegfriedneto/projects/servicedeskn1-fix-simulate-hypothesis/frontend/app/node_modules/@tanstack/react-router/dist/esm/Matches.js:38:39
    at Object.react_stack_bottom_frame (/home/siegfriedneto/projects/servicedeskn1-fix-simulate-hypothesis/frontend/app/node_modules/react-dom/cjs/react-dom-client.development.js:25989:20)
    at runWithFiberInDEV (/home/siegfriedneto/projects/servicedeskn1-fix-simulate-hypothesis/frontend/app/node_modules/react-dom/cjs/react-dom-client.development.js:874:13)
    at commitHookEffectListMount (/home/siegfriedneto/projects/servicedeskn1-fix-simulate-hypothesis/frontend/app/node_modules/react-dom/cjs/react-dom-client.development.js:13249:29) undefined
Error: Not implemented: window.scrollTo
    at module.exports (/home/siegfriedneto/projects/servicedeskn1-fix-simulate-hypothesis/frontend/app/node_modules/jsdom/lib/jsdom/browser/not-implemented.js:9:17)
    at /home/siegfriedneto/projects/servicedeskn1-fix-simulate-hypothesis/frontend/app/node_modules/jsdom/lib/jsdom/browser/Window.js:960:7
    at Object.fn (file:///home/siegfriedneto/projects/servicedeskn1-fix-simulate-hypothesis/frontend/app/node_modules/@tanstack/router-core/dist/esm/scroll-restoration.js:180:27)
    at RouterCore.emit (file:///home/siegfriedneto/projects/servicedeskn1-fix-simulate-hypothesis/frontend/app/node_modules/@tanstack/router-core/dist/esm/router.js:178:14)
    at file:///home/siegfriedneto/projects/servicedeskn1-fix-simulate-hypothesis/frontend/app/node_modules/@tanstack/react-router/dist/esm/Transitioner.js:46:25
    at settleOwner (file:///home/siegfriedneto/projects/servicedeskn1-fix-simulate-hypothesis/frontend/app/node_modules/@tanstack/react-router/dist/esm/Transitioner.js:10:10)
    at file:///home/siegfriedneto/projects/servicedeskn1-fix-simulate-hypothesis/frontend/app/node_modules/@tanstack/react-router/dist/esm/Matches.js:38:39
    at Object.react_stack_bottom_frame (/home/siegfriedneto/projects/servicedeskn1-fix-simulate-hypothesis/frontend/app/node_modules/react-dom/cjs/react-dom-client.development.js:25989:20)
    at runWithFiberInDEV (/home/siegfriedneto/projects/servicedeskn1-fix-simulate-hypothesis/frontend/app/node_modules/react-dom/cjs/react-dom-client.development.js:874:13)
    at commitHookEffectListMount (/home/siegfriedneto/projects/servicedeskn1-fix-simulate-hypothesis/frontend/app/node_modules/react-dom/cjs/react-dom-client.development.js:13249:29) undefined
Error: Not implemented: window.scrollTo
    at module.exports (/home/siegfriedneto/projects/servicedeskn1-fix-simulate-hypothesis/frontend/app/node_modules/jsdom/lib/jsdom/browser/not-implemented.js:9:17)
    at /home/siegfriedneto/projects/servicedeskn1-fix-simulate-hypothesis/frontend/app/node_modules/jsdom/lib/jsdom/browser/Window.js:960:7
    at Object.fn (file:///home/siegfriedneto/projects/servicedeskn1-fix-simulate-hypothesis/frontend/app/node_modules/@tanstack/router-core/dist/esm/scroll-restoration.js:180:27)
    at RouterCore.emit (file:///home/siegfriedneto/projects/servicedeskn1-fix-simulate-hypothesis/frontend/app/node_modules/@tanstack/router-core/dist/esm/router.js:178:14)
    at file:///home/siegfriedneto/projects/servicedeskn1-fix-simulate-hypothesis/frontend/app/node_modules/@tanstack/react-router/dist/esm/Transitioner.js:46:25
    at settleOwner (file:///home/siegfriedneto/projects/servicedeskn1-fix-simulate-hypothesis/frontend/app/node_modules/@tanstack/react-router/dist/esm/Transitioner.js:10:10)
    at file:///home/siegfriedneto/projects/servicedeskn1-fix-simulate-hypothesis/frontend/app/node_modules/@tanstack/react-router/dist/esm/Matches.js:38:39
    at Object.react_stack_bottom_frame (/home/siegfriedneto/projects/servicedeskn1-fix-simulate-hypothesis/frontend/app/node_modules/react-dom/cjs/react-dom-client.development.js:25989:20)
    at runWithFiberInDEV (/home/siegfriedneto/projects/servicedeskn1-fix-simulate-hypothesis/frontend/app/node_modules/react-dom/cjs/react-dom-client.development.js:874:13)
    at commitHookEffectListMount (/home/siegfriedneto/projects/servicedeskn1-fix-simulate-hypothesis/frontend/app/node_modules/react-dom/cjs/react-dom-client.development.js:13249:29) undefined
Error: Not implemented: window.scrollTo
    at module.exports (/home/siegfriedneto/projects/servicedeskn1-fix-simulate-hypothesis/frontend/app/node_modules/jsdom/lib/jsdom/browser/not-implemented.js:9:17)
    at /home/siegfriedneto/projects/servicedeskn1-fix-simulate-hypothesis/frontend/app/node_modules/jsdom/lib/jsdom/browser/Window.js:960:7
    at Object.fn (file:///home/siegfriedneto/projects/servicedeskn1-fix-simulate-hypothesis/frontend/app/node_modules/@tanstack/router-core/dist/esm/scroll-restoration.js:180:27)
    at RouterCore.emit (file:///home/siegfriedneto/projects/servicedeskn1-fix-simulate-hypothesis/frontend/app/node_modules/@tanstack/router-core/dist/esm/router.js:178:14)
    at file:///home/siegfriedneto/projects/servicedeskn1-fix-simulate-hypothesis/frontend/app/node_modules/@tanstack/react-router/dist/esm/Transitioner.js:46:25
    at settleOwner (file:///home/siegfriedneto/projects/servicedeskn1-fix-simulate-hypothesis/frontend/app/node_modules/@tanstack/react-router/dist/esm/Transitioner.js:10:10)
    at file:///home/siegfriedneto/projects/servicedeskn1-fix-simulate-hypothesis/frontend/app/node_modules/@tanstack/react-router/dist/esm/Matches.js:38:39
    at Object.react_stack_bottom_frame (/home/siegfriedneto/projects/servicedeskn1-fix-simulate-hypothesis/frontend/app/node_modules/react-dom/cjs/react-dom-client.development.js:25989:20)
    at runWithFiberInDEV (/home/siegfriedneto/projects/servicedeskn1-fix-simulate-hypothesis/frontend/app/node_modules/react-dom/cjs/react-dom-client.development.js:874:13)
    at commitHookEffectListMount (/home/siegfriedneto/projects/servicedeskn1-fix-simulate-hypothesis/frontend/app/node_modules/react-dom/cjs/react-dom-client.development.js:13249:29) undefined
Error: Not implemented: window.scrollTo
    at module.exports (/home/siegfriedneto/projects/servicedeskn1-fix-simulate-hypothesis/frontend/app/node_modules/jsdom/lib/jsdom/browser/not-implemented.js:9:17)
    at /home/siegfriedneto/projects/servicedeskn1-fix-simulate-hypothesis/frontend/app/node_modules/jsdom/lib/jsdom/browser/Window.js:960:7
    at Object.fn (file:///home/siegfriedneto/projects/servicedeskn1-fix-simulate-hypothesis/frontend/app/node_modules/@tanstack/router-core/dist/esm/scroll-restoration.js:180:27)
    at RouterCore.emit (file:///home/siegfriedneto/projects/servicedeskn1-fix-simulate-hypothesis/frontend/app/node_modules/@tanstack/router-core/dist/esm/router.js:178:14)
    at file:///home/siegfriedneto/projects/servicedeskn1-fix-simulate-hypothesis/frontend/app/node_modules/@tanstack/react-router/dist/esm/Transitioner.js:46:25
    at settleOwner (file:///home/siegfriedneto/projects/servicedeskn1-fix-simulate-hypothesis/frontend/app/node_modules/@tanstack/react-router/dist/esm/Transitioner.js:10:10)
    at file:///home/siegfriedneto/projects/servicedeskn1-fix-simulate-hypothesis/frontend/app/node_modules/@tanstack/react-router/dist/esm/Matches.js:38:39
    at Object.react_stack_bottom_frame (/home/siegfriedneto/projects/servicedeskn1-fix-simulate-hypothesis/frontend/app/node_modules/react-dom/cjs/react-dom-client.development.js:25989:20)
    at runWithFiberInDEV (/home/siegfriedneto/projects/servicedeskn1-fix-simulate-hypothesis/frontend/app/node_modules/react-dom/cjs/react-dom-client.development.js:874:13)
    at commitHookEffectListMount (/home/siegfriedneto/projects/servicedeskn1-fix-simulate-hypothesis/frontend/app/node_modules/react-dom/cjs/react-dom-client.development.js:13249:29) undefined
Error: Not implemented: window.scrollTo
    at module.exports (/home/siegfriedneto/projects/servicedeskn1-fix-simulate-hypothesis/frontend/app/node_modules/jsdom/lib/jsdom/browser/not-implemented.js:9:17)
    at /home/siegfriedneto/projects/servicedeskn1-fix-simulate-hypothesis/frontend/app/node_modules/jsdom/lib/jsdom/browser/Window.js:960:7
    at Object.fn (file:///home/siegfriedneto/projects/servicedeskn1-fix-simulate-hypothesis/frontend/app/node_modules/@tanstack/router-core/dist/esm/scroll-restoration.js:180:27)
    at RouterCore.emit (file:///home/siegfriedneto/projects/servicedeskn1-fix-simulate-hypothesis/frontend/app/node_modules/@tanstack/router-core/dist/esm/router.js:178:14)
    at file:///home/siegfriedneto/projects/servicedeskn1-fix-simulate-hypothesis/frontend/app/node_modules/@tanstack/router-core/dist/esm/load-client.js:943:46
    at Router.batch (file:///home/siegfriedneto/projects/servicedeskn1-fix-simulate-hypothesis/frontend/app/node_modules/@tanstack/store/dist/esm/atom.js:39:5)
    at file:///home/siegfriedneto/projects/servicedeskn1-fix-simulate-hypothesis/frontend/app/node_modules/@tanstack/router-core/dist/esm/load-client.js:936:10
    at runClientTransaction (file:///home/siegfriedneto/projects/servicedeskn1-fix-simulate-hypothesis/frontend/app/node_modules/@tanstack/router-core/dist/esm/load-client.js:902:2)
    at loadClientRoute (file:///home/siegfriedneto/projects/servicedeskn1-fix-simulate-hypothesis/frontend/app/node_modules/@tanstack/router-core/dist/esm/load-client.js:1034:2)
    at RouterCore.load (file:///home/siegfriedneto/projects/servicedeskn1-fix-simulate-hypothesis/frontend/app/node_modules/@tanstack/router-core/dist/esm/router.js:489:4) undefined
Error: Not implemented: window.scrollTo
    at module.exports (/home/siegfriedneto/projects/servicedeskn1-fix-simulate-hypothesis/frontend/app/node_modules/jsdom/lib/jsdom/browser/not-implemented.js:9:17)
    at /home/siegfriedneto/projects/servicedeskn1-fix-simulate-hypothesis/frontend/app/node_modules/jsdom/lib/jsdom/browser/Window.js:960:7
    at Object.fn (file:///home/siegfriedneto/projects/servicedeskn1-fix-simulate-hypothesis/frontend/app/node_modules/@tanstack/router-core/dist/esm/scroll-restoration.js:180:27)
    at RouterCore.emit (file:///home/siegfriedneto/projects/servicedeskn1-fix-simulate-hypothesis/frontend/app/node_modules/@tanstack/router-core/dist/esm/router.js:178:14)
    at file:///home/siegfriedneto/projects/servicedeskn1-fix-simulate-hypothesis/frontend/app/node_modules/@tanstack/react-router/dist/esm/Transitioner.js:46:25
    at settleOwner (file:///home/siegfriedneto/projects/servicedeskn1-fix-simulate-hypothesis/frontend/app/node_modules/@tanstack/react-router/dist/esm/Transitioner.js:10:10)
    at file:///home/siegfriedneto/projects/servicedeskn1-fix-simulate-hypothesis/frontend/app/node_modules/@tanstack/react-router/dist/esm/Matches.js:38:39
    at Object.react_stack_bottom_frame (/home/siegfriedneto/projects/servicedeskn1-fix-simulate-hypothesis/frontend/app/node_modules/react-dom/cjs/react-dom-client.development.js:25989:20)
    at runWithFiberInDEV (/home/siegfriedneto/projects/servicedeskn1-fix-simulate-hypothesis/frontend/app/node_modules/react-dom/cjs/react-dom-client.development.js:874:13)
    at commitHookEffectListMount (/home/siegfriedneto/projects/servicedeskn1-fix-simulate-hypothesis/frontend/app/node_modules/react-dom/cjs/react-dom-client.development.js:13249:29) undefined
Error: Not implemented: window.scrollTo
    at module.exports (/home/siegfriedneto/projects/servicedeskn1-fix-simulate-hypothesis/frontend/app/node_modules/jsdom/lib/jsdom/browser/not-implemented.js:9:17)
    at /home/siegfriedneto/projects/servicedeskn1-fix-simulate-hypothesis/frontend/app/node_modules/jsdom/lib/jsdom/browser/Window.js:960:7
    at Object.fn (file:///home/siegfriedneto/projects/servicedeskn1-fix-simulate-hypothesis/frontend/app/node_modules/@tanstack/router-core/dist/esm/scroll-restoration.js:180:27)
    at RouterCore.emit (file:///home/siegfriedneto/projects/servicedeskn1-fix-simulate-hypothesis/frontend/app/node_modules/@tanstack/router-core/dist/esm/router.js:178:14)
    at file:///home/siegfriedneto/projects/servicedeskn1-fix-simulate-hypothesis/frontend/app/node_modules/@tanstack/react-router/dist/esm/Transitioner.js:46:25
    at settleOwner (file:///home/siegfriedneto/projects/servicedeskn1-fix-simulate-hypothesis/frontend/app/node_modules/@tanstack/react-router/dist/esm/Transitioner.js:10:10)
    at file:///home/siegfriedneto/projects/servicedeskn1-fix-simulate-hypothesis/frontend/app/node_modules/@tanstack/react-router/dist/esm/Matches.js:38:39
    at Object.react_stack_bottom_frame (/home/siegfriedneto/projects/servicedeskn1-fix-simulate-hypothesis/frontend/app/node_modules/react-dom/cjs/react-dom-client.development.js:25989:20)
    at runWithFiberInDEV (/home/siegfriedneto/projects/servicedeskn1-fix-simulate-hypothesis/frontend/app/node_modules/react-dom/cjs/react-dom-client.development.js:874:13)
    at commitHookEffectListMount (/home/siegfriedneto/projects/servicedeskn1-fix-simulate-hypothesis/frontend/app/node_modules/react-dom/cjs/react-dom-client.development.js:13249:29) undefined
Error: Not implemented: window.scrollTo
    at module.exports (/home/siegfriedneto/projects/servicedeskn1-fix-simulate-hypothesis/frontend/app/node_modules/jsdom/lib/jsdom/browser/not-implemented.js:9:17)
    at /home/siegfriedneto/projects/servicedeskn1-fix-simulate-hypothesis/frontend/app/node_modules/jsdom/lib/jsdom/browser/Window.js:960:7
    at Object.fn (file:///home/siegfriedneto/projects/servicedeskn1-fix-simulate-hypothesis/frontend/app/node_modules/@tanstack/router-core/dist/esm/scroll-restoration.js:180:27)
    at RouterCore.emit (file:///home/siegfriedneto/projects/servicedeskn1-fix-simulate-hypothesis/frontend/app/node_modules/@tanstack/router-core/dist/esm/router.js:178:14)
    at file:///home/siegfriedneto/projects/servicedeskn1-fix-simulate-hypothesis/frontend/app/node_modules/@tanstack/react-router/dist/esm/Transitioner.js:46:25
    at settleOwner (file:///home/siegfriedneto/projects/servicedeskn1-fix-simulate-hypothesis/frontend/app/node_modules/@tanstack/react-router/dist/esm/Transitioner.js:10:10)
    at file:///home/siegfriedneto/projects/servicedeskn1-fix-simulate-hypothesis/frontend/app/node_modules/@tanstack/react-router/dist/esm/Matches.js:38:39
    at Object.react_stack_bottom_frame (/home/siegfriedneto/projects/servicedeskn1-fix-simulate-hypothesis/frontend/app/node_modules/react-dom/cjs/react-dom-client.development.js:25989:20)
    at runWithFiberInDEV (/home/siegfriedneto/projects/servicedeskn1-fix-simulate-hypothesis/frontend/app/node_modules/react-dom/cjs/react-dom-client.development.js:874:13)
    at commitHookEffectListMount (/home/siegfriedneto/projects/servicedeskn1-fix-simulate-hypothesis/frontend/app/node_modules/react-dom/cjs/react-dom-client.development.js:13249:29) undefined
Error: Not implemented: window.scrollTo
    at module.exports (/home/siegfriedneto/projects/servicedeskn1-fix-simulate-hypothesis/frontend/app/node_modules/jsdom/lib/jsdom/browser/not-implemented.js:9:17)
    at /home/siegfriedneto/projects/servicedeskn1-fix-simulate-hypothesis/frontend/app/node_modules/jsdom/lib/jsdom/browser/Window.js:960:7
    at Object.fn (file:///home/siegfriedneto/projects/servicedeskn1-fix-simulate-hypothesis/frontend/app/node_modules/@tanstack/router-core/dist/esm/scroll-restoration.js:180:27)
    at RouterCore.emit (file:///home/siegfriedneto/projects/servicedeskn1-fix-simulate-hypothesis/frontend/app/node_modules/@tanstack/router-core/dist/esm/router.js:178:14)
    at file:///home/siegfriedneto/projects/servicedeskn1-fix-simulate-hypothesis/frontend/app/node_modules/@tanstack/react-router/dist/esm/Transitioner.js:46:25
    at settleOwner (file:///home/siegfriedneto/projects/servicedeskn1-fix-simulate-hypothesis/frontend/app/node_modules/@tanstack/react-router/dist/esm/Transitioner.js:10:10)
    at file:///home/siegfriedneto/projects/servicedeskn1-fix-simulate-hypothesis/frontend/app/node_modules/@tanstack/react-router/dist/esm/Matches.js:38:39
    at Object.react_stack_bottom_frame (/home/siegfriedneto/projects/servicedeskn1-fix-simulate-hypothesis/frontend/app/node_modules/react-dom/cjs/react-dom-client.development.js:25989:20)
    at runWithFiberInDEV (/home/siegfriedneto/projects/servicedeskn1-fix-simulate-hypothesis/frontend/app/node_modules/react-dom/cjs/react-dom-client.development.js:874:13)
    at commitHookEffectListMount (/home/siegfriedneto/projects/servicedeskn1-fix-simulate-hypothesis/frontend/app/node_modules/react-dom/cjs/react-dom-client.development.js:13249:29) undefined
Error: Not implemented: window.scrollTo
    at module.exports (/home/siegfriedneto/projects/servicedeskn1-fix-simulate-hypothesis/frontend/app/node_modules/jsdom/lib/jsdom/browser/not-implemented.js:9:17)
    at /home/siegfriedneto/projects/servicedeskn1-fix-simulate-hypothesis/frontend/app/node_modules/jsdom/lib/jsdom/browser/Window.js:960:7
    at Object.fn (file:///home/siegfriedneto/projects/servicedeskn1-fix-simulate-hypothesis/frontend/app/node_modules/@tanstack/router-core/dist/esm/scroll-restoration.js:180:27)
    at RouterCore.emit (file:///home/siegfriedneto/projects/servicedeskn1-fix-simulate-hypothesis/frontend/app/node_modules/@tanstack/router-core/dist/esm/router.js:178:14)
    at file:///home/siegfriedneto/projects/servicedeskn1-fix-simulate-hypothesis/frontend/app/node_modules/@tanstack/react-router/dist/esm/Transitioner.js:46:25
    at settleOwner (file:///home/siegfriedneto/projects/servicedeskn1-fix-simulate-hypothesis/frontend/app/node_modules/@tanstack/react-router/dist/esm/Transitioner.js:10:10)
    at file:///home/siegfriedneto/projects/servicedeskn1-fix-simulate-hypothesis/frontend/app/node_modules/@tanstack/react-router/dist/esm/Matches.js:38:39
    at Object.react_stack_bottom_frame (/home/siegfriedneto/projects/servicedeskn1-fix-simulate-hypothesis/frontend/app/node_modules/react-dom/cjs/react-dom-client.development.js:25989:20)
    at runWithFiberInDEV (/home/siegfriedneto/projects/servicedeskn1-fix-simulate-hypothesis/frontend/app/node_modules/react-dom/cjs/react-dom-client.development.js:874:13)
    at commitHookEffectListMount (/home/siegfriedneto/projects/servicedeskn1-fix-simulate-hypothesis/frontend/app/node_modules/react-dom/cjs/react-dom-client.development.js:13249:29) undefined
Error: Not implemented: window.scrollTo
    at module.exports (/home/siegfriedneto/projects/servicedeskn1-fix-simulate-hypothesis/frontend/app/node_modules/jsdom/lib/jsdom/browser/not-implemented.js:9:17)
    at /home/siegfriedneto/projects/servicedeskn1-fix-simulate-hypothesis/frontend/app/node_modules/jsdom/lib/jsdom/browser/Window.js:960:7
    at Object.fn (file:///home/siegfriedneto/projects/servicedeskn1-fix-simulate-hypothesis/frontend/app/node_modules/@tanstack/router-core/dist/esm/scroll-restoration.js:180:27)
    at RouterCore.emit (file:///home/siegfriedneto/projects/servicedeskn1-fix-simulate-hypothesis/frontend/app/node_modules/@tanstack/router-core/dist/esm/router.js:178:14)
    at file:///home/siegfriedneto/projects/servicedeskn1-fix-simulate-hypothesis/frontend/app/node_modules/@tanstack/react-router/dist/esm/Transitioner.js:46:25
    at settleOwner (file:///home/siegfriedneto/projects/servicedeskn1-fix-simulate-hypothesis/frontend/app/node_modules/@tanstack/react-router/dist/esm/Transitioner.js:10:10)
    at file:///home/siegfriedneto/projects/servicedeskn1-fix-simulate-hypothesis/frontend/app/node_modules/@tanstack/react-router/dist/esm/Matches.js:38:39
    at Object.react_stack_bottom_frame (/home/siegfriedneto/projects/servicedeskn1-fix-simulate-hypothesis/frontend/app/node_modules/react-dom/cjs/react-dom-client.development.js:25989:20)
    at runWithFiberInDEV (/home/siegfriedneto/projects/servicedeskn1-fix-simulate-hypothesis/frontend/app/node_modules/react-dom/cjs/react-dom-client.development.js:874:13)
    at commitHookEffectListMount (/home/siegfriedneto/projects/servicedeskn1-fix-simulate-hypothesis/frontend/app/node_modules/react-dom/cjs/react-dom-client.development.js:13249:29) undefined
Error: Not implemented: window.scrollTo
    at module.exports (/home/siegfriedneto/projects/servicedeskn1-fix-simulate-hypothesis/frontend/app/node_modules/jsdom/lib/jsdom/browser/not-implemented.js:9:17)
    at /home/siegfriedneto/projects/servicedeskn1-fix-simulate-hypothesis/frontend/app/node_modules/jsdom/lib/jsdom/browser/Window.js:960:7
    at Object.fn (file:///home/siegfriedneto/projects/servicedeskn1-fix-simulate-hypothesis/frontend/app/node_modules/@tanstack/router-core/dist/esm/scroll-restoration.js:180:27)
    at RouterCore.emit (file:///home/siegfriedneto/projects/servicedeskn1-fix-simulate-hypothesis/frontend/app/node_modules/@tanstack/router-core/dist/esm/router.js:178:14)
    at file:///home/siegfriedneto/projects/servicedeskn1-fix-simulate-hypothesis/frontend/app/node_modules/@tanstack/react-router/dist/esm/Transitioner.js:46:25
    at settleOwner (file:///home/siegfriedneto/projects/servicedeskn1-fix-simulate-hypothesis/frontend/app/node_modules/@tanstack/react-router/dist/esm/Transitioner.js:10:10)
    at file:///home/siegfriedneto/projects/servicedeskn1-fix-simulate-hypothesis/frontend/app/node_modules/@tanstack/react-router/dist/esm/Matches.js:38:39
    at Object.react_stack_bottom_frame (/home/siegfriedneto/projects/servicedeskn1-fix-simulate-hypothesis/frontend/app/node_modules/react-dom/cjs/react-dom-client.development.js:25989:20)
    at runWithFiberInDEV (/home/siegfriedneto/projects/servicedeskn1-fix-simulate-hypothesis/frontend/app/node_modules/react-dom/cjs/react-dom-client.development.js:874:13)
    at commitHookEffectListMount (/home/siegfriedneto/projects/servicedeskn1-fix-simulate-hypothesis/frontend/app/node_modules/react-dom/cjs/react-dom-client.development.js:13249:29) undefined
Error: Not implemented: window.scrollTo
    at module.exports (/home/siegfriedneto/projects/servicedeskn1-fix-simulate-hypothesis/frontend/app/node_modules/jsdom/lib/jsdom/browser/not-implemented.js:9:17)
    at /home/siegfriedneto/projects/servicedeskn1-fix-simulate-hypothesis/frontend/app/node_modules/jsdom/lib/jsdom/browser/Window.js:960:7
    at Object.fn (file:///home/siegfriedneto/projects/servicedeskn1-fix-simulate-hypothesis/frontend/app/node_modules/@tanstack/router-core/dist/esm/scroll-restoration.js:180:27)
    at RouterCore.emit (file:///home/siegfriedneto/projects/servicedeskn1-fix-simulate-hypothesis/frontend/app/node_modules/@tanstack/router-core/dist/esm/router.js:178:14)
    at file:///home/siegfriedneto/projects/servicedeskn1-fix-simulate-hypothesis/frontend/app/node_modules/@tanstack/react-router/dist/esm/Transitioner.js:46:25
    at settleOwner (file:///home/siegfriedneto/projects/servicedeskn1-fix-simulate-hypothesis/frontend/app/node_modules/@tanstack/react-router/dist/esm/Transitioner.js:10:10)
    at file:///home/siegfriedneto/projects/servicedeskn1-fix-simulate-hypothesis/frontend/app/node_modules/@tanstack/react-router/dist/esm/Matches.js:38:39
    at Object.react_stack_bottom_frame (/home/siegfriedneto/projects/servicedeskn1-fix-simulate-hypothesis/frontend/app/node_modules/react-dom/cjs/react-dom-client.development.js:25989:20)
    at runWithFiberInDEV (/home/siegfriedneto/projects/servicedeskn1-fix-simulate-hypothesis/frontend/app/node_modules/react-dom/cjs/react-dom-client.development.js:874:13)
    at commitHookEffectListMount (/home/siegfriedneto/projects/servicedeskn1-fix-simulate-hypothesis/frontend/app/node_modules/react-dom/cjs/react-dom-client.development.js:13249:29) undefined
Error: Not implemented: window.scrollTo
    at module.exports (/home/siegfriedneto/projects/servicedeskn1-fix-simulate-hypothesis/frontend/app/node_modules/jsdom/lib/jsdom/browser/not-implemented.js:9:17)
    at /home/siegfriedneto/projects/servicedeskn1-fix-simulate-hypothesis/frontend/app/node_modules/jsdom/lib/jsdom/browser/Window.js:960:7
    at Object.fn (file:///home/siegfriedneto/projects/servicedeskn1-fix-simulate-hypothesis/frontend/app/node_modules/@tanstack/router-core/dist/esm/scroll-restoration.js:180:27)
    at RouterCore.emit (file:///home/siegfriedneto/projects/servicedeskn1-fix-simulate-hypothesis/frontend/app/node_modules/@tanstack/router-core/dist/esm/router.js:178:14)
    at file:///home/siegfriedneto/projects/servicedeskn1-fix-simulate-hypothesis/frontend/app/node_modules/@tanstack/react-router/dist/esm/Transitioner.js:46:25
    at settleOwner (file:///home/siegfriedneto/projects/servicedeskn1-fix-simulate-hypothesis/frontend/app/node_modules/@tanstack/react-router/dist/esm/Transitioner.js:10:10)
    at file:///home/siegfriedneto/projects/servicedeskn1-fix-simulate-hypothesis/frontend/app/node_modules/@tanstack/react-router/dist/esm/Matches.js:38:39
    at Object.react_stack_bottom_frame (/home/siegfriedneto/projects/servicedeskn1-fix-simulate-hypothesis/frontend/app/node_modules/react-dom/cjs/react-dom-client.development.js:25989:20)
    at runWithFiberInDEV (/home/siegfriedneto/projects/servicedeskn1-fix-simulate-hypothesis/frontend/app/node_modules/react-dom/cjs/react-dom-client.development.js:874:13)
    at commitHookEffectListMount (/home/siegfriedneto/projects/servicedeskn1-fix-simulate-hypothesis/frontend/app/node_modules/react-dom/cjs/react-dom-client.development.js:13249:29) undefined
Error: Not implemented: window.scrollTo
    at module.exports (/home/siegfriedneto/projects/servicedeskn1-fix-simulate-hypothesis/frontend/app/node_modules/jsdom/lib/jsdom/browser/not-implemented.js:9:17)
    at /home/siegfriedneto/projects/servicedeskn1-fix-simulate-hypothesis/frontend/app/node_modules/jsdom/lib/jsdom/browser/Window.js:960:7
    at Object.fn (file:///home/siegfriedneto/projects/servicedeskn1-fix-simulate-hypothesis/frontend/app/node_modules/@tanstack/router-core/dist/esm/scroll-restoration.js:180:27)
    at RouterCore.emit (file:///home/siegfriedneto/projects/servicedeskn1-fix-simulate-hypothesis/frontend/app/node_modules/@tanstack/router-core/dist/esm/router.js:178:14)
    at file:///home/siegfriedneto/projects/servicedeskn1-fix-simulate-hypothesis/frontend/app/node_modules/@tanstack/react-router/dist/esm/Transitioner.js:46:25
    at settleOwner (file:///home/siegfriedneto/projects/servicedeskn1-fix-simulate-hypothesis/frontend/app/node_modules/@tanstack/react-router/dist/esm/Transitioner.js:10:10)
    at file:///home/siegfriedneto/projects/servicedeskn1-fix-simulate-hypothesis/frontend/app/node_modules/@tanstack/react-router/dist/esm/Matches.js:38:39
    at Object.react_stack_bottom_frame (/home/siegfriedneto/projects/servicedeskn1-fix-simulate-hypothesis/frontend/app/node_modules/react-dom/cjs/react-dom-client.development.js:25989:20)
    at runWithFiberInDEV (/home/siegfriedneto/projects/servicedeskn1-fix-simulate-hypothesis/frontend/app/node_modules/react-dom/cjs/react-dom-client.development.js:874:13)
    at commitHookEffectListMount (/home/siegfriedneto/projects/servicedeskn1-fix-simulate-hypothesis/frontend/app/node_modules/react-dom/cjs/react-dom-client.development.js:13249:29) undefined
Error: Not implemented: window.scrollTo
    at module.exports (/home/siegfriedneto/projects/servicedeskn1-fix-simulate-hypothesis/frontend/app/node_modules/jsdom/lib/jsdom/browser/not-implemented.js:9:17)
    at /home/siegfriedneto/projects/servicedeskn1-fix-simulate-hypothesis/frontend/app/node_modules/jsdom/lib/jsdom/browser/Window.js:960:7
    at Object.fn (file:///home/siegfriedneto/projects/servicedeskn1-fix-simulate-hypothesis/frontend/app/node_modules/@tanstack/router-core/dist/esm/scroll-restoration.js:180:27)
    at RouterCore.emit (file:///home/siegfriedneto/projects/servicedeskn1-fix-simulate-hypothesis/frontend/app/node_modules/@tanstack/router-core/dist/esm/router.js:178:14)
    at file:///home/siegfriedneto/projects/servicedeskn1-fix-simulate-hypothesis/frontend/app/node_modules/@tanstack/react-router/dist/esm/Transitioner.js:46:25
    at settleOwner (file:///home/siegfriedneto/projects/servicedeskn1-fix-simulate-hypothesis/frontend/app/node_modules/@tanstack/react-router/dist/esm/Transitioner.js:10:10)
    at file:///home/siegfriedneto/projects/servicedeskn1-fix-simulate-hypothesis/frontend/app/node_modules/@tanstack/react-router/dist/esm/Matches.js:38:39
    at Object.react_stack_bottom_frame (/home/siegfriedneto/projects/servicedeskn1-fix-simulate-hypothesis/frontend/app/node_modules/react-dom/cjs/react-dom-client.development.js:25989:20)
    at runWithFiberInDEV (/home/siegfriedneto/projects/servicedeskn1-fix-simulate-hypothesis/frontend/app/node_modules/react-dom/cjs/react-dom-client.development.js:874:13)
    at commitHookEffectListMount (/home/siegfriedneto/projects/servicedeskn1-fix-simulate-hypothesis/frontend/app/node_modules/react-dom/cjs/react-dom-client.development.js:13249:29) undefined
Error: Not implemented: window.scrollTo
    at module.exports (/home/siegfriedneto/projects/servicedeskn1-fix-simulate-hypothesis/frontend/app/node_modules/jsdom/lib/jsdom/browser/not-implemented.js:9:17)
    at /home/siegfriedneto/projects/servicedeskn1-fix-simulate-hypothesis/frontend/app/node_modules/jsdom/lib/jsdom/browser/Window.js:960:7
    at Object.fn (file:///home/siegfriedneto/projects/servicedeskn1-fix-simulate-hypothesis/frontend/app/node_modules/@tanstack/router-core/dist/esm/scroll-restoration.js:180:27)
    at RouterCore.emit (file:///home/siegfriedneto/projects/servicedeskn1-fix-simulate-hypothesis/frontend/app/node_modules/@tanstack/router-core/dist/esm/router.js:178:14)
    at file:///home/siegfriedneto/projects/servicedeskn1-fix-simulate-hypothesis/frontend/app/node_modules/@tanstack/react-router/dist/esm/Transitioner.js:46:25
    at settleOwner (file:///home/siegfriedneto/projects/servicedeskn1-fix-simulate-hypothesis/frontend/app/node_modules/@tanstack/react-router/dist/esm/Transitioner.js:10:10)
    at file:///home/siegfriedneto/projects/servicedeskn1-fix-simulate-hypothesis/frontend/app/node_modules/@tanstack/react-router/dist/esm/Matches.js:38:39
    at Object.react_stack_bottom_frame (/home/siegfriedneto/projects/servicedeskn1-fix-simulate-hypothesis/frontend/app/node_modules/react-dom/cjs/react-dom-client.development.js:25989:20)
    at runWithFiberInDEV (/home/siegfriedneto/projects/servicedeskn1-fix-simulate-hypothesis/frontend/app/node_modules/react-dom/cjs/react-dom-client.development.js:874:13)
    at commitHookEffectListMount (/home/siegfriedneto/projects/servicedeskn1-fix-simulate-hypothesis/frontend/app/node_modules/react-dom/cjs/react-dom-client.development.js:13249:29) undefined
Error: Not implemented: window.scrollTo
    at module.exports (/home/siegfriedneto/projects/servicedeskn1-fix-simulate-hypothesis/frontend/app/node_modules/jsdom/lib/jsdom/browser/not-implemented.js:9:17)
    at /home/siegfriedneto/projects/servicedeskn1-fix-simulate-hypothesis/frontend/app/node_modules/jsdom/lib/jsdom/browser/Window.js:960:7
    at Object.fn (file:///home/siegfriedneto/projects/servicedeskn1-fix-simulate-hypothesis/frontend/app/node_modules/@tanstack/router-core/dist/esm/scroll-restoration.js:180:27)
    at RouterCore.emit (file:///home/siegfriedneto/projects/servicedeskn1-fix-simulate-hypothesis/frontend/app/node_modules/@tanstack/router-core/dist/esm/router.js:178:14)
    at file:///home/siegfriedneto/projects/servicedeskn1-fix-simulate-hypothesis/frontend/app/node_modules/@tanstack/react-router/dist/esm/Transitioner.js:46:25
    at settleOwner (file:///home/siegfriedneto/projects/servicedeskn1-fix-simulate-hypothesis/frontend/app/node_modules/@tanstack/react-router/dist/esm/Transitioner.js:10:10)
    at file:///home/siegfriedneto/projects/servicedeskn1-fix-simulate-hypothesis/frontend/app/node_modules/@tanstack/react-router/dist/esm/Matches.js:38:39
    at Object.react_stack_bottom_frame (/home/siegfriedneto/projects/servicedeskn1-fix-simulate-hypothesis/frontend/app/node_modules/react-dom/cjs/react-dom-client.development.js:25989:20)
    at runWithFiberInDEV (/home/siegfriedneto/projects/servicedeskn1-fix-simulate-hypothesis/frontend/app/node_modules/react-dom/cjs/react-dom-client.development.js:874:13)
    at commitHookEffectListMount (/home/siegfriedneto/projects/servicedeskn1-fix-simulate-hypothesis/frontend/app/node_modules/react-dom/cjs/react-dom-client.development.js:13249:29) undefined
Error: Not implemented: window.scrollTo
    at module.exports (/home/siegfriedneto/projects/servicedeskn1-fix-simulate-hypothesis/frontend/app/node_modules/jsdom/lib/jsdom/browser/not-implemented.js:9:17)
    at /home/siegfriedneto/projects/servicedeskn1-fix-simulate-hypothesis/frontend/app/node_modules/jsdom/lib/jsdom/browser/Window.js:960:7
    at Object.fn (file:///home/siegfriedneto/projects/servicedeskn1-fix-simulate-hypothesis/frontend/app/node_modules/@tanstack/router-core/dist/esm/scroll-restoration.js:180:27)
    at RouterCore.emit (file:///home/siegfriedneto/projects/servicedeskn1-fix-simulate-hypothesis/frontend/app/node_modules/@tanstack/router-core/dist/esm/router.js:178:14)
    at file:///home/siegfriedneto/projects/servicedeskn1-fix-simulate-hypothesis/frontend/app/node_modules/@tanstack/react-router/dist/esm/Transitioner.js:46:25
    at settleOwner (file:///home/siegfriedneto/projects/servicedeskn1-fix-simulate-hypothesis/frontend/app/node_modules/@tanstack/react-router/dist/esm/Transitioner.js:10:10)
    at file:///home/siegfriedneto/projects/servicedeskn1-fix-simulate-hypothesis/frontend/app/node_modules/@tanstack/react-router/dist/esm/Matches.js:38:39
    at Object.react_stack_bottom_frame (/home/siegfriedneto/projects/servicedeskn1-fix-simulate-hypothesis/frontend/app/node_modules/react-dom/cjs/react-dom-client.development.js:25989:20)
    at runWithFiberInDEV (/home/siegfriedneto/projects/servicedeskn1-fix-simulate-hypothesis/frontend/app/node_modules/react-dom/cjs/react-dom-client.development.js:874:13)
    at commitHookEffectListMount (/home/siegfriedneto/projects/servicedeskn1-fix-simulate-hypothesis/frontend/app/node_modules/react-dom/cjs/react-dom-client.development.js:13249:29) undefined
Error: Not implemented: window.scrollTo
    at module.exports (/home/siegfriedneto/projects/servicedeskn1-fix-simulate-hypothesis/frontend/app/node_modules/jsdom/lib/jsdom/browser/not-implemented.js:9:17)
    at /home/siegfriedneto/projects/servicedeskn1-fix-simulate-hypothesis/frontend/app/node_modules/jsdom/lib/jsdom/browser/Window.js:960:7
    at Object.fn (file:///home/siegfriedneto/projects/servicedeskn1-fix-simulate-hypothesis/frontend/app/node_modules/@tanstack/router-core/dist/esm/scroll-restoration.js:180:27)
    at RouterCore.emit (file:///home/siegfriedneto/projects/servicedeskn1-fix-simulate-hypothesis/frontend/app/node_modules/@tanstack/router-core/dist/esm/router.js:178:14)
    at file:///home/siegfriedneto/projects/servicedeskn1-fix-simulate-hypothesis/frontend/app/node_modules/@tanstack/react-router/dist/esm/Transitioner.js:46:25
    at settleOwner (file:///home/siegfriedneto/projects/servicedeskn1-fix-simulate-hypothesis/frontend/app/node_modules/@tanstack/react-router/dist/esm/Transitioner.js:10:10)
    at file:///home/siegfriedneto/projects/servicedeskn1-fix-simulate-hypothesis/frontend/app/node_modules/@tanstack/react-router/dist/esm/Matches.js:38:39
    at Object.react_stack_bottom_frame (/home/siegfriedneto/projects/servicedeskn1-fix-simulate-hypothesis/frontend/app/node_modules/react-dom/cjs/react-dom-client.development.js:25989:20)
    at runWithFiberInDEV (/home/siegfriedneto/projects/servicedeskn1-fix-simulate-hypothesis/frontend/app/node_modules/react-dom/cjs/react-dom-client.development.js:874:13)
    at commitHookEffectListMount (/home/siegfriedneto/projects/servicedeskn1-fix-simulate-hypothesis/frontend/app/node_modules/react-dom/cjs/react-dom-client.development.js:13249:29) undefined
Error: Not implemented: window.scrollTo
    at module.exports (/home/siegfriedneto/projects/servicedeskn1-fix-simulate-hypothesis/frontend/app/node_modules/jsdom/lib/jsdom/browser/not-implemented.js:9:17)
    at /home/siegfriedneto/projects/servicedeskn1-fix-simulate-hypothesis/frontend/app/node_modules/jsdom/lib/jsdom/browser/Window.js:960:7
    at Object.fn (file:///home/siegfriedneto/projects/servicedeskn1-fix-simulate-hypothesis/frontend/app/node_modules/@tanstack/router-core/dist/esm/scroll-restoration.js:180:27)
    at RouterCore.emit (file:///home/siegfriedneto/projects/servicedeskn1-fix-simulate-hypothesis/frontend/app/node_modules/@tanstack/router-core/dist/esm/router.js:178:14)
    at file:///home/siegfriedneto/projects/servicedeskn1-fix-simulate-hypothesis/frontend/app/node_modules/@tanstack/react-router/dist/esm/Transitioner.js:46:25
    at settleOwner (file:///home/siegfriedneto/projects/servicedeskn1-fix-simulate-hypothesis/frontend/app/node_modules/@tanstack/react-router/dist/esm/Transitioner.js:10:10)
    at file:///home/siegfriedneto/projects/servicedeskn1-fix-simulate-hypothesis/frontend/app/node_modules/@tanstack/react-router/dist/esm/Matches.js:38:39
    at Object.react_stack_bottom_frame (/home/siegfriedneto/projects/servicedeskn1-fix-simulate-hypothesis/frontend/app/node_modules/react-dom/cjs/react-dom-client.development.js:25989:20)
    at runWithFiberInDEV (/home/siegfriedneto/projects/servicedeskn1-fix-simulate-hypothesis/frontend/app/node_modules/react-dom/cjs/react-dom-client.development.js:874:13)
    at commitHookEffectListMount (/home/siegfriedneto/projects/servicedeskn1-fix-simulate-hypothesis/frontend/app/node_modules/react-dom/cjs/react-dom-client.development.js:13249:29) undefined
Error: Not implemented: window.scrollTo
    at module.exports (/home/siegfriedneto/projects/servicedeskn1-fix-simulate-hypothesis/frontend/app/node_modules/jsdom/lib/jsdom/browser/not-implemented.js:9:17)
    at /home/siegfriedneto/projects/servicedeskn1-fix-simulate-hypothesis/frontend/app/node_modules/jsdom/lib/jsdom/browser/Window.js:960:7
    at Object.fn (file:///home/siegfriedneto/projects/servicedeskn1-fix-simulate-hypothesis/frontend/app/node_modules/@tanstack/router-core/dist/esm/scroll-restoration.js:180:27)
    at RouterCore.emit (file:///home/siegfriedneto/projects/servicedeskn1-fix-simulate-hypothesis/frontend/app/node_modules/@tanstack/router-core/dist/esm/router.js:178:14)
    at file:///home/siegfriedneto/projects/servicedeskn1-fix-simulate-hypothesis/frontend/app/node_modules/@tanstack/react-router/dist/esm/Transitioner.js:46:25
    at settleOwner (file:///home/siegfriedneto/projects/servicedeskn1-fix-simulate-hypothesis/frontend/app/node_modules/@tanstack/react-router/dist/esm/Transitioner.js:10:10)
    at file:///home/siegfriedneto/projects/servicedeskn1-fix-simulate-hypothesis/frontend/app/node_modules/@tanstack/react-router/dist/esm/Matches.js:38:39
    at Object.react_stack_bottom_frame (/home/siegfriedneto/projects/servicedeskn1-fix-simulate-hypothesis/frontend/app/node_modules/react-dom/cjs/react-dom-client.development.js:25989:20)
    at runWithFiberInDEV (/home/siegfriedneto/projects/servicedeskn1-fix-simulate-hypothesis/frontend/app/node_modules/react-dom/cjs/react-dom-client.development.js:874:13)
    at commitHookEffectListMount (/home/siegfriedneto/projects/servicedeskn1-fix-simulate-hypothesis/frontend/app/node_modules/react-dom/cjs/react-dom-client.development.js:13249:29) undefined
Error: Not implemented: window.scrollTo
    at module.exports (/home/siegfriedneto/projects/servicedeskn1-fix-simulate-hypothesis/frontend/app/node_modules/jsdom/lib/jsdom/browser/not-implemented.js:9:17)
    at /home/siegfriedneto/projects/servicedeskn1-fix-simulate-hypothesis/frontend/app/node_modules/jsdom/lib/jsdom/browser/Window.js:960:7
    at Object.fn (file:///home/siegfriedneto/projects/servicedeskn1-fix-simulate-hypothesis/frontend/app/node_modules/@tanstack/router-core/dist/esm/scroll-restoration.js:180:27)
    at RouterCore.emit (file:///home/siegfriedneto/projects/servicedeskn1-fix-simulate-hypothesis/frontend/app/node_modules/@tanstack/router-core/dist/esm/router.js:178:14)
    at file:///home/siegfriedneto/projects/servicedeskn1-fix-simulate-hypothesis/frontend/app/node_modules/@tanstack/react-router/dist/esm/Transitioner.js:46:25
    at settleOwner (file:///home/siegfriedneto/projects/servicedeskn1-fix-simulate-hypothesis/frontend/app/node_modules/@tanstack/react-router/dist/esm/Transitioner.js:10:10)
    at file:///home/siegfriedneto/projects/servicedeskn1-fix-simulate-hypothesis/frontend/app/node_modules/@tanstack/react-router/dist/esm/Matches.js:38:39
    at Object.react_stack_bottom_frame (/home/siegfriedneto/projects/servicedeskn1-fix-simulate-hypothesis/frontend/app/node_modules/react-dom/cjs/react-dom-client.development.js:25989:20)
    at runWithFiberInDEV (/home/siegfriedneto/projects/servicedeskn1-fix-simulate-hypothesis/frontend/app/node_modules/react-dom/cjs/react-dom-client.development.js:874:13)
    at commitHookEffectListMount (/home/siegfriedneto/projects/servicedeskn1-fix-simulate-hypothesis/frontend/app/node_modules/react-dom/cjs/react-dom-client.development.js:13249:29) undefined
Error: Not implemented: window.scrollTo
    at module.exports (/home/siegfriedneto/projects/servicedeskn1-fix-simulate-hypothesis/frontend/app/node_modules/jsdom/lib/jsdom/browser/not-implemented.js:9:17)
    at /home/siegfriedneto/projects/servicedeskn1-fix-simulate-hypothesis/frontend/app/node_modules/jsdom/lib/jsdom/browser/Window.js:960:7
    at Object.fn (file:///home/siegfriedneto/projects/servicedeskn1-fix-simulate-hypothesis/frontend/app/node_modules/@tanstack/router-core/dist/esm/scroll-restoration.js:180:27)
    at RouterCore.emit (file:///home/siegfriedneto/projects/servicedeskn1-fix-simulate-hypothesis/frontend/app/node_modules/@tanstack/router-core/dist/esm/router.js:178:14)
    at file:///home/siegfriedneto/projects/servicedeskn1-fix-simulate-hypothesis/frontend/app/node_modules/@tanstack/react-router/dist/esm/Transitioner.js:46:25
    at settleOwner (file:///home/siegfriedneto/projects/servicedeskn1-fix-simulate-hypothesis/frontend/app/node_modules/@tanstack/react-router/dist/esm/Transitioner.js:10:10)
    at file:///home/siegfriedneto/projects/servicedeskn1-fix-simulate-hypothesis/frontend/app/node_modules/@tanstack/react-router/dist/esm/Matches.js:38:39
    at Object.react_stack_bottom_frame (/home/siegfriedneto/projects/servicedeskn1-fix-simulate-hypothesis/frontend/app/node_modules/react-dom/cjs/react-dom-client.development.js:25989:20)
    at runWithFiberInDEV (/home/siegfriedneto/projects/servicedeskn1-fix-simulate-hypothesis/frontend/app/node_modules/react-dom/cjs/react-dom-client.development.js:874:13)
    at commitHookEffectListMount (/home/siegfriedneto/projects/servicedeskn1-fix-simulate-hypothesis/frontend/app/node_modules/react-dom/cjs/react-dom-client.development.js:13249:29) undefined
Error: Not implemented: window.scrollTo
    at module.exports (/home/siegfriedneto/projects/servicedeskn1-fix-simulate-hypothesis/frontend/app/node_modules/jsdom/lib/jsdom/browser/not-implemented.js:9:17)
    at /home/siegfriedneto/projects/servicedeskn1-fix-simulate-hypothesis/frontend/app/node_modules/jsdom/lib/jsdom/browser/Window.js:960:7
    at Object.fn (file:///home/siegfriedneto/projects/servicedeskn1-fix-simulate-hypothesis/frontend/app/node_modules/@tanstack/router-core/dist/esm/scroll-restoration.js:180:27)
    at RouterCore.emit (file:///home/siegfriedneto/projects/servicedeskn1-fix-simulate-hypothesis/frontend/app/node_modules/@tanstack/router-core/dist/esm/router.js:178:14)
    at file:///home/siegfriedneto/projects/servicedeskn1-fix-simulate-hypothesis/frontend/app/node_modules/@tanstack/react-router/dist/esm/Transitioner.js:46:25
    at settleOwner (file:///home/siegfriedneto/projects/servicedeskn1-fix-simulate-hypothesis/frontend/app/node_modules/@tanstack/react-router/dist/esm/Transitioner.js:10:10)
    at file:///home/siegfriedneto/projects/servicedeskn1-fix-simulate-hypothesis/frontend/app/node_modules/@tanstack/react-router/dist/esm/Matches.js:38:39
    at Object.react_stack_bottom_frame (/home/siegfriedneto/projects/servicedeskn1-fix-simulate-hypothesis/frontend/app/node_modules/react-dom/cjs/react-dom-client.development.js:25989:20)
    at runWithFiberInDEV (/home/siegfriedneto/projects/servicedeskn1-fix-simulate-hypothesis/frontend/app/node_modules/react-dom/cjs/react-dom-client.development.js:874:13)
    at commitHookEffectListMount (/home/siegfriedneto/projects/servicedeskn1-fix-simulate-hypothesis/frontend/app/node_modules/react-dom/cjs/react-dom-client.development.js:13249:29) undefined
Error: Not implemented: window.scrollTo
    at module.exports (/home/siegfriedneto/projects/servicedeskn1-fix-simulate-hypothesis/frontend/app/node_modules/jsdom/lib/jsdom/browser/not-implemented.js:9:17)
    at /home/siegfriedneto/projects/servicedeskn1-fix-simulate-hypothesis/frontend/app/node_modules/jsdom/lib/jsdom/browser/Window.js:960:7
    at Object.fn (file:///home/siegfriedneto/projects/servicedeskn1-fix-simulate-hypothesis/frontend/app/node_modules/@tanstack/router-core/dist/esm/scroll-restoration.js:180:27)
    at RouterCore.emit (file:///home/siegfriedneto/projects/servicedeskn1-fix-simulate-hypothesis/frontend/app/node_modules/@tanstack/router-core/dist/esm/router.js:178:14)
    at file:///home/siegfriedneto/projects/servicedeskn1-fix-simulate-hypothesis/frontend/app/node_modules/@tanstack/react-router/dist/esm/Transitioner.js:46:25
    at settleOwner (file:///home/siegfriedneto/projects/servicedeskn1-fix-simulate-hypothesis/frontend/app/node_modules/@tanstack/react-router/dist/esm/Transitioner.js:10:10)
    at file:///home/siegfriedneto/projects/servicedeskn1-fix-simulate-hypothesis/frontend/app/node_modules/@tanstack/react-router/dist/esm/Matches.js:38:39
    at Object.react_stack_bottom_frame (/home/siegfriedneto/projects/servicedeskn1-fix-simulate-hypothesis/frontend/app/node_modules/react-dom/cjs/react-dom-client.development.js:25989:20)
    at runWithFiberInDEV (/home/siegfriedneto/projects/servicedeskn1-fix-simulate-hypothesis/frontend/app/node_modules/react-dom/cjs/react-dom-client.development.js:874:13)
    at commitHookEffectListMount (/home/siegfriedneto/projects/servicedeskn1-fix-simulate-hypothesis/frontend/app/node_modules/react-dom/cjs/react-dom-client.development.js:13249:29) undefined
Error: Not implemented: window.scrollTo
    at module.exports (/home/siegfriedneto/projects/servicedeskn1-fix-simulate-hypothesis/frontend/app/node_modules/jsdom/lib/jsdom/browser/not-implemented.js:9:17)
    at /home/siegfriedneto/projects/servicedeskn1-fix-simulate-hypothesis/frontend/app/node_modules/jsdom/lib/jsdom/browser/Window.js:960:7
    at Object.fn (file:///home/siegfriedneto/projects/servicedeskn1-fix-simulate-hypothesis/frontend/app/node_modules/@tanstack/router-core/dist/esm/scroll-restoration.js:180:27)
    at RouterCore.emit (file:///home/siegfriedneto/projects/servicedeskn1-fix-simulate-hypothesis/frontend/app/node_modules/@tanstack/router-core/dist/esm/router.js:178:14)
    at file:///home/siegfriedneto/projects/servicedeskn1-fix-simulate-hypothesis/frontend/app/node_modules/@tanstack/react-router/dist/esm/Transitioner.js:46:25
    at settleOwner (file:///home/siegfriedneto/projects/servicedeskn1-fix-simulate-hypothesis/frontend/app/node_modules/@tanstack/react-router/dist/esm/Transitioner.js:10:10)
    at file:///home/siegfriedneto/projects/servicedeskn1-fix-simulate-hypothesis/frontend/app/node_modules/@tanstack/react-router/dist/esm/Matches.js:38:39
    at Object.react_stack_bottom_frame (/home/siegfriedneto/projects/servicedeskn1-fix-simulate-hypothesis/frontend/app/node_modules/react-dom/cjs/react-dom-client.development.js:25989:20)
    at runWithFiberInDEV (/home/siegfriedneto/projects/servicedeskn1-fix-simulate-hypothesis/frontend/app/node_modules/react-dom/cjs/react-dom-client.development.js:874:13)
    at commitHookEffectListMount (/home/siegfriedneto/projects/servicedeskn1-fix-simulate-hypothesis/frontend/app/node_modules/react-dom/cjs/react-dom-client.development.js:13249:29) undefined
Error: Not implemented: window.scrollTo
    at module.exports (/home/siegfriedneto/projects/servicedeskn1-fix-simulate-hypothesis/frontend/app/node_modules/jsdom/lib/jsdom/browser/not-implemented.js:9:17)
    at /home/siegfriedneto/projects/servicedeskn1-fix-simulate-hypothesis/frontend/app/node_modules/jsdom/lib/jsdom/browser/Window.js:960:7
    at Object.fn (file:///home/siegfriedneto/projects/servicedeskn1-fix-simulate-hypothesis/frontend/app/node_modules/@tanstack/router-core/dist/esm/scroll-restoration.js:180:27)
    at RouterCore.emit (file:///home/siegfriedneto/projects/servicedeskn1-fix-simulate-hypothesis/frontend/app/node_modules/@tanstack/router-core/dist/esm/router.js:178:14)
    at file:///home/siegfriedneto/projects/servicedeskn1-fix-simulate-hypothesis/frontend/app/node_modules/@tanstack/react-router/dist/esm/Transitioner.js:46:25
    at settleOwner (file:///home/siegfriedneto/projects/servicedeskn1-fix-simulate-hypothesis/frontend/app/node_modules/@tanstack/react-router/dist/esm/Transitioner.js:10:10)
    at file:///home/siegfriedneto/projects/servicedeskn1-fix-simulate-hypothesis/frontend/app/node_modules/@tanstack/react-router/dist/esm/Matches.js:38:39
    at Object.react_stack_bottom_frame (/home/siegfriedneto/projects/servicedeskn1-fix-simulate-hypothesis/frontend/app/node_modules/react-dom/cjs/react-dom-client.development.js:25989:20)
    at runWithFiberInDEV (/home/siegfriedneto/projects/servicedeskn1-fix-simulate-hypothesis/frontend/app/node_modules/react-dom/cjs/react-dom-client.development.js:874:13)
    at commitHookEffectListMount (/home/siegfriedneto/projects/servicedeskn1-fix-simulate-hypothesis/frontend/app/node_modules/react-dom/cjs/react-dom-client.development.js:13249:29) undefined
Error: Not implemented: window.scrollTo
    at module.exports (/home/siegfriedneto/projects/servicedeskn1-fix-simulate-hypothesis/frontend/app/node_modules/jsdom/lib/jsdom/browser/not-implemented.js:9:17)
    at /home/siegfriedneto/projects/servicedeskn1-fix-simulate-hypothesis/frontend/app/node_modules/jsdom/lib/jsdom/browser/Window.js:960:7
    at Object.fn (file:///home/siegfriedneto/projects/servicedeskn1-fix-simulate-hypothesis/frontend/app/node_modules/@tanstack/router-core/dist/esm/scroll-restoration.js:180:27)
    at RouterCore.emit (file:///home/siegfriedneto/projects/servicedeskn1-fix-simulate-hypothesis/frontend/app/node_modules/@tanstack/router-core/dist/esm/router.js:178:14)
    at file:///home/siegfriedneto/projects/servicedeskn1-fix-simulate-hypothesis/frontend/app/node_modules/@tanstack/react-router/dist/esm/Transitioner.js:46:25
    at settleOwner (file:///home/siegfriedneto/projects/servicedeskn1-fix-simulate-hypothesis/frontend/app/node_modules/@tanstack/react-router/dist/esm/Transitioner.js:10:10)
    at file:///home/siegfriedneto/projects/servicedeskn1-fix-simulate-hypothesis/frontend/app/node_modules/@tanstack/react-router/dist/esm/Matches.js:38:39
    at Object.react_stack_bottom_frame (/home/siegfriedneto/projects/servicedeskn1-fix-simulate-hypothesis/frontend/app/node_modules/react-dom/cjs/react-dom-client.development.js:25989:20)
    at runWithFiberInDEV (/home/siegfriedneto/projects/servicedeskn1-fix-simulate-hypothesis/frontend/app/node_modules/react-dom/cjs/react-dom-client.development.js:874:13)
    at commitHookEffectListMount (/home/siegfriedneto/projects/servicedeskn1-fix-simulate-hypothesis/frontend/app/node_modules/react-dom/cjs/react-dom-client.development.js:13249:29) undefined
Error: Not implemented: window.scrollTo
    at module.exports (/home/siegfriedneto/projects/servicedeskn1-fix-simulate-hypothesis/frontend/app/node_modules/jsdom/lib/jsdom/browser/not-implemented.js:9:17)
    at /home/siegfriedneto/projects/servicedeskn1-fix-simulate-hypothesis/frontend/app/node_modules/jsdom/lib/jsdom/browser/Window.js:960:7
    at Object.fn (file:///home/siegfriedneto/projects/servicedeskn1-fix-simulate-hypothesis/frontend/app/node_modules/@tanstack/router-core/dist/esm/scroll-restoration.js:180:27)
    at RouterCore.emit (file:///home/siegfriedneto/projects/servicedeskn1-fix-simulate-hypothesis/frontend/app/node_modules/@tanstack/router-core/dist/esm/router.js:178:14)
    at file:///home/siegfriedneto/projects/servicedeskn1-fix-simulate-hypothesis/frontend/app/node_modules/@tanstack/react-router/dist/esm/Transitioner.js:46:25
    at settleOwner (file:///home/siegfriedneto/projects/servicedeskn1-fix-simulate-hypothesis/frontend/app/node_modules/@tanstack/react-router/dist/esm/Transitioner.js:10:10)
    at file:///home/siegfriedneto/projects/servicedeskn1-fix-simulate-hypothesis/frontend/app/node_modules/@tanstack/react-router/dist/esm/Matches.js:38:39
    at Object.react_stack_bottom_frame (/home/siegfriedneto/projects/servicedeskn1-fix-simulate-hypothesis/frontend/app/node_modules/react-dom/cjs/react-dom-client.development.js:25989:20)
    at runWithFiberInDEV (/home/siegfriedneto/projects/servicedeskn1-fix-simulate-hypothesis/frontend/app/node_modules/react-dom/cjs/react-dom-client.development.js:874:13)
    at commitHookEffectListMount (/home/siegfriedneto/projects/servicedeskn1-fix-simulate-hypothesis/frontend/app/node_modules/react-dom/cjs/react-dom-client.development.js:13249:29) undefined
Error: Not implemented: window.scrollTo
    at module.exports (/home/siegfriedneto/projects/servicedeskn1-fix-simulate-hypothesis/frontend/app/node_modules/jsdom/lib/jsdom/browser/not-implemented.js:9:17)
    at /home/siegfriedneto/projects/servicedeskn1-fix-simulate-hypothesis/frontend/app/node_modules/jsdom/lib/jsdom/browser/Window.js:960:7
    at Object.fn (file:///home/siegfriedneto/projects/servicedeskn1-fix-simulate-hypothesis/frontend/app/node_modules/@tanstack/router-core/dist/esm/scroll-restoration.js:180:27)
    at RouterCore.emit (file:///home/siegfriedneto/projects/servicedeskn1-fix-simulate-hypothesis/frontend/app/node_modules/@tanstack/router-core/dist/esm/router.js:178:14)
    at file:///home/siegfriedneto/projects/servicedeskn1-fix-simulate-hypothesis/frontend/app/node_modules/@tanstack/react-router/dist/esm/Transitioner.js:46:25
    at settleOwner (file:///home/siegfriedneto/projects/servicedeskn1-fix-simulate-hypothesis/frontend/app/node_modules/@tanstack/react-router/dist/esm/Transitioner.js:10:10)
    at file:///home/siegfriedneto/projects/servicedeskn1-fix-simulate-hypothesis/frontend/app/node_modules/@tanstack/react-router/dist/esm/Matches.js:38:39
    at Object.react_stack_bottom_frame (/home/siegfriedneto/projects/servicedeskn1-fix-simulate-hypothesis/frontend/app/node_modules/react-dom/cjs/react-dom-client.development.js:25989:20)
    at runWithFiberInDEV (/home/siegfriedneto/projects/servicedeskn1-fix-simulate-hypothesis/frontend/app/node_modules/react-dom/cjs/react-dom-client.development.js:874:13)
    at commitHookEffectListMount (/home/siegfriedneto/projects/servicedeskn1-fix-simulate-hypothesis/frontend/app/node_modules/react-dom/cjs/react-dom-client.development.js:13249:29) undefined
Error: Not implemented: window.scrollTo
    at module.exports (/home/siegfriedneto/projects/servicedeskn1-fix-simulate-hypothesis/frontend/app/node_modules/jsdom/lib/jsdom/browser/not-implemented.js:9:17)
    at /home/siegfriedneto/projects/servicedeskn1-fix-simulate-hypothesis/frontend/app/node_modules/jsdom/lib/jsdom/browser/Window.js:960:7
    at Object.fn (file:///home/siegfriedneto/projects/servicedeskn1-fix-simulate-hypothesis/frontend/app/node_modules/@tanstack/router-core/dist/esm/scroll-restoration.js:180:27)
    at RouterCore.emit (file:///home/siegfriedneto/projects/servicedeskn1-fix-simulate-hypothesis/frontend/app/node_modules/@tanstack/router-core/dist/esm/router.js:178:14)
    at file:///home/siegfriedneto/projects/servicedeskn1-fix-simulate-hypothesis/frontend/app/node_modules/@tanstack/react-router/dist/esm/Transitioner.js:46:25
    at settleOwner (file:///home/siegfriedneto/projects/servicedeskn1-fix-simulate-hypothesis/frontend/app/node_modules/@tanstack/react-router/dist/esm/Transitioner.js:10:10)
    at file:///home/siegfriedneto/projects/servicedeskn1-fix-simulate-hypothesis/frontend/app/node_modules/@tanstack/react-router/dist/esm/Matches.js:38:39
    at Object.react_stack_bottom_frame (/home/siegfriedneto/projects/servicedeskn1-fix-simulate-hypothesis/frontend/app/node_modules/react-dom/cjs/react-dom-client.development.js:25989:20)
    at runWithFiberInDEV (/home/siegfriedneto/projects/servicedeskn1-fix-simulate-hypothesis/frontend/app/node_modules/react-dom/cjs/react-dom-client.development.js:874:13)
    at commitHookEffectListMount (/home/siegfriedneto/projects/servicedeskn1-fix-simulate-hypothesis/frontend/app/node_modules/react-dom/cjs/react-dom-client.development.js:13249:29) undefined
Error: Not implemented: window.scrollTo
    at module.exports (/home/siegfriedneto/projects/servicedeskn1-fix-simulate-hypothesis/frontend/app/node_modules/jsdom/lib/jsdom/browser/not-implemented.js:9:17)
    at /home/siegfriedneto/projects/servicedeskn1-fix-simulate-hypothesis/frontend/app/node_modules/jsdom/lib/jsdom/browser/Window.js:960:7
    at Object.fn (file:///home/siegfriedneto/projects/servicedeskn1-fix-simulate-hypothesis/frontend/app/node_modules/@tanstack/router-core/dist/esm/scroll-restoration.js:180:27)
    at RouterCore.emit (file:///home/siegfriedneto/projects/servicedeskn1-fix-simulate-hypothesis/frontend/app/node_modules/@tanstack/router-core/dist/esm/router.js:178:14)
    at file:///home/siegfriedneto/projects/servicedeskn1-fix-simulate-hypothesis/frontend/app/node_modules/@tanstack/react-router/dist/esm/Transitioner.js:46:25
    at settleOwner (file:///home/siegfriedneto/projects/servicedeskn1-fix-simulate-hypothesis/frontend/app/node_modules/@tanstack/react-router/dist/esm/Transitioner.js:10:10)
    at file:///home/siegfriedneto/projects/servicedeskn1-fix-simulate-hypothesis/frontend/app/node_modules/@tanstack/react-router/dist/esm/Matches.js:38:39
    at Object.react_stack_bottom_frame (/home/siegfriedneto/projects/servicedeskn1-fix-simulate-hypothesis/frontend/app/node_modules/react-dom/cjs/react-dom-client.development.js:25989:20)
    at runWithFiberInDEV (/home/siegfriedneto/projects/servicedeskn1-fix-simulate-hypothesis/frontend/app/node_modules/react-dom/cjs/react-dom-client.development.js:874:13)
    at commitHookEffectListMount (/home/siegfriedneto/projects/servicedeskn1-fix-simulate-hypothesis/frontend/app/node_modules/react-dom/cjs/react-dom-client.development.js:13249:29) undefined
Error: Not implemented: window.scrollTo
    at module.exports (/home/siegfriedneto/projects/servicedeskn1-fix-simulate-hypothesis/frontend/app/node_modules/jsdom/lib/jsdom/browser/not-implemented.js:9:17)
    at /home/siegfriedneto/projects/servicedeskn1-fix-simulate-hypothesis/frontend/app/node_modules/jsdom/lib/jsdom/browser/Window.js:960:7
    at Object.fn (file:///home/siegfriedneto/projects/servicedeskn1-fix-simulate-hypothesis/frontend/app/node_modules/@tanstack/router-core/dist/esm/scroll-restoration.js:180:27)
    at RouterCore.emit (file:///home/siegfriedneto/projects/servicedeskn1-fix-simulate-hypothesis/frontend/app/node_modules/@tanstack/router-core/dist/esm/router.js:178:14)
    at file:///home/siegfriedneto/projects/servicedeskn1-fix-simulate-hypothesis/frontend/app/node_modules/@tanstack/react-router/dist/esm/Transitioner.js:46:25
    at settleOwner (file:///home/siegfriedneto/projects/servicedeskn1-fix-simulate-hypothesis/frontend/app/node_modules/@tanstack/react-router/dist/esm/Transitioner.js:10:10)
    at file:///home/siegfriedneto/projects/servicedeskn1-fix-simulate-hypothesis/frontend/app/node_modules/@tanstack/react-router/dist/esm/Matches.js:38:39
    at Object.react_stack_bottom_frame (/home/siegfriedneto/projects/servicedeskn1-fix-simulate-hypothesis/frontend/app/node_modules/react-dom/cjs/react-dom-client.development.js:25989:20)
    at runWithFiberInDEV (/home/siegfriedneto/projects/servicedeskn1-fix-simulate-hypothesis/frontend/app/node_modules/react-dom/cjs/react-dom-client.development.js:874:13)
    at commitHookEffectListMount (/home/siegfriedneto/projects/servicedeskn1-fix-simulate-hypothesis/frontend/app/node_modules/react-dom/cjs/react-dom-client.development.js:13249:29) undefined
Error: Not implemented: window.scrollTo
    at module.exports (/home/siegfriedneto/projects/servicedeskn1-fix-simulate-hypothesis/frontend/app/node_modules/jsdom/lib/jsdom/browser/not-implemented.js:9:17)
    at /home/siegfriedneto/projects/servicedeskn1-fix-simulate-hypothesis/frontend/app/node_modules/jsdom/lib/jsdom/browser/Window.js:960:7
    at Object.fn (file:///home/siegfriedneto/projects/servicedeskn1-fix-simulate-hypothesis/frontend/app/node_modules/@tanstack/router-core/dist/esm/scroll-restoration.js:180:27)
    at RouterCore.emit (file:///home/siegfriedneto/projects/servicedeskn1-fix-simulate-hypothesis/frontend/app/node_modules/@tanstack/router-core/dist/esm/router.js:178:14)
    at file:///home/siegfriedneto/projects/servicedeskn1-fix-simulate-hypothesis/frontend/app/node_modules/@tanstack/react-router/dist/esm/Transitioner.js:46:25
    at settleOwner (file:///home/siegfriedneto/projects/servicedeskn1-fix-simulate-hypothesis/frontend/app/node_modules/@tanstack/react-router/dist/esm/Transitioner.js:10:10)
    at file:///home/siegfriedneto/projects/servicedeskn1-fix-simulate-hypothesis/frontend/app/node_modules/@tanstack/react-router/dist/esm/Matches.js:38:39
    at Object.react_stack_bottom_frame (/home/siegfriedneto/projects/servicedeskn1-fix-simulate-hypothesis/frontend/app/node_modules/react-dom/cjs/react-dom-client.development.js:25989:20)
    at runWithFiberInDEV (/home/siegfriedneto/projects/servicedeskn1-fix-simulate-hypothesis/frontend/app/node_modules/react-dom/cjs/react-dom-client.development.js:874:13)
    at commitHookEffectListMount (/home/siegfriedneto/projects/servicedeskn1-fix-simulate-hypothesis/frontend/app/node_modules/react-dom/cjs/react-dom-client.development.js:13249:29) undefined
Error: Not implemented: window.scrollTo
    at module.exports (/home/siegfriedneto/projects/servicedeskn1-fix-simulate-hypothesis/frontend/app/node_modules/jsdom/lib/jsdom/browser/not-implemented.js:9:17)
    at /home/siegfriedneto/projects/servicedeskn1-fix-simulate-hypothesis/frontend/app/node_modules/jsdom/lib/jsdom/browser/Window.js:960:7
    at Object.fn (file:///home/siegfriedneto/projects/servicedeskn1-fix-simulate-hypothesis/frontend/app/node_modules/@tanstack/router-core/dist/esm/scroll-restoration.js:180:27)
    at RouterCore.emit (file:///home/siegfriedneto/projects/servicedeskn1-fix-simulate-hypothesis/frontend/app/node_modules/@tanstack/router-core/dist/esm/router.js:178:14)
    at file:///home/siegfriedneto/projects/servicedeskn1-fix-simulate-hypothesis/frontend/app/node_modules/@tanstack/react-router/dist/esm/Transitioner.js:46:25
    at settleOwner (file:///home/siegfriedneto/projects/servicedeskn1-fix-simulate-hypothesis/frontend/app/node_modules/@tanstack/react-router/dist/esm/Transitioner.js:10:10)
    at file:///home/siegfriedneto/projects/servicedeskn1-fix-simulate-hypothesis/frontend/app/node_modules/@tanstack/react-router/dist/esm/Matches.js:38:39
    at Object.react_stack_bottom_frame (/home/siegfriedneto/projects/servicedeskn1-fix-simulate-hypothesis/frontend/app/node_modules/react-dom/cjs/react-dom-client.development.js:25989:20)
    at runWithFiberInDEV (/home/siegfriedneto/projects/servicedeskn1-fix-simulate-hypothesis/frontend/app/node_modules/react-dom/cjs/react-dom-client.development.js:874:13)
    at commitHookEffectListMount (/home/siegfriedneto/projects/servicedeskn1-fix-simulate-hypothesis/frontend/app/node_modules/react-dom/cjs/react-dom-client.development.js:13249:29) undefined
Error: Not implemented: window.scrollTo
    at module.exports (/home/siegfriedneto/projects/servicedeskn1-fix-simulate-hypothesis/frontend/app/node_modules/jsdom/lib/jsdom/browser/not-implemented.js:9:17)
    at /home/siegfriedneto/projects/servicedeskn1-fix-simulate-hypothesis/frontend/app/node_modules/jsdom/lib/jsdom/browser/Window.js:960:7
    at Object.fn (file:///home/siegfriedneto/projects/servicedeskn1-fix-simulate-hypothesis/frontend/app/node_modules/@tanstack/router-core/dist/esm/scroll-restoration.js:180:27)
    at RouterCore.emit (file:///home/siegfriedneto/projects/servicedeskn1-fix-simulate-hypothesis/frontend/app/node_modules/@tanstack/router-core/dist/esm/router.js:178:14)
    at file:///home/siegfriedneto/projects/servicedeskn1-fix-simulate-hypothesis/frontend/app/node_modules/@tanstack/react-router/dist/esm/Transitioner.js:46:25
    at settleOwner (file:///home/siegfriedneto/projects/servicedeskn1-fix-simulate-hypothesis/frontend/app/node_modules/@tanstack/react-router/dist/esm/Transitioner.js:10:10)
    at file:///home/siegfriedneto/projects/servicedeskn1-fix-simulate-hypothesis/frontend/app/node_modules/@tanstack/react-router/dist/esm/Matches.js:38:39
    at Object.react_stack_bottom_frame (/home/siegfriedneto/projects/servicedeskn1-fix-simulate-hypothesis/frontend/app/node_modules/react-dom/cjs/react-dom-client.development.js:25989:20)
    at runWithFiberInDEV (/home/siegfriedneto/projects/servicedeskn1-fix-simulate-hypothesis/frontend/app/node_modules/react-dom/cjs/react-dom-client.development.js:874:13)
    at commitHookEffectListMount (/home/siegfriedneto/projects/servicedeskn1-fix-simulate-hypothesis/frontend/app/node_modules/react-dom/cjs/react-dom-client.development.js:13249:29) undefined
Error: Not implemented: window.scrollTo
    at module.exports (/home/siegfriedneto/projects/servicedeskn1-fix-simulate-hypothesis/frontend/app/node_modules/jsdom/lib/jsdom/browser/not-implemented.js:9:17)
    at /home/siegfriedneto/projects/servicedeskn1-fix-simulate-hypothesis/frontend/app/node_modules/jsdom/lib/jsdom/browser/Window.js:960:7
    at Object.fn (file:///home/siegfriedneto/projects/servicedeskn1-fix-simulate-hypothesis/frontend/app/node_modules/@tanstack/router-core/dist/esm/scroll-restoration.js:180:27)
    at RouterCore.emit (file:///home/siegfriedneto/projects/servicedeskn1-fix-simulate-hypothesis/frontend/app/node_modules/@tanstack/router-core/dist/esm/router.js:178:14)
    at file:///home/siegfriedneto/projects/servicedeskn1-fix-simulate-hypothesis/frontend/app/node_modules/@tanstack/react-router/dist/esm/Transitioner.js:46:25
    at settleOwner (file:///home/siegfriedneto/projects/servicedeskn1-fix-simulate-hypothesis/frontend/app/node_modules/@tanstack/react-router/dist/esm/Transitioner.js:10:10)
    at file:///home/siegfriedneto/projects/servicedeskn1-fix-simulate-hypothesis/frontend/app/node_modules/@tanstack/react-router/dist/esm/Matches.js:38:39
    at Object.react_stack_bottom_frame (/home/siegfriedneto/projects/servicedeskn1-fix-simulate-hypothesis/frontend/app/node_modules/react-dom/cjs/react-dom-client.development.js:25989:20)
    at runWithFiberInDEV (/home/siegfriedneto/projects/servicedeskn1-fix-simulate-hypothesis/frontend/app/node_modules/react-dom/cjs/react-dom-client.development.js:874:13)
    at commitHookEffectListMount (/home/siegfriedneto/projects/servicedeskn1-fix-simulate-hypothesis/frontend/app/node_modules/react-dom/cjs/react-dom-client.development.js:13249:29) undefined
Error: Not implemented: window.scrollTo
    at module.exports (/home/siegfriedneto/projects/servicedeskn1-fix-simulate-hypothesis/frontend/app/node_modules/jsdom/lib/jsdom/browser/not-implemented.js:9:17)
    at /home/siegfriedneto/projects/servicedeskn1-fix-simulate-hypothesis/frontend/app/node_modules/jsdom/lib/jsdom/browser/Window.js:960:7
    at Object.fn (file:///home/siegfriedneto/projects/servicedeskn1-fix-simulate-hypothesis/frontend/app/node_modules/@tanstack/router-core/dist/esm/scroll-restoration.js:180:27)
    at RouterCore.emit (file:///home/siegfriedneto/projects/servicedeskn1-fix-simulate-hypothesis/frontend/app/node_modules/@tanstack/router-core/dist/esm/router.js:178:14)
    at file:///home/siegfriedneto/projects/servicedeskn1-fix-simulate-hypothesis/frontend/app/node_modules/@tanstack/react-router/dist/esm/Transitioner.js:46:25
    at settleOwner (file:///home/siegfriedneto/projects/servicedeskn1-fix-simulate-hypothesis/frontend/app/node_modules/@tanstack/react-router/dist/esm/Transitioner.js:10:10)
    at file:///home/siegfriedneto/projects/servicedeskn1-fix-simulate-hypothesis/frontend/app/node_modules/@tanstack/react-router/dist/esm/Matches.js:38:39
    at Object.react_stack_bottom_frame (/home/siegfriedneto/projects/servicedeskn1-fix-simulate-hypothesis/frontend/app/node_modules/react-dom/cjs/react-dom-client.development.js:25989:20)
    at runWithFiberInDEV (/home/siegfriedneto/projects/servicedeskn1-fix-simulate-hypothesis/frontend/app/node_modules/react-dom/cjs/react-dom-client.development.js:874:13)
    at commitHookEffectListMount (/home/siegfriedneto/projects/servicedeskn1-fix-simulate-hypothesis/frontend/app/node_modules/react-dom/cjs/react-dom-client.development.js:13249:29) undefined
Error: Not implemented: window.scrollTo
    at module.exports (/home/siegfriedneto/projects/servicedeskn1-fix-simulate-hypothesis/frontend/app/node_modules/jsdom/lib/jsdom/browser/not-implemented.js:9:17)
    at /home/siegfriedneto/projects/servicedeskn1-fix-simulate-hypothesis/frontend/app/node_modules/jsdom/lib/jsdom/browser/Window.js:960:7
    at Object.fn (file:///home/siegfriedneto/projects/servicedeskn1-fix-simulate-hypothesis/frontend/app/node_modules/@tanstack/router-core/dist/esm/scroll-restoration.js:180:27)
    at RouterCore.emit (file:///home/siegfriedneto/projects/servicedeskn1-fix-simulate-hypothesis/frontend/app/node_modules/@tanstack/router-core/dist/esm/router.js:178:14)
    at file:///home/siegfriedneto/projects/servicedeskn1-fix-simulate-hypothesis/frontend/app/node_modules/@tanstack/react-router/dist/esm/Transitioner.js:46:25
    at settleOwner (file:///home/siegfriedneto/projects/servicedeskn1-fix-simulate-hypothesis/frontend/app/node_modules/@tanstack/react-router/dist/esm/Transitioner.js:10:10)
    at file:///home/siegfriedneto/projects/servicedeskn1-fix-simulate-hypothesis/frontend/app/node_modules/@tanstack/react-router/dist/esm/Matches.js:38:39
    at Object.react_stack_bottom_frame (/home/siegfriedneto/projects/servicedeskn1-fix-simulate-hypothesis/frontend/app/node_modules/react-dom/cjs/react-dom-client.development.js:25989:20)
    at runWithFiberInDEV (/home/siegfriedneto/projects/servicedeskn1-fix-simulate-hypothesis/frontend/app/node_modules/react-dom/cjs/react-dom-client.development.js:874:13)
    at commitHookEffectListMount (/home/siegfriedneto/projects/servicedeskn1-fix-simulate-hypothesis/frontend/app/node_modules/react-dom/cjs/react-dom-client.development.js:13249:29) undefined
Error: Not implemented: window.scrollTo
    at module.exports (/home/siegfriedneto/projects/servicedeskn1-fix-simulate-hypothesis/frontend/app/node_modules/jsdom/lib/jsdom/browser/not-implemented.js:9:17)
    at /home/siegfriedneto/projects/servicedeskn1-fix-simulate-hypothesis/frontend/app/node_modules/jsdom/lib/jsdom/browser/Window.js:960:7
    at Object.fn (file:///home/siegfriedneto/projects/servicedeskn1-fix-simulate-hypothesis/frontend/app/node_modules/@tanstack/router-core/dist/esm/scroll-restoration.js:180:27)
    at RouterCore.emit (file:///home/siegfriedneto/projects/servicedeskn1-fix-simulate-hypothesis/frontend/app/node_modules/@tanstack/router-core/dist/esm/router.js:178:14)
    at file:///home/siegfriedneto/projects/servicedeskn1-fix-simulate-hypothesis/frontend/app/node_modules/@tanstack/react-router/dist/esm/Transitioner.js:46:25
    at settleOwner (file:///home/siegfriedneto/projects/servicedeskn1-fix-simulate-hypothesis/frontend/app/node_modules/@tanstack/react-router/dist/esm/Transitioner.js:10:10)
    at file:///home/siegfriedneto/projects/servicedeskn1-fix-simulate-hypothesis/frontend/app/node_modules/@tanstack/react-router/dist/esm/Matches.js:38:39
    at Object.react_stack_bottom_frame (/home/siegfriedneto/projects/servicedeskn1-fix-simulate-hypothesis/frontend/app/node_modules/react-dom/cjs/react-dom-client.development.js:25989:20)
    at runWithFiberInDEV (/home/siegfriedneto/projects/servicedeskn1-fix-simulate-hypothesis/frontend/app/node_modules/react-dom/cjs/react-dom-client.development.js:874:13)
    at commitHookEffectListMount (/home/siegfriedneto/projects/servicedeskn1-fix-simulate-hypothesis/frontend/app/node_modules/react-dom/cjs/react-dom-client.development.js:13249:29) undefined
Error: Not implemented: window.scrollTo
    at module.exports (/home/siegfriedneto/projects/servicedeskn1-fix-simulate-hypothesis/frontend/app/node_modules/jsdom/lib/jsdom/browser/not-implemented.js:9:17)
    at /home/siegfriedneto/projects/servicedeskn1-fix-simulate-hypothesis/frontend/app/node_modules/jsdom/lib/jsdom/browser/Window.js:960:7
    at Object.fn (file:///home/siegfriedneto/projects/servicedeskn1-fix-simulate-hypothesis/frontend/app/node_modules/@tanstack/router-core/dist/esm/scroll-restoration.js:180:27)
    at RouterCore.emit (file:///home/siegfriedneto/projects/servicedeskn1-fix-simulate-hypothesis/frontend/app/node_modules/@tanstack/router-core/dist/esm/router.js:178:14)
    at file:///home/siegfriedneto/projects/servicedeskn1-fix-simulate-hypothesis/frontend/app/node_modules/@tanstack/react-router/dist/esm/Transitioner.js:46:25
    at settleOwner (file:///home/siegfriedneto/projects/servicedeskn1-fix-simulate-hypothesis/frontend/app/node_modules/@tanstack/react-router/dist/esm/Transitioner.js:10:10)
    at file:///home/siegfriedneto/projects/servicedeskn1-fix-simulate-hypothesis/frontend/app/node_modules/@tanstack/react-router/dist/esm/Matches.js:38:39
    at Object.react_stack_bottom_frame (/home/siegfriedneto/projects/servicedeskn1-fix-simulate-hypothesis/frontend/app/node_modules/react-dom/cjs/react-dom-client.development.js:25989:20)
    at runWithFiberInDEV (/home/siegfriedneto/projects/servicedeskn1-fix-simulate-hypothesis/frontend/app/node_modules/react-dom/cjs/react-dom-client.development.js:874:13)
    at commitHookEffectListMount (/home/siegfriedneto/projects/servicedeskn1-fix-simulate-hypothesis/frontend/app/node_modules/react-dom/cjs/react-dom-client.development.js:13249:29) undefined
Error: Not implemented: window.scrollTo
    at module.exports (/home/siegfriedneto/projects/servicedeskn1-fix-simulate-hypothesis/frontend/app/node_modules/jsdom/lib/jsdom/browser/not-implemented.js:9:17)
    at /home/siegfriedneto/projects/servicedeskn1-fix-simulate-hypothesis/frontend/app/node_modules/jsdom/lib/jsdom/browser/Window.js:960:7
    at Object.fn (file:///home/siegfriedneto/projects/servicedeskn1-fix-simulate-hypothesis/frontend/app/node_modules/@tanstack/router-core/dist/esm/scroll-restoration.js:180:27)
    at RouterCore.emit (file:///home/siegfriedneto/projects/servicedeskn1-fix-simulate-hypothesis/frontend/app/node_modules/@tanstack/router-core/dist/esm/router.js:178:14)
    at file:///home/siegfriedneto/projects/servicedeskn1-fix-simulate-hypothesis/frontend/app/node_modules/@tanstack/react-router/dist/esm/Transitioner.js:46:25
    at settleOwner (file:///home/siegfriedneto/projects/servicedeskn1-fix-simulate-hypothesis/frontend/app/node_modules/@tanstack/react-router/dist/esm/Transitioner.js:10:10)
    at file:///home/siegfriedneto/projects/servicedeskn1-fix-simulate-hypothesis/frontend/app/node_modules/@tanstack/react-router/dist/esm/Matches.js:38:39
    at Object.react_stack_bottom_frame (/home/siegfriedneto/projects/servicedeskn1-fix-simulate-hypothesis/frontend/app/node_modules/react-dom/cjs/react-dom-client.development.js:25989:20)
    at runWithFiberInDEV (/home/siegfriedneto/projects/servicedeskn1-fix-simulate-hypothesis/frontend/app/node_modules/react-dom/cjs/react-dom-client.development.js:874:13)
    at commitHookEffectListMount (/home/siegfriedneto/projects/servicedeskn1-fix-simulate-hypothesis/frontend/app/node_modules/react-dom/cjs/react-dom-client.development.js:13249:29) undefined
Error: Not implemented: window.scrollTo
    at module.exports (/home/siegfriedneto/projects/servicedeskn1-fix-simulate-hypothesis/frontend/app/node_modules/jsdom/lib/jsdom/browser/not-implemented.js:9:17)
    at /home/siegfriedneto/projects/servicedeskn1-fix-simulate-hypothesis/frontend/app/node_modules/jsdom/lib/jsdom/browser/Window.js:960:7
    at Object.fn (file:///home/siegfriedneto/projects/servicedeskn1-fix-simulate-hypothesis/frontend/app/node_modules/@tanstack/router-core/dist/esm/scroll-restoration.js:180:27)
    at RouterCore.emit (file:///home/siegfriedneto/projects/servicedeskn1-fix-simulate-hypothesis/frontend/app/node_modules/@tanstack/router-core/dist/esm/router.js:178:14)
    at file:///home/siegfriedneto/projects/servicedeskn1-fix-simulate-hypothesis/frontend/app/node_modules/@tanstack/react-router/dist/esm/Transitioner.js:46:25
    at settleOwner (file:///home/siegfriedneto/projects/servicedeskn1-fix-simulate-hypothesis/frontend/app/node_modules/@tanstack/react-router/dist/esm/Transitioner.js:10:10)
    at file:///home/siegfriedneto/projects/servicedeskn1-fix-simulate-hypothesis/frontend/app/node_modules/@tanstack/react-router/dist/esm/Matches.js:38:39
    at Object.react_stack_bottom_frame (/home/siegfriedneto/projects/servicedeskn1-fix-simulate-hypothesis/frontend/app/node_modules/react-dom/cjs/react-dom-client.development.js:25989:20)
    at runWithFiberInDEV (/home/siegfriedneto/projects/servicedeskn1-fix-simulate-hypothesis/frontend/app/node_modules/react-dom/cjs/react-dom-client.development.js:874:13)
    at commitHookEffectListMount (/home/siegfriedneto/projects/servicedeskn1-fix-simulate-hypothesis/frontend/app/node_modules/react-dom/cjs/react-dom-client.development.js:13249:29) undefined
Error: Not implemented: window.scrollTo
    at module.exports (/home/siegfriedneto/projects/servicedeskn1-fix-simulate-hypothesis/frontend/app/node_modules/jsdom/lib/jsdom/browser/not-implemented.js:9:17)
    at /home/siegfriedneto/projects/servicedeskn1-fix-simulate-hypothesis/frontend/app/node_modules/jsdom/lib/jsdom/browser/Window.js:960:7
    at Object.fn (file:///home/siegfriedneto/projects/servicedeskn1-fix-simulate-hypothesis/frontend/app/node_modules/@tanstack/router-core/dist/esm/scroll-restoration.js:180:27)
    at RouterCore.emit (file:///home/siegfriedneto/projects/servicedeskn1-fix-simulate-hypothesis/frontend/app/node_modules/@tanstack/router-core/dist/esm/router.js:178:14)
    at file:///home/siegfriedneto/projects/servicedeskn1-fix-simulate-hypothesis/frontend/app/node_modules/@tanstack/router-core/dist/esm/load-client.js:943:46
    at Router.batch (file:///home/siegfriedneto/projects/servicedeskn1-fix-simulate-hypothesis/frontend/app/node_modules/@tanstack/store/dist/esm/atom.js:39:5)
    at file:///home/siegfriedneto/projects/servicedeskn1-fix-simulate-hypothesis/frontend/app/node_modules/@tanstack/router-core/dist/esm/load-client.js:936:10
    at runNextTicks (node:internal/process/task_queues:64:5)
    at listOnTimeout (node:internal/timers:547:9)
    at processTimers (node:internal/timers:521:7) undefined
Error: Not implemented: window.scrollTo
    at module.exports (/home/siegfriedneto/projects/servicedeskn1-fix-simulate-hypothesis/frontend/app/node_modules/jsdom/lib/jsdom/browser/not-implemented.js:9:17)
    at /home/siegfriedneto/projects/servicedeskn1-fix-simulate-hypothesis/frontend/app/node_modules/jsdom/lib/jsdom/browser/Window.js:960:7
    at Object.fn (file:///home/siegfriedneto/projects/servicedeskn1-fix-simulate-hypothesis/frontend/app/node_modules/@tanstack/router-core/dist/esm/scroll-restoration.js:180:27)
    at RouterCore.emit (file:///home/siegfriedneto/projects/servicedeskn1-fix-simulate-hypothesis/frontend/app/node_modules/@tanstack/router-core/dist/esm/router.js:178:14)
    at file:///home/siegfriedneto/projects/servicedeskn1-fix-simulate-hypothesis/frontend/app/node_modules/@tanstack/react-router/dist/esm/Transitioner.js:46:25
    at settleOwner (file:///home/siegfriedneto/projects/servicedeskn1-fix-simulate-hypothesis/frontend/app/node_modules/@tanstack/react-router/dist/esm/Transitioner.js:10:10)
    at file:///home/siegfriedneto/projects/servicedeskn1-fix-simulate-hypothesis/frontend/app/node_modules/@tanstack/react-router/dist/esm/Matches.js:38:39
    at Object.react_stack_bottom_frame (/home/siegfriedneto/projects/servicedeskn1-fix-simulate-hypothesis/frontend/app/node_modules/react-dom/cjs/react-dom-client.development.js:25989:20)
    at runWithFiberInDEV (/home/siegfriedneto/projects/servicedeskn1-fix-simulate-hypothesis/frontend/app/node_modules/react-dom/cjs/react-dom-client.development.js:874:13)
    at commitHookEffectListMount (/home/siegfriedneto/projects/servicedeskn1-fix-simulate-hypothesis/frontend/app/node_modules/react-dom/cjs/react-dom-client.development.js:13249:29) undefined
Error: Not implemented: window.scrollTo
    at module.exports (/home/siegfriedneto/projects/servicedeskn1-fix-simulate-hypothesis/frontend/app/node_modules/jsdom/lib/jsdom/browser/not-implemented.js:9:17)
    at /home/siegfriedneto/projects/servicedeskn1-fix-simulate-hypothesis/frontend/app/node_modules/jsdom/lib/jsdom/browser/Window.js:960:7
    at Object.fn (file:///home/siegfriedneto/projects/servicedeskn1-fix-simulate-hypothesis/frontend/app/node_modules/@tanstack/router-core/dist/esm/scroll-restoration.js:180:27)
    at RouterCore.emit (file:///home/siegfriedneto/projects/servicedeskn1-fix-simulate-hypothesis/frontend/app/node_modules/@tanstack/router-core/dist/esm/router.js:178:14)
    at file:///home/siegfriedneto/projects/servicedeskn1-fix-simulate-hypothesis/frontend/app/node_modules/@tanstack/router-core/dist/esm/load-client.js:943:46
    at Router.batch (file:///home/siegfriedneto/projects/servicedeskn1-fix-simulate-hypothesis/frontend/app/node_modules/@tanstack/store/dist/esm/atom.js:39:5)
    at file:///home/siegfriedneto/projects/servicedeskn1-fix-simulate-hypothesis/frontend/app/node_modules/@tanstack/router-core/dist/esm/load-client.js:936:10
    at runClientTransaction (file:///home/siegfriedneto/projects/servicedeskn1-fix-simulate-hypothesis/frontend/app/node_modules/@tanstack/router-core/dist/esm/load-client.js:902:2)
    at loadClientRoute (file:///home/siegfriedneto/projects/servicedeskn1-fix-simulate-hypothesis/frontend/app/node_modules/@tanstack/router-core/dist/esm/load-client.js:1034:2)
    at RouterCore.load (file:///home/siegfriedneto/projects/servicedeskn1-fix-simulate-hypothesis/frontend/app/node_modules/@tanstack/router-core/dist/esm/router.js:489:4) undefined
Error: Not implemented: window.scrollTo
    at module.exports (/home/siegfriedneto/projects/servicedeskn1-fix-simulate-hypothesis/frontend/app/node_modules/jsdom/lib/jsdom/browser/not-implemented.js:9:17)
    at /home/siegfriedneto/projects/servicedeskn1-fix-simulate-hypothesis/frontend/app/node_modules/jsdom/lib/jsdom/browser/Window.js:960:7
    at Object.fn (file:///home/siegfriedneto/projects/servicedeskn1-fix-simulate-hypothesis/frontend/app/node_modules/@tanstack/router-core/dist/esm/scroll-restoration.js:180:27)
    at RouterCore.emit (file:///home/siegfriedneto/projects/servicedeskn1-fix-simulate-hypothesis/frontend/app/node_modules/@tanstack/router-core/dist/esm/router.js:178:14)
    at file:///home/siegfriedneto/projects/servicedeskn1-fix-simulate-hypothesis/frontend/app/node_modules/@tanstack/react-router/dist/esm/Transitioner.js:46:25
    at settleOwner (file:///home/siegfriedneto/projects/servicedeskn1-fix-simulate-hypothesis/frontend/app/node_modules/@tanstack/react-router/dist/esm/Transitioner.js:10:10)
    at file:///home/siegfriedneto/projects/servicedeskn1-fix-simulate-hypothesis/frontend/app/node_modules/@tanstack/react-router/dist/esm/Matches.js:38:39
    at Object.react_stack_bottom_frame (/home/siegfriedneto/projects/servicedeskn1-fix-simulate-hypothesis/frontend/app/node_modules/react-dom/cjs/react-dom-client.development.js:25989:20)
    at runWithFiberInDEV (/home/siegfriedneto/projects/servicedeskn1-fix-simulate-hypothesis/frontend/app/node_modules/react-dom/cjs/react-dom-client.development.js:874:13)
    at commitHookEffectListMount (/home/siegfriedneto/projects/servicedeskn1-fix-simulate-hypothesis/frontend/app/node_modules/react-dom/cjs/react-dom-client.development.js:13249:29) undefined
Error: Not implemented: window.scrollTo
    at module.exports (/home/siegfriedneto/projects/servicedeskn1-fix-simulate-hypothesis/frontend/app/node_modules/jsdom/lib/jsdom/browser/not-implemented.js:9:17)
    at /home/siegfriedneto/projects/servicedeskn1-fix-simulate-hypothesis/frontend/app/node_modules/jsdom/lib/jsdom/browser/Window.js:960:7
    at Object.fn (file:///home/siegfriedneto/projects/servicedeskn1-fix-simulate-hypothesis/frontend/app/node_modules/@tanstack/router-core/dist/esm/scroll-restoration.js:180:27)
    at RouterCore.emit (file:///home/siegfriedneto/projects/servicedeskn1-fix-simulate-hypothesis/frontend/app/node_modules/@tanstack/router-core/dist/esm/router.js:178:14)
    at file:///home/siegfriedneto/projects/servicedeskn1-fix-simulate-hypothesis/frontend/app/node_modules/@tanstack/router-core/dist/esm/load-client.js:943:46
    at Router.batch (file:///home/siegfriedneto/projects/servicedeskn1-fix-simulate-hypothesis/frontend/app/node_modules/@tanstack/store/dist/esm/atom.js:39:5)
    at file:///home/siegfriedneto/projects/servicedeskn1-fix-simulate-hypothesis/frontend/app/node_modules/@tanstack/router-core/dist/esm/load-client.js:936:10
    at runClientTransaction (file:///home/siegfriedneto/projects/servicedeskn1-fix-simulate-hypothesis/frontend/app/node_modules/@tanstack/router-core/dist/esm/load-client.js:902:2)
    at loadClientRoute (file:///home/siegfriedneto/projects/servicedeskn1-fix-simulate-hypothesis/frontend/app/node_modules/@tanstack/router-core/dist/esm/load-client.js:1034:2)
    at RouterCore.load (file:///home/siegfriedneto/projects/servicedeskn1-fix-simulate-hypothesis/frontend/app/node_modules/@tanstack/router-core/dist/esm/router.js:489:4) undefined
Error: Not implemented: window.scrollTo
    at module.exports (/home/siegfriedneto/projects/servicedeskn1-fix-simulate-hypothesis/frontend/app/node_modules/jsdom/lib/jsdom/browser/not-implemented.js:9:17)
    at /home/siegfriedneto/projects/servicedeskn1-fix-simulate-hypothesis/frontend/app/node_modules/jsdom/lib/jsdom/browser/Window.js:960:7
    at Object.fn (file:///home/siegfriedneto/projects/servicedeskn1-fix-simulate-hypothesis/frontend/app/node_modules/@tanstack/router-core/dist/esm/scroll-restoration.js:180:27)
    at RouterCore.emit (file:///home/siegfriedneto/projects/servicedeskn1-fix-simulate-hypothesis/frontend/app/node_modules/@tanstack/router-core/dist/esm/router.js:178:14)
    at file:///home/siegfriedneto/projects/servicedeskn1-fix-simulate-hypothesis/frontend/app/node_modules/@tanstack/react-router/dist/esm/Transitioner.js:46:25
    at settleOwner (file:///home/siegfriedneto/projects/servicedeskn1-fix-simulate-hypothesis/frontend/app/node_modules/@tanstack/react-router/dist/esm/Transitioner.js:10:10)
    at file:///home/siegfriedneto/projects/servicedeskn1-fix-simulate-hypothesis/frontend/app/node_modules/@tanstack/react-router/dist/esm/Matches.js:38:39
    at Object.react_stack_bottom_frame (/home/siegfriedneto/projects/servicedeskn1-fix-simulate-hypothesis/frontend/app/node_modules/react-dom/cjs/react-dom-client.development.js:25989:20)
    at runWithFiberInDEV (/home/siegfriedneto/projects/servicedeskn1-fix-simulate-hypothesis/frontend/app/node_modules/react-dom/cjs/react-dom-client.development.js:874:13)
    at commitHookEffectListMount (/home/siegfriedneto/projects/servicedeskn1-fix-simulate-hypothesis/frontend/app/node_modules/react-dom/cjs/react-dom-client.development.js:13249:29) undefined
Error: Not implemented: window.scrollTo
    at module.exports (/home/siegfriedneto/projects/servicedeskn1-fix-simulate-hypothesis/frontend/app/node_modules/jsdom/lib/jsdom/browser/not-implemented.js:9:17)
    at /home/siegfriedneto/projects/servicedeskn1-fix-simulate-hypothesis/frontend/app/node_modules/jsdom/lib/jsdom/browser/Window.js:960:7
    at Object.fn (file:///home/siegfriedneto/projects/servicedeskn1-fix-simulate-hypothesis/frontend/app/node_modules/@tanstack/router-core/dist/esm/scroll-restoration.js:180:27)
    at RouterCore.emit (file:///home/siegfriedneto/projects/servicedeskn1-fix-simulate-hypothesis/frontend/app/node_modules/@tanstack/router-core/dist/esm/router.js:178:14)
    at file:///home/siegfriedneto/projects/servicedeskn1-fix-simulate-hypothesis/frontend/app/node_modules/@tanstack/react-router/dist/esm/Transitioner.js:46:25
    at settleOwner (file:///home/siegfriedneto/projects/servicedeskn1-fix-simulate-hypothesis/frontend/app/node_modules/@tanstack/react-router/dist/esm/Transitioner.js:10:10)
    at file:///home/siegfriedneto/projects/servicedeskn1-fix-simulate-hypothesis/frontend/app/node_modules/@tanstack/react-router/dist/esm/Matches.js:38:39
    at Object.react_stack_bottom_frame (/home/siegfriedneto/projects/servicedeskn1-fix-simulate-hypothesis/frontend/app/node_modules/react-dom/cjs/react-dom-client.development.js:25989:20)
    at runWithFiberInDEV (/home/siegfriedneto/projects/servicedeskn1-fix-simulate-hypothesis/frontend/app/node_modules/react-dom/cjs/react-dom-client.development.js:874:13)
    at commitHookEffectListMount (/home/siegfriedneto/projects/servicedeskn1-fix-simulate-hypothesis/frontend/app/node_modules/react-dom/cjs/react-dom-client.development.js:13249:29) undefined
Error: Not implemented: window.scrollTo
    at module.exports (/home/siegfriedneto/projects/servicedeskn1-fix-simulate-hypothesis/frontend/app/node_modules/jsdom/lib/jsdom/browser/not-implemented.js:9:17)
    at /home/siegfriedneto/projects/servicedeskn1-fix-simulate-hypothesis/frontend/app/node_modules/jsdom/lib/jsdom/browser/Window.js:960:7
    at Object.fn (file:///home/siegfriedneto/projects/servicedeskn1-fix-simulate-hypothesis/frontend/app/node_modules/@tanstack/router-core/dist/esm/scroll-restoration.js:180:27)
    at RouterCore.emit (file:///home/siegfriedneto/projects/servicedeskn1-fix-simulate-hypothesis/frontend/app/node_modules/@tanstack/router-core/dist/esm/router.js:178:14)
    at file:///home/siegfriedneto/projects/servicedeskn1-fix-simulate-hypothesis/frontend/app/node_modules/@tanstack/react-router/dist/esm/Transitioner.js:46:25
    at settleOwner (file:///home/siegfriedneto/projects/servicedeskn1-fix-simulate-hypothesis/frontend/app/node_modules/@tanstack/react-router/dist/esm/Transitioner.js:10:10)
    at file:///home/siegfriedneto/projects/servicedeskn1-fix-simulate-hypothesis/frontend/app/node_modules/@tanstack/react-router/dist/esm/Matches.js:38:39
    at Object.react_stack_bottom_frame (/home/siegfriedneto/projects/servicedeskn1-fix-simulate-hypothesis/frontend/app/node_modules/react-dom/cjs/react-dom-client.development.js:25989:20)
    at runWithFiberInDEV (/home/siegfriedneto/projects/servicedeskn1-fix-simulate-hypothesis/frontend/app/node_modules/react-dom/cjs/react-dom-client.development.js:874:13)
    at commitHookEffectListMount (/home/siegfriedneto/projects/servicedeskn1-fix-simulate-hypothesis/frontend/app/node_modules/react-dom/cjs/react-dom-client.development.js:13249:29) undefined
Error: Not implemented: window.scrollTo
    at module.exports (/home/siegfriedneto/projects/servicedeskn1-fix-simulate-hypothesis/frontend/app/node_modules/jsdom/lib/jsdom/browser/not-implemented.js:9:17)
    at /home/siegfriedneto/projects/servicedeskn1-fix-simulate-hypothesis/frontend/app/node_modules/jsdom/lib/jsdom/browser/Window.js:960:7
    at Object.fn (file:///home/siegfriedneto/projects/servicedeskn1-fix-simulate-hypothesis/frontend/app/node_modules/@tanstack/router-core/dist/esm/scroll-restoration.js:180:27)
    at RouterCore.emit (file:///home/siegfriedneto/projects/servicedeskn1-fix-simulate-hypothesis/frontend/app/node_modules/@tanstack/router-core/dist/esm/router.js:178:14)
    at file:///home/siegfriedneto/projects/servicedeskn1-fix-simulate-hypothesis/frontend/app/node_modules/@tanstack/react-router/dist/esm/Transitioner.js:46:25
    at settleOwner (file:///home/siegfriedneto/projects/servicedeskn1-fix-simulate-hypothesis/frontend/app/node_modules/@tanstack/react-router/dist/esm/Transitioner.js:10:10)
    at file:///home/siegfriedneto/projects/servicedeskn1-fix-simulate-hypothesis/frontend/app/node_modules/@tanstack/react-router/dist/esm/Matches.js:38:39
    at Object.react_stack_bottom_frame (/home/siegfriedneto/projects/servicedeskn1-fix-simulate-hypothesis/frontend/app/node_modules/react-dom/cjs/react-dom-client.development.js:25989:20)
    at runWithFiberInDEV (/home/siegfriedneto/projects/servicedeskn1-fix-simulate-hypothesis/frontend/app/node_modules/react-dom/cjs/react-dom-client.development.js:874:13)
    at commitHookEffectListMount (/home/siegfriedneto/projects/servicedeskn1-fix-simulate-hypothesis/frontend/app/node_modules/react-dom/cjs/react-dom-client.development.js:13249:29) undefined
Error: Not implemented: window.scrollTo
    at module.exports (/home/siegfriedneto/projects/servicedeskn1-fix-simulate-hypothesis/frontend/app/node_modules/jsdom/lib/jsdom/browser/not-implemented.js:9:17)
    at /home/siegfriedneto/projects/servicedeskn1-fix-simulate-hypothesis/frontend/app/node_modules/jsdom/lib/jsdom/browser/Window.js:960:7
    at Object.fn (file:///home/siegfriedneto/projects/servicedeskn1-fix-simulate-hypothesis/frontend/app/node_modules/@tanstack/router-core/dist/esm/scroll-restoration.js:180:27)
    at RouterCore.emit (file:///home/siegfriedneto/projects/servicedeskn1-fix-simulate-hypothesis/frontend/app/node_modules/@tanstack/router-core/dist/esm/router.js:178:14)
    at file:///home/siegfriedneto/projects/servicedeskn1-fix-simulate-hypothesis/frontend/app/node_modules/@tanstack/react-router/dist/esm/Transitioner.js:46:25
    at settleOwner (file:///home/siegfriedneto/projects/servicedeskn1-fix-simulate-hypothesis/frontend/app/node_modules/@tanstack/react-router/dist/esm/Transitioner.js:10:10)
    at file:///home/siegfriedneto/projects/servicedeskn1-fix-simulate-hypothesis/frontend/app/node_modules/@tanstack/react-router/dist/esm/Matches.js:38:39
    at Object.react_stack_bottom_frame (/home/siegfriedneto/projects/servicedeskn1-fix-simulate-hypothesis/frontend/app/node_modules/react-dom/cjs/react-dom-client.development.js:25989:20)
    at runWithFiberInDEV (/home/siegfriedneto/projects/servicedeskn1-fix-simulate-hypothesis/frontend/app/node_modules/react-dom/cjs/react-dom-client.development.js:874:13)
    at commitHookEffectListMount (/home/siegfriedneto/projects/servicedeskn1-fix-simulate-hypothesis/frontend/app/node_modules/react-dom/cjs/react-dom-client.development.js:13249:29) undefined
Error: Not implemented: window.scrollTo
    at module.exports (/home/siegfriedneto/projects/servicedeskn1-fix-simulate-hypothesis/frontend/app/node_modules/jsdom/lib/jsdom/browser/not-implemented.js:9:17)
    at /home/siegfriedneto/projects/servicedeskn1-fix-simulate-hypothesis/frontend/app/node_modules/jsdom/lib/jsdom/browser/Window.js:960:7
    at Object.fn (file:///home/siegfriedneto/projects/servicedeskn1-fix-simulate-hypothesis/frontend/app/node_modules/@tanstack/router-core/dist/esm/scroll-restoration.js:180:27)
    at RouterCore.emit (file:///home/siegfriedneto/projects/servicedeskn1-fix-simulate-hypothesis/frontend/app/node_modules/@tanstack/router-core/dist/esm/router.js:178:14)
    at file:///home/siegfriedneto/projects/servicedeskn1-fix-simulate-hypothesis/frontend/app/node_modules/@tanstack/router-core/dist/esm/load-client.js:943:46
    at Router.batch (file:///home/siegfriedneto/projects/servicedeskn1-fix-simulate-hypothesis/frontend/app/node_modules/@tanstack/store/dist/esm/atom.js:39:5)
    at file:///home/siegfriedneto/projects/servicedeskn1-fix-simulate-hypothesis/frontend/app/node_modules/@tanstack/router-core/dist/esm/load-client.js:936:10
    at runClientTransaction (file:///home/siegfriedneto/projects/servicedeskn1-fix-simulate-hypothesis/frontend/app/node_modules/@tanstack/router-core/dist/esm/load-client.js:902:2)
    at loadClientRoute (file:///home/siegfriedneto/projects/servicedeskn1-fix-simulate-hypothesis/frontend/app/node_modules/@tanstack/router-core/dist/esm/load-client.js:1034:2)
    at RouterCore.load (file:///home/siegfriedneto/projects/servicedeskn1-fix-simulate-hypothesis/frontend/app/node_modules/@tanstack/router-core/dist/esm/router.js:489:4) undefined
Error: Not implemented: window.scrollTo
    at module.exports (/home/siegfriedneto/projects/servicedeskn1-fix-simulate-hypothesis/frontend/app/node_modules/jsdom/lib/jsdom/browser/not-implemented.js:9:17)
    at /home/siegfriedneto/projects/servicedeskn1-fix-simulate-hypothesis/frontend/app/node_modules/jsdom/lib/jsdom/browser/Window.js:960:7
    at Object.fn (file:///home/siegfriedneto/projects/servicedeskn1-fix-simulate-hypothesis/frontend/app/node_modules/@tanstack/router-core/dist/esm/scroll-restoration.js:180:27)
    at RouterCore.emit (file:///home/siegfriedneto/projects/servicedeskn1-fix-simulate-hypothesis/frontend/app/node_modules/@tanstack/router-core/dist/esm/router.js:178:14)
    at file:///home/siegfriedneto/projects/servicedeskn1-fix-simulate-hypothesis/frontend/app/node_modules/@tanstack/react-router/dist/esm/Transitioner.js:46:25
    at settleOwner (file:///home/siegfriedneto/projects/servicedeskn1-fix-simulate-hypothesis/frontend/app/node_modules/@tanstack/react-router/dist/esm/Transitioner.js:10:10)
    at file:///home/siegfriedneto/projects/servicedeskn1-fix-simulate-hypothesis/frontend/app/node_modules/@tanstack/react-router/dist/esm/Matches.js:38:39
    at Object.react_stack_bottom_frame (/home/siegfriedneto/projects/servicedeskn1-fix-simulate-hypothesis/frontend/app/node_modules/react-dom/cjs/react-dom-client.development.js:25989:20)
    at runWithFiberInDEV (/home/siegfriedneto/projects/servicedeskn1-fix-simulate-hypothesis/frontend/app/node_modules/react-dom/cjs/react-dom-client.development.js:874:13)
    at commitHookEffectListMount (/home/siegfriedneto/projects/servicedeskn1-fix-simulate-hypothesis/frontend/app/node_modules/react-dom/cjs/react-dom-client.development.js:13249:29) undefined
Error: Not implemented: window.scrollTo
    at module.exports (/home/siegfriedneto/projects/servicedeskn1-fix-simulate-hypothesis/frontend/app/node_modules/jsdom/lib/jsdom/browser/not-implemented.js:9:17)
    at /home/siegfriedneto/projects/servicedeskn1-fix-simulate-hypothesis/frontend/app/node_modules/jsdom/lib/jsdom/browser/Window.js:960:7
    at Object.fn (file:///home/siegfriedneto/projects/servicedeskn1-fix-simulate-hypothesis/frontend/app/node_modules/@tanstack/router-core/dist/esm/scroll-restoration.js:180:27)
    at RouterCore.emit (file:///home/siegfriedneto/projects/servicedeskn1-fix-simulate-hypothesis/frontend/app/node_modules/@tanstack/router-core/dist/esm/router.js:178:14)
    at file:///home/siegfriedneto/projects/servicedeskn1-fix-simulate-hypothesis/frontend/app/node_modules/@tanstack/react-router/dist/esm/Transitioner.js:46:25
    at settleOwner (file:///home/siegfriedneto/projects/servicedeskn1-fix-simulate-hypothesis/frontend/app/node_modules/@tanstack/react-router/dist/esm/Transitioner.js:10:10)
    at file:///home/siegfriedneto/projects/servicedeskn1-fix-simulate-hypothesis/frontend/app/node_modules/@tanstack/react-router/dist/esm/Matches.js:38:39
    at Object.react_stack_bottom_frame (/home/siegfriedneto/projects/servicedeskn1-fix-simulate-hypothesis/frontend/app/node_modules/react-dom/cjs/react-dom-client.development.js:25989:20)
    at runWithFiberInDEV (/home/siegfriedneto/projects/servicedeskn1-fix-simulate-hypothesis/frontend/app/node_modules/react-dom/cjs/react-dom-client.development.js:874:13)
    at commitHookEffectListMount (/home/siegfriedneto/projects/servicedeskn1-fix-simulate-hypothesis/frontend/app/node_modules/react-dom/cjs/react-dom-client.development.js:13249:29) undefined
Error: Not implemented: window.scrollTo
    at module.exports (/home/siegfriedneto/projects/servicedeskn1-fix-simulate-hypothesis/frontend/app/node_modules/jsdom/lib/jsdom/browser/not-implemented.js:9:17)
    at /home/siegfriedneto/projects/servicedeskn1-fix-simulate-hypothesis/frontend/app/node_modules/jsdom/lib/jsdom/browser/Window.js:960:7
    at Object.fn (file:///home/siegfriedneto/projects/servicedeskn1-fix-simulate-hypothesis/frontend/app/node_modules/@tanstack/router-core/dist/esm/scroll-restoration.js:180:27)
    at RouterCore.emit (file:///home/siegfriedneto/projects/servicedeskn1-fix-simulate-hypothesis/frontend/app/node_modules/@tanstack/router-core/dist/esm/router.js:178:14)
    at file:///home/siegfriedneto/projects/servicedeskn1-fix-simulate-hypothesis/frontend/app/node_modules/@tanstack/router-core/dist/esm/load-client.js:943:46
    at Router.batch (file:///home/siegfriedneto/projects/servicedeskn1-fix-simulate-hypothesis/frontend/app/node_modules/@tanstack/store/dist/esm/atom.js:39:5)
    at file:///home/siegfriedneto/projects/servicedeskn1-fix-simulate-hypothesis/frontend/app/node_modules/@tanstack/router-core/dist/esm/load-client.js:936:10
    at runClientTransaction (file:///home/siegfriedneto/projects/servicedeskn1-fix-simulate-hypothesis/frontend/app/node_modules/@tanstack/router-core/dist/esm/load-client.js:902:2)
    at loadClientRoute (file:///home/siegfriedneto/projects/servicedeskn1-fix-simulate-hypothesis/frontend/app/node_modules/@tanstack/router-core/dist/esm/load-client.js:1034:2)
    at RouterCore.load (file:///home/siegfriedneto/projects/servicedeskn1-fix-simulate-hypothesis/frontend/app/node_modules/@tanstack/router-core/dist/esm/router.js:489:4) undefined
Error: Not implemented: window.scrollTo
    at module.exports (/home/siegfriedneto/projects/servicedeskn1-fix-simulate-hypothesis/frontend/app/node_modules/jsdom/lib/jsdom/browser/not-implemented.js:9:17)
    at /home/siegfriedneto/projects/servicedeskn1-fix-simulate-hypothesis/frontend/app/node_modules/jsdom/lib/jsdom/browser/Window.js:960:7
    at Object.fn (file:///home/siegfriedneto/projects/servicedeskn1-fix-simulate-hypothesis/frontend/app/node_modules/@tanstack/router-core/dist/esm/scroll-restoration.js:180:27)
    at RouterCore.emit (file:///home/siegfriedneto/projects/servicedeskn1-fix-simulate-hypothesis/frontend/app/node_modules/@tanstack/router-core/dist/esm/router.js:178:14)
    at file:///home/siegfriedneto/projects/servicedeskn1-fix-simulate-hypothesis/frontend/app/node_modules/@tanstack/react-router/dist/esm/Transitioner.js:46:25
    at settleOwner (file:///home/siegfriedneto/projects/servicedeskn1-fix-simulate-hypothesis/frontend/app/node_modules/@tanstack/react-router/dist/esm/Transitioner.js:10:10)
    at file:///home/siegfriedneto/projects/servicedeskn1-fix-simulate-hypothesis/frontend/app/node_modules/@tanstack/react-router/dist/esm/Matches.js:38:39
    at Object.react_stack_bottom_frame (/home/siegfriedneto/projects/servicedeskn1-fix-simulate-hypothesis/frontend/app/node_modules/react-dom/cjs/react-dom-client.development.js:25989:20)
    at runWithFiberInDEV (/home/siegfriedneto/projects/servicedeskn1-fix-simulate-hypothesis/frontend/app/node_modules/react-dom/cjs/react-dom-client.development.js:874:13)
    at commitHookEffectListMount (/home/siegfriedneto/projects/servicedeskn1-fix-simulate-hypothesis/frontend/app/node_modules/react-dom/cjs/react-dom-client.development.js:13249:29) undefined
Error: Not implemented: window.scrollTo
    at module.exports (/home/siegfriedneto/projects/servicedeskn1-fix-simulate-hypothesis/frontend/app/node_modules/jsdom/lib/jsdom/browser/not-implemented.js:9:17)
    at /home/siegfriedneto/projects/servicedeskn1-fix-simulate-hypothesis/frontend/app/node_modules/jsdom/lib/jsdom/browser/Window.js:960:7
    at Object.fn (file:///home/siegfriedneto/projects/servicedeskn1-fix-simulate-hypothesis/frontend/app/node_modules/@tanstack/router-core/dist/esm/scroll-restoration.js:180:27)
    at RouterCore.emit (file:///home/siegfriedneto/projects/servicedeskn1-fix-simulate-hypothesis/frontend/app/node_modules/@tanstack/router-core/dist/esm/router.js:178:14)
    at file:///home/siegfriedneto/projects/servicedeskn1-fix-simulate-hypothesis/frontend/app/node_modules/@tanstack/react-router/dist/esm/Transitioner.js:46:25
    at settleOwner (file:///home/siegfriedneto/projects/servicedeskn1-fix-simulate-hypothesis/frontend/app/node_modules/@tanstack/react-router/dist/esm/Transitioner.js:10:10)
    at file:///home/siegfriedneto/projects/servicedeskn1-fix-simulate-hypothesis/frontend/app/node_modules/@tanstack/react-router/dist/esm/Matches.js:38:39
    at Object.react_stack_bottom_frame (/home/siegfriedneto/projects/servicedeskn1-fix-simulate-hypothesis/frontend/app/node_modules/react-dom/cjs/react-dom-client.development.js:25989:20)
    at runWithFiberInDEV (/home/siegfriedneto/projects/servicedeskn1-fix-simulate-hypothesis/frontend/app/node_modules/react-dom/cjs/react-dom-client.development.js:874:13)
    at commitHookEffectListMount (/home/siegfriedneto/projects/servicedeskn1-fix-simulate-hypothesis/frontend/app/node_modules/react-dom/cjs/react-dom-client.development.js:13249:29) undefined
Error: Not implemented: window.scrollTo
    at module.exports (/home/siegfriedneto/projects/servicedeskn1-fix-simulate-hypothesis/frontend/app/node_modules/jsdom/lib/jsdom/browser/not-implemented.js:9:17)
    at /home/siegfriedneto/projects/servicedeskn1-fix-simulate-hypothesis/frontend/app/node_modules/jsdom/lib/jsdom/browser/Window.js:960:7
    at Object.fn (file:///home/siegfriedneto/projects/servicedeskn1-fix-simulate-hypothesis/frontend/app/node_modules/@tanstack/router-core/dist/esm/scroll-restoration.js:180:27)
    at RouterCore.emit (file:///home/siegfriedneto/projects/servicedeskn1-fix-simulate-hypothesis/frontend/app/node_modules/@tanstack/router-core/dist/esm/router.js:178:14)
    at file:///home/siegfriedneto/projects/servicedeskn1-fix-simulate-hypothesis/frontend/app/node_modules/@tanstack/react-router/dist/esm/Transitioner.js:46:25
    at settleOwner (file:///home/siegfriedneto/projects/servicedeskn1-fix-simulate-hypothesis/frontend/app/node_modules/@tanstack/react-router/dist/esm/Transitioner.js:10:10)
    at file:///home/siegfriedneto/projects/servicedeskn1-fix-simulate-hypothesis/frontend/app/node_modules/@tanstack/react-router/dist/esm/Matches.js:38:39
    at Object.react_stack_bottom_frame (/home/siegfriedneto/projects/servicedeskn1-fix-simulate-hypothesis/frontend/app/node_modules/react-dom/cjs/react-dom-client.development.js:25989:20)
    at runWithFiberInDEV (/home/siegfriedneto/projects/servicedeskn1-fix-simulate-hypothesis/frontend/app/node_modules/react-dom/cjs/react-dom-client.development.js:874:13)
    at commitHookEffectListMount (/home/siegfriedneto/projects/servicedeskn1-fix-simulate-hypothesis/frontend/app/node_modules/react-dom/cjs/react-dom-client.development.js:13249:29) undefined
Error: Not implemented: window.scrollTo
    at module.exports (/home/siegfriedneto/projects/servicedeskn1-fix-simulate-hypothesis/frontend/app/node_modules/jsdom/lib/jsdom/browser/not-implemented.js:9:17)
    at /home/siegfriedneto/projects/servicedeskn1-fix-simulate-hypothesis/frontend/app/node_modules/jsdom/lib/jsdom/browser/Window.js:960:7
    at Object.fn (file:///home/siegfriedneto/projects/servicedeskn1-fix-simulate-hypothesis/frontend/app/node_modules/@tanstack/router-core/dist/esm/scroll-restoration.js:180:27)
    at RouterCore.emit (file:///home/siegfriedneto/projects/servicedeskn1-fix-simulate-hypothesis/frontend/app/node_modules/@tanstack/router-core/dist/esm/router.js:178:14)
    at file:///home/siegfriedneto/projects/servicedeskn1-fix-simulate-hypothesis/frontend/app/node_modules/@tanstack/react-router/dist/esm/Transitioner.js:46:25
    at settleOwner (file:///home/siegfriedneto/projects/servicedeskn1-fix-simulate-hypothesis/frontend/app/node_modules/@tanstack/react-router/dist/esm/Transitioner.js:10:10)
    at file:///home/siegfriedneto/projects/servicedeskn1-fix-simulate-hypothesis/frontend/app/node_modules/@tanstack/react-router/dist/esm/Matches.js:38:39
    at Object.react_stack_bottom_frame (/home/siegfriedneto/projects/servicedeskn1-fix-simulate-hypothesis/frontend/app/node_modules/react-dom/cjs/react-dom-client.development.js:25989:20)
    at runWithFiberInDEV (/home/siegfriedneto/projects/servicedeskn1-fix-simulate-hypothesis/frontend/app/node_modules/react-dom/cjs/react-dom-client.development.js:874:13)
    at commitHookEffectListMount (/home/siegfriedneto/projects/servicedeskn1-fix-simulate-hypothesis/frontend/app/node_modules/react-dom/cjs/react-dom-client.development.js:13249:29) undefined
Error: Not implemented: window.scrollTo
    at module.exports (/home/siegfriedneto/projects/servicedeskn1-fix-simulate-hypothesis/frontend/app/node_modules/jsdom/lib/jsdom/browser/not-implemented.js:9:17)
    at /home/siegfriedneto/projects/servicedeskn1-fix-simulate-hypothesis/frontend/app/node_modules/jsdom/lib/jsdom/browser/Window.js:960:7
    at Object.fn (file:///home/siegfriedneto/projects/servicedeskn1-fix-simulate-hypothesis/frontend/app/node_modules/@tanstack/router-core/dist/esm/scroll-restoration.js:180:27)
    at RouterCore.emit (file:///home/siegfriedneto/projects/servicedeskn1-fix-simulate-hypothesis/frontend/app/node_modules/@tanstack/router-core/dist/esm/router.js:178:14)
    at file:///home/siegfriedneto/projects/servicedeskn1-fix-simulate-hypothesis/frontend/app/node_modules/@tanstack/react-router/dist/esm/Transitioner.js:46:25
    at settleOwner (file:///home/siegfriedneto/projects/servicedeskn1-fix-simulate-hypothesis/frontend/app/node_modules/@tanstack/react-router/dist/esm/Transitioner.js:10:10)
    at file:///home/siegfriedneto/projects/servicedeskn1-fix-simulate-hypothesis/frontend/app/node_modules/@tanstack/react-router/dist/esm/Matches.js:38:39
    at Object.react_stack_bottom_frame (/home/siegfriedneto/projects/servicedeskn1-fix-simulate-hypothesis/frontend/app/node_modules/react-dom/cjs/react-dom-client.development.js:25989:20)
    at runWithFiberInDEV (/home/siegfriedneto/projects/servicedeskn1-fix-simulate-hypothesis/frontend/app/node_modules/react-dom/cjs/react-dom-client.development.js:874:13)
    at commitHookEffectListMount (/home/siegfriedneto/projects/servicedeskn1-fix-simulate-hypothesis/frontend/app/node_modules/react-dom/cjs/react-dom-client.development.js:13249:29) undefined
Error: Not implemented: window.scrollTo
    at module.exports (/home/siegfriedneto/projects/servicedeskn1-fix-simulate-hypothesis/frontend/app/node_modules/jsdom/lib/jsdom/browser/not-implemented.js:9:17)
    at /home/siegfriedneto/projects/servicedeskn1-fix-simulate-hypothesis/frontend/app/node_modules/jsdom/lib/jsdom/browser/Window.js:960:7
    at Object.fn (file:///home/siegfriedneto/projects/servicedeskn1-fix-simulate-hypothesis/frontend/app/node_modules/@tanstack/router-core/dist/esm/scroll-restoration.js:180:27)
    at RouterCore.emit (file:///home/siegfriedneto/projects/servicedeskn1-fix-simulate-hypothesis/frontend/app/node_modules/@tanstack/router-core/dist/esm/router.js:178:14)
    at file:///home/siegfriedneto/projects/servicedeskn1-fix-simulate-hypothesis/frontend/app/node_modules/@tanstack/react-router/dist/esm/Transitioner.js:46:25
    at settleOwner (file:///home/siegfriedneto/projects/servicedeskn1-fix-simulate-hypothesis/frontend/app/node_modules/@tanstack/react-router/dist/esm/Transitioner.js:10:10)
    at file:///home/siegfriedneto/projects/servicedeskn1-fix-simulate-hypothesis/frontend/app/node_modules/@tanstack/react-router/dist/esm/Matches.js:38:39
    at Object.react_stack_bottom_frame (/home/siegfriedneto/projects/servicedeskn1-fix-simulate-hypothesis/frontend/app/node_modules/react-dom/cjs/react-dom-client.development.js:25989:20)
    at runWithFiberInDEV (/home/siegfriedneto/projects/servicedeskn1-fix-simulate-hypothesis/frontend/app/node_modules/react-dom/cjs/react-dom-client.development.js:874:13)
    at commitHookEffectListMount (/home/siegfriedneto/projects/servicedeskn1-fix-simulate-hypothesis/frontend/app/node_modules/react-dom/cjs/react-dom-client.development.js:13249:29) undefined
Error: Not implemented: window.scrollTo
    at module.exports (/home/siegfriedneto/projects/servicedeskn1-fix-simulate-hypothesis/frontend/app/node_modules/jsdom/lib/jsdom/browser/not-implemented.js:9:17)
    at /home/siegfriedneto/projects/servicedeskn1-fix-simulate-hypothesis/frontend/app/node_modules/jsdom/lib/jsdom/browser/Window.js:960:7
    at Object.fn (file:///home/siegfriedneto/projects/servicedeskn1-fix-simulate-hypothesis/frontend/app/node_modules/@tanstack/router-core/dist/esm/scroll-restoration.js:180:27)
    at RouterCore.emit (file:///home/siegfriedneto/projects/servicedeskn1-fix-simulate-hypothesis/frontend/app/node_modules/@tanstack/router-core/dist/esm/router.js:178:14)
    at file:///home/siegfriedneto/projects/servicedeskn1-fix-simulate-hypothesis/frontend/app/node_modules/@tanstack/react-router/dist/esm/Transitioner.js:46:25
    at settleOwner (file:///home/siegfriedneto/projects/servicedeskn1-fix-simulate-hypothesis/frontend/app/node_modules/@tanstack/react-router/dist/esm/Transitioner.js:10:10)
    at file:///home/siegfriedneto/projects/servicedeskn1-fix-simulate-hypothesis/frontend/app/node_modules/@tanstack/react-router/dist/esm/Matches.js:38:39
    at Object.react_stack_bottom_frame (/home/siegfriedneto/projects/servicedeskn1-fix-simulate-hypothesis/frontend/app/node_modules/react-dom/cjs/react-dom-client.development.js:25989:20)
    at runWithFiberInDEV (/home/siegfriedneto/projects/servicedeskn1-fix-simulate-hypothesis/frontend/app/node_modules/react-dom/cjs/react-dom-client.development.js:874:13)
    at commitHookEffectListMount (/home/siegfriedneto/projects/servicedeskn1-fix-simulate-hypothesis/frontend/app/node_modules/react-dom/cjs/react-dom-client.development.js:13249:29) undefined
Error: Not implemented: window.scrollTo
    at module.exports (/home/siegfriedneto/projects/servicedeskn1-fix-simulate-hypothesis/frontend/app/node_modules/jsdom/lib/jsdom/browser/not-implemented.js:9:17)
    at /home/siegfriedneto/projects/servicedeskn1-fix-simulate-hypothesis/frontend/app/node_modules/jsdom/lib/jsdom/browser/Window.js:960:7
    at Object.fn (file:///home/siegfriedneto/projects/servicedeskn1-fix-simulate-hypothesis/frontend/app/node_modules/@tanstack/router-core/dist/esm/scroll-restoration.js:180:27)
    at RouterCore.emit (file:///home/siegfriedneto/projects/servicedeskn1-fix-simulate-hypothesis/frontend/app/node_modules/@tanstack/router-core/dist/esm/router.js:178:14)
    at file:///home/siegfriedneto/projects/servicedeskn1-fix-simulate-hypothesis/frontend/app/node_modules/@tanstack/react-router/dist/esm/Transitioner.js:46:25
    at settleOwner (file:///home/siegfriedneto/projects/servicedeskn1-fix-simulate-hypothesis/frontend/app/node_modules/@tanstack/react-router/dist/esm/Transitioner.js:10:10)
    at file:///home/siegfriedneto/projects/servicedeskn1-fix-simulate-hypothesis/frontend/app/node_modules/@tanstack/react-router/dist/esm/Matches.js:38:39
    at Object.react_stack_bottom_frame (/home/siegfriedneto/projects/servicedeskn1-fix-simulate-hypothesis/frontend/app/node_modules/react-dom/cjs/react-dom-client.development.js:25989:20)
    at runWithFiberInDEV (/home/siegfriedneto/projects/servicedeskn1-fix-simulate-hypothesis/frontend/app/node_modules/react-dom/cjs/react-dom-client.development.js:874:13)
    at commitHookEffectListMount (/home/siegfriedneto/projects/servicedeskn1-fix-simulate-hypothesis/frontend/app/node_modules/react-dom/cjs/react-dom-client.development.js:13249:29) undefined
Error: Not implemented: window.scrollTo
    at module.exports (/home/siegfriedneto/projects/servicedeskn1-fix-simulate-hypothesis/frontend/app/node_modules/jsdom/lib/jsdom/browser/not-implemented.js:9:17)
    at /home/siegfriedneto/projects/servicedeskn1-fix-simulate-hypothesis/frontend/app/node_modules/jsdom/lib/jsdom/browser/Window.js:960:7
    at Object.fn (file:///home/siegfriedneto/projects/servicedeskn1-fix-simulate-hypothesis/frontend/app/node_modules/@tanstack/router-core/dist/esm/scroll-restoration.js:180:27)
    at RouterCore.emit (file:///home/siegfriedneto/projects/servicedeskn1-fix-simulate-hypothesis/frontend/app/node_modules/@tanstack/router-core/dist/esm/router.js:178:14)
    at file:///home/siegfriedneto/projects/servicedeskn1-fix-simulate-hypothesis/frontend/app/node_modules/@tanstack/react-router/dist/esm/Transitioner.js:46:25
    at settleOwner (file:///home/siegfriedneto/projects/servicedeskn1-fix-simulate-hypothesis/frontend/app/node_modules/@tanstack/react-router/dist/esm/Transitioner.js:10:10)
    at file:///home/siegfriedneto/projects/servicedeskn1-fix-simulate-hypothesis/frontend/app/node_modules/@tanstack/react-router/dist/esm/Matches.js:38:39
    at Object.react_stack_bottom_frame (/home/siegfriedneto/projects/servicedeskn1-fix-simulate-hypothesis/frontend/app/node_modules/react-dom/cjs/react-dom-client.development.js:25989:20)
    at runWithFiberInDEV (/home/siegfriedneto/projects/servicedeskn1-fix-simulate-hypothesis/frontend/app/node_modules/react-dom/cjs/react-dom-client.development.js:874:13)
    at commitHookEffectListMount (/home/siegfriedneto/projects/servicedeskn1-fix-simulate-hypothesis/frontend/app/node_modules/react-dom/cjs/react-dom-client.development.js:13249:29) undefined
Error: Not implemented: window.scrollTo
    at module.exports (/home/siegfriedneto/projects/servicedeskn1-fix-simulate-hypothesis/frontend/app/node_modules/jsdom/lib/jsdom/browser/not-implemented.js:9:17)
    at /home/siegfriedneto/projects/servicedeskn1-fix-simulate-hypothesis/frontend/app/node_modules/jsdom/lib/jsdom/browser/Window.js:960:7
    at Object.fn (file:///home/siegfriedneto/projects/servicedeskn1-fix-simulate-hypothesis/frontend/app/node_modules/@tanstack/router-core/dist/esm/scroll-restoration.js:180:27)
    at RouterCore.emit (file:///home/siegfriedneto/projects/servicedeskn1-fix-simulate-hypothesis/frontend/app/node_modules/@tanstack/router-core/dist/esm/router.js:178:14)
    at file:///home/siegfriedneto/projects/servicedeskn1-fix-simulate-hypothesis/frontend/app/node_modules/@tanstack/router-core/dist/esm/load-client.js:943:46
    at Router.batch (file:///home/siegfriedneto/projects/servicedeskn1-fix-simulate-hypothesis/frontend/app/node_modules/@tanstack/store/dist/esm/atom.js:39:5)
    at file:///home/siegfriedneto/projects/servicedeskn1-fix-simulate-hypothesis/frontend/app/node_modules/@tanstack/router-core/dist/esm/load-client.js:936:10
    at runNextTicks (node:internal/process/task_queues:64:5)
    at listOnTimeout (node:internal/timers:547:9)
    at processTimers (node:internal/timers:521:7) undefined
Error: Not implemented: window.scrollTo
    at module.exports (/home/siegfriedneto/projects/servicedeskn1-fix-simulate-hypothesis/frontend/app/node_modules/jsdom/lib/jsdom/browser/not-implemented.js:9:17)
    at /home/siegfriedneto/projects/servicedeskn1-fix-simulate-hypothesis/frontend/app/node_modules/jsdom/lib/jsdom/browser/Window.js:960:7
    at Object.fn (file:///home/siegfriedneto/projects/servicedeskn1-fix-simulate-hypothesis/frontend/app/node_modules/@tanstack/router-core/dist/esm/scroll-restoration.js:180:27)
    at RouterCore.emit (file:///home/siegfriedneto/projects/servicedeskn1-fix-simulate-hypothesis/frontend/app/node_modules/@tanstack/router-core/dist/esm/router.js:178:14)
    at file:///home/siegfriedneto/projects/servicedeskn1-fix-simulate-hypothesis/frontend/app/node_modules/@tanstack/react-router/dist/esm/Transitioner.js:46:25
    at settleOwner (file:///home/siegfriedneto/projects/servicedeskn1-fix-simulate-hypothesis/frontend/app/node_modules/@tanstack/react-router/dist/esm/Transitioner.js:10:10)
    at file:///home/siegfriedneto/projects/servicedeskn1-fix-simulate-hypothesis/frontend/app/node_modules/@tanstack/react-router/dist/esm/Matches.js:38:39
    at Object.react_stack_bottom_frame (/home/siegfriedneto/projects/servicedeskn1-fix-simulate-hypothesis/frontend/app/node_modules/react-dom/cjs/react-dom-client.development.js:25989:20)
    at runWithFiberInDEV (/home/siegfriedneto/projects/servicedeskn1-fix-simulate-hypothesis/frontend/app/node_modules/react-dom/cjs/react-dom-client.development.js:874:13)
    at commitHookEffectListMount (/home/siegfriedneto/projects/servicedeskn1-fix-simulate-hypothesis/frontend/app/node_modules/react-dom/cjs/react-dom-client.development.js:13249:29) undefined
Error: Not implemented: window.scrollTo
    at module.exports (/home/siegfriedneto/projects/servicedeskn1-fix-simulate-hypothesis/frontend/app/node_modules/jsdom/lib/jsdom/browser/not-implemented.js:9:17)
    at /home/siegfriedneto/projects/servicedeskn1-fix-simulate-hypothesis/frontend/app/node_modules/jsdom/lib/jsdom/browser/Window.js:960:7
    at Object.fn (file:///home/siegfriedneto/projects/servicedeskn1-fix-simulate-hypothesis/frontend/app/node_modules/@tanstack/router-core/dist/esm/scroll-restoration.js:180:27)
    at RouterCore.emit (file:///home/siegfriedneto/projects/servicedeskn1-fix-simulate-hypothesis/frontend/app/node_modules/@tanstack/router-core/dist/esm/router.js:178:14)
    at file:///home/siegfriedneto/projects/servicedeskn1-fix-simulate-hypothesis/frontend/app/node_modules/@tanstack/react-router/dist/esm/Transitioner.js:46:25
    at settleOwner (file:///home/siegfriedneto/projects/servicedeskn1-fix-simulate-hypothesis/frontend/app/node_modules/@tanstack/react-router/dist/esm/Transitioner.js:10:10)
    at file:///home/siegfriedneto/projects/servicedeskn1-fix-simulate-hypothesis/frontend/app/node_modules/@tanstack/react-router/dist/esm/Matches.js:38:39
    at Object.react_stack_bottom_frame (/home/siegfriedneto/projects/servicedeskn1-fix-simulate-hypothesis/frontend/app/node_modules/react-dom/cjs/react-dom-client.development.js:25989:20)
    at runWithFiberInDEV (/home/siegfriedneto/projects/servicedeskn1-fix-simulate-hypothesis/frontend/app/node_modules/react-dom/cjs/react-dom-client.development.js:874:13)
    at commitHookEffectListMount (/home/siegfriedneto/projects/servicedeskn1-fix-simulate-hypothesis/frontend/app/node_modules/react-dom/cjs/react-dom-client.development.js:13249:29) undefined
Error: Not implemented: window.scrollTo
    at module.exports (/home/siegfriedneto/projects/servicedeskn1-fix-simulate-hypothesis/frontend/app/node_modules/jsdom/lib/jsdom/browser/not-implemented.js:9:17)
    at /home/siegfriedneto/projects/servicedeskn1-fix-simulate-hypothesis/frontend/app/node_modules/jsdom/lib/jsdom/browser/Window.js:960:7
    at Object.fn (file:///home/siegfriedneto/projects/servicedeskn1-fix-simulate-hypothesis/frontend/app/node_modules/@tanstack/router-core/dist/esm/scroll-restoration.js:180:27)
    at RouterCore.emit (file:///home/siegfriedneto/projects/servicedeskn1-fix-simulate-hypothesis/frontend/app/node_modules/@tanstack/router-core/dist/esm/router.js:178:14)
    at file:///home/siegfriedneto/projects/servicedeskn1-fix-simulate-hypothesis/frontend/app/node_modules/@tanstack/react-router/dist/esm/Transitioner.js:46:25
    at settleOwner (file:///home/siegfriedneto/projects/servicedeskn1-fix-simulate-hypothesis/frontend/app/node_modules/@tanstack/react-router/dist/esm/Transitioner.js:10:10)
    at file:///home/siegfriedneto/projects/servicedeskn1-fix-simulate-hypothesis/frontend/app/node_modules/@tanstack/react-router/dist/esm/Matches.js:38:39
    at Object.react_stack_bottom_frame (/home/siegfriedneto/projects/servicedeskn1-fix-simulate-hypothesis/frontend/app/node_modules/react-dom/cjs/react-dom-client.development.js:25989:20)
    at runWithFiberInDEV (/home/siegfriedneto/projects/servicedeskn1-fix-simulate-hypothesis/frontend/app/node_modules/react-dom/cjs/react-dom-client.development.js:874:13)
    at commitHookEffectListMount (/home/siegfriedneto/projects/servicedeskn1-fix-simulate-hypothesis/frontend/app/node_modules/react-dom/cjs/react-dom-client.development.js:13249:29) undefined
Error: Not implemented: window.scrollTo
    at module.exports (/home/siegfriedneto/projects/servicedeskn1-fix-simulate-hypothesis/frontend/app/node_modules/jsdom/lib/jsdom/browser/not-implemented.js:9:17)
    at /home/siegfriedneto/projects/servicedeskn1-fix-simulate-hypothesis/frontend/app/node_modules/jsdom/lib/jsdom/browser/Window.js:960:7
    at Object.fn (file:///home/siegfriedneto/projects/servicedeskn1-fix-simulate-hypothesis/frontend/app/node_modules/@tanstack/router-core/dist/esm/scroll-restoration.js:180:27)
    at RouterCore.emit (file:///home/siegfriedneto/projects/servicedeskn1-fix-simulate-hypothesis/frontend/app/node_modules/@tanstack/router-core/dist/esm/router.js:178:14)
    at file:///home/siegfriedneto/projects/servicedeskn1-fix-simulate-hypothesis/frontend/app/node_modules/@tanstack/react-router/dist/esm/Transitioner.js:46:25
    at settleOwner (file:///home/siegfriedneto/projects/servicedeskn1-fix-simulate-hypothesis/frontend/app/node_modules/@tanstack/react-router/dist/esm/Transitioner.js:10:10)
    at file:///home/siegfriedneto/projects/servicedeskn1-fix-simulate-hypothesis/frontend/app/node_modules/@tanstack/react-router/dist/esm/Matches.js:38:39
    at Object.react_stack_bottom_frame (/home/siegfriedneto/projects/servicedeskn1-fix-simulate-hypothesis/frontend/app/node_modules/react-dom/cjs/react-dom-client.development.js:25989:20)
    at runWithFiberInDEV (/home/siegfriedneto/projects/servicedeskn1-fix-simulate-hypothesis/frontend/app/node_modules/react-dom/cjs/react-dom-client.development.js:874:13)
    at commitHookEffectListMount (/home/siegfriedneto/projects/servicedeskn1-fix-simulate-hypothesis/frontend/app/node_modules/react-dom/cjs/react-dom-client.development.js:13249:29) undefined
Error: Not implemented: window.scrollTo
    at module.exports (/home/siegfriedneto/projects/servicedeskn1-fix-simulate-hypothesis/frontend/app/node_modules/jsdom/lib/jsdom/browser/not-implemented.js:9:17)
    at /home/siegfriedneto/projects/servicedeskn1-fix-simulate-hypothesis/frontend/app/node_modules/jsdom/lib/jsdom/browser/Window.js:960:7
    at Object.fn (file:///home/siegfriedneto/projects/servicedeskn1-fix-simulate-hypothesis/frontend/app/node_modules/@tanstack/router-core/dist/esm/scroll-restoration.js:180:27)
    at RouterCore.emit (file:///home/siegfriedneto/projects/servicedeskn1-fix-simulate-hypothesis/frontend/app/node_modules/@tanstack/router-core/dist/esm/router.js:178:14)
    at file:///home/siegfriedneto/projects/servicedeskn1-fix-simulate-hypothesis/frontend/app/node_modules/@tanstack/react-router/dist/esm/Transitioner.js:46:25
    at settleOwner (file:///home/siegfriedneto/projects/servicedeskn1-fix-simulate-hypothesis/frontend/app/node_modules/@tanstack/react-router/dist/esm/Transitioner.js:10:10)
    at file:///home/siegfriedneto/projects/servicedeskn1-fix-simulate-hypothesis/frontend/app/node_modules/@tanstack/react-router/dist/esm/Matches.js:38:39
    at Object.react_stack_bottom_frame (/home/siegfriedneto/projects/servicedeskn1-fix-simulate-hypothesis/frontend/app/node_modules/react-dom/cjs/react-dom-client.development.js:25989:20)
    at runWithFiberInDEV (/home/siegfriedneto/projects/servicedeskn1-fix-simulate-hypothesis/frontend/app/node_modules/react-dom/cjs/react-dom-client.development.js:874:13)
    at commitHookEffectListMount (/home/siegfriedneto/projects/servicedeskn1-fix-simulate-hypothesis/frontend/app/node_modules/react-dom/cjs/react-dom-client.development.js:13249:29) undefined
Error: Not implemented: window.scrollTo
    at module.exports (/home/siegfriedneto/projects/servicedeskn1-fix-simulate-hypothesis/frontend/app/node_modules/jsdom/lib/jsdom/browser/not-implemented.js:9:17)
    at /home/siegfriedneto/projects/servicedeskn1-fix-simulate-hypothesis/frontend/app/node_modules/jsdom/lib/jsdom/browser/Window.js:960:7
    at Object.fn (file:///home/siegfriedneto/projects/servicedeskn1-fix-simulate-hypothesis/frontend/app/node_modules/@tanstack/router-core/dist/esm/scroll-restoration.js:180:27)
    at RouterCore.emit (file:///home/siegfriedneto/projects/servicedeskn1-fix-simulate-hypothesis/frontend/app/node_modules/@tanstack/router-core/dist/esm/router.js:178:14)
    at file:///home/siegfriedneto/projects/servicedeskn1-fix-simulate-hypothesis/frontend/app/node_modules/@tanstack/react-router/dist/esm/Transitioner.js:46:25
    at settleOwner (file:///home/siegfriedneto/projects/servicedeskn1-fix-simulate-hypothesis/frontend/app/node_modules/@tanstack/react-router/dist/esm/Transitioner.js:10:10)
    at file:///home/siegfriedneto/projects/servicedeskn1-fix-simulate-hypothesis/frontend/app/node_modules/@tanstack/react-router/dist/esm/Matches.js:38:39
    at Object.react_stack_bottom_frame (/home/siegfriedneto/projects/servicedeskn1-fix-simulate-hypothesis/frontend/app/node_modules/react-dom/cjs/react-dom-client.development.js:25989:20)
    at runWithFiberInDEV (/home/siegfriedneto/projects/servicedeskn1-fix-simulate-hypothesis/frontend/app/node_modules/react-dom/cjs/react-dom-client.development.js:874:13)
    at commitHookEffectListMount (/home/siegfriedneto/projects/servicedeskn1-fix-simulate-hypothesis/frontend/app/node_modules/react-dom/cjs/react-dom-client.development.js:13249:29) undefined
Error: Not implemented: window.scrollTo
    at module.exports (/home/siegfriedneto/projects/servicedeskn1-fix-simulate-hypothesis/frontend/app/node_modules/jsdom/lib/jsdom/browser/not-implemented.js:9:17)
    at /home/siegfriedneto/projects/servicedeskn1-fix-simulate-hypothesis/frontend/app/node_modules/jsdom/lib/jsdom/browser/Window.js:960:7
    at Object.fn (file:///home/siegfriedneto/projects/servicedeskn1-fix-simulate-hypothesis/frontend/app/node_modules/@tanstack/router-core/dist/esm/scroll-restoration.js:180:27)
    at RouterCore.emit (file:///home/siegfriedneto/projects/servicedeskn1-fix-simulate-hypothesis/frontend/app/node_modules/@tanstack/router-core/dist/esm/router.js:178:14)
    at file:///home/siegfriedneto/projects/servicedeskn1-fix-simulate-hypothesis/frontend/app/node_modules/@tanstack/react-router/dist/esm/Transitioner.js:46:25
    at settleOwner (file:///home/siegfriedneto/projects/servicedeskn1-fix-simulate-hypothesis/frontend/app/node_modules/@tanstack/react-router/dist/esm/Transitioner.js:10:10)
    at file:///home/siegfriedneto/projects/servicedeskn1-fix-simulate-hypothesis/frontend/app/node_modules/@tanstack/react-router/dist/esm/Matches.js:38:39
    at Object.react_stack_bottom_frame (/home/siegfriedneto/projects/servicedeskn1-fix-simulate-hypothesis/frontend/app/node_modules/react-dom/cjs/react-dom-client.development.js:25989:20)
    at runWithFiberInDEV (/home/siegfriedneto/projects/servicedeskn1-fix-simulate-hypothesis/frontend/app/node_modules/react-dom/cjs/react-dom-client.development.js:874:13)
    at commitHookEffectListMount (/home/siegfriedneto/projects/servicedeskn1-fix-simulate-hypothesis/frontend/app/node_modules/react-dom/cjs/react-dom-client.development.js:13249:29) undefined
Error: Not implemented: window.scrollTo
    at module.exports (/home/siegfriedneto/projects/servicedeskn1-fix-simulate-hypothesis/frontend/app/node_modules/jsdom/lib/jsdom/browser/not-implemented.js:9:17)
    at /home/siegfriedneto/projects/servicedeskn1-fix-simulate-hypothesis/frontend/app/node_modules/jsdom/lib/jsdom/browser/Window.js:960:7
    at Object.fn (file:///home/siegfriedneto/projects/servicedeskn1-fix-simulate-hypothesis/frontend/app/node_modules/@tanstack/router-core/dist/esm/scroll-restoration.js:180:27)
    at RouterCore.emit (file:///home/siegfriedneto/projects/servicedeskn1-fix-simulate-hypothesis/frontend/app/node_modules/@tanstack/router-core/dist/esm/router.js:178:14)
    at file:///home/siegfriedneto/projects/servicedeskn1-fix-simulate-hypothesis/frontend/app/node_modules/@tanstack/react-router/dist/esm/Transitioner.js:46:25
    at settleOwner (file:///home/siegfriedneto/projects/servicedeskn1-fix-simulate-hypothesis/frontend/app/node_modules/@tanstack/react-router/dist/esm/Transitioner.js:10:10)
    at file:///home/siegfriedneto/projects/servicedeskn1-fix-simulate-hypothesis/frontend/app/node_modules/@tanstack/react-router/dist/esm/Matches.js:38:39
    at Object.react_stack_bottom_frame (/home/siegfriedneto/projects/servicedeskn1-fix-simulate-hypothesis/frontend/app/node_modules/react-dom/cjs/react-dom-client.development.js:25989:20)
    at runWithFiberInDEV (/home/siegfriedneto/projects/servicedeskn1-fix-simulate-hypothesis/frontend/app/node_modules/react-dom/cjs/react-dom-client.development.js:874:13)
    at commitHookEffectListMount (/home/siegfriedneto/projects/servicedeskn1-fix-simulate-hypothesis/frontend/app/node_modules/react-dom/cjs/react-dom-client.development.js:13249:29) undefined
Error: Not implemented: window.scrollTo
    at module.exports (/home/siegfriedneto/projects/servicedeskn1-fix-simulate-hypothesis/frontend/app/node_modules/jsdom/lib/jsdom/browser/not-implemented.js:9:17)
    at /home/siegfriedneto/projects/servicedeskn1-fix-simulate-hypothesis/frontend/app/node_modules/jsdom/lib/jsdom/browser/Window.js:960:7
    at Object.fn (file:///home/siegfriedneto/projects/servicedeskn1-fix-simulate-hypothesis/frontend/app/node_modules/@tanstack/router-core/dist/esm/scroll-restoration.js:180:27)
    at RouterCore.emit (file:///home/siegfriedneto/projects/servicedeskn1-fix-simulate-hypothesis/frontend/app/node_modules/@tanstack/router-core/dist/esm/router.js:178:14)
    at file:///home/siegfriedneto/projects/servicedeskn1-fix-simulate-hypothesis/frontend/app/node_modules/@tanstack/react-router/dist/esm/Transitioner.js:46:25
    at settleOwner (file:///home/siegfriedneto/projects/servicedeskn1-fix-simulate-hypothesis/frontend/app/node_modules/@tanstack/react-router/dist/esm/Transitioner.js:10:10)
    at file:///home/siegfriedneto/projects/servicedeskn1-fix-simulate-hypothesis/frontend/app/node_modules/@tanstack/react-router/dist/esm/Matches.js:38:39
    at Object.react_stack_bottom_frame (/home/siegfriedneto/projects/servicedeskn1-fix-simulate-hypothesis/frontend/app/node_modules/react-dom/cjs/react-dom-client.development.js:25989:20)
    at runWithFiberInDEV (/home/siegfriedneto/projects/servicedeskn1-fix-simulate-hypothesis/frontend/app/node_modules/react-dom/cjs/react-dom-client.development.js:874:13)
    at commitHookEffectListMount (/home/siegfriedneto/projects/servicedeskn1-fix-simulate-hypothesis/frontend/app/node_modules/react-dom/cjs/react-dom-client.development.js:13249:29) undefined
Error: Not implemented: window.scrollTo
    at module.exports (/home/siegfriedneto/projects/servicedeskn1-fix-simulate-hypothesis/frontend/app/node_modules/jsdom/lib/jsdom/browser/not-implemented.js:9:17)
    at /home/siegfriedneto/projects/servicedeskn1-fix-simulate-hypothesis/frontend/app/node_modules/jsdom/lib/jsdom/browser/Window.js:960:7
    at Object.fn (file:///home/siegfriedneto/projects/servicedeskn1-fix-simulate-hypothesis/frontend/app/node_modules/@tanstack/router-core/dist/esm/scroll-restoration.js:180:27)
    at RouterCore.emit (file:///home/siegfriedneto/projects/servicedeskn1-fix-simulate-hypothesis/frontend/app/node_modules/@tanstack/router-core/dist/esm/router.js:178:14)
    at file:///home/siegfriedneto/projects/servicedeskn1-fix-simulate-hypothesis/frontend/app/node_modules/@tanstack/react-router/dist/esm/Transitioner.js:46:25
    at settleOwner (file:///home/siegfriedneto/projects/servicedeskn1-fix-simulate-hypothesis/frontend/app/node_modules/@tanstack/react-router/dist/esm/Transitioner.js:10:10)
    at file:///home/siegfriedneto/projects/servicedeskn1-fix-simulate-hypothesis/frontend/app/node_modules/@tanstack/react-router/dist/esm/Matches.js:38:39
    at Object.react_stack_bottom_frame (/home/siegfriedneto/projects/servicedeskn1-fix-simulate-hypothesis/frontend/app/node_modules/react-dom/cjs/react-dom-client.development.js:25989:20)
    at runWithFiberInDEV (/home/siegfriedneto/projects/servicedeskn1-fix-simulate-hypothesis/frontend/app/node_modules/react-dom/cjs/react-dom-client.development.js:874:13)
    at commitHookEffectListMount (/home/siegfriedneto/projects/servicedeskn1-fix-simulate-hypothesis/frontend/app/node_modules/react-dom/cjs/react-dom-client.development.js:13249:29) undefined
Error: Not implemented: window.scrollTo
    at module.exports (/home/siegfriedneto/projects/servicedeskn1-fix-simulate-hypothesis/frontend/app/node_modules/jsdom/lib/jsdom/browser/not-implemented.js:9:17)
    at /home/siegfriedneto/projects/servicedeskn1-fix-simulate-hypothesis/frontend/app/node_modules/jsdom/lib/jsdom/browser/Window.js:960:7
    at Object.fn (file:///home/siegfriedneto/projects/servicedeskn1-fix-simulate-hypothesis/frontend/app/node_modules/@tanstack/router-core/dist/esm/scroll-restoration.js:180:27)
    at RouterCore.emit (file:///home/siegfriedneto/projects/servicedeskn1-fix-simulate-hypothesis/frontend/app/node_modules/@tanstack/router-core/dist/esm/router.js:178:14)
    at file:///home/siegfriedneto/projects/servicedeskn1-fix-simulate-hypothesis/frontend/app/node_modules/@tanstack/react-router/dist/esm/Transitioner.js:46:25
    at settleOwner (file:///home/siegfriedneto/projects/servicedeskn1-fix-simulate-hypothesis/frontend/app/node_modules/@tanstack/react-router/dist/esm/Transitioner.js:10:10)
    at file:///home/siegfriedneto/projects/servicedeskn1-fix-simulate-hypothesis/frontend/app/node_modules/@tanstack/react-router/dist/esm/Matches.js:38:39
    at Object.react_stack_bottom_frame (/home/siegfriedneto/projects/servicedeskn1-fix-simulate-hypothesis/frontend/app/node_modules/react-dom/cjs/react-dom-client.development.js:25989:20)
    at runWithFiberInDEV (/home/siegfriedneto/projects/servicedeskn1-fix-simulate-hypothesis/frontend/app/node_modules/react-dom/cjs/react-dom-client.development.js:874:13)
    at commitHookEffectListMount (/home/siegfriedneto/projects/servicedeskn1-fix-simulate-hypothesis/frontend/app/node_modules/react-dom/cjs/react-dom-client.development.js:13249:29) undefined
Error: Not implemented: window.scrollTo
    at module.exports (/home/siegfriedneto/projects/servicedeskn1-fix-simulate-hypothesis/frontend/app/node_modules/jsdom/lib/jsdom/browser/not-implemented.js:9:17)
    at /home/siegfriedneto/projects/servicedeskn1-fix-simulate-hypothesis/frontend/app/node_modules/jsdom/lib/jsdom/browser/Window.js:960:7
    at Object.fn (file:///home/siegfriedneto/projects/servicedeskn1-fix-simulate-hypothesis/frontend/app/node_modules/@tanstack/router-core/dist/esm/scroll-restoration.js:180:27)
    at RouterCore.emit (file:///home/siegfriedneto/projects/servicedeskn1-fix-simulate-hypothesis/frontend/app/node_modules/@tanstack/router-core/dist/esm/router.js:178:14)
    at file:///home/siegfriedneto/projects/servicedeskn1-fix-simulate-hypothesis/frontend/app/node_modules/@tanstack/react-router/dist/esm/Transitioner.js:46:25
    at settleOwner (file:///home/siegfriedneto/projects/servicedeskn1-fix-simulate-hypothesis/frontend/app/node_modules/@tanstack/react-router/dist/esm/Transitioner.js:10:10)
    at file:///home/siegfriedneto/projects/servicedeskn1-fix-simulate-hypothesis/frontend/app/node_modules/@tanstack/react-router/dist/esm/Matches.js:38:39
    at Object.react_stack_bottom_frame (/home/siegfriedneto/projects/servicedeskn1-fix-simulate-hypothesis/frontend/app/node_modules/react-dom/cjs/react-dom-client.development.js:25989:20)
    at runWithFiberInDEV (/home/siegfriedneto/projects/servicedeskn1-fix-simulate-hypothesis/frontend/app/node_modules/react-dom/cjs/react-dom-client.development.js:874:13)
    at commitHookEffectListMount (/home/siegfriedneto/projects/servicedeskn1-fix-simulate-hypothesis/frontend/app/node_modules/react-dom/cjs/react-dom-client.development.js:13249:29) undefined
Error: Not implemented: window.scrollTo
    at module.exports (/home/siegfriedneto/projects/servicedeskn1-fix-simulate-hypothesis/frontend/app/node_modules/jsdom/lib/jsdom/browser/not-implemented.js:9:17)
    at /home/siegfriedneto/projects/servicedeskn1-fix-simulate-hypothesis/frontend/app/node_modules/jsdom/lib/jsdom/browser/Window.js:960:7
    at Object.fn (file:///home/siegfriedneto/projects/servicedeskn1-fix-simulate-hypothesis/frontend/app/node_modules/@tanstack/router-core/dist/esm/scroll-restoration.js:180:27)
    at RouterCore.emit (file:///home/siegfriedneto/projects/servicedeskn1-fix-simulate-hypothesis/frontend/app/node_modules/@tanstack/router-core/dist/esm/router.js:178:14)
    at file:///home/siegfriedneto/projects/servicedeskn1-fix-simulate-hypothesis/frontend/app/node_modules/@tanstack/react-router/dist/esm/Transitioner.js:46:25
    at settleOwner (file:///home/siegfriedneto/projects/servicedeskn1-fix-simulate-hypothesis/frontend/app/node_modules/@tanstack/react-router/dist/esm/Transitioner.js:10:10)
    at file:///home/siegfriedneto/projects/servicedeskn1-fix-simulate-hypothesis/frontend/app/node_modules/@tanstack/react-router/dist/esm/Matches.js:38:39
    at Object.react_stack_bottom_frame (/home/siegfriedneto/projects/servicedeskn1-fix-simulate-hypothesis/frontend/app/node_modules/react-dom/cjs/react-dom-client.development.js:25989:20)
    at runWithFiberInDEV (/home/siegfriedneto/projects/servicedeskn1-fix-simulate-hypothesis/frontend/app/node_modules/react-dom/cjs/react-dom-client.development.js:874:13)
    at commitHookEffectListMount (/home/siegfriedneto/projects/servicedeskn1-fix-simulate-hypothesis/frontend/app/node_modules/react-dom/cjs/react-dom-client.development.js:13249:29) undefined
Error: Not implemented: window.scrollTo
    at module.exports (/home/siegfriedneto/projects/servicedeskn1-fix-simulate-hypothesis/frontend/app/node_modules/jsdom/lib/jsdom/browser/not-implemented.js:9:17)
    at /home/siegfriedneto/projects/servicedeskn1-fix-simulate-hypothesis/frontend/app/node_modules/jsdom/lib/jsdom/browser/Window.js:960:7
    at Object.fn (file:///home/siegfriedneto/projects/servicedeskn1-fix-simulate-hypothesis/frontend/app/node_modules/@tanstack/router-core/dist/esm/scroll-restoration.js:180:27)
    at RouterCore.emit (file:///home/siegfriedneto/projects/servicedeskn1-fix-simulate-hypothesis/frontend/app/node_modules/@tanstack/router-core/dist/esm/router.js:178:14)
    at file:///home/siegfriedneto/projects/servicedeskn1-fix-simulate-hypothesis/frontend/app/node_modules/@tanstack/react-router/dist/esm/Transitioner.js:46:25
    at settleOwner (file:///home/siegfriedneto/projects/servicedeskn1-fix-simulate-hypothesis/frontend/app/node_modules/@tanstack/react-router/dist/esm/Transitioner.js:10:10)
    at file:///home/siegfriedneto/projects/servicedeskn1-fix-simulate-hypothesis/frontend/app/node_modules/@tanstack/react-router/dist/esm/Matches.js:38:39
    at Object.react_stack_bottom_frame (/home/siegfriedneto/projects/servicedeskn1-fix-simulate-hypothesis/frontend/app/node_modules/react-dom/cjs/react-dom-client.development.js:25989:20)
    at runWithFiberInDEV (/home/siegfriedneto/projects/servicedeskn1-fix-simulate-hypothesis/frontend/app/node_modules/react-dom/cjs/react-dom-client.development.js:874:13)
    at commitHookEffectListMount (/home/siegfriedneto/projects/servicedeskn1-fix-simulate-hypothesis/frontend/app/node_modules/react-dom/cjs/react-dom-client.development.js:13249:29) undefined
Error: Not implemented: window.scrollTo
    at module.exports (/home/siegfriedneto/projects/servicedeskn1-fix-simulate-hypothesis/frontend/app/node_modules/jsdom/lib/jsdom/browser/not-implemented.js:9:17)
    at /home/siegfriedneto/projects/servicedeskn1-fix-simulate-hypothesis/frontend/app/node_modules/jsdom/lib/jsdom/browser/Window.js:960:7
    at Object.fn (file:///home/siegfriedneto/projects/servicedeskn1-fix-simulate-hypothesis/frontend/app/node_modules/@tanstack/router-core/dist/esm/scroll-restoration.js:180:27)
    at RouterCore.emit (file:///home/siegfriedneto/projects/servicedeskn1-fix-simulate-hypothesis/frontend/app/node_modules/@tanstack/router-core/dist/esm/router.js:178:14)
    at file:///home/siegfriedneto/projects/servicedeskn1-fix-simulate-hypothesis/frontend/app/node_modules/@tanstack/router-core/dist/esm/load-client.js:943:46
    at Router.batch (file:///home/siegfriedneto/projects/servicedeskn1-fix-simulate-hypothesis/frontend/app/node_modules/@tanstack/store/dist/esm/atom.js:39:5)
    at file:///home/siegfriedneto/projects/servicedeskn1-fix-simulate-hypothesis/frontend/app/node_modules/@tanstack/router-core/dist/esm/load-client.js:936:10
    at runClientTransaction (file:///home/siegfriedneto/projects/servicedeskn1-fix-simulate-hypothesis/frontend/app/node_modules/@tanstack/router-core/dist/esm/load-client.js:902:2)
    at loadClientRoute (file:///home/siegfriedneto/projects/servicedeskn1-fix-simulate-hypothesis/frontend/app/node_modules/@tanstack/router-core/dist/esm/load-client.js:1034:2)
    at RouterCore.load (file:///home/siegfriedneto/projects/servicedeskn1-fix-simulate-hypothesis/frontend/app/node_modules/@tanstack/router-core/dist/esm/router.js:489:4) undefined
Error: Not implemented: window.scrollTo
    at module.exports (/home/siegfriedneto/projects/servicedeskn1-fix-simulate-hypothesis/frontend/app/node_modules/jsdom/lib/jsdom/browser/not-implemented.js:9:17)
    at /home/siegfriedneto/projects/servicedeskn1-fix-simulate-hypothesis/frontend/app/node_modules/jsdom/lib/jsdom/browser/Window.js:960:7
    at Object.fn (file:///home/siegfriedneto/projects/servicedeskn1-fix-simulate-hypothesis/frontend/app/node_modules/@tanstack/router-core/dist/esm/scroll-restoration.js:180:27)
    at RouterCore.emit (file:///home/siegfriedneto/projects/servicedeskn1-fix-simulate-hypothesis/frontend/app/node_modules/@tanstack/router-core/dist/esm/router.js:178:14)
    at file:///home/siegfriedneto/projects/servicedeskn1-fix-simulate-hypothesis/frontend/app/node_modules/@tanstack/react-router/dist/esm/Transitioner.js:46:25
    at settleOwner (file:///home/siegfriedneto/projects/servicedeskn1-fix-simulate-hypothesis/frontend/app/node_modules/@tanstack/react-router/dist/esm/Transitioner.js:10:10)
    at file:///home/siegfriedneto/projects/servicedeskn1-fix-simulate-hypothesis/frontend/app/node_modules/@tanstack/react-router/dist/esm/Matches.js:38:39
    at Object.react_stack_bottom_frame (/home/siegfriedneto/projects/servicedeskn1-fix-simulate-hypothesis/frontend/app/node_modules/react-dom/cjs/react-dom-client.development.js:25989:20)
    at runWithFiberInDEV (/home/siegfriedneto/projects/servicedeskn1-fix-simulate-hypothesis/frontend/app/node_modules/react-dom/cjs/react-dom-client.development.js:874:13)
    at commitHookEffectListMount (/home/siegfriedneto/projects/servicedeskn1-fix-simulate-hypothesis/frontend/app/node_modules/react-dom/cjs/react-dom-client.development.js:13249:29) undefined
Error: Not implemented: window.scrollTo
    at module.exports (/home/siegfriedneto/projects/servicedeskn1-fix-simulate-hypothesis/frontend/app/node_modules/jsdom/lib/jsdom/browser/not-implemented.js:9:17)
    at /home/siegfriedneto/projects/servicedeskn1-fix-simulate-hypothesis/frontend/app/node_modules/jsdom/lib/jsdom/browser/Window.js:960:7
    at Object.fn (file:///home/siegfriedneto/projects/servicedeskn1-fix-simulate-hypothesis/frontend/app/node_modules/@tanstack/router-core/dist/esm/scroll-restoration.js:180:27)
    at RouterCore.emit (file:///home/siegfriedneto/projects/servicedeskn1-fix-simulate-hypothesis/frontend/app/node_modules/@tanstack/router-core/dist/esm/router.js:178:14)
    at file:///home/siegfriedneto/projects/servicedeskn1-fix-simulate-hypothesis/frontend/app/node_modules/@tanstack/react-router/dist/esm/Transitioner.js:46:25
    at settleOwner (file:///home/siegfriedneto/projects/servicedeskn1-fix-simulate-hypothesis/frontend/app/node_modules/@tanstack/react-router/dist/esm/Transitioner.js:10:10)
    at file:///home/siegfriedneto/projects/servicedeskn1-fix-simulate-hypothesis/frontend/app/node_modules/@tanstack/react-router/dist/esm/Matches.js:38:39
    at Object.react_stack_bottom_frame (/home/siegfriedneto/projects/servicedeskn1-fix-simulate-hypothesis/frontend/app/node_modules/react-dom/cjs/react-dom-client.development.js:25989:20)
    at runWithFiberInDEV (/home/siegfriedneto/projects/servicedeskn1-fix-simulate-hypothesis/frontend/app/node_modules/react-dom/cjs/react-dom-client.development.js:874:13)
    at commitHookEffectListMount (/home/siegfriedneto/projects/servicedeskn1-fix-simulate-hypothesis/frontend/app/node_modules/react-dom/cjs/react-dom-client.development.js:13249:29) undefined
Error: Not implemented: window.scrollTo
    at module.exports (/home/siegfriedneto/projects/servicedeskn1-fix-simulate-hypothesis/frontend/app/node_modules/jsdom/lib/jsdom/browser/not-implemented.js:9:17)
    at /home/siegfriedneto/projects/servicedeskn1-fix-simulate-hypothesis/frontend/app/node_modules/jsdom/lib/jsdom/browser/Window.js:960:7
    at Object.fn (file:///home/siegfriedneto/projects/servicedeskn1-fix-simulate-hypothesis/frontend/app/node_modules/@tanstack/router-core/dist/esm/scroll-restoration.js:180:27)
    at RouterCore.emit (file:///home/siegfriedneto/projects/servicedeskn1-fix-simulate-hypothesis/frontend/app/node_modules/@tanstack/router-core/dist/esm/router.js:178:14)
    at file:///home/siegfriedneto/projects/servicedeskn1-fix-simulate-hypothesis/frontend/app/node_modules/@tanstack/react-router/dist/esm/Transitioner.js:46:25
    at settleOwner (file:///home/siegfriedneto/projects/servicedeskn1-fix-simulate-hypothesis/frontend/app/node_modules/@tanstack/react-router/dist/esm/Transitioner.js:10:10)
    at file:///home/siegfriedneto/projects/servicedeskn1-fix-simulate-hypothesis/frontend/app/node_modules/@tanstack/react-router/dist/esm/Matches.js:38:39
    at Object.react_stack_bottom_frame (/home/siegfriedneto/projects/servicedeskn1-fix-simulate-hypothesis/frontend/app/node_modules/react-dom/cjs/react-dom-client.development.js:25989:20)
    at runWithFiberInDEV (/home/siegfriedneto/projects/servicedeskn1-fix-simulate-hypothesis/frontend/app/node_modules/react-dom/cjs/react-dom-client.development.js:874:13)
    at commitHookEffectListMount (/home/siegfriedneto/projects/servicedeskn1-fix-simulate-hypothesis/frontend/app/node_modules/react-dom/cjs/react-dom-client.development.js:13249:29) undefined
Error: Not implemented: window.scrollTo
    at module.exports (/home/siegfriedneto/projects/servicedeskn1-fix-simulate-hypothesis/frontend/app/node_modules/jsdom/lib/jsdom/browser/not-implemented.js:9:17)
    at /home/siegfriedneto/projects/servicedeskn1-fix-simulate-hypothesis/frontend/app/node_modules/jsdom/lib/jsdom/browser/Window.js:960:7
    at Object.fn (file:///home/siegfriedneto/projects/servicedeskn1-fix-simulate-hypothesis/frontend/app/node_modules/@tanstack/router-core/dist/esm/scroll-restoration.js:180:27)
    at RouterCore.emit (file:///home/siegfriedneto/projects/servicedeskn1-fix-simulate-hypothesis/frontend/app/node_modules/@tanstack/router-core/dist/esm/router.js:178:14)
    at file:///home/siegfriedneto/projects/servicedeskn1-fix-simulate-hypothesis/frontend/app/node_modules/@tanstack/react-router/dist/esm/Transitioner.js:46:25
    at settleOwner (file:///home/siegfriedneto/projects/servicedeskn1-fix-simulate-hypothesis/frontend/app/node_modules/@tanstack/react-router/dist/esm/Transitioner.js:10:10)
    at file:///home/siegfriedneto/projects/servicedeskn1-fix-simulate-hypothesis/frontend/app/node_modules/@tanstack/react-router/dist/esm/Matches.js:38:39
    at Object.react_stack_bottom_frame (/home/siegfriedneto/projects/servicedeskn1-fix-simulate-hypothesis/frontend/app/node_modules/react-dom/cjs/react-dom-client.development.js:25989:20)
    at runWithFiberInDEV (/home/siegfriedneto/projects/servicedeskn1-fix-simulate-hypothesis/frontend/app/node_modules/react-dom/cjs/react-dom-client.development.js:874:13)
    at commitHookEffectListMount (/home/siegfriedneto/projects/servicedeskn1-fix-simulate-hypothesis/frontend/app/node_modules/react-dom/cjs/react-dom-client.development.js:13249:29) undefined
Error: Not implemented: window.scrollTo
    at module.exports (/home/siegfriedneto/projects/servicedeskn1-fix-simulate-hypothesis/frontend/app/node_modules/jsdom/lib/jsdom/browser/not-implemented.js:9:17)
    at /home/siegfriedneto/projects/servicedeskn1-fix-simulate-hypothesis/frontend/app/node_modules/jsdom/lib/jsdom/browser/Window.js:960:7
    at Object.fn (file:///home/siegfriedneto/projects/servicedeskn1-fix-simulate-hypothesis/frontend/app/node_modules/@tanstack/router-core/dist/esm/scroll-restoration.js:180:27)
    at RouterCore.emit (file:///home/siegfriedneto/projects/servicedeskn1-fix-simulate-hypothesis/frontend/app/node_modules/@tanstack/router-core/dist/esm/router.js:178:14)
    at file:///home/siegfriedneto/projects/servicedeskn1-fix-simulate-hypothesis/frontend/app/node_modules/@tanstack/react-router/dist/esm/Transitioner.js:46:25
    at settleOwner (file:///home/siegfriedneto/projects/servicedeskn1-fix-simulate-hypothesis/frontend/app/node_modules/@tanstack/react-router/dist/esm/Transitioner.js:10:10)
    at file:///home/siegfriedneto/projects/servicedeskn1-fix-simulate-hypothesis/frontend/app/node_modules/@tanstack/react-router/dist/esm/Matches.js:38:39
    at Object.react_stack_bottom_frame (/home/siegfriedneto/projects/servicedeskn1-fix-simulate-hypothesis/frontend/app/node_modules/react-dom/cjs/react-dom-client.development.js:25989:20)
    at runWithFiberInDEV (/home/siegfriedneto/projects/servicedeskn1-fix-simulate-hypothesis/frontend/app/node_modules/react-dom/cjs/react-dom-client.development.js:874:13)
    at commitHookEffectListMount (/home/siegfriedneto/projects/servicedeskn1-fix-simulate-hypothesis/frontend/app/node_modules/react-dom/cjs/react-dom-client.development.js:13249:29) undefined
Error: Not implemented: window.scrollTo
    at module.exports (/home/siegfriedneto/projects/servicedeskn1-fix-simulate-hypothesis/frontend/app/node_modules/jsdom/lib/jsdom/browser/not-implemented.js:9:17)
    at /home/siegfriedneto/projects/servicedeskn1-fix-simulate-hypothesis/frontend/app/node_modules/jsdom/lib/jsdom/browser/Window.js:960:7
    at Object.fn (file:///home/siegfriedneto/projects/servicedeskn1-fix-simulate-hypothesis/frontend/app/node_modules/@tanstack/router-core/dist/esm/scroll-restoration.js:180:27)
    at RouterCore.emit (file:///home/siegfriedneto/projects/servicedeskn1-fix-simulate-hypothesis/frontend/app/node_modules/@tanstack/router-core/dist/esm/router.js:178:14)
    at file:///home/siegfriedneto/projects/servicedeskn1-fix-simulate-hypothesis/frontend/app/node_modules/@tanstack/react-router/dist/esm/Transitioner.js:46:25
    at settleOwner (file:///home/siegfriedneto/projects/servicedeskn1-fix-simulate-hypothesis/frontend/app/node_modules/@tanstack/react-router/dist/esm/Transitioner.js:10:10)
    at file:///home/siegfriedneto/projects/servicedeskn1-fix-simulate-hypothesis/frontend/app/node_modules/@tanstack/react-router/dist/esm/Matches.js:38:39
    at Object.react_stack_bottom_frame (/home/siegfriedneto/projects/servicedeskn1-fix-simulate-hypothesis/frontend/app/node_modules/react-dom/cjs/react-dom-client.development.js:25989:20)
    at runWithFiberInDEV (/home/siegfriedneto/projects/servicedeskn1-fix-simulate-hypothesis/frontend/app/node_modules/react-dom/cjs/react-dom-client.development.js:874:13)
    at commitHookEffectListMount (/home/siegfriedneto/projects/servicedeskn1-fix-simulate-hypothesis/frontend/app/node_modules/react-dom/cjs/react-dom-client.development.js:13249:29) undefined
Error: Not implemented: window.scrollTo
    at module.exports (/home/siegfriedneto/projects/servicedeskn1-fix-simulate-hypothesis/frontend/app/node_modules/jsdom/lib/jsdom/browser/not-implemented.js:9:17)
    at /home/siegfriedneto/projects/servicedeskn1-fix-simulate-hypothesis/frontend/app/node_modules/jsdom/lib/jsdom/browser/Window.js:960:7
    at Object.fn (file:///home/siegfriedneto/projects/servicedeskn1-fix-simulate-hypothesis/frontend/app/node_modules/@tanstack/router-core/dist/esm/scroll-restoration.js:180:27)
    at RouterCore.emit (file:///home/siegfriedneto/projects/servicedeskn1-fix-simulate-hypothesis/frontend/app/node_modules/@tanstack/router-core/dist/esm/router.js:178:14)
    at file:///home/siegfriedneto/projects/servicedeskn1-fix-simulate-hypothesis/frontend/app/node_modules/@tanstack/react-router/dist/esm/Transitioner.js:46:25
    at settleOwner (file:///home/siegfriedneto/projects/servicedeskn1-fix-simulate-hypothesis/frontend/app/node_modules/@tanstack/react-router/dist/esm/Transitioner.js:10:10)
    at file:///home/siegfriedneto/projects/servicedeskn1-fix-simulate-hypothesis/frontend/app/node_modules/@tanstack/react-router/dist/esm/Matches.js:38:39
    at Object.react_stack_bottom_frame (/home/siegfriedneto/projects/servicedeskn1-fix-simulate-hypothesis/frontend/app/node_modules/react-dom/cjs/react-dom-client.development.js:25989:20)
    at runWithFiberInDEV (/home/siegfriedneto/projects/servicedeskn1-fix-simulate-hypothesis/frontend/app/node_modules/react-dom/cjs/react-dom-client.development.js:874:13)
    at commitHookEffectListMount (/home/siegfriedneto/projects/servicedeskn1-fix-simulate-hypothesis/frontend/app/node_modules/react-dom/cjs/react-dom-client.development.js:13249:29) undefined
Error: Not implemented: window.scrollTo
    at module.exports (/home/siegfriedneto/projects/servicedeskn1-fix-simulate-hypothesis/frontend/app/node_modules/jsdom/lib/jsdom/browser/not-implemented.js:9:17)
    at /home/siegfriedneto/projects/servicedeskn1-fix-simulate-hypothesis/frontend/app/node_modules/jsdom/lib/jsdom/browser/Window.js:960:7
    at Object.fn (file:///home/siegfriedneto/projects/servicedeskn1-fix-simulate-hypothesis/frontend/app/node_modules/@tanstack/router-core/dist/esm/scroll-restoration.js:180:27)
    at RouterCore.emit (file:///home/siegfriedneto/projects/servicedeskn1-fix-simulate-hypothesis/frontend/app/node_modules/@tanstack/router-core/dist/esm/router.js:178:14)
    at file:///home/siegfriedneto/projects/servicedeskn1-fix-simulate-hypothesis/frontend/app/node_modules/@tanstack/react-router/dist/esm/Transitioner.js:46:25
    at settleOwner (file:///home/siegfriedneto/projects/servicedeskn1-fix-simulate-hypothesis/frontend/app/node_modules/@tanstack/react-router/dist/esm/Transitioner.js:10:10)
    at file:///home/siegfriedneto/projects/servicedeskn1-fix-simulate-hypothesis/frontend/app/node_modules/@tanstack/react-router/dist/esm/Matches.js:38:39
    at Object.react_stack_bottom_frame (/home/siegfriedneto/projects/servicedeskn1-fix-simulate-hypothesis/frontend/app/node_modules/react-dom/cjs/react-dom-client.development.js:25989:20)
    at runWithFiberInDEV (/home/siegfriedneto/projects/servicedeskn1-fix-simulate-hypothesis/frontend/app/node_modules/react-dom/cjs/react-dom-client.development.js:874:13)
    at commitHookEffectListMount (/home/siegfriedneto/projects/servicedeskn1-fix-simulate-hypothesis/frontend/app/node_modules/react-dom/cjs/react-dom-client.development.js:13249:29) undefined
Error: Not implemented: window.scrollTo
    at module.exports (/home/siegfriedneto/projects/servicedeskn1-fix-simulate-hypothesis/frontend/app/node_modules/jsdom/lib/jsdom/browser/not-implemented.js:9:17)
    at /home/siegfriedneto/projects/servicedeskn1-fix-simulate-hypothesis/frontend/app/node_modules/jsdom/lib/jsdom/browser/Window.js:960:7
    at Object.fn (file:///home/siegfriedneto/projects/servicedeskn1-fix-simulate-hypothesis/frontend/app/node_modules/@tanstack/router-core/dist/esm/scroll-restoration.js:180:27)
    at RouterCore.emit (file:///home/siegfriedneto/projects/servicedeskn1-fix-simulate-hypothesis/frontend/app/node_modules/@tanstack/router-core/dist/esm/router.js:178:14)
    at file:///home/siegfriedneto/projects/servicedeskn1-fix-simulate-hypothesis/frontend/app/node_modules/@tanstack/react-router/dist/esm/Transitioner.js:46:25
    at settleOwner (file:///home/siegfriedneto/projects/servicedeskn1-fix-simulate-hypothesis/frontend/app/node_modules/@tanstack/react-router/dist/esm/Transitioner.js:10:10)
    at file:///home/siegfriedneto/projects/servicedeskn1-fix-simulate-hypothesis/frontend/app/node_modules/@tanstack/react-router/dist/esm/Matches.js:38:39
    at Object.react_stack_bottom_frame (/home/siegfriedneto/projects/servicedeskn1-fix-simulate-hypothesis/frontend/app/node_modules/react-dom/cjs/react-dom-client.development.js:25989:20)
    at runWithFiberInDEV (/home/siegfriedneto/projects/servicedeskn1-fix-simulate-hypothesis/frontend/app/node_modules/react-dom/cjs/react-dom-client.development.js:874:13)
    at commitHookEffectListMount (/home/siegfriedneto/projects/servicedeskn1-fix-simulate-hypothesis/frontend/app/node_modules/react-dom/cjs/react-dom-client.development.js:13249:29) undefined
Error: Not implemented: window.scrollTo
    at module.exports (/home/siegfriedneto/projects/servicedeskn1-fix-simulate-hypothesis/frontend/app/node_modules/jsdom/lib/jsdom/browser/not-implemented.js:9:17)
    at /home/siegfriedneto/projects/servicedeskn1-fix-simulate-hypothesis/frontend/app/node_modules/jsdom/lib/jsdom/browser/Window.js:960:7
    at Object.fn (file:///home/siegfriedneto/projects/servicedeskn1-fix-simulate-hypothesis/frontend/app/node_modules/@tanstack/router-core/dist/esm/scroll-restoration.js:180:27)
    at RouterCore.emit (file:///home/siegfriedneto/projects/servicedeskn1-fix-simulate-hypothesis/frontend/app/node_modules/@tanstack/router-core/dist/esm/router.js:178:14)
    at file:///home/siegfriedneto/projects/servicedeskn1-fix-simulate-hypothesis/frontend/app/node_modules/@tanstack/react-router/dist/esm/Transitioner.js:46:25
    at settleOwner (file:///home/siegfriedneto/projects/servicedeskn1-fix-simulate-hypothesis/frontend/app/node_modules/@tanstack/react-router/dist/esm/Transitioner.js:10:10)
    at file:///home/siegfriedneto/projects/servicedeskn1-fix-simulate-hypothesis/frontend/app/node_modules/@tanstack/react-router/dist/esm/Matches.js:38:39
    at Object.react_stack_bottom_frame (/home/siegfriedneto/projects/servicedeskn1-fix-simulate-hypothesis/frontend/app/node_modules/react-dom/cjs/react-dom-client.development.js:25989:20)
    at runWithFiberInDEV (/home/siegfriedneto/projects/servicedeskn1-fix-simulate-hypothesis/frontend/app/node_modules/react-dom/cjs/react-dom-client.development.js:874:13)
    at commitHookEffectListMount (/home/siegfriedneto/projects/servicedeskn1-fix-simulate-hypothesis/frontend/app/node_modules/react-dom/cjs/react-dom-client.development.js:13249:29) undefined
Error: Not implemented: window.scrollTo
    at module.exports (/home/siegfriedneto/projects/servicedeskn1-fix-simulate-hypothesis/frontend/app/node_modules/jsdom/lib/jsdom/browser/not-implemented.js:9:17)
    at /home/siegfriedneto/projects/servicedeskn1-fix-simulate-hypothesis/frontend/app/node_modules/jsdom/lib/jsdom/browser/Window.js:960:7
    at Object.fn (file:///home/siegfriedneto/projects/servicedeskn1-fix-simulate-hypothesis/frontend/app/node_modules/@tanstack/router-core/dist/esm/scroll-restoration.js:180:27)
    at RouterCore.emit (file:///home/siegfriedneto/projects/servicedeskn1-fix-simulate-hypothesis/frontend/app/node_modules/@tanstack/router-core/dist/esm/router.js:178:14)
    at file:///home/siegfriedneto/projects/servicedeskn1-fix-simulate-hypothesis/frontend/app/node_modules/@tanstack/react-router/dist/esm/Transitioner.js:46:25
    at settleOwner (file:///home/siegfriedneto/projects/servicedeskn1-fix-simulate-hypothesis/frontend/app/node_modules/@tanstack/react-router/dist/esm/Transitioner.js:10:10)
    at file:///home/siegfriedneto/projects/servicedeskn1-fix-simulate-hypothesis/frontend/app/node_modules/@tanstack/react-router/dist/esm/Matches.js:38:39
    at Object.react_stack_bottom_frame (/home/siegfriedneto/projects/servicedeskn1-fix-simulate-hypothesis/frontend/app/node_modules/react-dom/cjs/react-dom-client.development.js:25989:20)
    at runWithFiberInDEV (/home/siegfriedneto/projects/servicedeskn1-fix-simulate-hypothesis/frontend/app/node_modules/react-dom/cjs/react-dom-client.development.js:874:13)
    at commitHookEffectListMount (/home/siegfriedneto/projects/servicedeskn1-fix-simulate-hypothesis/frontend/app/node_modules/react-dom/cjs/react-dom-client.development.js:13249:29) undefined
Error: Not implemented: window.scrollTo
    at module.exports (/home/siegfriedneto/projects/servicedeskn1-fix-simulate-hypothesis/frontend/app/node_modules/jsdom/lib/jsdom/browser/not-implemented.js:9:17)
    at /home/siegfriedneto/projects/servicedeskn1-fix-simulate-hypothesis/frontend/app/node_modules/jsdom/lib/jsdom/browser/Window.js:960:7
    at Object.fn (file:///home/siegfriedneto/projects/servicedeskn1-fix-simulate-hypothesis/frontend/app/node_modules/@tanstack/router-core/dist/esm/scroll-restoration.js:180:27)
    at RouterCore.emit (file:///home/siegfriedneto/projects/servicedeskn1-fix-simulate-hypothesis/frontend/app/node_modules/@tanstack/router-core/dist/esm/router.js:178:14)
    at file:///home/siegfriedneto/projects/servicedeskn1-fix-simulate-hypothesis/frontend/app/node_modules/@tanstack/react-router/dist/esm/Transitioner.js:46:25
    at settleOwner (file:///home/siegfriedneto/projects/servicedeskn1-fix-simulate-hypothesis/frontend/app/node_modules/@tanstack/react-router/dist/esm/Transitioner.js:10:10)
    at file:///home/siegfriedneto/projects/servicedeskn1-fix-simulate-hypothesis/frontend/app/node_modules/@tanstack/react-router/dist/esm/Matches.js:38:39
    at Object.react_stack_bottom_frame (/home/siegfriedneto/projects/servicedeskn1-fix-simulate-hypothesis/frontend/app/node_modules/react-dom/cjs/react-dom-client.development.js:25989:20)
    at runWithFiberInDEV (/home/siegfriedneto/projects/servicedeskn1-fix-simulate-hypothesis/frontend/app/node_modules/react-dom/cjs/react-dom-client.development.js:874:13)
    at commitHookEffectListMount (/home/siegfriedneto/projects/servicedeskn1-fix-simulate-hypothesis/frontend/app/node_modules/react-dom/cjs/react-dom-client.development.js:13249:29) undefined
Error: Not implemented: window.scrollTo
    at module.exports (/home/siegfriedneto/projects/servicedeskn1-fix-simulate-hypothesis/frontend/app/node_modules/jsdom/lib/jsdom/browser/not-implemented.js:9:17)
    at /home/siegfriedneto/projects/servicedeskn1-fix-simulate-hypothesis/frontend/app/node_modules/jsdom/lib/jsdom/browser/Window.js:960:7
    at Object.fn (file:///home/siegfriedneto/projects/servicedeskn1-fix-simulate-hypothesis/frontend/app/node_modules/@tanstack/router-core/dist/esm/scroll-restoration.js:180:27)
    at RouterCore.emit (file:///home/siegfriedneto/projects/servicedeskn1-fix-simulate-hypothesis/frontend/app/node_modules/@tanstack/router-core/dist/esm/router.js:178:14)
    at file:///home/siegfriedneto/projects/servicedeskn1-fix-simulate-hypothesis/frontend/app/node_modules/@tanstack/react-router/dist/esm/Transitioner.js:46:25
    at settleOwner (file:///home/siegfriedneto/projects/servicedeskn1-fix-simulate-hypothesis/frontend/app/node_modules/@tanstack/react-router/dist/esm/Transitioner.js:10:10)
    at file:///home/siegfriedneto/projects/servicedeskn1-fix-simulate-hypothesis/frontend/app/node_modules/@tanstack/react-router/dist/esm/Matches.js:38:39
    at Object.react_stack_bottom_frame (/home/siegfriedneto/projects/servicedeskn1-fix-simulate-hypothesis/frontend/app/node_modules/react-dom/cjs/react-dom-client.development.js:25989:20)
    at runWithFiberInDEV (/home/siegfriedneto/projects/servicedeskn1-fix-simulate-hypothesis/frontend/app/node_modules/react-dom/cjs/react-dom-client.development.js:874:13)
    at commitHookEffectListMount (/home/siegfriedneto/projects/servicedeskn1-fix-simulate-hypothesis/frontend/app/node_modules/react-dom/cjs/react-dom-client.development.js:13249:29) undefined
Error: Not implemented: window.scrollTo
    at module.exports (/home/siegfriedneto/projects/servicedeskn1-fix-simulate-hypothesis/frontend/app/node_modules/jsdom/lib/jsdom/browser/not-implemented.js:9:17)
    at /home/siegfriedneto/projects/servicedeskn1-fix-simulate-hypothesis/frontend/app/node_modules/jsdom/lib/jsdom/browser/Window.js:960:7
    at Object.fn (file:///home/siegfriedneto/projects/servicedeskn1-fix-simulate-hypothesis/frontend/app/node_modules/@tanstack/router-core/dist/esm/scroll-restoration.js:180:27)
    at RouterCore.emit (file:///home/siegfriedneto/projects/servicedeskn1-fix-simulate-hypothesis/frontend/app/node_modules/@tanstack/router-core/dist/esm/router.js:178:14)
    at file:///home/siegfriedneto/projects/servicedeskn1-fix-simulate-hypothesis/frontend/app/node_modules/@tanstack/react-router/dist/esm/Transitioner.js:46:25
    at settleOwner (file:///home/siegfriedneto/projects/servicedeskn1-fix-simulate-hypothesis/frontend/app/node_modules/@tanstack/react-router/dist/esm/Transitioner.js:10:10)
    at file:///home/siegfriedneto/projects/servicedeskn1-fix-simulate-hypothesis/frontend/app/node_modules/@tanstack/react-router/dist/esm/Matches.js:38:39
    at Object.react_stack_bottom_frame (/home/siegfriedneto/projects/servicedeskn1-fix-simulate-hypothesis/frontend/app/node_modules/react-dom/cjs/react-dom-client.development.js:25989:20)
    at runWithFiberInDEV (/home/siegfriedneto/projects/servicedeskn1-fix-simulate-hypothesis/frontend/app/node_modules/react-dom/cjs/react-dom-client.development.js:874:13)
    at commitHookEffectListMount (/home/siegfriedneto/projects/servicedeskn1-fix-simulate-hypothesis/frontend/app/node_modules/react-dom/cjs/react-dom-client.development.js:13249:29) undefined
Error: Not implemented: window.scrollTo
    at module.exports (/home/siegfriedneto/projects/servicedeskn1-fix-simulate-hypothesis/frontend/app/node_modules/jsdom/lib/jsdom/browser/not-implemented.js:9:17)
    at /home/siegfriedneto/projects/servicedeskn1-fix-simulate-hypothesis/frontend/app/node_modules/jsdom/lib/jsdom/browser/Window.js:960:7
    at Object.fn (file:///home/siegfriedneto/projects/servicedeskn1-fix-simulate-hypothesis/frontend/app/node_modules/@tanstack/router-core/dist/esm/scroll-restoration.js:180:27)
    at RouterCore.emit (file:///home/siegfriedneto/projects/servicedeskn1-fix-simulate-hypothesis/frontend/app/node_modules/@tanstack/router-core/dist/esm/router.js:178:14)
    at file:///home/siegfriedneto/projects/servicedeskn1-fix-simulate-hypothesis/frontend/app/node_modules/@tanstack/react-router/dist/esm/Transitioner.js:46:25
    at settleOwner (file:///home/siegfriedneto/projects/servicedeskn1-fix-simulate-hypothesis/frontend/app/node_modules/@tanstack/react-router/dist/esm/Transitioner.js:10:10)
    at file:///home/siegfriedneto/projects/servicedeskn1-fix-simulate-hypothesis/frontend/app/node_modules/@tanstack/react-router/dist/esm/Matches.js:38:39
    at Object.react_stack_bottom_frame (/home/siegfriedneto/projects/servicedeskn1-fix-simulate-hypothesis/frontend/app/node_modules/react-dom/cjs/react-dom-client.development.js:25989:20)
    at runWithFiberInDEV (/home/siegfriedneto/projects/servicedeskn1-fix-simulate-hypothesis/frontend/app/node_modules/react-dom/cjs/react-dom-client.development.js:874:13)
    at commitHookEffectListMount (/home/siegfriedneto/projects/servicedeskn1-fix-simulate-hypothesis/frontend/app/node_modules/react-dom/cjs/react-dom-client.development.js:13249:29) undefined
Error: Not implemented: window.scrollTo
    at module.exports (/home/siegfriedneto/projects/servicedeskn1-fix-simulate-hypothesis/frontend/app/node_modules/jsdom/lib/jsdom/browser/not-implemented.js:9:17)
    at /home/siegfriedneto/projects/servicedeskn1-fix-simulate-hypothesis/frontend/app/node_modules/jsdom/lib/jsdom/browser/Window.js:960:7
    at Object.fn (file:///home/siegfriedneto/projects/servicedeskn1-fix-simulate-hypothesis/frontend/app/node_modules/@tanstack/router-core/dist/esm/scroll-restoration.js:180:27)
    at RouterCore.emit (file:///home/siegfriedneto/projects/servicedeskn1-fix-simulate-hypothesis/frontend/app/node_modules/@tanstack/router-core/dist/esm/router.js:178:14)
    at file:///home/siegfriedneto/projects/servicedeskn1-fix-simulate-hypothesis/frontend/app/node_modules/@tanstack/react-router/dist/esm/Transitioner.js:46:25
    at settleOwner (file:///home/siegfriedneto/projects/servicedeskn1-fix-simulate-hypothesis/frontend/app/node_modules/@tanstack/react-router/dist/esm/Transitioner.js:10:10)
    at file:///home/siegfriedneto/projects/servicedeskn1-fix-simulate-hypothesis/frontend/app/node_modules/@tanstack/react-router/dist/esm/Matches.js:38:39
    at Object.react_stack_bottom_frame (/home/siegfriedneto/projects/servicedeskn1-fix-simulate-hypothesis/frontend/app/node_modules/react-dom/cjs/react-dom-client.development.js:25989:20)
    at runWithFiberInDEV (/home/siegfriedneto/projects/servicedeskn1-fix-simulate-hypothesis/frontend/app/node_modules/react-dom/cjs/react-dom-client.development.js:874:13)
    at commitHookEffectListMount (/home/siegfriedneto/projects/servicedeskn1-fix-simulate-hypothesis/frontend/app/node_modules/react-dom/cjs/react-dom-client.development.js:13249:29) undefined
Error: Not implemented: window.scrollTo
    at module.exports (/home/siegfriedneto/projects/servicedeskn1-fix-simulate-hypothesis/frontend/app/node_modules/jsdom/lib/jsdom/browser/not-implemented.js:9:17)
    at /home/siegfriedneto/projects/servicedeskn1-fix-simulate-hypothesis/frontend/app/node_modules/jsdom/lib/jsdom/browser/Window.js:960:7
    at Object.fn (file:///home/siegfriedneto/projects/servicedeskn1-fix-simulate-hypothesis/frontend/app/node_modules/@tanstack/router-core/dist/esm/scroll-restoration.js:180:27)
    at RouterCore.emit (file:///home/siegfriedneto/projects/servicedeskn1-fix-simulate-hypothesis/frontend/app/node_modules/@tanstack/router-core/dist/esm/router.js:178:14)
    at file:///home/siegfriedneto/projects/servicedeskn1-fix-simulate-hypothesis/frontend/app/node_modules/@tanstack/react-router/dist/esm/Transitioner.js:46:25
    at settleOwner (file:///home/siegfriedneto/projects/servicedeskn1-fix-simulate-hypothesis/frontend/app/node_modules/@tanstack/react-router/dist/esm/Transitioner.js:10:10)
    at file:///home/siegfriedneto/projects/servicedeskn1-fix-simulate-hypothesis/frontend/app/node_modules/@tanstack/react-router/dist/esm/Matches.js:38:39
    at Object.react_stack_bottom_frame (/home/siegfriedneto/projects/servicedeskn1-fix-simulate-hypothesis/frontend/app/node_modules/react-dom/cjs/react-dom-client.development.js:25989:20)
    at runWithFiberInDEV (/home/siegfriedneto/projects/servicedeskn1-fix-simulate-hypothesis/frontend/app/node_modules/react-dom/cjs/react-dom-client.development.js:874:13)
    at commitHookEffectListMount (/home/siegfriedneto/projects/servicedeskn1-fix-simulate-hypothesis/frontend/app/node_modules/react-dom/cjs/react-dom-client.development.js:13249:29) undefined
Error: Not implemented: window.scrollTo
    at module.exports (/home/siegfriedneto/projects/servicedeskn1-fix-simulate-hypothesis/frontend/app/node_modules/jsdom/lib/jsdom/browser/not-implemented.js:9:17)
    at /home/siegfriedneto/projects/servicedeskn1-fix-simulate-hypothesis/frontend/app/node_modules/jsdom/lib/jsdom/browser/Window.js:960:7
    at Object.fn (file:///home/siegfriedneto/projects/servicedeskn1-fix-simulate-hypothesis/frontend/app/node_modules/@tanstack/router-core/dist/esm/scroll-restoration.js:180:27)
    at RouterCore.emit (file:///home/siegfriedneto/projects/servicedeskn1-fix-simulate-hypothesis/frontend/app/node_modules/@tanstack/router-core/dist/esm/router.js:178:14)
    at file:///home/siegfriedneto/projects/servicedeskn1-fix-simulate-hypothesis/frontend/app/node_modules/@tanstack/react-router/dist/esm/Transitioner.js:46:25
    at settleOwner (file:///home/siegfriedneto/projects/servicedeskn1-fix-simulate-hypothesis/frontend/app/node_modules/@tanstack/react-router/dist/esm/Transitioner.js:10:10)
    at file:///home/siegfriedneto/projects/servicedeskn1-fix-simulate-hypothesis/frontend/app/node_modules/@tanstack/react-router/dist/esm/Matches.js:38:39
    at Object.react_stack_bottom_frame (/home/siegfriedneto/projects/servicedeskn1-fix-simulate-hypothesis/frontend/app/node_modules/react-dom/cjs/react-dom-client.development.js:25989:20)
    at runWithFiberInDEV (/home/siegfriedneto/projects/servicedeskn1-fix-simulate-hypothesis/frontend/app/node_modules/react-dom/cjs/react-dom-client.development.js:874:13)
    at commitHookEffectListMount (/home/siegfriedneto/projects/servicedeskn1-fix-simulate-hypothesis/frontend/app/node_modules/react-dom/cjs/react-dom-client.development.js:13249:29) undefined
Error: Not implemented: window.scrollTo
    at module.exports (/home/siegfriedneto/projects/servicedeskn1-fix-simulate-hypothesis/frontend/app/node_modules/jsdom/lib/jsdom/browser/not-implemented.js:9:17)
    at /home/siegfriedneto/projects/servicedeskn1-fix-simulate-hypothesis/frontend/app/node_modules/jsdom/lib/jsdom/browser/Window.js:960:7
    at Object.fn (file:///home/siegfriedneto/projects/servicedeskn1-fix-simulate-hypothesis/frontend/app/node_modules/@tanstack/router-core/dist/esm/scroll-restoration.js:180:27)
    at RouterCore.emit (file:///home/siegfriedneto/projects/servicedeskn1-fix-simulate-hypothesis/frontend/app/node_modules/@tanstack/router-core/dist/esm/router.js:178:14)
    at file:///home/siegfriedneto/projects/servicedeskn1-fix-simulate-hypothesis/frontend/app/node_modules/@tanstack/react-router/dist/esm/Transitioner.js:46:25
    at settleOwner (file:///home/siegfriedneto/projects/servicedeskn1-fix-simulate-hypothesis/frontend/app/node_modules/@tanstack/react-router/dist/esm/Transitioner.js:10:10)
    at file:///home/siegfriedneto/projects/servicedeskn1-fix-simulate-hypothesis/frontend/app/node_modules/@tanstack/react-router/dist/esm/Matches.js:38:39
    at Object.react_stack_bottom_frame (/home/siegfriedneto/projects/servicedeskn1-fix-simulate-hypothesis/frontend/app/node_modules/react-dom/cjs/react-dom-client.development.js:25989:20)
    at runWithFiberInDEV (/home/siegfriedneto/projects/servicedeskn1-fix-simulate-hypothesis/frontend/app/node_modules/react-dom/cjs/react-dom-client.development.js:874:13)
    at commitHookEffectListMount (/home/siegfriedneto/projects/servicedeskn1-fix-simulate-hypothesis/frontend/app/node_modules/react-dom/cjs/react-dom-client.development.js:13249:29) undefined
Error: Not implemented: window.scrollTo
    at module.exports (/home/siegfriedneto/projects/servicedeskn1-fix-simulate-hypothesis/frontend/app/node_modules/jsdom/lib/jsdom/browser/not-implemented.js:9:17)
    at /home/siegfriedneto/projects/servicedeskn1-fix-simulate-hypothesis/frontend/app/node_modules/jsdom/lib/jsdom/browser/Window.js:960:7
    at Object.fn (file:///home/siegfriedneto/projects/servicedeskn1-fix-simulate-hypothesis/frontend/app/node_modules/@tanstack/router-core/dist/esm/scroll-restoration.js:180:27)
    at RouterCore.emit (file:///home/siegfriedneto/projects/servicedeskn1-fix-simulate-hypothesis/frontend/app/node_modules/@tanstack/router-core/dist/esm/router.js:178:14)
    at file:///home/siegfriedneto/projects/servicedeskn1-fix-simulate-hypothesis/frontend/app/node_modules/@tanstack/react-router/dist/esm/Transitioner.js:46:25
    at settleOwner (file:///home/siegfriedneto/projects/servicedeskn1-fix-simulate-hypothesis/frontend/app/node_modules/@tanstack/react-router/dist/esm/Transitioner.js:10:10)
    at file:///home/siegfriedneto/projects/servicedeskn1-fix-simulate-hypothesis/frontend/app/node_modules/@tanstack/react-router/dist/esm/Matches.js:38:39
    at Object.react_stack_bottom_frame (/home/siegfriedneto/projects/servicedeskn1-fix-simulate-hypothesis/frontend/app/node_modules/react-dom/cjs/react-dom-client.development.js:25989:20)
    at runWithFiberInDEV (/home/siegfriedneto/projects/servicedeskn1-fix-simulate-hypothesis/frontend/app/node_modules/react-dom/cjs/react-dom-client.development.js:874:13)
    at commitHookEffectListMount (/home/siegfriedneto/projects/servicedeskn1-fix-simulate-hypothesis/frontend/app/node_modules/react-dom/cjs/react-dom-client.development.js:13249:29) undefined
Error: Not implemented: window.scrollTo
    at module.exports (/home/siegfriedneto/projects/servicedeskn1-fix-simulate-hypothesis/frontend/app/node_modules/jsdom/lib/jsdom/browser/not-implemented.js:9:17)
    at /home/siegfriedneto/projects/servicedeskn1-fix-simulate-hypothesis/frontend/app/node_modules/jsdom/lib/jsdom/browser/Window.js:960:7
    at Object.fn (file:///home/siegfriedneto/projects/servicedeskn1-fix-simulate-hypothesis/frontend/app/node_modules/@tanstack/router-core/dist/esm/scroll-restoration.js:180:27)
    at RouterCore.emit (file:///home/siegfriedneto/projects/servicedeskn1-fix-simulate-hypothesis/frontend/app/node_modules/@tanstack/router-core/dist/esm/router.js:178:14)
    at file:///home/siegfriedneto/projects/servicedeskn1-fix-simulate-hypothesis/frontend/app/node_modules/@tanstack/react-router/dist/esm/Transitioner.js:46:25
    at settleOwner (file:///home/siegfriedneto/projects/servicedeskn1-fix-simulate-hypothesis/frontend/app/node_modules/@tanstack/react-router/dist/esm/Transitioner.js:10:10)
    at file:///home/siegfriedneto/projects/servicedeskn1-fix-simulate-hypothesis/frontend/app/node_modules/@tanstack/react-router/dist/esm/Matches.js:38:39
    at Object.react_stack_bottom_frame (/home/siegfriedneto/projects/servicedeskn1-fix-simulate-hypothesis/frontend/app/node_modules/react-dom/cjs/react-dom-client.development.js:25989:20)
    at runWithFiberInDEV (/home/siegfriedneto/projects/servicedeskn1-fix-simulate-hypothesis/frontend/app/node_modules/react-dom/cjs/react-dom-client.development.js:874:13)
    at commitHookEffectListMount (/home/siegfriedneto/projects/servicedeskn1-fix-simulate-hypothesis/frontend/app/node_modules/react-dom/cjs/react-dom-client.development.js:13249:29) undefined
Error: Not implemented: window.scrollTo
    at module.exports (/home/siegfriedneto/projects/servicedeskn1-fix-simulate-hypothesis/frontend/app/node_modules/jsdom/lib/jsdom/browser/not-implemented.js:9:17)
    at /home/siegfriedneto/projects/servicedeskn1-fix-simulate-hypothesis/frontend/app/node_modules/jsdom/lib/jsdom/browser/Window.js:960:7
    at Object.fn (file:///home/siegfriedneto/projects/servicedeskn1-fix-simulate-hypothesis/frontend/app/node_modules/@tanstack/router-core/dist/esm/scroll-restoration.js:180:27)
    at RouterCore.emit (file:///home/siegfriedneto/projects/servicedeskn1-fix-simulate-hypothesis/frontend/app/node_modules/@tanstack/router-core/dist/esm/router.js:178:14)
    at file:///home/siegfriedneto/projects/servicedeskn1-fix-simulate-hypothesis/frontend/app/node_modules/@tanstack/react-router/dist/esm/Transitioner.js:46:25
    at settleOwner (file:///home/siegfriedneto/projects/servicedeskn1-fix-simulate-hypothesis/frontend/app/node_modules/@tanstack/react-router/dist/esm/Transitioner.js:10:10)
    at file:///home/siegfriedneto/projects/servicedeskn1-fix-simulate-hypothesis/frontend/app/node_modules/@tanstack/react-router/dist/esm/Matches.js:38:39
    at Object.react_stack_bottom_frame (/home/siegfriedneto/projects/servicedeskn1-fix-simulate-hypothesis/frontend/app/node_modules/react-dom/cjs/react-dom-client.development.js:25989:20)
    at runWithFiberInDEV (/home/siegfriedneto/projects/servicedeskn1-fix-simulate-hypothesis/frontend/app/node_modules/react-dom/cjs/react-dom-client.development.js:874:13)
    at commitHookEffectListMount (/home/siegfriedneto/projects/servicedeskn1-fix-simulate-hypothesis/frontend/app/node_modules/react-dom/cjs/react-dom-client.development.js:13249:29) undefined
Error: Not implemented: window.scrollTo
    at module.exports (/home/siegfriedneto/projects/servicedeskn1-fix-simulate-hypothesis/frontend/app/node_modules/jsdom/lib/jsdom/browser/not-implemented.js:9:17)
    at /home/siegfriedneto/projects/servicedeskn1-fix-simulate-hypothesis/frontend/app/node_modules/jsdom/lib/jsdom/browser/Window.js:960:7
    at Object.fn (file:///home/siegfriedneto/projects/servicedeskn1-fix-simulate-hypothesis/frontend/app/node_modules/@tanstack/router-core/dist/esm/scroll-restoration.js:180:27)
    at RouterCore.emit (file:///home/siegfriedneto/projects/servicedeskn1-fix-simulate-hypothesis/frontend/app/node_modules/@tanstack/router-core/dist/esm/router.js:178:14)
    at file:///home/siegfriedneto/projects/servicedeskn1-fix-simulate-hypothesis/frontend/app/node_modules/@tanstack/react-router/dist/esm/Transitioner.js:46:25
    at settleOwner (file:///home/siegfriedneto/projects/servicedeskn1-fix-simulate-hypothesis/frontend/app/node_modules/@tanstack/react-router/dist/esm/Transitioner.js:10:10)
    at file:///home/siegfriedneto/projects/servicedeskn1-fix-simulate-hypothesis/frontend/app/node_modules/@tanstack/react-router/dist/esm/Matches.js:38:39
    at Object.react_stack_bottom_frame (/home/siegfriedneto/projects/servicedeskn1-fix-simulate-hypothesis/frontend/app/node_modules/react-dom/cjs/react-dom-client.development.js:25989:20)
    at runWithFiberInDEV (/home/siegfriedneto/projects/servicedeskn1-fix-simulate-hypothesis/frontend/app/node_modules/react-dom/cjs/react-dom-client.development.js:874:13)
    at commitHookEffectListMount (/home/siegfriedneto/projects/servicedeskn1-fix-simulate-hypothesis/frontend/app/node_modules/react-dom/cjs/react-dom-client.development.js:13249:29) undefined
Error: Not implemented: window.scrollTo
    at module.exports (/home/siegfriedneto/projects/servicedeskn1-fix-simulate-hypothesis/frontend/app/node_modules/jsdom/lib/jsdom/browser/not-implemented.js:9:17)
    at /home/siegfriedneto/projects/servicedeskn1-fix-simulate-hypothesis/frontend/app/node_modules/jsdom/lib/jsdom/browser/Window.js:960:7
    at Object.fn (file:///home/siegfriedneto/projects/servicedeskn1-fix-simulate-hypothesis/frontend/app/node_modules/@tanstack/router-core/dist/esm/scroll-restoration.js:180:27)
    at RouterCore.emit (file:///home/siegfriedneto/projects/servicedeskn1-fix-simulate-hypothesis/frontend/app/node_modules/@tanstack/router-core/dist/esm/router.js:178:14)
    at file:///home/siegfriedneto/projects/servicedeskn1-fix-simulate-hypothesis/frontend/app/node_modules/@tanstack/react-router/dist/esm/Transitioner.js:46:25
    at settleOwner (file:///home/siegfriedneto/projects/servicedeskn1-fix-simulate-hypothesis/frontend/app/node_modules/@tanstack/react-router/dist/esm/Transitioner.js:10:10)
    at file:///home/siegfriedneto/projects/servicedeskn1-fix-simulate-hypothesis/frontend/app/node_modules/@tanstack/react-router/dist/esm/Matches.js:38:39
    at Object.react_stack_bottom_frame (/home/siegfriedneto/projects/servicedeskn1-fix-simulate-hypothesis/frontend/app/node_modules/react-dom/cjs/react-dom-client.development.js:25989:20)
    at runWithFiberInDEV (/home/siegfriedneto/projects/servicedeskn1-fix-simulate-hypothesis/frontend/app/node_modules/react-dom/cjs/react-dom-client.development.js:874:13)
    at commitHookEffectListMount (/home/siegfriedneto/projects/servicedeskn1-fix-simulate-hypothesis/frontend/app/node_modules/react-dom/cjs/react-dom-client.development.js:13249:29) undefined
Error: Not implemented: window.scrollTo
    at module.exports (/home/siegfriedneto/projects/servicedeskn1-fix-simulate-hypothesis/frontend/app/node_modules/jsdom/lib/jsdom/browser/not-implemented.js:9:17)
    at /home/siegfriedneto/projects/servicedeskn1-fix-simulate-hypothesis/frontend/app/node_modules/jsdom/lib/jsdom/browser/Window.js:960:7
    at Object.fn (file:///home/siegfriedneto/projects/servicedeskn1-fix-simulate-hypothesis/frontend/app/node_modules/@tanstack/router-core/dist/esm/scroll-restoration.js:180:27)
    at RouterCore.emit (file:///home/siegfriedneto/projects/servicedeskn1-fix-simulate-hypothesis/frontend/app/node_modules/@tanstack/router-core/dist/esm/router.js:178:14)
    at file:///home/siegfriedneto/projects/servicedeskn1-fix-simulate-hypothesis/frontend/app/node_modules/@tanstack/react-router/dist/esm/Transitioner.js:46:25
    at settleOwner (file:///home/siegfriedneto/projects/servicedeskn1-fix-simulate-hypothesis/frontend/app/node_modules/@tanstack/react-router/dist/esm/Transitioner.js:10:10)
    at file:///home/siegfriedneto/projects/servicedeskn1-fix-simulate-hypothesis/frontend/app/node_modules/@tanstack/react-router/dist/esm/Matches.js:38:39
    at Object.react_stack_bottom_frame (/home/siegfriedneto/projects/servicedeskn1-fix-simulate-hypothesis/frontend/app/node_modules/react-dom/cjs/react-dom-client.development.js:25989:20)
    at runWithFiberInDEV (/home/siegfriedneto/projects/servicedeskn1-fix-simulate-hypothesis/frontend/app/node_modules/react-dom/cjs/react-dom-client.development.js:874:13)
    at commitHookEffectListMount (/home/siegfriedneto/projects/servicedeskn1-fix-simulate-hypothesis/frontend/app/node_modules/react-dom/cjs/react-dom-client.development.js:13249:29) undefined
Error: Not implemented: window.scrollTo
    at module.exports (/home/siegfriedneto/projects/servicedeskn1-fix-simulate-hypothesis/frontend/app/node_modules/jsdom/lib/jsdom/browser/not-implemented.js:9:17)
    at /home/siegfriedneto/projects/servicedeskn1-fix-simulate-hypothesis/frontend/app/node_modules/jsdom/lib/jsdom/browser/Window.js:960:7
    at Object.fn (file:///home/siegfriedneto/projects/servicedeskn1-fix-simulate-hypothesis/frontend/app/node_modules/@tanstack/router-core/dist/esm/scroll-restoration.js:180:27)
    at RouterCore.emit (file:///home/siegfriedneto/projects/servicedeskn1-fix-simulate-hypothesis/frontend/app/node_modules/@tanstack/router-core/dist/esm/router.js:178:14)
    at file:///home/siegfriedneto/projects/servicedeskn1-fix-simulate-hypothesis/frontend/app/node_modules/@tanstack/react-router/dist/esm/Transitioner.js:46:25
    at settleOwner (file:///home/siegfriedneto/projects/servicedeskn1-fix-simulate-hypothesis/frontend/app/node_modules/@tanstack/react-router/dist/esm/Transitioner.js:10:10)
    at file:///home/siegfriedneto/projects/servicedeskn1-fix-simulate-hypothesis/frontend/app/node_modules/@tanstack/react-router/dist/esm/Matches.js:38:39
    at Object.react_stack_bottom_frame (/home/siegfriedneto/projects/servicedeskn1-fix-simulate-hypothesis/frontend/app/node_modules/react-dom/cjs/react-dom-client.development.js:25989:20)
    at runWithFiberInDEV (/home/siegfriedneto/projects/servicedeskn1-fix-simulate-hypothesis/frontend/app/node_modules/react-dom/cjs/react-dom-client.development.js:874:13)
    at commitHookEffectListMount (/home/siegfriedneto/projects/servicedeskn1-fix-simulate-hypothesis/frontend/app/node_modules/react-dom/cjs/react-dom-client.development.js:13249:29) undefined
Error: Not implemented: window.scrollTo
    at module.exports (/home/siegfriedneto/projects/servicedeskn1-fix-simulate-hypothesis/frontend/app/node_modules/jsdom/lib/jsdom/browser/not-implemented.js:9:17)
    at /home/siegfriedneto/projects/servicedeskn1-fix-simulate-hypothesis/frontend/app/node_modules/jsdom/lib/jsdom/browser/Window.js:960:7
    at Object.fn (file:///home/siegfriedneto/projects/servicedeskn1-fix-simulate-hypothesis/frontend/app/node_modules/@tanstack/router-core/dist/esm/scroll-restoration.js:180:27)
    at RouterCore.emit (file:///home/siegfriedneto/projects/servicedeskn1-fix-simulate-hypothesis/frontend/app/node_modules/@tanstack/router-core/dist/esm/router.js:178:14)
    at file:///home/siegfriedneto/projects/servicedeskn1-fix-simulate-hypothesis/frontend/app/node_modules/@tanstack/react-router/dist/esm/Transitioner.js:46:25
    at settleOwner (file:///home/siegfriedneto/projects/servicedeskn1-fix-simulate-hypothesis/frontend/app/node_modules/@tanstack/react-router/dist/esm/Transitioner.js:10:10)
    at file:///home/siegfriedneto/projects/servicedeskn1-fix-simulate-hypothesis/frontend/app/node_modules/@tanstack/react-router/dist/esm/Matches.js:38:39
    at Object.react_stack_bottom_frame (/home/siegfriedneto/projects/servicedeskn1-fix-simulate-hypothesis/frontend/app/node_modules/react-dom/cjs/react-dom-client.development.js:25989:20)
    at runWithFiberInDEV (/home/siegfriedneto/projects/servicedeskn1-fix-simulate-hypothesis/frontend/app/node_modules/react-dom/cjs/react-dom-client.development.js:874:13)
    at commitHookEffectListMount (/home/siegfriedneto/projects/servicedeskn1-fix-simulate-hypothesis/frontend/app/node_modules/react-dom/cjs/react-dom-client.development.js:13249:29) undefined
Error: Not implemented: window.scrollTo
    at module.exports (/home/siegfriedneto/projects/servicedeskn1-fix-simulate-hypothesis/frontend/app/node_modules/jsdom/lib/jsdom/browser/not-implemented.js:9:17)
    at /home/siegfriedneto/projects/servicedeskn1-fix-simulate-hypothesis/frontend/app/node_modules/jsdom/lib/jsdom/browser/Window.js:960:7
    at Object.fn (file:///home/siegfriedneto/projects/servicedeskn1-fix-simulate-hypothesis/frontend/app/node_modules/@tanstack/router-core/dist/esm/scroll-restoration.js:180:27)
    at RouterCore.emit (file:///home/siegfriedneto/projects/servicedeskn1-fix-simulate-hypothesis/frontend/app/node_modules/@tanstack/router-core/dist/esm/router.js:178:14)
    at file:///home/siegfriedneto/projects/servicedeskn1-fix-simulate-hypothesis/frontend/app/node_modules/@tanstack/react-router/dist/esm/Transitioner.js:46:25
    at settleOwner (file:///home/siegfriedneto/projects/servicedeskn1-fix-simulate-hypothesis/frontend/app/node_modules/@tanstack/react-router/dist/esm/Transitioner.js:10:10)
    at file:///home/siegfriedneto/projects/servicedeskn1-fix-simulate-hypothesis/frontend/app/node_modules/@tanstack/react-router/dist/esm/Matches.js:38:39
    at Object.react_stack_bottom_frame (/home/siegfriedneto/projects/servicedeskn1-fix-simulate-hypothesis/frontend/app/node_modules/react-dom/cjs/react-dom-client.development.js:25989:20)
    at runWithFiberInDEV (/home/siegfriedneto/projects/servicedeskn1-fix-simulate-hypothesis/frontend/app/node_modules/react-dom/cjs/react-dom-client.development.js:874:13)
    at commitHookEffectListMount (/home/siegfriedneto/projects/servicedeskn1-fix-simulate-hypothesis/frontend/app/node_modules/react-dom/cjs/react-dom-client.development.js:13249:29) undefined
Error: Not implemented: window.scrollTo
    at module.exports (/home/siegfriedneto/projects/servicedeskn1-fix-simulate-hypothesis/frontend/app/node_modules/jsdom/lib/jsdom/browser/not-implemented.js:9:17)
    at /home/siegfriedneto/projects/servicedeskn1-fix-simulate-hypothesis/frontend/app/node_modules/jsdom/lib/jsdom/browser/Window.js:960:7
    at Object.fn (file:///home/siegfriedneto/projects/servicedeskn1-fix-simulate-hypothesis/frontend/app/node_modules/@tanstack/router-core/dist/esm/scroll-restoration.js:180:27)
    at RouterCore.emit (file:///home/siegfriedneto/projects/servicedeskn1-fix-simulate-hypothesis/frontend/app/node_modules/@tanstack/router-core/dist/esm/router.js:178:14)
    at file:///home/siegfriedneto/projects/servicedeskn1-fix-simulate-hypothesis/frontend/app/node_modules/@tanstack/react-router/dist/esm/Transitioner.js:46:25
    at settleOwner (file:///home/siegfriedneto/projects/servicedeskn1-fix-simulate-hypothesis/frontend/app/node_modules/@tanstack/react-router/dist/esm/Transitioner.js:10:10)
    at file:///home/siegfriedneto/projects/servicedeskn1-fix-simulate-hypothesis/frontend/app/node_modules/@tanstack/react-router/dist/esm/Matches.js:38:39
    at Object.react_stack_bottom_frame (/home/siegfriedneto/projects/servicedeskn1-fix-simulate-hypothesis/frontend/app/node_modules/react-dom/cjs/react-dom-client.development.js:25989:20)
    at runWithFiberInDEV (/home/siegfriedneto/projects/servicedeskn1-fix-simulate-hypothesis/frontend/app/node_modules/react-dom/cjs/react-dom-client.development.js:874:13)
    at commitHookEffectListMount (/home/siegfriedneto/projects/servicedeskn1-fix-simulate-hypothesis/frontend/app/node_modules/react-dom/cjs/react-dom-client.development.js:13249:29) undefined
Error: Not implemented: window.scrollTo
    at module.exports (/home/siegfriedneto/projects/servicedeskn1-fix-simulate-hypothesis/frontend/app/node_modules/jsdom/lib/jsdom/browser/not-implemented.js:9:17)
    at /home/siegfriedneto/projects/servicedeskn1-fix-simulate-hypothesis/frontend/app/node_modules/jsdom/lib/jsdom/browser/Window.js:960:7
    at Object.fn (file:///home/siegfriedneto/projects/servicedeskn1-fix-simulate-hypothesis/frontend/app/node_modules/@tanstack/router-core/dist/esm/scroll-restoration.js:180:27)
    at RouterCore.emit (file:///home/siegfriedneto/projects/servicedeskn1-fix-simulate-hypothesis/frontend/app/node_modules/@tanstack/router-core/dist/esm/router.js:178:14)
    at file:///home/siegfriedneto/projects/servicedeskn1-fix-simulate-hypothesis/frontend/app/node_modules/@tanstack/react-router/dist/esm/Transitioner.js:46:25
    at settleOwner (file:///home/siegfriedneto/projects/servicedeskn1-fix-simulate-hypothesis/frontend/app/node_modules/@tanstack/react-router/dist/esm/Transitioner.js:10:10)
    at file:///home/siegfriedneto/projects/servicedeskn1-fix-simulate-hypothesis/frontend/app/node_modules/@tanstack/react-router/dist/esm/Matches.js:38:39
    at Object.react_stack_bottom_frame (/home/siegfriedneto/projects/servicedeskn1-fix-simulate-hypothesis/frontend/app/node_modules/react-dom/cjs/react-dom-client.development.js:25989:20)
    at runWithFiberInDEV (/home/siegfriedneto/projects/servicedeskn1-fix-simulate-hypothesis/frontend/app/node_modules/react-dom/cjs/react-dom-client.development.js:874:13)
    at commitHookEffectListMount (/home/siegfriedneto/projects/servicedeskn1-fix-simulate-hypothesis/frontend/app/node_modules/react-dom/cjs/react-dom-client.development.js:13249:29) undefined
Error: Not implemented: window.scrollTo
    at module.exports (/home/siegfriedneto/projects/servicedeskn1-fix-simulate-hypothesis/frontend/app/node_modules/jsdom/lib/jsdom/browser/not-implemented.js:9:17)
    at /home/siegfriedneto/projects/servicedeskn1-fix-simulate-hypothesis/frontend/app/node_modules/jsdom/lib/jsdom/browser/Window.js:960:7
    at Object.fn (file:///home/siegfriedneto/projects/servicedeskn1-fix-simulate-hypothesis/frontend/app/node_modules/@tanstack/router-core/dist/esm/scroll-restoration.js:180:27)
    at RouterCore.emit (file:///home/siegfriedneto/projects/servicedeskn1-fix-simulate-hypothesis/frontend/app/node_modules/@tanstack/router-core/dist/esm/router.js:178:14)
    at file:///home/siegfriedneto/projects/servicedeskn1-fix-simulate-hypothesis/frontend/app/node_modules/@tanstack/react-router/dist/esm/Transitioner.js:46:25
    at settleOwner (file:///home/siegfriedneto/projects/servicedeskn1-fix-simulate-hypothesis/frontend/app/node_modules/@tanstack/react-router/dist/esm/Transitioner.js:10:10)
    at file:///home/siegfriedneto/projects/servicedeskn1-fix-simulate-hypothesis/frontend/app/node_modules/@tanstack/react-router/dist/esm/Matches.js:38:39
    at Object.react_stack_bottom_frame (/home/siegfriedneto/projects/servicedeskn1-fix-simulate-hypothesis/frontend/app/node_modules/react-dom/cjs/react-dom-client.development.js:25989:20)
    at runWithFiberInDEV (/home/siegfriedneto/projects/servicedeskn1-fix-simulate-hypothesis/frontend/app/node_modules/react-dom/cjs/react-dom-client.development.js:874:13)
    at commitHookEffectListMount (/home/siegfriedneto/projects/servicedeskn1-fix-simulate-hypothesis/frontend/app/node_modules/react-dom/cjs/react-dom-client.development.js:13249:29) undefined
Error: Not implemented: window.scrollTo
    at module.exports (/home/siegfriedneto/projects/servicedeskn1-fix-simulate-hypothesis/frontend/app/node_modules/jsdom/lib/jsdom/browser/not-implemented.js:9:17)
    at /home/siegfriedneto/projects/servicedeskn1-fix-simulate-hypothesis/frontend/app/node_modules/jsdom/lib/jsdom/browser/Window.js:960:7
    at Object.fn (file:///home/siegfriedneto/projects/servicedeskn1-fix-simulate-hypothesis/frontend/app/node_modules/@tanstack/router-core/dist/esm/scroll-restoration.js:180:27)
    at RouterCore.emit (file:///home/siegfriedneto/projects/servicedeskn1-fix-simulate-hypothesis/frontend/app/node_modules/@tanstack/router-core/dist/esm/router.js:178:14)
    at file:///home/siegfriedneto/projects/servicedeskn1-fix-simulate-hypothesis/frontend/app/node_modules/@tanstack/react-router/dist/esm/Transitioner.js:46:25
    at settleOwner (file:///home/siegfriedneto/projects/servicedeskn1-fix-simulate-hypothesis/frontend/app/node_modules/@tanstack/react-router/dist/esm/Transitioner.js:10:10)
    at file:///home/siegfriedneto/projects/servicedeskn1-fix-simulate-hypothesis/frontend/app/node_modules/@tanstack/react-router/dist/esm/Matches.js:38:39
    at Object.react_stack_bottom_frame (/home/siegfriedneto/projects/servicedeskn1-fix-simulate-hypothesis/frontend/app/node_modules/react-dom/cjs/react-dom-client.development.js:25989:20)
    at runWithFiberInDEV (/home/siegfriedneto/projects/servicedeskn1-fix-simulate-hypothesis/frontend/app/node_modules/react-dom/cjs/react-dom-client.development.js:874:13)
    at commitHookEffectListMount (/home/siegfriedneto/projects/servicedeskn1-fix-simulate-hypothesis/frontend/app/node_modules/react-dom/cjs/react-dom-client.development.js:13249:29) undefined
Error: Not implemented: window.scrollTo
    at module.exports (/home/siegfriedneto/projects/servicedeskn1-fix-simulate-hypothesis/frontend/app/node_modules/jsdom/lib/jsdom/browser/not-implemented.js:9:17)
    at /home/siegfriedneto/projects/servicedeskn1-fix-simulate-hypothesis/frontend/app/node_modules/jsdom/lib/jsdom/browser/Window.js:960:7
    at Object.fn (file:///home/siegfriedneto/projects/servicedeskn1-fix-simulate-hypothesis/frontend/app/node_modules/@tanstack/router-core/dist/esm/scroll-restoration.js:180:27)
    at RouterCore.emit (file:///home/siegfriedneto/projects/servicedeskn1-fix-simulate-hypothesis/frontend/app/node_modules/@tanstack/router-core/dist/esm/router.js:178:14)
    at file:///home/siegfriedneto/projects/servicedeskn1-fix-simulate-hypothesis/frontend/app/node_modules/@tanstack/react-router/dist/esm/Transitioner.js:46:25
    at settleOwner (file:///home/siegfriedneto/projects/servicedeskn1-fix-simulate-hypothesis/frontend/app/node_modules/@tanstack/react-router/dist/esm/Transitioner.js:10:10)
    at file:///home/siegfriedneto/projects/servicedeskn1-fix-simulate-hypothesis/frontend/app/node_modules/@tanstack/react-router/dist/esm/Matches.js:38:39
    at Object.react_stack_bottom_frame (/home/siegfriedneto/projects/servicedeskn1-fix-simulate-hypothesis/frontend/app/node_modules/react-dom/cjs/react-dom-client.development.js:25989:20)
    at runWithFiberInDEV (/home/siegfriedneto/projects/servicedeskn1-fix-simulate-hypothesis/frontend/app/node_modules/react-dom/cjs/react-dom-client.development.js:874:13)
    at commitHookEffectListMount (/home/siegfriedneto/projects/servicedeskn1-fix-simulate-hypothesis/frontend/app/node_modules/react-dom/cjs/react-dom-client.development.js:13249:29) undefined
Error: Not implemented: window.scrollTo
    at module.exports (/home/siegfriedneto/projects/servicedeskn1-fix-simulate-hypothesis/frontend/app/node_modules/jsdom/lib/jsdom/browser/not-implemented.js:9:17)
    at /home/siegfriedneto/projects/servicedeskn1-fix-simulate-hypothesis/frontend/app/node_modules/jsdom/lib/jsdom/browser/Window.js:960:7
    at Object.fn (file:///home/siegfriedneto/projects/servicedeskn1-fix-simulate-hypothesis/frontend/app/node_modules/@tanstack/router-core/dist/esm/scroll-restoration.js:180:27)
    at RouterCore.emit (file:///home/siegfriedneto/projects/servicedeskn1-fix-simulate-hypothesis/frontend/app/node_modules/@tanstack/router-core/dist/esm/router.js:178:14)
    at file:///home/siegfriedneto/projects/servicedeskn1-fix-simulate-hypothesis/frontend/app/node_modules/@tanstack/react-router/dist/esm/Transitioner.js:46:25
    at settleOwner (file:///home/siegfriedneto/projects/servicedeskn1-fix-simulate-hypothesis/frontend/app/node_modules/@tanstack/react-router/dist/esm/Transitioner.js:10:10)
    at file:///home/siegfriedneto/projects/servicedeskn1-fix-simulate-hypothesis/frontend/app/node_modules/@tanstack/react-router/dist/esm/Matches.js:38:39
    at Object.react_stack_bottom_frame (/home/siegfriedneto/projects/servicedeskn1-fix-simulate-hypothesis/frontend/app/node_modules/react-dom/cjs/react-dom-client.development.js:25989:20)
    at runWithFiberInDEV (/home/siegfriedneto/projects/servicedeskn1-fix-simulate-hypothesis/frontend/app/node_modules/react-dom/cjs/react-dom-client.development.js:874:13)
    at commitHookEffectListMount (/home/siegfriedneto/projects/servicedeskn1-fix-simulate-hypothesis/frontend/app/node_modules/react-dom/cjs/react-dom-client.development.js:13249:29) undefined
Error: Not implemented: window.scrollTo
    at module.exports (/home/siegfriedneto/projects/servicedeskn1-fix-simulate-hypothesis/frontend/app/node_modules/jsdom/lib/jsdom/browser/not-implemented.js:9:17)
    at /home/siegfriedneto/projects/servicedeskn1-fix-simulate-hypothesis/frontend/app/node_modules/jsdom/lib/jsdom/browser/Window.js:960:7
    at Object.fn (file:///home/siegfriedneto/projects/servicedeskn1-fix-simulate-hypothesis/frontend/app/node_modules/@tanstack/router-core/dist/esm/scroll-restoration.js:180:27)
    at RouterCore.emit (file:///home/siegfriedneto/projects/servicedeskn1-fix-simulate-hypothesis/frontend/app/node_modules/@tanstack/router-core/dist/esm/router.js:178:14)
    at file:///home/siegfriedneto/projects/servicedeskn1-fix-simulate-hypothesis/frontend/app/node_modules/@tanstack/react-router/dist/esm/Transitioner.js:46:25
    at settleOwner (file:///home/siegfriedneto/projects/servicedeskn1-fix-simulate-hypothesis/frontend/app/node_modules/@tanstack/react-router/dist/esm/Transitioner.js:10:10)
    at file:///home/siegfriedneto/projects/servicedeskn1-fix-simulate-hypothesis/frontend/app/node_modules/@tanstack/react-router/dist/esm/Matches.js:38:39
    at Object.react_stack_bottom_frame (/home/siegfriedneto/projects/servicedeskn1-fix-simulate-hypothesis/frontend/app/node_modules/react-dom/cjs/react-dom-client.development.js:25989:20)
    at runWithFiberInDEV (/home/siegfriedneto/projects/servicedeskn1-fix-simulate-hypothesis/frontend/app/node_modules/react-dom/cjs/react-dom-client.development.js:874:13)
    at commitHookEffectListMount (/home/siegfriedneto/projects/servicedeskn1-fix-simulate-hypothesis/frontend/app/node_modules/react-dom/cjs/react-dom-client.development.js:13249:29) undefined
Error: Not implemented: window.scrollTo
    at module.exports (/home/siegfriedneto/projects/servicedeskn1-fix-simulate-hypothesis/frontend/app/node_modules/jsdom/lib/jsdom/browser/not-implemented.js:9:17)
    at /home/siegfriedneto/projects/servicedeskn1-fix-simulate-hypothesis/frontend/app/node_modules/jsdom/lib/jsdom/browser/Window.js:960:7
    at Object.fn (file:///home/siegfriedneto/projects/servicedeskn1-fix-simulate-hypothesis/frontend/app/node_modules/@tanstack/router-core/dist/esm/scroll-restoration.js:180:27)
    at RouterCore.emit (file:///home/siegfriedneto/projects/servicedeskn1-fix-simulate-hypothesis/frontend/app/node_modules/@tanstack/router-core/dist/esm/router.js:178:14)
    at file:///home/siegfriedneto/projects/servicedeskn1-fix-simulate-hypothesis/frontend/app/node_modules/@tanstack/react-router/dist/esm/Transitioner.js:46:25
    at settleOwner (file:///home/siegfriedneto/projects/servicedeskn1-fix-simulate-hypothesis/frontend/app/node_modules/@tanstack/react-router/dist/esm/Transitioner.js:10:10)
    at file:///home/siegfriedneto/projects/servicedeskn1-fix-simulate-hypothesis/frontend/app/node_modules/@tanstack/react-router/dist/esm/Matches.js:38:39
    at Object.react_stack_bottom_frame (/home/siegfriedneto/projects/servicedeskn1-fix-simulate-hypothesis/frontend/app/node_modules/react-dom/cjs/react-dom-client.development.js:25989:20)
    at runWithFiberInDEV (/home/siegfriedneto/projects/servicedeskn1-fix-simulate-hypothesis/frontend/app/node_modules/react-dom/cjs/react-dom-client.development.js:874:13)
    at commitHookEffectListMount (/home/siegfriedneto/projects/servicedeskn1-fix-simulate-hypothesis/frontend/app/node_modules/react-dom/cjs/react-dom-client.development.js:13249:29) undefined
Error: Not implemented: window.scrollTo
    at module.exports (/home/siegfriedneto/projects/servicedeskn1-fix-simulate-hypothesis/frontend/app/node_modules/jsdom/lib/jsdom/browser/not-implemented.js:9:17)
    at /home/siegfriedneto/projects/servicedeskn1-fix-simulate-hypothesis/frontend/app/node_modules/jsdom/lib/jsdom/browser/Window.js:960:7
    at Object.fn (file:///home/siegfriedneto/projects/servicedeskn1-fix-simulate-hypothesis/frontend/app/node_modules/@tanstack/router-core/dist/esm/scroll-restoration.js:180:27)
    at RouterCore.emit (file:///home/siegfriedneto/projects/servicedeskn1-fix-simulate-hypothesis/frontend/app/node_modules/@tanstack/router-core/dist/esm/router.js:178:14)
    at file:///home/siegfriedneto/projects/servicedeskn1-fix-simulate-hypothesis/frontend/app/node_modules/@tanstack/react-router/dist/esm/Transitioner.js:46:25
    at settleOwner (file:///home/siegfriedneto/projects/servicedeskn1-fix-simulate-hypothesis/frontend/app/node_modules/@tanstack/react-router/dist/esm/Transitioner.js:10:10)
    at file:///home/siegfriedneto/projects/servicedeskn1-fix-simulate-hypothesis/frontend/app/node_modules/@tanstack/react-router/dist/esm/Matches.js:38:39
    at Object.react_stack_bottom_frame (/home/siegfriedneto/projects/servicedeskn1-fix-simulate-hypothesis/frontend/app/node_modules/react-dom/cjs/react-dom-client.development.js:25989:20)
    at runWithFiberInDEV (/home/siegfriedneto/projects/servicedeskn1-fix-simulate-hypothesis/frontend/app/node_modules/react-dom/cjs/react-dom-client.development.js:874:13)
    at commitHookEffectListMount (/home/siegfriedneto/projects/servicedeskn1-fix-simulate-hypothesis/frontend/app/node_modules/react-dom/cjs/react-dom-client.development.js:13249:29) undefined
Error: Not implemented: window.scrollTo
    at module.exports (/home/siegfriedneto/projects/servicedeskn1-fix-simulate-hypothesis/frontend/app/node_modules/jsdom/lib/jsdom/browser/not-implemented.js:9:17)
    at /home/siegfriedneto/projects/servicedeskn1-fix-simulate-hypothesis/frontend/app/node_modules/jsdom/lib/jsdom/browser/Window.js:960:7
    at Object.fn (file:///home/siegfriedneto/projects/servicedeskn1-fix-simulate-hypothesis/frontend/app/node_modules/@tanstack/router-core/dist/esm/scroll-restoration.js:180:27)
    at RouterCore.emit (file:///home/siegfriedneto/projects/servicedeskn1-fix-simulate-hypothesis/frontend/app/node_modules/@tanstack/router-core/dist/esm/router.js:178:14)
    at file:///home/siegfriedneto/projects/servicedeskn1-fix-simulate-hypothesis/frontend/app/node_modules/@tanstack/react-router/dist/esm/Transitioner.js:46:25
    at settleOwner (file:///home/siegfriedneto/projects/servicedeskn1-fix-simulate-hypothesis/frontend/app/node_modules/@tanstack/react-router/dist/esm/Transitioner.js:10:10)
    at file:///home/siegfriedneto/projects/servicedeskn1-fix-simulate-hypothesis/frontend/app/node_modules/@tanstack/react-router/dist/esm/Matches.js:38:39
    at Object.react_stack_bottom_frame (/home/siegfriedneto/projects/servicedeskn1-fix-simulate-hypothesis/frontend/app/node_modules/react-dom/cjs/react-dom-client.development.js:25989:20)
    at runWithFiberInDEV (/home/siegfriedneto/projects/servicedeskn1-fix-simulate-hypothesis/frontend/app/node_modules/react-dom/cjs/react-dom-client.development.js:874:13)
    at commitHookEffectListMount (/home/siegfriedneto/projects/servicedeskn1-fix-simulate-hypothesis/frontend/app/node_modules/react-dom/cjs/react-dom-client.development.js:13249:29) undefined
Error: Not implemented: window.scrollTo
    at module.exports (/home/siegfriedneto/projects/servicedeskn1-fix-simulate-hypothesis/frontend/app/node_modules/jsdom/lib/jsdom/browser/not-implemented.js:9:17)
    at /home/siegfriedneto/projects/servicedeskn1-fix-simulate-hypothesis/frontend/app/node_modules/jsdom/lib/jsdom/browser/Window.js:960:7
    at Object.fn (file:///home/siegfriedneto/projects/servicedeskn1-fix-simulate-hypothesis/frontend/app/node_modules/@tanstack/router-core/dist/esm/scroll-restoration.js:180:27)
    at RouterCore.emit (file:///home/siegfriedneto/projects/servicedeskn1-fix-simulate-hypothesis/frontend/app/node_modules/@tanstack/router-core/dist/esm/router.js:178:14)
    at file:///home/siegfriedneto/projects/servicedeskn1-fix-simulate-hypothesis/frontend/app/node_modules/@tanstack/react-router/dist/esm/Transitioner.js:46:25
    at settleOwner (file:///home/siegfriedneto/projects/servicedeskn1-fix-simulate-hypothesis/frontend/app/node_modules/@tanstack/react-router/dist/esm/Transitioner.js:10:10)
    at file:///home/siegfriedneto/projects/servicedeskn1-fix-simulate-hypothesis/frontend/app/node_modules/@tanstack/react-router/dist/esm/Matches.js:38:39
    at Object.react_stack_bottom_frame (/home/siegfriedneto/projects/servicedeskn1-fix-simulate-hypothesis/frontend/app/node_modules/react-dom/cjs/react-dom-client.development.js:25989:20)
    at runWithFiberInDEV (/home/siegfriedneto/projects/servicedeskn1-fix-simulate-hypothesis/frontend/app/node_modules/react-dom/cjs/react-dom-client.development.js:874:13)
    at commitHookEffectListMount (/home/siegfriedneto/projects/servicedeskn1-fix-simulate-hypothesis/frontend/app/node_modules/react-dom/cjs/react-dom-client.development.js:13249:29) undefined
Error: Not implemented: window.scrollTo
    at module.exports (/home/siegfriedneto/projects/servicedeskn1-fix-simulate-hypothesis/frontend/app/node_modules/jsdom/lib/jsdom/browser/not-implemented.js:9:17)
    at /home/siegfriedneto/projects/servicedeskn1-fix-simulate-hypothesis/frontend/app/node_modules/jsdom/lib/jsdom/browser/Window.js:960:7
    at Object.fn (file:///home/siegfriedneto/projects/servicedeskn1-fix-simulate-hypothesis/frontend/app/node_modules/@tanstack/router-core/dist/esm/scroll-restoration.js:180:27)
    at RouterCore.emit (file:///home/siegfriedneto/projects/servicedeskn1-fix-simulate-hypothesis/frontend/app/node_modules/@tanstack/router-core/dist/esm/router.js:178:14)
    at file:///home/siegfriedneto/projects/servicedeskn1-fix-simulate-hypothesis/frontend/app/node_modules/@tanstack/react-router/dist/esm/Transitioner.js:46:25
    at settleOwner (file:///home/siegfriedneto/projects/servicedeskn1-fix-simulate-hypothesis/frontend/app/node_modules/@tanstack/react-router/dist/esm/Transitioner.js:10:10)
    at file:///home/siegfriedneto/projects/servicedeskn1-fix-simulate-hypothesis/frontend/app/node_modules/@tanstack/react-router/dist/esm/Matches.js:38:39
    at Object.react_stack_bottom_frame (/home/siegfriedneto/projects/servicedeskn1-fix-simulate-hypothesis/frontend/app/node_modules/react-dom/cjs/react-dom-client.development.js:25989:20)
    at runWithFiberInDEV (/home/siegfriedneto/projects/servicedeskn1-fix-simulate-hypothesis/frontend/app/node_modules/react-dom/cjs/react-dom-client.development.js:874:13)
    at commitHookEffectListMount (/home/siegfriedneto/projects/servicedeskn1-fix-simulate-hypothesis/frontend/app/node_modules/react-dom/cjs/react-dom-client.development.js:13249:29) undefined
Error: Not implemented: window.scrollTo
    at module.exports (/home/siegfriedneto/projects/servicedeskn1-fix-simulate-hypothesis/frontend/app/node_modules/jsdom/lib/jsdom/browser/not-implemented.js:9:17)
    at /home/siegfriedneto/projects/servicedeskn1-fix-simulate-hypothesis/frontend/app/node_modules/jsdom/lib/jsdom/browser/Window.js:960:7
    at Object.fn (file:///home/siegfriedneto/projects/servicedeskn1-fix-simulate-hypothesis/frontend/app/node_modules/@tanstack/router-core/dist/esm/scroll-restoration.js:180:27)
    at RouterCore.emit (file:///home/siegfriedneto/projects/servicedeskn1-fix-simulate-hypothesis/frontend/app/node_modules/@tanstack/router-core/dist/esm/router.js:178:14)
    at file:///home/siegfriedneto/projects/servicedeskn1-fix-simulate-hypothesis/frontend/app/node_modules/@tanstack/react-router/dist/esm/Transitioner.js:46:25
    at settleOwner (file:///home/siegfriedneto/projects/servicedeskn1-fix-simulate-hypothesis/frontend/app/node_modules/@tanstack/react-router/dist/esm/Transitioner.js:10:10)
    at file:///home/siegfriedneto/projects/servicedeskn1-fix-simulate-hypothesis/frontend/app/node_modules/@tanstack/react-router/dist/esm/Matches.js:38:39
    at Object.react_stack_bottom_frame (/home/siegfriedneto/projects/servicedeskn1-fix-simulate-hypothesis/frontend/app/node_modules/react-dom/cjs/react-dom-client.development.js:25989:20)
    at runWithFiberInDEV (/home/siegfriedneto/projects/servicedeskn1-fix-simulate-hypothesis/frontend/app/node_modules/react-dom/cjs/react-dom-client.development.js:874:13)
    at commitHookEffectListMount (/home/siegfriedneto/projects/servicedeskn1-fix-simulate-hypothesis/frontend/app/node_modules/react-dom/cjs/react-dom-client.development.js:13249:29) undefined
Error: Not implemented: window.scrollTo
    at module.exports (/home/siegfriedneto/projects/servicedeskn1-fix-simulate-hypothesis/frontend/app/node_modules/jsdom/lib/jsdom/browser/not-implemented.js:9:17)
    at /home/siegfriedneto/projects/servicedeskn1-fix-simulate-hypothesis/frontend/app/node_modules/jsdom/lib/jsdom/browser/Window.js:960:7
    at Object.fn (file:///home/siegfriedneto/projects/servicedeskn1-fix-simulate-hypothesis/frontend/app/node_modules/@tanstack/router-core/dist/esm/scroll-restoration.js:180:27)
    at RouterCore.emit (file:///home/siegfriedneto/projects/servicedeskn1-fix-simulate-hypothesis/frontend/app/node_modules/@tanstack/router-core/dist/esm/router.js:178:14)
    at file:///home/siegfriedneto/projects/servicedeskn1-fix-simulate-hypothesis/frontend/app/node_modules/@tanstack/react-router/dist/esm/Transitioner.js:46:25
    at settleOwner (file:///home/siegfriedneto/projects/servicedeskn1-fix-simulate-hypothesis/frontend/app/node_modules/@tanstack/react-router/dist/esm/Transitioner.js:10:10)
    at file:///home/siegfriedneto/projects/servicedeskn1-fix-simulate-hypothesis/frontend/app/node_modules/@tanstack/react-router/dist/esm/Matches.js:38:39
    at Object.react_stack_bottom_frame (/home/siegfriedneto/projects/servicedeskn1-fix-simulate-hypothesis/frontend/app/node_modules/react-dom/cjs/react-dom-client.development.js:25989:20)
    at runWithFiberInDEV (/home/siegfriedneto/projects/servicedeskn1-fix-simulate-hypothesis/frontend/app/node_modules/react-dom/cjs/react-dom-client.development.js:874:13)
    at commitHookEffectListMount (/home/siegfriedneto/projects/servicedeskn1-fix-simulate-hypothesis/frontend/app/node_modules/react-dom/cjs/react-dom-client.development.js:13249:29) undefined
Error: Not implemented: window.scrollTo
    at module.exports (/home/siegfriedneto/projects/servicedeskn1-fix-simulate-hypothesis/frontend/app/node_modules/jsdom/lib/jsdom/browser/not-implemented.js:9:17)
    at /home/siegfriedneto/projects/servicedeskn1-fix-simulate-hypothesis/frontend/app/node_modules/jsdom/lib/jsdom/browser/Window.js:960:7
    at Object.fn (file:///home/siegfriedneto/projects/servicedeskn1-fix-simulate-hypothesis/frontend/app/node_modules/@tanstack/router-core/dist/esm/scroll-restoration.js:180:27)
    at RouterCore.emit (file:///home/siegfriedneto/projects/servicedeskn1-fix-simulate-hypothesis/frontend/app/node_modules/@tanstack/router-core/dist/esm/router.js:178:14)
    at file:///home/siegfriedneto/projects/servicedeskn1-fix-simulate-hypothesis/frontend/app/node_modules/@tanstack/react-router/dist/esm/Transitioner.js:46:25
    at settleOwner (file:///home/siegfriedneto/projects/servicedeskn1-fix-simulate-hypothesis/frontend/app/node_modules/@tanstack/react-router/dist/esm/Transitioner.js:10:10)
    at file:///home/siegfriedneto/projects/servicedeskn1-fix-simulate-hypothesis/frontend/app/node_modules/@tanstack/react-router/dist/esm/Matches.js:38:39
    at Object.react_stack_bottom_frame (/home/siegfriedneto/projects/servicedeskn1-fix-simulate-hypothesis/frontend/app/node_modules/react-dom/cjs/react-dom-client.development.js:25989:20)
    at runWithFiberInDEV (/home/siegfriedneto/projects/servicedeskn1-fix-simulate-hypothesis/frontend/app/node_modules/react-dom/cjs/react-dom-client.development.js:874:13)
    at commitHookEffectListMount (/home/siegfriedneto/projects/servicedeskn1-fix-simulate-hypothesis/frontend/app/node_modules/react-dom/cjs/react-dom-client.development.js:13249:29) undefined
Error: Not implemented: window.scrollTo
    at module.exports (/home/siegfriedneto/projects/servicedeskn1-fix-simulate-hypothesis/frontend/app/node_modules/jsdom/lib/jsdom/browser/not-implemented.js:9:17)
    at /home/siegfriedneto/projects/servicedeskn1-fix-simulate-hypothesis/frontend/app/node_modules/jsdom/lib/jsdom/browser/Window.js:960:7
    at Object.fn (file:///home/siegfriedneto/projects/servicedeskn1-fix-simulate-hypothesis/frontend/app/node_modules/@tanstack/router-core/dist/esm/scroll-restoration.js:180:27)
    at RouterCore.emit (file:///home/siegfriedneto/projects/servicedeskn1-fix-simulate-hypothesis/frontend/app/node_modules/@tanstack/router-core/dist/esm/router.js:178:14)
    at file:///home/siegfriedneto/projects/servicedeskn1-fix-simulate-hypothesis/frontend/app/node_modules/@tanstack/react-router/dist/esm/Transitioner.js:46:25
    at settleOwner (file:///home/siegfriedneto/projects/servicedeskn1-fix-simulate-hypothesis/frontend/app/node_modules/@tanstack/react-router/dist/esm/Transitioner.js:10:10)
    at file:///home/siegfriedneto/projects/servicedeskn1-fix-simulate-hypothesis/frontend/app/node_modules/@tanstack/react-router/dist/esm/Matches.js:38:39
    at Object.react_stack_bottom_frame (/home/siegfriedneto/projects/servicedeskn1-fix-simulate-hypothesis/frontend/app/node_modules/react-dom/cjs/react-dom-client.development.js:25989:20)
    at runWithFiberInDEV (/home/siegfriedneto/projects/servicedeskn1-fix-simulate-hypothesis/frontend/app/node_modules/react-dom/cjs/react-dom-client.development.js:874:13)
    at commitHookEffectListMount (/home/siegfriedneto/projects/servicedeskn1-fix-simulate-hypothesis/frontend/app/node_modules/react-dom/cjs/react-dom-client.development.js:13249:29) undefined
Error: Not implemented: window.scrollTo
    at module.exports (/home/siegfriedneto/projects/servicedeskn1-fix-simulate-hypothesis/frontend/app/node_modules/jsdom/lib/jsdom/browser/not-implemented.js:9:17)
    at /home/siegfriedneto/projects/servicedeskn1-fix-simulate-hypothesis/frontend/app/node_modules/jsdom/lib/jsdom/browser/Window.js:960:7
    at Object.fn (file:///home/siegfriedneto/projects/servicedeskn1-fix-simulate-hypothesis/frontend/app/node_modules/@tanstack/router-core/dist/esm/scroll-restoration.js:180:27)
    at RouterCore.emit (file:///home/siegfriedneto/projects/servicedeskn1-fix-simulate-hypothesis/frontend/app/node_modules/@tanstack/router-core/dist/esm/router.js:178:14)
    at file:///home/siegfriedneto/projects/servicedeskn1-fix-simulate-hypothesis/frontend/app/node_modules/@tanstack/react-router/dist/esm/Transitioner.js:46:25
    at settleOwner (file:///home/siegfriedneto/projects/servicedeskn1-fix-simulate-hypothesis/frontend/app/node_modules/@tanstack/react-router/dist/esm/Transitioner.js:10:10)
    at file:///home/siegfriedneto/projects/servicedeskn1-fix-simulate-hypothesis/frontend/app/node_modules/@tanstack/react-router/dist/esm/Matches.js:38:39
    at Object.react_stack_bottom_frame (/home/siegfriedneto/projects/servicedeskn1-fix-simulate-hypothesis/frontend/app/node_modules/react-dom/cjs/react-dom-client.development.js:25989:20)
    at runWithFiberInDEV (/home/siegfriedneto/projects/servicedeskn1-fix-simulate-hypothesis/frontend/app/node_modules/react-dom/cjs/react-dom-client.development.js:874:13)
    at commitHookEffectListMount (/home/siegfriedneto/projects/servicedeskn1-fix-simulate-hypothesis/frontend/app/node_modules/react-dom/cjs/react-dom-client.development.js:13249:29) undefined
Error: Not implemented: window.scrollTo
    at module.exports (/home/siegfriedneto/projects/servicedeskn1-fix-simulate-hypothesis/frontend/app/node_modules/jsdom/lib/jsdom/browser/not-implemented.js:9:17)
    at /home/siegfriedneto/projects/servicedeskn1-fix-simulate-hypothesis/frontend/app/node_modules/jsdom/lib/jsdom/browser/Window.js:960:7
    at Object.fn (file:///home/siegfriedneto/projects/servicedeskn1-fix-simulate-hypothesis/frontend/app/node_modules/@tanstack/router-core/dist/esm/scroll-restoration.js:180:27)
    at RouterCore.emit (file:///home/siegfriedneto/projects/servicedeskn1-fix-simulate-hypothesis/frontend/app/node_modules/@tanstack/router-core/dist/esm/router.js:178:14)
    at file:///home/siegfriedneto/projects/servicedeskn1-fix-simulate-hypothesis/frontend/app/node_modules/@tanstack/react-router/dist/esm/Transitioner.js:46:25
    at settleOwner (file:///home/siegfriedneto/projects/servicedeskn1-fix-simulate-hypothesis/frontend/app/node_modules/@tanstack/react-router/dist/esm/Transitioner.js:10:10)
    at file:///home/siegfriedneto/projects/servicedeskn1-fix-simulate-hypothesis/frontend/app/node_modules/@tanstack/react-router/dist/esm/Matches.js:38:39
    at Object.react_stack_bottom_frame (/home/siegfriedneto/projects/servicedeskn1-fix-simulate-hypothesis/frontend/app/node_modules/react-dom/cjs/react-dom-client.development.js:25989:20)
    at runWithFiberInDEV (/home/siegfriedneto/projects/servicedeskn1-fix-simulate-hypothesis/frontend/app/node_modules/react-dom/cjs/react-dom-client.development.js:874:13)
    at commitHookEffectListMount (/home/siegfriedneto/projects/servicedeskn1-fix-simulate-hypothesis/frontend/app/node_modules/react-dom/cjs/react-dom-client.development.js:13249:29) undefined
Error: Not implemented: window.scrollTo
    at module.exports (/home/siegfriedneto/projects/servicedeskn1-fix-simulate-hypothesis/frontend/app/node_modules/jsdom/lib/jsdom/browser/not-implemented.js:9:17)
    at /home/siegfriedneto/projects/servicedeskn1-fix-simulate-hypothesis/frontend/app/node_modules/jsdom/lib/jsdom/browser/Window.js:960:7
    at Object.fn (file:///home/siegfriedneto/projects/servicedeskn1-fix-simulate-hypothesis/frontend/app/node_modules/@tanstack/router-core/dist/esm/scroll-restoration.js:180:27)
    at RouterCore.emit (file:///home/siegfriedneto/projects/servicedeskn1-fix-simulate-hypothesis/frontend/app/node_modules/@tanstack/router-core/dist/esm/router.js:178:14)
    at file:///home/siegfriedneto/projects/servicedeskn1-fix-simulate-hypothesis/frontend/app/node_modules/@tanstack/react-router/dist/esm/Transitioner.js:46:25
    at settleOwner (file:///home/siegfriedneto/projects/servicedeskn1-fix-simulate-hypothesis/frontend/app/node_modules/@tanstack/react-router/dist/esm/Transitioner.js:10:10)
    at file:///home/siegfriedneto/projects/servicedeskn1-fix-simulate-hypothesis/frontend/app/node_modules/@tanstack/react-router/dist/esm/Matches.js:38:39
    at Object.react_stack_bottom_frame (/home/siegfriedneto/projects/servicedeskn1-fix-simulate-hypothesis/frontend/app/node_modules/react-dom/cjs/react-dom-client.development.js:25989:20)
    at runWithFiberInDEV (/home/siegfriedneto/projects/servicedeskn1-fix-simulate-hypothesis/frontend/app/node_modules/react-dom/cjs/react-dom-client.development.js:874:13)
    at commitHookEffectListMount (/home/siegfriedneto/projects/servicedeskn1-fix-simulate-hypothesis/frontend/app/node_modules/react-dom/cjs/react-dom-client.development.js:13249:29) undefined
Error: Not implemented: window.scrollTo
    at module.exports (/home/siegfriedneto/projects/servicedeskn1-fix-simulate-hypothesis/frontend/app/node_modules/jsdom/lib/jsdom/browser/not-implemented.js:9:17)
    at /home/siegfriedneto/projects/servicedeskn1-fix-simulate-hypothesis/frontend/app/node_modules/jsdom/lib/jsdom/browser/Window.js:960:7
    at Object.fn (file:///home/siegfriedneto/projects/servicedeskn1-fix-simulate-hypothesis/frontend/app/node_modules/@tanstack/router-core/dist/esm/scroll-restoration.js:180:27)
    at RouterCore.emit (file:///home/siegfriedneto/projects/servicedeskn1-fix-simulate-hypothesis/frontend/app/node_modules/@tanstack/router-core/dist/esm/router.js:178:14)
    at file:///home/siegfriedneto/projects/servicedeskn1-fix-simulate-hypothesis/frontend/app/node_modules/@tanstack/react-router/dist/esm/Transitioner.js:46:25
    at settleOwner (file:///home/siegfriedneto/projects/servicedeskn1-fix-simulate-hypothesis/frontend/app/node_modules/@tanstack/react-router/dist/esm/Transitioner.js:10:10)
    at file:///home/siegfriedneto/projects/servicedeskn1-fix-simulate-hypothesis/frontend/app/node_modules/@tanstack/react-router/dist/esm/Matches.js:38:39
    at Object.react_stack_bottom_frame (/home/siegfriedneto/projects/servicedeskn1-fix-simulate-hypothesis/frontend/app/node_modules/react-dom/cjs/react-dom-client.development.js:25989:20)
    at runWithFiberInDEV (/home/siegfriedneto/projects/servicedeskn1-fix-simulate-hypothesis/frontend/app/node_modules/react-dom/cjs/react-dom-client.development.js:874:13)
    at commitHookEffectListMount (/home/siegfriedneto/projects/servicedeskn1-fix-simulate-hypothesis/frontend/app/node_modules/react-dom/cjs/react-dom-client.development.js:13249:29) undefined
Error: Not implemented: window.scrollTo
    at module.exports (/home/siegfriedneto/projects/servicedeskn1-fix-simulate-hypothesis/frontend/app/node_modules/jsdom/lib/jsdom/browser/not-implemented.js:9:17)
    at /home/siegfriedneto/projects/servicedeskn1-fix-simulate-hypothesis/frontend/app/node_modules/jsdom/lib/jsdom/browser/Window.js:960:7
    at Object.fn (file:///home/siegfriedneto/projects/servicedeskn1-fix-simulate-hypothesis/frontend/app/node_modules/@tanstack/router-core/dist/esm/scroll-restoration.js:180:27)
    at RouterCore.emit (file:///home/siegfriedneto/projects/servicedeskn1-fix-simulate-hypothesis/frontend/app/node_modules/@tanstack/router-core/dist/esm/router.js:178:14)
    at file:///home/siegfriedneto/projects/servicedeskn1-fix-simulate-hypothesis/frontend/app/node_modules/@tanstack/react-router/dist/esm/Transitioner.js:46:25
    at settleOwner (file:///home/siegfriedneto/projects/servicedeskn1-fix-simulate-hypothesis/frontend/app/node_modules/@tanstack/react-router/dist/esm/Transitioner.js:10:10)
    at file:///home/siegfriedneto/projects/servicedeskn1-fix-simulate-hypothesis/frontend/app/node_modules/@tanstack/react-router/dist/esm/Matches.js:38:39
    at Object.react_stack_bottom_frame (/home/siegfriedneto/projects/servicedeskn1-fix-simulate-hypothesis/frontend/app/node_modules/react-dom/cjs/react-dom-client.development.js:25989:20)
    at runWithFiberInDEV (/home/siegfriedneto/projects/servicedeskn1-fix-simulate-hypothesis/frontend/app/node_modules/react-dom/cjs/react-dom-client.development.js:874:13)
    at commitHookEffectListMount (/home/siegfriedneto/projects/servicedeskn1-fix-simulate-hypothesis/frontend/app/node_modules/react-dom/cjs/react-dom-client.development.js:13249:29) undefined
Error: Not implemented: window.scrollTo
    at module.exports (/home/siegfriedneto/projects/servicedeskn1-fix-simulate-hypothesis/frontend/app/node_modules/jsdom/lib/jsdom/browser/not-implemented.js:9:17)
    at /home/siegfriedneto/projects/servicedeskn1-fix-simulate-hypothesis/frontend/app/node_modules/jsdom/lib/jsdom/browser/Window.js:960:7
    at Object.fn (file:///home/siegfriedneto/projects/servicedeskn1-fix-simulate-hypothesis/frontend/app/node_modules/@tanstack/router-core/dist/esm/scroll-restoration.js:180:27)
    at RouterCore.emit (file:///home/siegfriedneto/projects/servicedeskn1-fix-simulate-hypothesis/frontend/app/node_modules/@tanstack/router-core/dist/esm/router.js:178:14)
    at file:///home/siegfriedneto/projects/servicedeskn1-fix-simulate-hypothesis/frontend/app/node_modules/@tanstack/react-router/dist/esm/Transitioner.js:46:25
    at settleOwner (file:///home/siegfriedneto/projects/servicedeskn1-fix-simulate-hypothesis/frontend/app/node_modules/@tanstack/react-router/dist/esm/Transitioner.js:10:10)
    at file:///home/siegfriedneto/projects/servicedeskn1-fix-simulate-hypothesis/frontend/app/node_modules/@tanstack/react-router/dist/esm/Matches.js:38:39
    at Object.react_stack_bottom_frame (/home/siegfriedneto/projects/servicedeskn1-fix-simulate-hypothesis/frontend/app/node_modules/react-dom/cjs/react-dom-client.development.js:25989:20)
    at runWithFiberInDEV (/home/siegfriedneto/projects/servicedeskn1-fix-simulate-hypothesis/frontend/app/node_modules/react-dom/cjs/react-dom-client.development.js:874:13)
    at commitHookEffectListMount (/home/siegfriedneto/projects/servicedeskn1-fix-simulate-hypothesis/frontend/app/node_modules/react-dom/cjs/react-dom-client.development.js:13249:29) undefined
Error: Not implemented: window.scrollTo
    at module.exports (/home/siegfriedneto/projects/servicedeskn1-fix-simulate-hypothesis/frontend/app/node_modules/jsdom/lib/jsdom/browser/not-implemented.js:9:17)
    at /home/siegfriedneto/projects/servicedeskn1-fix-simulate-hypothesis/frontend/app/node_modules/jsdom/lib/jsdom/browser/Window.js:960:7
    at Object.fn (file:///home/siegfriedneto/projects/servicedeskn1-fix-simulate-hypothesis/frontend/app/node_modules/@tanstack/router-core/dist/esm/scroll-restoration.js:180:27)
    at RouterCore.emit (file:///home/siegfriedneto/projects/servicedeskn1-fix-simulate-hypothesis/frontend/app/node_modules/@tanstack/router-core/dist/esm/router.js:178:14)
    at file:///home/siegfriedneto/projects/servicedeskn1-fix-simulate-hypothesis/frontend/app/node_modules/@tanstack/react-router/dist/esm/Transitioner.js:46:25
    at settleOwner (file:///home/siegfriedneto/projects/servicedeskn1-fix-simulate-hypothesis/frontend/app/node_modules/@tanstack/react-router/dist/esm/Transitioner.js:10:10)
    at file:///home/siegfriedneto/projects/servicedeskn1-fix-simulate-hypothesis/frontend/app/node_modules/@tanstack/react-router/dist/esm/Matches.js:38:39
    at Object.react_stack_bottom_frame (/home/siegfriedneto/projects/servicedeskn1-fix-simulate-hypothesis/frontend/app/node_modules/react-dom/cjs/react-dom-client.development.js:25989:20)
    at runWithFiberInDEV (/home/siegfriedneto/projects/servicedeskn1-fix-simulate-hypothesis/frontend/app/node_modules/react-dom/cjs/react-dom-client.development.js:874:13)
    at commitHookEffectListMount (/home/siegfriedneto/projects/servicedeskn1-fix-simulate-hypothesis/frontend/app/node_modules/react-dom/cjs/react-dom-client.development.js:13249:29) undefined
Error: Not implemented: window.scrollTo
    at module.exports (/home/siegfriedneto/projects/servicedeskn1-fix-simulate-hypothesis/frontend/app/node_modules/jsdom/lib/jsdom/browser/not-implemented.js:9:17)
    at /home/siegfriedneto/projects/servicedeskn1-fix-simulate-hypothesis/frontend/app/node_modules/jsdom/lib/jsdom/browser/Window.js:960:7
    at Object.fn (file:///home/siegfriedneto/projects/servicedeskn1-fix-simulate-hypothesis/frontend/app/node_modules/@tanstack/router-core/dist/esm/scroll-restoration.js:180:27)
    at RouterCore.emit (file:///home/siegfriedneto/projects/servicedeskn1-fix-simulate-hypothesis/frontend/app/node_modules/@tanstack/router-core/dist/esm/router.js:178:14)
    at file:///home/siegfriedneto/projects/servicedeskn1-fix-simulate-hypothesis/frontend/app/node_modules/@tanstack/react-router/dist/esm/Transitioner.js:46:25
    at settleOwner (file:///home/siegfriedneto/projects/servicedeskn1-fix-simulate-hypothesis/frontend/app/node_modules/@tanstack/react-router/dist/esm/Transitioner.js:10:10)
    at file:///home/siegfriedneto/projects/servicedeskn1-fix-simulate-hypothesis/frontend/app/node_modules/@tanstack/react-router/dist/esm/Matches.js:38:39
    at Object.react_stack_bottom_frame (/home/siegfriedneto/projects/servicedeskn1-fix-simulate-hypothesis/frontend/app/node_modules/react-dom/cjs/react-dom-client.development.js:25989:20)
    at runWithFiberInDEV (/home/siegfriedneto/projects/servicedeskn1-fix-simulate-hypothesis/frontend/app/node_modules/react-dom/cjs/react-dom-client.development.js:874:13)
    at commitHookEffectListMount (/home/siegfriedneto/projects/servicedeskn1-fix-simulate-hypothesis/frontend/app/node_modules/react-dom/cjs/react-dom-client.development.js:13249:29) undefined
Error: Not implemented: window.scrollTo
    at module.exports (/home/siegfriedneto/projects/servicedeskn1-fix-simulate-hypothesis/frontend/app/node_modules/jsdom/lib/jsdom/browser/not-implemented.js:9:17)
    at /home/siegfriedneto/projects/servicedeskn1-fix-simulate-hypothesis/frontend/app/node_modules/jsdom/lib/jsdom/browser/Window.js:960:7
    at Object.fn (file:///home/siegfriedneto/projects/servicedeskn1-fix-simulate-hypothesis/frontend/app/node_modules/@tanstack/router-core/dist/esm/scroll-restoration.js:180:27)
    at RouterCore.emit (file:///home/siegfriedneto/projects/servicedeskn1-fix-simulate-hypothesis/frontend/app/node_modules/@tanstack/router-core/dist/esm/router.js:178:14)
    at file:///home/siegfriedneto/projects/servicedeskn1-fix-simulate-hypothesis/frontend/app/node_modules/@tanstack/react-router/dist/esm/Transitioner.js:46:25
    at settleOwner (file:///home/siegfriedneto/projects/servicedeskn1-fix-simulate-hypothesis/frontend/app/node_modules/@tanstack/react-router/dist/esm/Transitioner.js:10:10)
    at file:///home/siegfriedneto/projects/servicedeskn1-fix-simulate-hypothesis/frontend/app/node_modules/@tanstack/react-router/dist/esm/Matches.js:38:39
    at Object.react_stack_bottom_frame (/home/siegfriedneto/projects/servicedeskn1-fix-simulate-hypothesis/frontend/app/node_modules/react-dom/cjs/react-dom-client.development.js:25989:20)
    at runWithFiberInDEV (/home/siegfriedneto/projects/servicedeskn1-fix-simulate-hypothesis/frontend/app/node_modules/react-dom/cjs/react-dom-client.development.js:874:13)
    at commitHookEffectListMount (/home/siegfriedneto/projects/servicedeskn1-fix-simulate-hypothesis/frontend/app/node_modules/react-dom/cjs/react-dom-client.development.js:13249:29) undefined
Error: Not implemented: window.scrollTo
    at module.exports (/home/siegfriedneto/projects/servicedeskn1-fix-simulate-hypothesis/frontend/app/node_modules/jsdom/lib/jsdom/browser/not-implemented.js:9:17)
    at /home/siegfriedneto/projects/servicedeskn1-fix-simulate-hypothesis/frontend/app/node_modules/jsdom/lib/jsdom/browser/Window.js:960:7
    at Object.fn (file:///home/siegfriedneto/projects/servicedeskn1-fix-simulate-hypothesis/frontend/app/node_modules/@tanstack/router-core/dist/esm/scroll-restoration.js:180:27)
    at RouterCore.emit (file:///home/siegfriedneto/projects/servicedeskn1-fix-simulate-hypothesis/frontend/app/node_modules/@tanstack/router-core/dist/esm/router.js:178:14)
    at file:///home/siegfriedneto/projects/servicedeskn1-fix-simulate-hypothesis/frontend/app/node_modules/@tanstack/react-router/dist/esm/Transitioner.js:46:25
    at settleOwner (file:///home/siegfriedneto/projects/servicedeskn1-fix-simulate-hypothesis/frontend/app/node_modules/@tanstack/react-router/dist/esm/Transitioner.js:10:10)
    at file:///home/siegfriedneto/projects/servicedeskn1-fix-simulate-hypothesis/frontend/app/node_modules/@tanstack/react-router/dist/esm/Matches.js:38:39
    at Object.react_stack_bottom_frame (/home/siegfriedneto/projects/servicedeskn1-fix-simulate-hypothesis/frontend/app/node_modules/react-dom/cjs/react-dom-client.development.js:25989:20)
    at runWithFiberInDEV (/home/siegfriedneto/projects/servicedeskn1-fix-simulate-hypothesis/frontend/app/node_modules/react-dom/cjs/react-dom-client.development.js:874:13)
    at commitHookEffectListMount (/home/siegfriedneto/projects/servicedeskn1-fix-simulate-hypothesis/frontend/app/node_modules/react-dom/cjs/react-dom-client.development.js:13249:29) undefined
Error: Not implemented: window.scrollTo
    at module.exports (/home/siegfriedneto/projects/servicedeskn1-fix-simulate-hypothesis/frontend/app/node_modules/jsdom/lib/jsdom/browser/not-implemented.js:9:17)
    at /home/siegfriedneto/projects/servicedeskn1-fix-simulate-hypothesis/frontend/app/node_modules/jsdom/lib/jsdom/browser/Window.js:960:7
    at Object.fn (file:///home/siegfriedneto/projects/servicedeskn1-fix-simulate-hypothesis/frontend/app/node_modules/@tanstack/router-core/dist/esm/scroll-restoration.js:180:27)
    at RouterCore.emit (file:///home/siegfriedneto/projects/servicedeskn1-fix-simulate-hypothesis/frontend/app/node_modules/@tanstack/router-core/dist/esm/router.js:178:14)
    at file:///home/siegfriedneto/projects/servicedeskn1-fix-simulate-hypothesis/frontend/app/node_modules/@tanstack/react-router/dist/esm/Transitioner.js:46:25
    at settleOwner (file:///home/siegfriedneto/projects/servicedeskn1-fix-simulate-hypothesis/frontend/app/node_modules/@tanstack/react-router/dist/esm/Transitioner.js:10:10)
    at file:///home/siegfriedneto/projects/servicedeskn1-fix-simulate-hypothesis/frontend/app/node_modules/@tanstack/react-router/dist/esm/Matches.js:38:39
    at Object.react_stack_bottom_frame (/home/siegfriedneto/projects/servicedeskn1-fix-simulate-hypothesis/frontend/app/node_modules/react-dom/cjs/react-dom-client.development.js:25989:20)
    at runWithFiberInDEV (/home/siegfriedneto/projects/servicedeskn1-fix-simulate-hypothesis/frontend/app/node_modules/react-dom/cjs/react-dom-client.development.js:874:13)
    at commitHookEffectListMount (/home/siegfriedneto/projects/servicedeskn1-fix-simulate-hypothesis/frontend/app/node_modules/react-dom/cjs/react-dom-client.development.js:13249:29) undefined
Error: Not implemented: window.scrollTo
    at module.exports (/home/siegfriedneto/projects/servicedeskn1-fix-simulate-hypothesis/frontend/app/node_modules/jsdom/lib/jsdom/browser/not-implemented.js:9:17)
    at /home/siegfriedneto/projects/servicedeskn1-fix-simulate-hypothesis/frontend/app/node_modules/jsdom/lib/jsdom/browser/Window.js:960:7
    at Object.fn (file:///home/siegfriedneto/projects/servicedeskn1-fix-simulate-hypothesis/frontend/app/node_modules/@tanstack/router-core/dist/esm/scroll-restoration.js:180:27)
    at RouterCore.emit (file:///home/siegfriedneto/projects/servicedeskn1-fix-simulate-hypothesis/frontend/app/node_modules/@tanstack/router-core/dist/esm/router.js:178:14)
    at file:///home/siegfriedneto/projects/servicedeskn1-fix-simulate-hypothesis/frontend/app/node_modules/@tanstack/react-router/dist/esm/Transitioner.js:46:25
    at settleOwner (file:///home/siegfriedneto/projects/servicedeskn1-fix-simulate-hypothesis/frontend/app/node_modules/@tanstack/react-router/dist/esm/Transitioner.js:10:10)
    at file:///home/siegfriedneto/projects/servicedeskn1-fix-simulate-hypothesis/frontend/app/node_modules/@tanstack/react-router/dist/esm/Matches.js:38:39
    at Object.react_stack_bottom_frame (/home/siegfriedneto/projects/servicedeskn1-fix-simulate-hypothesis/frontend/app/node_modules/react-dom/cjs/react-dom-client.development.js:25989:20)
    at runWithFiberInDEV (/home/siegfriedneto/projects/servicedeskn1-fix-simulate-hypothesis/frontend/app/node_modules/react-dom/cjs/react-dom-client.development.js:874:13)
    at commitHookEffectListMount (/home/siegfriedneto/projects/servicedeskn1-fix-simulate-hypothesis/frontend/app/node_modules/react-dom/cjs/react-dom-client.development.js:13249:29) undefined
Error: Not implemented: window.scrollTo
    at module.exports (/home/siegfriedneto/projects/servicedeskn1-fix-simulate-hypothesis/frontend/app/node_modules/jsdom/lib/jsdom/browser/not-implemented.js:9:17)
    at /home/siegfriedneto/projects/servicedeskn1-fix-simulate-hypothesis/frontend/app/node_modules/jsdom/lib/jsdom/browser/Window.js:960:7
    at Object.fn (file:///home/siegfriedneto/projects/servicedeskn1-fix-simulate-hypothesis/frontend/app/node_modules/@tanstack/router-core/dist/esm/scroll-restoration.js:180:27)
    at RouterCore.emit (file:///home/siegfriedneto/projects/servicedeskn1-fix-simulate-hypothesis/frontend/app/node_modules/@tanstack/router-core/dist/esm/router.js:178:14)
    at file:///home/siegfriedneto/projects/servicedeskn1-fix-simulate-hypothesis/frontend/app/node_modules/@tanstack/react-router/dist/esm/Transitioner.js:46:25
    at settleOwner (file:///home/siegfriedneto/projects/servicedeskn1-fix-simulate-hypothesis/frontend/app/node_modules/@tanstack/react-router/dist/esm/Transitioner.js:10:10)
    at file:///home/siegfriedneto/projects/servicedeskn1-fix-simulate-hypothesis/frontend/app/node_modules/@tanstack/react-router/dist/esm/Matches.js:38:39
    at Object.react_stack_bottom_frame (/home/siegfriedneto/projects/servicedeskn1-fix-simulate-hypothesis/frontend/app/node_modules/react-dom/cjs/react-dom-client.development.js:25989:20)
    at runWithFiberInDEV (/home/siegfriedneto/projects/servicedeskn1-fix-simulate-hypothesis/frontend/app/node_modules/react-dom/cjs/react-dom-client.development.js:874:13)
    at commitHookEffectListMount (/home/siegfriedneto/projects/servicedeskn1-fix-simulate-hypothesis/frontend/app/node_modules/react-dom/cjs/react-dom-client.development.js:13249:29) undefined
Error: Not implemented: window.scrollTo
    at module.exports (/home/siegfriedneto/projects/servicedeskn1-fix-simulate-hypothesis/frontend/app/node_modules/jsdom/lib/jsdom/browser/not-implemented.js:9:17)
    at /home/siegfriedneto/projects/servicedeskn1-fix-simulate-hypothesis/frontend/app/node_modules/jsdom/lib/jsdom/browser/Window.js:960:7
    at Object.fn (file:///home/siegfriedneto/projects/servicedeskn1-fix-simulate-hypothesis/frontend/app/node_modules/@tanstack/router-core/dist/esm/scroll-restoration.js:180:27)
    at RouterCore.emit (file:///home/siegfriedneto/projects/servicedeskn1-fix-simulate-hypothesis/frontend/app/node_modules/@tanstack/router-core/dist/esm/router.js:178:14)
    at file:///home/siegfriedneto/projects/servicedeskn1-fix-simulate-hypothesis/frontend/app/node_modules/@tanstack/react-router/dist/esm/Transitioner.js:46:25
    at settleOwner (file:///home/siegfriedneto/projects/servicedeskn1-fix-simulate-hypothesis/frontend/app/node_modules/@tanstack/react-router/dist/esm/Transitioner.js:10:10)
    at file:///home/siegfriedneto/projects/servicedeskn1-fix-simulate-hypothesis/frontend/app/node_modules/@tanstack/react-router/dist/esm/Matches.js:38:39
    at Object.react_stack_bottom_frame (/home/siegfriedneto/projects/servicedeskn1-fix-simulate-hypothesis/frontend/app/node_modules/react-dom/cjs/react-dom-client.development.js:25989:20)
    at runWithFiberInDEV (/home/siegfriedneto/projects/servicedeskn1-fix-simulate-hypothesis/frontend/app/node_modules/react-dom/cjs/react-dom-client.development.js:874:13)
    at commitHookEffectListMount (/home/siegfriedneto/projects/servicedeskn1-fix-simulate-hypothesis/frontend/app/node_modules/react-dom/cjs/react-dom-client.development.js:13249:29) undefined
Error: Not implemented: window.scrollTo
    at module.exports (/home/siegfriedneto/projects/servicedeskn1-fix-simulate-hypothesis/frontend/app/node_modules/jsdom/lib/jsdom/browser/not-implemented.js:9:17)
    at /home/siegfriedneto/projects/servicedeskn1-fix-simulate-hypothesis/frontend/app/node_modules/jsdom/lib/jsdom/browser/Window.js:960:7
    at Object.fn (file:///home/siegfriedneto/projects/servicedeskn1-fix-simulate-hypothesis/frontend/app/node_modules/@tanstack/router-core/dist/esm/scroll-restoration.js:180:27)
    at RouterCore.emit (file:///home/siegfriedneto/projects/servicedeskn1-fix-simulate-hypothesis/frontend/app/node_modules/@tanstack/router-core/dist/esm/router.js:178:14)
    at file:///home/siegfriedneto/projects/servicedeskn1-fix-simulate-hypothesis/frontend/app/node_modules/@tanstack/react-router/dist/esm/Transitioner.js:46:25
    at settleOwner (file:///home/siegfriedneto/projects/servicedeskn1-fix-simulate-hypothesis/frontend/app/node_modules/@tanstack/react-router/dist/esm/Transitioner.js:10:10)
    at file:///home/siegfriedneto/projects/servicedeskn1-fix-simulate-hypothesis/frontend/app/node_modules/@tanstack/react-router/dist/esm/Matches.js:38:39
    at Object.react_stack_bottom_frame (/home/siegfriedneto/projects/servicedeskn1-fix-simulate-hypothesis/frontend/app/node_modules/react-dom/cjs/react-dom-client.development.js:25989:20)
    at runWithFiberInDEV (/home/siegfriedneto/projects/servicedeskn1-fix-simulate-hypothesis/frontend/app/node_modules/react-dom/cjs/react-dom-client.development.js:874:13)
    at commitHookEffectListMount (/home/siegfriedneto/projects/servicedeskn1-fix-simulate-hypothesis/frontend/app/node_modules/react-dom/cjs/react-dom-client.development.js:13249:29) undefined
Error: Not implemented: window.scrollTo
    at module.exports (/home/siegfriedneto/projects/servicedeskn1-fix-simulate-hypothesis/frontend/app/node_modules/jsdom/lib/jsdom/browser/not-implemented.js:9:17)
    at /home/siegfriedneto/projects/servicedeskn1-fix-simulate-hypothesis/frontend/app/node_modules/jsdom/lib/jsdom/browser/Window.js:960:7
    at Object.fn (file:///home/siegfriedneto/projects/servicedeskn1-fix-simulate-hypothesis/frontend/app/node_modules/@tanstack/router-core/dist/esm/scroll-restoration.js:180:27)
    at RouterCore.emit (file:///home/siegfriedneto/projects/servicedeskn1-fix-simulate-hypothesis/frontend/app/node_modules/@tanstack/router-core/dist/esm/router.js:178:14)
    at file:///home/siegfriedneto/projects/servicedeskn1-fix-simulate-hypothesis/frontend/app/node_modules/@tanstack/react-router/dist/esm/Transitioner.js:46:25
    at settleOwner (file:///home/siegfriedneto/projects/servicedeskn1-fix-simulate-hypothesis/frontend/app/node_modules/@tanstack/react-router/dist/esm/Transitioner.js:10:10)
    at file:///home/siegfriedneto/projects/servicedeskn1-fix-simulate-hypothesis/frontend/app/node_modules/@tanstack/react-router/dist/esm/Matches.js:38:39
    at Object.react_stack_bottom_frame (/home/siegfriedneto/projects/servicedeskn1-fix-simulate-hypothesis/frontend/app/node_modules/react-dom/cjs/react-dom-client.development.js:25989:20)
    at runWithFiberInDEV (/home/siegfriedneto/projects/servicedeskn1-fix-simulate-hypothesis/frontend/app/node_modules/react-dom/cjs/react-dom-client.development.js:874:13)
    at commitHookEffectListMount (/home/siegfriedneto/projects/servicedeskn1-fix-simulate-hypothesis/frontend/app/node_modules/react-dom/cjs/react-dom-client.development.js:13249:29) undefined
Error: Not implemented: window.scrollTo
    at module.exports (/home/siegfriedneto/projects/servicedeskn1-fix-simulate-hypothesis/frontend/app/node_modules/jsdom/lib/jsdom/browser/not-implemented.js:9:17)
    at /home/siegfriedneto/projects/servicedeskn1-fix-simulate-hypothesis/frontend/app/node_modules/jsdom/lib/jsdom/browser/Window.js:960:7
    at Object.fn (file:///home/siegfriedneto/projects/servicedeskn1-fix-simulate-hypothesis/frontend/app/node_modules/@tanstack/router-core/dist/esm/scroll-restoration.js:180:27)
    at RouterCore.emit (file:///home/siegfriedneto/projects/servicedeskn1-fix-simulate-hypothesis/frontend/app/node_modules/@tanstack/router-core/dist/esm/router.js:178:14)
    at file:///home/siegfriedneto/projects/servicedeskn1-fix-simulate-hypothesis/frontend/app/node_modules/@tanstack/react-router/dist/esm/Transitioner.js:46:25
    at settleOwner (file:///home/siegfriedneto/projects/servicedeskn1-fix-simulate-hypothesis/frontend/app/node_modules/@tanstack/react-router/dist/esm/Transitioner.js:10:10)
    at file:///home/siegfriedneto/projects/servicedeskn1-fix-simulate-hypothesis/frontend/app/node_modules/@tanstack/react-router/dist/esm/Matches.js:38:39
    at Object.react_stack_bottom_frame (/home/siegfriedneto/projects/servicedeskn1-fix-simulate-hypothesis/frontend/app/node_modules/react-dom/cjs/react-dom-client.development.js:25989:20)
    at runWithFiberInDEV (/home/siegfriedneto/projects/servicedeskn1-fix-simulate-hypothesis/frontend/app/node_modules/react-dom/cjs/react-dom-client.development.js:874:13)
    at commitHookEffectListMount (/home/siegfriedneto/projects/servicedeskn1-fix-simulate-hypothesis/frontend/app/node_modules/react-dom/cjs/react-dom-client.development.js:13249:29) undefined
Error: Not implemented: window.scrollTo
    at module.exports (/home/siegfriedneto/projects/servicedeskn1-fix-simulate-hypothesis/frontend/app/node_modules/jsdom/lib/jsdom/browser/not-implemented.js:9:17)
    at /home/siegfriedneto/projects/servicedeskn1-fix-simulate-hypothesis/frontend/app/node_modules/jsdom/lib/jsdom/browser/Window.js:960:7
    at Object.fn (file:///home/siegfriedneto/projects/servicedeskn1-fix-simulate-hypothesis/frontend/app/node_modules/@tanstack/router-core/dist/esm/scroll-restoration.js:180:27)
    at RouterCore.emit (file:///home/siegfriedneto/projects/servicedeskn1-fix-simulate-hypothesis/frontend/app/node_modules/@tanstack/router-core/dist/esm/router.js:178:14)
    at file:///home/siegfriedneto/projects/servicedeskn1-fix-simulate-hypothesis/frontend/app/node_modules/@tanstack/react-router/dist/esm/Transitioner.js:46:25
    at settleOwner (file:///home/siegfriedneto/projects/servicedeskn1-fix-simulate-hypothesis/frontend/app/node_modules/@tanstack/react-router/dist/esm/Transitioner.js:10:10)
    at file:///home/siegfriedneto/projects/servicedeskn1-fix-simulate-hypothesis/frontend/app/node_modules/@tanstack/react-router/dist/esm/Matches.js:38:39
    at Object.react_stack_bottom_frame (/home/siegfriedneto/projects/servicedeskn1-fix-simulate-hypothesis/frontend/app/node_modules/react-dom/cjs/react-dom-client.development.js:25989:20)
    at runWithFiberInDEV (/home/siegfriedneto/projects/servicedeskn1-fix-simulate-hypothesis/frontend/app/node_modules/react-dom/cjs/react-dom-client.development.js:874:13)
    at commitHookEffectListMount (/home/siegfriedneto/projects/servicedeskn1-fix-simulate-hypothesis/frontend/app/node_modules/react-dom/cjs/react-dom-client.development.js:13249:29) undefined
Error: Not implemented: window.scrollTo
    at module.exports (/home/siegfriedneto/projects/servicedeskn1-fix-simulate-hypothesis/frontend/app/node_modules/jsdom/lib/jsdom/browser/not-implemented.js:9:17)
    at /home/siegfriedneto/projects/servicedeskn1-fix-simulate-hypothesis/frontend/app/node_modules/jsdom/lib/jsdom/browser/Window.js:960:7
    at Object.fn (file:///home/siegfriedneto/projects/servicedeskn1-fix-simulate-hypothesis/frontend/app/node_modules/@tanstack/router-core/dist/esm/scroll-restoration.js:180:27)
    at RouterCore.emit (file:///home/siegfriedneto/projects/servicedeskn1-fix-simulate-hypothesis/frontend/app/node_modules/@tanstack/router-core/dist/esm/router.js:178:14)
    at file:///home/siegfriedneto/projects/servicedeskn1-fix-simulate-hypothesis/frontend/app/node_modules/@tanstack/react-router/dist/esm/Transitioner.js:46:25
    at settleOwner (file:///home/siegfriedneto/projects/servicedeskn1-fix-simulate-hypothesis/frontend/app/node_modules/@tanstack/react-router/dist/esm/Transitioner.js:10:10)
    at file:///home/siegfriedneto/projects/servicedeskn1-fix-simulate-hypothesis/frontend/app/node_modules/@tanstack/react-router/dist/esm/Matches.js:38:39
    at Object.react_stack_bottom_frame (/home/siegfriedneto/projects/servicedeskn1-fix-simulate-hypothesis/frontend/app/node_modules/react-dom/cjs/react-dom-client.development.js:25989:20)
    at runWithFiberInDEV (/home/siegfriedneto/projects/servicedeskn1-fix-simulate-hypothesis/frontend/app/node_modules/react-dom/cjs/react-dom-client.development.js:874:13)
    at commitHookEffectListMount (/home/siegfriedneto/projects/servicedeskn1-fix-simulate-hypothesis/frontend/app/node_modules/react-dom/cjs/react-dom-client.development.js:13249:29) undefined
Error: Not implemented: window.scrollTo
    at module.exports (/home/siegfriedneto/projects/servicedeskn1-fix-simulate-hypothesis/frontend/app/node_modules/jsdom/lib/jsdom/browser/not-implemented.js:9:17)
    at /home/siegfriedneto/projects/servicedeskn1-fix-simulate-hypothesis/frontend/app/node_modules/jsdom/lib/jsdom/browser/Window.js:960:7
    at Object.fn (file:///home/siegfriedneto/projects/servicedeskn1-fix-simulate-hypothesis/frontend/app/node_modules/@tanstack/router-core/dist/esm/scroll-restoration.js:180:27)
    at RouterCore.emit (file:///home/siegfriedneto/projects/servicedeskn1-fix-simulate-hypothesis/frontend/app/node_modules/@tanstack/router-core/dist/esm/router.js:178:14)
    at file:///home/siegfriedneto/projects/servicedeskn1-fix-simulate-hypothesis/frontend/app/node_modules/@tanstack/react-router/dist/esm/Transitioner.js:46:25
    at settleOwner (file:///home/siegfriedneto/projects/servicedeskn1-fix-simulate-hypothesis/frontend/app/node_modules/@tanstack/react-router/dist/esm/Transitioner.js:10:10)
    at file:///home/siegfriedneto/projects/servicedeskn1-fix-simulate-hypothesis/frontend/app/node_modules/@tanstack/react-router/dist/esm/Matches.js:38:39
    at Object.react_stack_bottom_frame (/home/siegfriedneto/projects/servicedeskn1-fix-simulate-hypothesis/frontend/app/node_modules/react-dom/cjs/react-dom-client.development.js:25989:20)
    at runWithFiberInDEV (/home/siegfriedneto/projects/servicedeskn1-fix-simulate-hypothesis/frontend/app/node_modules/react-dom/cjs/react-dom-client.development.js:874:13)
    at commitHookEffectListMount (/home/siegfriedneto/projects/servicedeskn1-fix-simulate-hypothesis/frontend/app/node_modules/react-dom/cjs/react-dom-client.development.js:13249:29) undefined
Error: Not implemented: window.scrollTo
    at module.exports (/home/siegfriedneto/projects/servicedeskn1-fix-simulate-hypothesis/frontend/app/node_modules/jsdom/lib/jsdom/browser/not-implemented.js:9:17)
    at /home/siegfriedneto/projects/servicedeskn1-fix-simulate-hypothesis/frontend/app/node_modules/jsdom/lib/jsdom/browser/Window.js:960:7
    at Object.fn (file:///home/siegfriedneto/projects/servicedeskn1-fix-simulate-hypothesis/frontend/app/node_modules/@tanstack/router-core/dist/esm/scroll-restoration.js:180:27)
    at RouterCore.emit (file:///home/siegfriedneto/projects/servicedeskn1-fix-simulate-hypothesis/frontend/app/node_modules/@tanstack/router-core/dist/esm/router.js:178:14)
    at file:///home/siegfriedneto/projects/servicedeskn1-fix-simulate-hypothesis/frontend/app/node_modules/@tanstack/react-router/dist/esm/Transitioner.js:46:25
    at settleOwner (file:///home/siegfriedneto/projects/servicedeskn1-fix-simulate-hypothesis/frontend/app/node_modules/@tanstack/react-router/dist/esm/Transitioner.js:10:10)
    at file:///home/siegfriedneto/projects/servicedeskn1-fix-simulate-hypothesis/frontend/app/node_modules/@tanstack/react-router/dist/esm/Matches.js:38:39
    at Object.react_stack_bottom_frame (/home/siegfriedneto/projects/servicedeskn1-fix-simulate-hypothesis/frontend/app/node_modules/react-dom/cjs/react-dom-client.development.js:25989:20)
    at runWithFiberInDEV (/home/siegfriedneto/projects/servicedeskn1-fix-simulate-hypothesis/frontend/app/node_modules/react-dom/cjs/react-dom-client.development.js:874:13)
    at commitHookEffectListMount (/home/siegfriedneto/projects/servicedeskn1-fix-simulate-hypothesis/frontend/app/node_modules/react-dom/cjs/react-dom-client.development.js:13249:29) undefined
Error: Not implemented: window.scrollTo
    at module.exports (/home/siegfriedneto/projects/servicedeskn1-fix-simulate-hypothesis/frontend/app/node_modules/jsdom/lib/jsdom/browser/not-implemented.js:9:17)
    at /home/siegfriedneto/projects/servicedeskn1-fix-simulate-hypothesis/frontend/app/node_modules/jsdom/lib/jsdom/browser/Window.js:960:7
    at Object.fn (file:///home/siegfriedneto/projects/servicedeskn1-fix-simulate-hypothesis/frontend/app/node_modules/@tanstack/router-core/dist/esm/scroll-restoration.js:180:27)
    at RouterCore.emit (file:///home/siegfriedneto/projects/servicedeskn1-fix-simulate-hypothesis/frontend/app/node_modules/@tanstack/router-core/dist/esm/router.js:178:14)
    at file:///home/siegfriedneto/projects/servicedeskn1-fix-simulate-hypothesis/frontend/app/node_modules/@tanstack/react-router/dist/esm/Transitioner.js:46:25
    at settleOwner (file:///home/siegfriedneto/projects/servicedeskn1-fix-simulate-hypothesis/frontend/app/node_modules/@tanstack/react-router/dist/esm/Transitioner.js:10:10)
    at file:///home/siegfriedneto/projects/servicedeskn1-fix-simulate-hypothesis/frontend/app/node_modules/@tanstack/react-router/dist/esm/Matches.js:38:39
    at Object.react_stack_bottom_frame (/home/siegfriedneto/projects/servicedeskn1-fix-simulate-hypothesis/frontend/app/node_modules/react-dom/cjs/react-dom-client.development.js:25989:20)
    at runWithFiberInDEV (/home/siegfriedneto/projects/servicedeskn1-fix-simulate-hypothesis/frontend/app/node_modules/react-dom/cjs/react-dom-client.development.js:874:13)
    at commitHookEffectListMount (/home/siegfriedneto/projects/servicedeskn1-fix-simulate-hypothesis/frontend/app/node_modules/react-dom/cjs/react-dom-client.development.js:13249:29) undefined
Error: Not implemented: window.scrollTo
    at module.exports (/home/siegfriedneto/projects/servicedeskn1-fix-simulate-hypothesis/frontend/app/node_modules/jsdom/lib/jsdom/browser/not-implemented.js:9:17)
    at /home/siegfriedneto/projects/servicedeskn1-fix-simulate-hypothesis/frontend/app/node_modules/jsdom/lib/jsdom/browser/Window.js:960:7
    at Object.fn (file:///home/siegfriedneto/projects/servicedeskn1-fix-simulate-hypothesis/frontend/app/node_modules/@tanstack/router-core/dist/esm/scroll-restoration.js:180:27)
    at RouterCore.emit (file:///home/siegfriedneto/projects/servicedeskn1-fix-simulate-hypothesis/frontend/app/node_modules/@tanstack/router-core/dist/esm/router.js:178:14)
    at file:///home/siegfriedneto/projects/servicedeskn1-fix-simulate-hypothesis/frontend/app/node_modules/@tanstack/react-router/dist/esm/Transitioner.js:46:25
    at settleOwner (file:///home/siegfriedneto/projects/servicedeskn1-fix-simulate-hypothesis/frontend/app/node_modules/@tanstack/react-router/dist/esm/Transitioner.js:10:10)
    at file:///home/siegfriedneto/projects/servicedeskn1-fix-simulate-hypothesis/frontend/app/node_modules/@tanstack/react-router/dist/esm/Matches.js:38:39
    at Object.react_stack_bottom_frame (/home/siegfriedneto/projects/servicedeskn1-fix-simulate-hypothesis/frontend/app/node_modules/react-dom/cjs/react-dom-client.development.js:25989:20)
    at runWithFiberInDEV (/home/siegfriedneto/projects/servicedeskn1-fix-simulate-hypothesis/frontend/app/node_modules/react-dom/cjs/react-dom-client.development.js:874:13)
    at commitHookEffectListMount (/home/siegfriedneto/projects/servicedeskn1-fix-simulate-hypothesis/frontend/app/node_modules/react-dom/cjs/react-dom-client.development.js:13249:29) undefined
Error: Not implemented: window.scrollTo
    at module.exports (/home/siegfriedneto/projects/servicedeskn1-fix-simulate-hypothesis/frontend/app/node_modules/jsdom/lib/jsdom/browser/not-implemented.js:9:17)
    at /home/siegfriedneto/projects/servicedeskn1-fix-simulate-hypothesis/frontend/app/node_modules/jsdom/lib/jsdom/browser/Window.js:960:7
    at Object.fn (file:///home/siegfriedneto/projects/servicedeskn1-fix-simulate-hypothesis/frontend/app/node_modules/@tanstack/router-core/dist/esm/scroll-restoration.js:180:27)
    at RouterCore.emit (file:///home/siegfriedneto/projects/servicedeskn1-fix-simulate-hypothesis/frontend/app/node_modules/@tanstack/router-core/dist/esm/router.js:178:14)
    at file:///home/siegfriedneto/projects/servicedeskn1-fix-simulate-hypothesis/frontend/app/node_modules/@tanstack/react-router/dist/esm/Transitioner.js:46:25
    at settleOwner (file:///home/siegfriedneto/projects/servicedeskn1-fix-simulate-hypothesis/frontend/app/node_modules/@tanstack/react-router/dist/esm/Transitioner.js:10:10)
    at file:///home/siegfriedneto/projects/servicedeskn1-fix-simulate-hypothesis/frontend/app/node_modules/@tanstack/react-router/dist/esm/Matches.js:38:39
    at Object.react_stack_bottom_frame (/home/siegfriedneto/projects/servicedeskn1-fix-simulate-hypothesis/frontend/app/node_modules/react-dom/cjs/react-dom-client.development.js:25989:20)
    at runWithFiberInDEV (/home/siegfriedneto/projects/servicedeskn1-fix-simulate-hypothesis/frontend/app/node_modules/react-dom/cjs/react-dom-client.development.js:874:13)
    at commitHookEffectListMount (/home/siegfriedneto/projects/servicedeskn1-fix-simulate-hypothesis/frontend/app/node_modules/react-dom/cjs/react-dom-client.development.js:13249:29) undefined
Error: Not implemented: window.scrollTo
    at module.exports (/home/siegfriedneto/projects/servicedeskn1-fix-simulate-hypothesis/frontend/app/node_modules/jsdom/lib/jsdom/browser/not-implemented.js:9:17)
    at /home/siegfriedneto/projects/servicedeskn1-fix-simulate-hypothesis/frontend/app/node_modules/jsdom/lib/jsdom/browser/Window.js:960:7
    at Object.fn (file:///home/siegfriedneto/projects/servicedeskn1-fix-simulate-hypothesis/frontend/app/node_modules/@tanstack/router-core/dist/esm/scroll-restoration.js:180:27)
    at RouterCore.emit (file:///home/siegfriedneto/projects/servicedeskn1-fix-simulate-hypothesis/frontend/app/node_modules/@tanstack/router-core/dist/esm/router.js:178:14)
    at file:///home/siegfriedneto/projects/servicedeskn1-fix-simulate-hypothesis/frontend/app/node_modules/@tanstack/react-router/dist/esm/Transitioner.js:46:25
    at settleOwner (file:///home/siegfriedneto/projects/servicedeskn1-fix-simulate-hypothesis/frontend/app/node_modules/@tanstack/react-router/dist/esm/Transitioner.js:10:10)
    at file:///home/siegfriedneto/projects/servicedeskn1-fix-simulate-hypothesis/frontend/app/node_modules/@tanstack/react-router/dist/esm/Matches.js:38:39
    at Object.react_stack_bottom_frame (/home/siegfriedneto/projects/servicedeskn1-fix-simulate-hypothesis/frontend/app/node_modules/react-dom/cjs/react-dom-client.development.js:25989:20)
    at runWithFiberInDEV (/home/siegfriedneto/projects/servicedeskn1-fix-simulate-hypothesis/frontend/app/node_modules/react-dom/cjs/react-dom-client.development.js:874:13)
    at commitHookEffectListMount (/home/siegfriedneto/projects/servicedeskn1-fix-simulate-hypothesis/frontend/app/node_modules/react-dom/cjs/react-dom-client.development.js:13249:29) undefined
Error: Not implemented: window.scrollTo
    at module.exports (/home/siegfriedneto/projects/servicedeskn1-fix-simulate-hypothesis/frontend/app/node_modules/jsdom/lib/jsdom/browser/not-implemented.js:9:17)
    at /home/siegfriedneto/projects/servicedeskn1-fix-simulate-hypothesis/frontend/app/node_modules/jsdom/lib/jsdom/browser/Window.js:960:7
    at Object.fn (file:///home/siegfriedneto/projects/servicedeskn1-fix-simulate-hypothesis/frontend/app/node_modules/@tanstack/router-core/dist/esm/scroll-restoration.js:180:27)
    at RouterCore.emit (file:///home/siegfriedneto/projects/servicedeskn1-fix-simulate-hypothesis/frontend/app/node_modules/@tanstack/router-core/dist/esm/router.js:178:14)
    at file:///home/siegfriedneto/projects/servicedeskn1-fix-simulate-hypothesis/frontend/app/node_modules/@tanstack/react-router/dist/esm/Transitioner.js:46:25
    at settleOwner (file:///home/siegfriedneto/projects/servicedeskn1-fix-simulate-hypothesis/frontend/app/node_modules/@tanstack/react-router/dist/esm/Transitioner.js:10:10)
    at file:///home/siegfriedneto/projects/servicedeskn1-fix-simulate-hypothesis/frontend/app/node_modules/@tanstack/react-router/dist/esm/Matches.js:38:39
    at Object.react_stack_bottom_frame (/home/siegfriedneto/projects/servicedeskn1-fix-simulate-hypothesis/frontend/app/node_modules/react-dom/cjs/react-dom-client.development.js:25989:20)
    at runWithFiberInDEV (/home/siegfriedneto/projects/servicedeskn1-fix-simulate-hypothesis/frontend/app/node_modules/react-dom/cjs/react-dom-client.development.js:874:13)
    at commitHookEffectListMount (/home/siegfriedneto/projects/servicedeskn1-fix-simulate-hypothesis/frontend/app/node_modules/react-dom/cjs/react-dom-client.development.js:13249:29) undefined
Error: Not implemented: window.scrollTo
    at module.exports (/home/siegfriedneto/projects/servicedeskn1-fix-simulate-hypothesis/frontend/app/node_modules/jsdom/lib/jsdom/browser/not-implemented.js:9:17)
    at /home/siegfriedneto/projects/servicedeskn1-fix-simulate-hypothesis/frontend/app/node_modules/jsdom/lib/jsdom/browser/Window.js:960:7
    at Object.fn (file:///home/siegfriedneto/projects/servicedeskn1-fix-simulate-hypothesis/frontend/app/node_modules/@tanstack/router-core/dist/esm/scroll-restoration.js:180:27)
    at RouterCore.emit (file:///home/siegfriedneto/projects/servicedeskn1-fix-simulate-hypothesis/frontend/app/node_modules/@tanstack/router-core/dist/esm/router.js:178:14)
    at file:///home/siegfriedneto/projects/servicedeskn1-fix-simulate-hypothesis/frontend/app/node_modules/@tanstack/react-router/dist/esm/Transitioner.js:46:25
    at settleOwner (file:///home/siegfriedneto/projects/servicedeskn1-fix-simulate-hypothesis/frontend/app/node_modules/@tanstack/react-router/dist/esm/Transitioner.js:10:10)
    at file:///home/siegfriedneto/projects/servicedeskn1-fix-simulate-hypothesis/frontend/app/node_modules/@tanstack/react-router/dist/esm/Matches.js:38:39
    at Object.react_stack_bottom_frame (/home/siegfriedneto/projects/servicedeskn1-fix-simulate-hypothesis/frontend/app/node_modules/react-dom/cjs/react-dom-client.development.js:25989:20)
    at runWithFiberInDEV (/home/siegfriedneto/projects/servicedeskn1-fix-simulate-hypothesis/frontend/app/node_modules/react-dom/cjs/react-dom-client.development.js:874:13)
    at commitHookEffectListMount (/home/siegfriedneto/projects/servicedeskn1-fix-simulate-hypothesis/frontend/app/node_modules/react-dom/cjs/react-dom-client.development.js:13249:29) undefined
Error: Not implemented: window.scrollTo
    at module.exports (/home/siegfriedneto/projects/servicedeskn1-fix-simulate-hypothesis/frontend/app/node_modules/jsdom/lib/jsdom/browser/not-implemented.js:9:17)
    at /home/siegfriedneto/projects/servicedeskn1-fix-simulate-hypothesis/frontend/app/node_modules/jsdom/lib/jsdom/browser/Window.js:960:7
    at Object.fn (file:///home/siegfriedneto/projects/servicedeskn1-fix-simulate-hypothesis/frontend/app/node_modules/@tanstack/router-core/dist/esm/scroll-restoration.js:180:27)
    at RouterCore.emit (file:///home/siegfriedneto/projects/servicedeskn1-fix-simulate-hypothesis/frontend/app/node_modules/@tanstack/router-core/dist/esm/router.js:178:14)
    at file:///home/siegfriedneto/projects/servicedeskn1-fix-simulate-hypothesis/frontend/app/node_modules/@tanstack/react-router/dist/esm/Transitioner.js:46:25
    at settleOwner (file:///home/siegfriedneto/projects/servicedeskn1-fix-simulate-hypothesis/frontend/app/node_modules/@tanstack/react-router/dist/esm/Transitioner.js:10:10)
    at file:///home/siegfriedneto/projects/servicedeskn1-fix-simulate-hypothesis/frontend/app/node_modules/@tanstack/react-router/dist/esm/Matches.js:38:39
    at Object.react_stack_bottom_frame (/home/siegfriedneto/projects/servicedeskn1-fix-simulate-hypothesis/frontend/app/node_modules/react-dom/cjs/react-dom-client.development.js:25989:20)
    at runWithFiberInDEV (/home/siegfriedneto/projects/servicedeskn1-fix-simulate-hypothesis/frontend/app/node_modules/react-dom/cjs/react-dom-client.development.js:874:13)
    at commitHookEffectListMount (/home/siegfriedneto/projects/servicedeskn1-fix-simulate-hypothesis/frontend/app/node_modules/react-dom/cjs/react-dom-client.development.js:13249:29) undefined
Error: Not implemented: window.scrollTo
    at module.exports (/home/siegfriedneto/projects/servicedeskn1-fix-simulate-hypothesis/frontend/app/node_modules/jsdom/lib/jsdom/browser/not-implemented.js:9:17)
    at /home/siegfriedneto/projects/servicedeskn1-fix-simulate-hypothesis/frontend/app/node_modules/jsdom/lib/jsdom/browser/Window.js:960:7
    at Object.fn (file:///home/siegfriedneto/projects/servicedeskn1-fix-simulate-hypothesis/frontend/app/node_modules/@tanstack/router-core/dist/esm/scroll-restoration.js:180:27)
    at RouterCore.emit (file:///home/siegfriedneto/projects/servicedeskn1-fix-simulate-hypothesis/frontend/app/node_modules/@tanstack/router-core/dist/esm/router.js:178:14)
    at file:///home/siegfriedneto/projects/servicedeskn1-fix-simulate-hypothesis/frontend/app/node_modules/@tanstack/react-router/dist/esm/Transitioner.js:46:25
    at settleOwner (file:///home/siegfriedneto/projects/servicedeskn1-fix-simulate-hypothesis/frontend/app/node_modules/@tanstack/react-router/dist/esm/Transitioner.js:10:10)
    at file:///home/siegfriedneto/projects/servicedeskn1-fix-simulate-hypothesis/frontend/app/node_modules/@tanstack/react-router/dist/esm/Matches.js:38:39
    at Object.react_stack_bottom_frame (/home/siegfriedneto/projects/servicedeskn1-fix-simulate-hypothesis/frontend/app/node_modules/react-dom/cjs/react-dom-client.development.js:25989:20)
    at runWithFiberInDEV (/home/siegfriedneto/projects/servicedeskn1-fix-simulate-hypothesis/frontend/app/node_modules/react-dom/cjs/react-dom-client.development.js:874:13)
    at commitHookEffectListMount (/home/siegfriedneto/projects/servicedeskn1-fix-simulate-hypothesis/frontend/app/node_modules/react-dom/cjs/react-dom-client.development.js:13249:29) undefined
Error: Not implemented: window.scrollTo
    at module.exports (/home/siegfriedneto/projects/servicedeskn1-fix-simulate-hypothesis/frontend/app/node_modules/jsdom/lib/jsdom/browser/not-implemented.js:9:17)
    at /home/siegfriedneto/projects/servicedeskn1-fix-simulate-hypothesis/frontend/app/node_modules/jsdom/lib/jsdom/browser/Window.js:960:7
    at Object.fn (file:///home/siegfriedneto/projects/servicedeskn1-fix-simulate-hypothesis/frontend/app/node_modules/@tanstack/router-core/dist/esm/scroll-restoration.js:180:27)
    at RouterCore.emit (file:///home/siegfriedneto/projects/servicedeskn1-fix-simulate-hypothesis/frontend/app/node_modules/@tanstack/router-core/dist/esm/router.js:178:14)
    at file:///home/siegfriedneto/projects/servicedeskn1-fix-simulate-hypothesis/frontend/app/node_modules/@tanstack/react-router/dist/esm/Transitioner.js:46:25
    at settleOwner (file:///home/siegfriedneto/projects/servicedeskn1-fix-simulate-hypothesis/frontend/app/node_modules/@tanstack/react-router/dist/esm/Transitioner.js:10:10)
    at file:///home/siegfriedneto/projects/servicedeskn1-fix-simulate-hypothesis/frontend/app/node_modules/@tanstack/react-router/dist/esm/Matches.js:38:39
    at Object.react_stack_bottom_frame (/home/siegfriedneto/projects/servicedeskn1-fix-simulate-hypothesis/frontend/app/node_modules/react-dom/cjs/react-dom-client.development.js:25989:20)
    at runWithFiberInDEV (/home/siegfriedneto/projects/servicedeskn1-fix-simulate-hypothesis/frontend/app/node_modules/react-dom/cjs/react-dom-client.development.js:874:13)
    at commitHookEffectListMount (/home/siegfriedneto/projects/servicedeskn1-fix-simulate-hypothesis/frontend/app/node_modules/react-dom/cjs/react-dom-client.development.js:13249:29) undefined
Error: Not implemented: window.scrollTo
    at module.exports (/home/siegfriedneto/projects/servicedeskn1-fix-simulate-hypothesis/frontend/app/node_modules/jsdom/lib/jsdom/browser/not-implemented.js:9:17)
    at /home/siegfriedneto/projects/servicedeskn1-fix-simulate-hypothesis/frontend/app/node_modules/jsdom/lib/jsdom/browser/Window.js:960:7
    at Object.fn (file:///home/siegfriedneto/projects/servicedeskn1-fix-simulate-hypothesis/frontend/app/node_modules/@tanstack/router-core/dist/esm/scroll-restoration.js:180:27)
    at RouterCore.emit (file:///home/siegfriedneto/projects/servicedeskn1-fix-simulate-hypothesis/frontend/app/node_modules/@tanstack/router-core/dist/esm/router.js:178:14)
    at file:///home/siegfriedneto/projects/servicedeskn1-fix-simulate-hypothesis/frontend/app/node_modules/@tanstack/react-router/dist/esm/Transitioner.js:46:25
    at settleOwner (file:///home/siegfriedneto/projects/servicedeskn1-fix-simulate-hypothesis/frontend/app/node_modules/@tanstack/react-router/dist/esm/Transitioner.js:10:10)
    at file:///home/siegfriedneto/projects/servicedeskn1-fix-simulate-hypothesis/frontend/app/node_modules/@tanstack/react-router/dist/esm/Matches.js:38:39
    at Object.react_stack_bottom_frame (/home/siegfriedneto/projects/servicedeskn1-fix-simulate-hypothesis/frontend/app/node_modules/react-dom/cjs/react-dom-client.development.js:25989:20)
    at runWithFiberInDEV (/home/siegfriedneto/projects/servicedeskn1-fix-simulate-hypothesis/frontend/app/node_modules/react-dom/cjs/react-dom-client.development.js:874:13)
    at commitHookEffectListMount (/home/siegfriedneto/projects/servicedeskn1-fix-simulate-hypothesis/frontend/app/node_modules/react-dom/cjs/react-dom-client.development.js:13249:29) undefined
Error: Not implemented: window.scrollTo
    at module.exports (/home/siegfriedneto/projects/servicedeskn1-fix-simulate-hypothesis/frontend/app/node_modules/jsdom/lib/jsdom/browser/not-implemented.js:9:17)
    at /home/siegfriedneto/projects/servicedeskn1-fix-simulate-hypothesis/frontend/app/node_modules/jsdom/lib/jsdom/browser/Window.js:960:7
    at Object.fn (file:///home/siegfriedneto/projects/servicedeskn1-fix-simulate-hypothesis/frontend/app/node_modules/@tanstack/router-core/dist/esm/scroll-restoration.js:180:27)
    at RouterCore.emit (file:///home/siegfriedneto/projects/servicedeskn1-fix-simulate-hypothesis/frontend/app/node_modules/@tanstack/router-core/dist/esm/router.js:178:14)
    at file:///home/siegfriedneto/projects/servicedeskn1-fix-simulate-hypothesis/frontend/app/node_modules/@tanstack/react-router/dist/esm/Transitioner.js:46:25
    at settleOwner (file:///home/siegfriedneto/projects/servicedeskn1-fix-simulate-hypothesis/frontend/app/node_modules/@tanstack/react-router/dist/esm/Transitioner.js:10:10)
    at file:///home/siegfriedneto/projects/servicedeskn1-fix-simulate-hypothesis/frontend/app/node_modules/@tanstack/react-router/dist/esm/Matches.js:38:39
    at Object.react_stack_bottom_frame (/home/siegfriedneto/projects/servicedeskn1-fix-simulate-hypothesis/frontend/app/node_modules/react-dom/cjs/react-dom-client.development.js:25989:20)
    at runWithFiberInDEV (/home/siegfriedneto/projects/servicedeskn1-fix-simulate-hypothesis/frontend/app/node_modules/react-dom/cjs/react-dom-client.development.js:874:13)
    at commitHookEffectListMount (/home/siegfriedneto/projects/servicedeskn1-fix-simulate-hypothesis/frontend/app/node_modules/react-dom/cjs/react-dom-client.development.js:13249:29) undefined
Error: Not implemented: window.scrollTo
    at module.exports (/home/siegfriedneto/projects/servicedeskn1-fix-simulate-hypothesis/frontend/app/node_modules/jsdom/lib/jsdom/browser/not-implemented.js:9:17)
    at /home/siegfriedneto/projects/servicedeskn1-fix-simulate-hypothesis/frontend/app/node_modules/jsdom/lib/jsdom/browser/Window.js:960:7
    at Object.fn (file:///home/siegfriedneto/projects/servicedeskn1-fix-simulate-hypothesis/frontend/app/node_modules/@tanstack/router-core/dist/esm/scroll-restoration.js:180:27)
    at RouterCore.emit (file:///home/siegfriedneto/projects/servicedeskn1-fix-simulate-hypothesis/frontend/app/node_modules/@tanstack/router-core/dist/esm/router.js:178:14)
    at file:///home/siegfriedneto/projects/servicedeskn1-fix-simulate-hypothesis/frontend/app/node_modules/@tanstack/react-router/dist/esm/Transitioner.js:46:25
    at settleOwner (file:///home/siegfriedneto/projects/servicedeskn1-fix-simulate-hypothesis/frontend/app/node_modules/@tanstack/react-router/dist/esm/Transitioner.js:10:10)
    at file:///home/siegfriedneto/projects/servicedeskn1-fix-simulate-hypothesis/frontend/app/node_modules/@tanstack/react-router/dist/esm/Matches.js:38:39
    at Object.react_stack_bottom_frame (/home/siegfriedneto/projects/servicedeskn1-fix-simulate-hypothesis/frontend/app/node_modules/react-dom/cjs/react-dom-client.development.js:25989:20)
    at runWithFiberInDEV (/home/siegfriedneto/projects/servicedeskn1-fix-simulate-hypothesis/frontend/app/node_modules/react-dom/cjs/react-dom-client.development.js:874:13)
    at commitHookEffectListMount (/home/siegfriedneto/projects/servicedeskn1-fix-simulate-hypothesis/frontend/app/node_modules/react-dom/cjs/react-dom-client.development.js:13249:29) undefined
Error: Not implemented: window.scrollTo
    at module.exports (/home/siegfriedneto/projects/servicedeskn1-fix-simulate-hypothesis/frontend/app/node_modules/jsdom/lib/jsdom/browser/not-implemented.js:9:17)
    at /home/siegfriedneto/projects/servicedeskn1-fix-simulate-hypothesis/frontend/app/node_modules/jsdom/lib/jsdom/browser/Window.js:960:7
    at Object.fn (file:///home/siegfriedneto/projects/servicedeskn1-fix-simulate-hypothesis/frontend/app/node_modules/@tanstack/router-core/dist/esm/scroll-restoration.js:180:27)
    at RouterCore.emit (file:///home/siegfriedneto/projects/servicedeskn1-fix-simulate-hypothesis/frontend/app/node_modules/@tanstack/router-core/dist/esm/router.js:178:14)
    at file:///home/siegfriedneto/projects/servicedeskn1-fix-simulate-hypothesis/frontend/app/node_modules/@tanstack/react-router/dist/esm/Transitioner.js:46:25
    at settleOwner (file:///home/siegfriedneto/projects/servicedeskn1-fix-simulate-hypothesis/frontend/app/node_modules/@tanstack/react-router/dist/esm/Transitioner.js:10:10)
    at file:///home/siegfriedneto/projects/servicedeskn1-fix-simulate-hypothesis/frontend/app/node_modules/@tanstack/react-router/dist/esm/Matches.js:38:39
    at Object.react_stack_bottom_frame (/home/siegfriedneto/projects/servicedeskn1-fix-simulate-hypothesis/frontend/app/node_modules/react-dom/cjs/react-dom-client.development.js:25989:20)
    at runWithFiberInDEV (/home/siegfriedneto/projects/servicedeskn1-fix-simulate-hypothesis/frontend/app/node_modules/react-dom/cjs/react-dom-client.development.js:874:13)
    at commitHookEffectListMount (/home/siegfriedneto/projects/servicedeskn1-fix-simulate-hypothesis/frontend/app/node_modules/react-dom/cjs/react-dom-client.development.js:13249:29) undefined
Error: Not implemented: window.scrollTo
    at module.exports (/home/siegfriedneto/projects/servicedeskn1-fix-simulate-hypothesis/frontend/app/node_modules/jsdom/lib/jsdom/browser/not-implemented.js:9:17)
    at /home/siegfriedneto/projects/servicedeskn1-fix-simulate-hypothesis/frontend/app/node_modules/jsdom/lib/jsdom/browser/Window.js:960:7
    at Object.fn (file:///home/siegfriedneto/projects/servicedeskn1-fix-simulate-hypothesis/frontend/app/node_modules/@tanstack/router-core/dist/esm/scroll-restoration.js:180:27)
    at RouterCore.emit (file:///home/siegfriedneto/projects/servicedeskn1-fix-simulate-hypothesis/frontend/app/node_modules/@tanstack/router-core/dist/esm/router.js:178:14)
    at file:///home/siegfriedneto/projects/servicedeskn1-fix-simulate-hypothesis/frontend/app/node_modules/@tanstack/react-router/dist/esm/Transitioner.js:46:25
    at settleOwner (file:///home/siegfriedneto/projects/servicedeskn1-fix-simulate-hypothesis/frontend/app/node_modules/@tanstack/react-router/dist/esm/Transitioner.js:10:10)
    at file:///home/siegfriedneto/projects/servicedeskn1-fix-simulate-hypothesis/frontend/app/node_modules/@tanstack/react-router/dist/esm/Matches.js:38:39
    at Object.react_stack_bottom_frame (/home/siegfriedneto/projects/servicedeskn1-fix-simulate-hypothesis/frontend/app/node_modules/react-dom/cjs/react-dom-client.development.js:25989:20)
    at runWithFiberInDEV (/home/siegfriedneto/projects/servicedeskn1-fix-simulate-hypothesis/frontend/app/node_modules/react-dom/cjs/react-dom-client.development.js:874:13)
    at commitHookEffectListMount (/home/siegfriedneto/projects/servicedeskn1-fix-simulate-hypothesis/frontend/app/node_modules/react-dom/cjs/react-dom-client.development.js:13249:29) undefined
Error: Not implemented: window.scrollTo
    at module.exports (/home/siegfriedneto/projects/servicedeskn1-fix-simulate-hypothesis/frontend/app/node_modules/jsdom/lib/jsdom/browser/not-implemented.js:9:17)
    at /home/siegfriedneto/projects/servicedeskn1-fix-simulate-hypothesis/frontend/app/node_modules/jsdom/lib/jsdom/browser/Window.js:960:7
    at Object.fn (file:///home/siegfriedneto/projects/servicedeskn1-fix-simulate-hypothesis/frontend/app/node_modules/@tanstack/router-core/dist/esm/scroll-restoration.js:180:27)
    at RouterCore.emit (file:///home/siegfriedneto/projects/servicedeskn1-fix-simulate-hypothesis/frontend/app/node_modules/@tanstack/router-core/dist/esm/router.js:178:14)
    at file:///home/siegfriedneto/projects/servicedeskn1-fix-simulate-hypothesis/frontend/app/node_modules/@tanstack/react-router/dist/esm/Transitioner.js:46:25
    at settleOwner (file:///home/siegfriedneto/projects/servicedeskn1-fix-simulate-hypothesis/frontend/app/node_modules/@tanstack/react-router/dist/esm/Transitioner.js:10:10)
    at file:///home/siegfriedneto/projects/servicedeskn1-fix-simulate-hypothesis/frontend/app/node_modules/@tanstack/react-router/dist/esm/Matches.js:38:39
    at Object.react_stack_bottom_frame (/home/siegfriedneto/projects/servicedeskn1-fix-simulate-hypothesis/frontend/app/node_modules/react-dom/cjs/react-dom-client.development.js:25989:20)
    at runWithFiberInDEV (/home/siegfriedneto/projects/servicedeskn1-fix-simulate-hypothesis/frontend/app/node_modules/react-dom/cjs/react-dom-client.development.js:874:13)
    at commitHookEffectListMount (/home/siegfriedneto/projects/servicedeskn1-fix-simulate-hypothesis/frontend/app/node_modules/react-dom/cjs/react-dom-client.development.js:13249:29) undefined
Error: Not implemented: window.scrollTo
    at module.exports (/home/siegfriedneto/projects/servicedeskn1-fix-simulate-hypothesis/frontend/app/node_modules/jsdom/lib/jsdom/browser/not-implemented.js:9:17)
    at /home/siegfriedneto/projects/servicedeskn1-fix-simulate-hypothesis/frontend/app/node_modules/jsdom/lib/jsdom/browser/Window.js:960:7
    at Object.fn (file:///home/siegfriedneto/projects/servicedeskn1-fix-simulate-hypothesis/frontend/app/node_modules/@tanstack/router-core/dist/esm/scroll-restoration.js:180:27)
    at RouterCore.emit (file:///home/siegfriedneto/projects/servicedeskn1-fix-simulate-hypothesis/frontend/app/node_modules/@tanstack/router-core/dist/esm/router.js:178:14)
    at file:///home/siegfriedneto/projects/servicedeskn1-fix-simulate-hypothesis/frontend/app/node_modules/@tanstack/react-router/dist/esm/Transitioner.js:46:25
    at settleOwner (file:///home/siegfriedneto/projects/servicedeskn1-fix-simulate-hypothesis/frontend/app/node_modules/@tanstack/react-router/dist/esm/Transitioner.js:10:10)
    at file:///home/siegfriedneto/projects/servicedeskn1-fix-simulate-hypothesis/frontend/app/node_modules/@tanstack/react-router/dist/esm/Matches.js:38:39
    at Object.react_stack_bottom_frame (/home/siegfriedneto/projects/servicedeskn1-fix-simulate-hypothesis/frontend/app/node_modules/react-dom/cjs/react-dom-client.development.js:25989:20)
    at runWithFiberInDEV (/home/siegfriedneto/projects/servicedeskn1-fix-simulate-hypothesis/frontend/app/node_modules/react-dom/cjs/react-dom-client.development.js:874:13)
    at commitHookEffectListMount (/home/siegfriedneto/projects/servicedeskn1-fix-simulate-hypothesis/frontend/app/node_modules/react-dom/cjs/react-dom-client.development.js:13249:29) undefined
Error: Not implemented: window.scrollTo
    at module.exports (/home/siegfriedneto/projects/servicedeskn1-fix-simulate-hypothesis/frontend/app/node_modules/jsdom/lib/jsdom/browser/not-implemented.js:9:17)
    at /home/siegfriedneto/projects/servicedeskn1-fix-simulate-hypothesis/frontend/app/node_modules/jsdom/lib/jsdom/browser/Window.js:960:7
    at Object.fn (file:///home/siegfriedneto/projects/servicedeskn1-fix-simulate-hypothesis/frontend/app/node_modules/@tanstack/router-core/dist/esm/scroll-restoration.js:180:27)
    at RouterCore.emit (file:///home/siegfriedneto/projects/servicedeskn1-fix-simulate-hypothesis/frontend/app/node_modules/@tanstack/router-core/dist/esm/router.js:178:14)
    at file:///home/siegfriedneto/projects/servicedeskn1-fix-simulate-hypothesis/frontend/app/node_modules/@tanstack/react-router/dist/esm/Transitioner.js:46:25
    at settleOwner (file:///home/siegfriedneto/projects/servicedeskn1-fix-simulate-hypothesis/frontend/app/node_modules/@tanstack/react-router/dist/esm/Transitioner.js:10:10)
    at file:///home/siegfriedneto/projects/servicedeskn1-fix-simulate-hypothesis/frontend/app/node_modules/@tanstack/react-router/dist/esm/Matches.js:38:39
    at Object.react_stack_bottom_frame (/home/siegfriedneto/projects/servicedeskn1-fix-simulate-hypothesis/frontend/app/node_modules/react-dom/cjs/react-dom-client.development.js:25989:20)
    at runWithFiberInDEV (/home/siegfriedneto/projects/servicedeskn1-fix-simulate-hypothesis/frontend/app/node_modules/react-dom/cjs/react-dom-client.development.js:874:13)
    at commitHookEffectListMount (/home/siegfriedneto/projects/servicedeskn1-fix-simulate-hypothesis/frontend/app/node_modules/react-dom/cjs/react-dom-client.development.js:13249:29) undefined
Error: Not implemented: window.scrollTo
    at module.exports (/home/siegfriedneto/projects/servicedeskn1-fix-simulate-hypothesis/frontend/app/node_modules/jsdom/lib/jsdom/browser/not-implemented.js:9:17)
    at /home/siegfriedneto/projects/servicedeskn1-fix-simulate-hypothesis/frontend/app/node_modules/jsdom/lib/jsdom/browser/Window.js:960:7
    at Object.fn (file:///home/siegfriedneto/projects/servicedeskn1-fix-simulate-hypothesis/frontend/app/node_modules/@tanstack/router-core/dist/esm/scroll-restoration.js:180:27)
    at RouterCore.emit (file:///home/siegfriedneto/projects/servicedeskn1-fix-simulate-hypothesis/frontend/app/node_modules/@tanstack/router-core/dist/esm/router.js:178:14)
    at file:///home/siegfriedneto/projects/servicedeskn1-fix-simulate-hypothesis/frontend/app/node_modules/@tanstack/react-router/dist/esm/Transitioner.js:46:25
    at settleOwner (file:///home/siegfriedneto/projects/servicedeskn1-fix-simulate-hypothesis/frontend/app/node_modules/@tanstack/react-router/dist/esm/Transitioner.js:10:10)
    at file:///home/siegfriedneto/projects/servicedeskn1-fix-simulate-hypothesis/frontend/app/node_modules/@tanstack/react-router/dist/esm/Matches.js:38:39
    at Object.react_stack_bottom_frame (/home/siegfriedneto/projects/servicedeskn1-fix-simulate-hypothesis/frontend/app/node_modules/react-dom/cjs/react-dom-client.development.js:25989:20)
    at runWithFiberInDEV (/home/siegfriedneto/projects/servicedeskn1-fix-simulate-hypothesis/frontend/app/node_modules/react-dom/cjs/react-dom-client.development.js:874:13)
    at commitHookEffectListMount (/home/siegfriedneto/projects/servicedeskn1-fix-simulate-hypothesis/frontend/app/node_modules/react-dom/cjs/react-dom-client.development.js:13249:29) undefined
Error: Not implemented: window.scrollTo
    at module.exports (/home/siegfriedneto/projects/servicedeskn1-fix-simulate-hypothesis/frontend/app/node_modules/jsdom/lib/jsdom/browser/not-implemented.js:9:17)
    at /home/siegfriedneto/projects/servicedeskn1-fix-simulate-hypothesis/frontend/app/node_modules/jsdom/lib/jsdom/browser/Window.js:960:7
    at Object.fn (file:///home/siegfriedneto/projects/servicedeskn1-fix-simulate-hypothesis/frontend/app/node_modules/@tanstack/router-core/dist/esm/scroll-restoration.js:180:27)
    at RouterCore.emit (file:///home/siegfriedneto/projects/servicedeskn1-fix-simulate-hypothesis/frontend/app/node_modules/@tanstack/router-core/dist/esm/router.js:178:14)
    at file:///home/siegfriedneto/projects/servicedeskn1-fix-simulate-hypothesis/frontend/app/node_modules/@tanstack/react-router/dist/esm/Transitioner.js:46:25
    at settleOwner (file:///home/siegfriedneto/projects/servicedeskn1-fix-simulate-hypothesis/frontend/app/node_modules/@tanstack/react-router/dist/esm/Transitioner.js:10:10)
    at file:///home/siegfriedneto/projects/servicedeskn1-fix-simulate-hypothesis/frontend/app/node_modules/@tanstack/react-router/dist/esm/Matches.js:38:39
    at Object.react_stack_bottom_frame (/home/siegfriedneto/projects/servicedeskn1-fix-simulate-hypothesis/frontend/app/node_modules/react-dom/cjs/react-dom-client.development.js:25989:20)
    at runWithFiberInDEV (/home/siegfriedneto/projects/servicedeskn1-fix-simulate-hypothesis/frontend/app/node_modules/react-dom/cjs/react-dom-client.development.js:874:13)
    at commitHookEffectListMount (/home/siegfriedneto/projects/servicedeskn1-fix-simulate-hypothesis/frontend/app/node_modules/react-dom/cjs/react-dom-client.development.js:13249:29) undefined
Error: Not implemented: window.scrollTo
    at module.exports (/home/siegfriedneto/projects/servicedeskn1-fix-simulate-hypothesis/frontend/app/node_modules/jsdom/lib/jsdom/browser/not-implemented.js:9:17)
    at /home/siegfriedneto/projects/servicedeskn1-fix-simulate-hypothesis/frontend/app/node_modules/jsdom/lib/jsdom/browser/Window.js:960:7
    at Object.fn (file:///home/siegfriedneto/projects/servicedeskn1-fix-simulate-hypothesis/frontend/app/node_modules/@tanstack/router-core/dist/esm/scroll-restoration.js:180:27)
    at RouterCore.emit (file:///home/siegfriedneto/projects/servicedeskn1-fix-simulate-hypothesis/frontend/app/node_modules/@tanstack/router-core/dist/esm/router.js:178:14)
    at file:///home/siegfriedneto/projects/servicedeskn1-fix-simulate-hypothesis/frontend/app/node_modules/@tanstack/react-router/dist/esm/Transitioner.js:46:25
    at settleOwner (file:///home/siegfriedneto/projects/servicedeskn1-fix-simulate-hypothesis/frontend/app/node_modules/@tanstack/react-router/dist/esm/Transitioner.js:10:10)
    at file:///home/siegfriedneto/projects/servicedeskn1-fix-simulate-hypothesis/frontend/app/node_modules/@tanstack/react-router/dist/esm/Matches.js:38:39
    at Object.react_stack_bottom_frame (/home/siegfriedneto/projects/servicedeskn1-fix-simulate-hypothesis/frontend/app/node_modules/react-dom/cjs/react-dom-client.development.js:25989:20)
    at runWithFiberInDEV (/home/siegfriedneto/projects/servicedeskn1-fix-simulate-hypothesis/frontend/app/node_modules/react-dom/cjs/react-dom-client.development.js:874:13)
    at commitHookEffectListMount (/home/siegfriedneto/projects/servicedeskn1-fix-simulate-hypothesis/frontend/app/node_modules/react-dom/cjs/react-dom-client.development.js:13249:29) undefined
Error: Not implemented: window.scrollTo
    at module.exports (/home/siegfriedneto/projects/servicedeskn1-fix-simulate-hypothesis/frontend/app/node_modules/jsdom/lib/jsdom/browser/not-implemented.js:9:17)
    at /home/siegfriedneto/projects/servicedeskn1-fix-simulate-hypothesis/frontend/app/node_modules/jsdom/lib/jsdom/browser/Window.js:960:7
    at Object.fn (file:///home/siegfriedneto/projects/servicedeskn1-fix-simulate-hypothesis/frontend/app/node_modules/@tanstack/router-core/dist/esm/scroll-restoration.js:180:27)
    at RouterCore.emit (file:///home/siegfriedneto/projects/servicedeskn1-fix-simulate-hypothesis/frontend/app/node_modules/@tanstack/router-core/dist/esm/router.js:178:14)
    at file:///home/siegfriedneto/projects/servicedeskn1-fix-simulate-hypothesis/frontend/app/node_modules/@tanstack/react-router/dist/esm/Transitioner.js:46:25
    at settleOwner (file:///home/siegfriedneto/projects/servicedeskn1-fix-simulate-hypothesis/frontend/app/node_modules/@tanstack/react-router/dist/esm/Transitioner.js:10:10)
    at file:///home/siegfriedneto/projects/servicedeskn1-fix-simulate-hypothesis/frontend/app/node_modules/@tanstack/react-router/dist/esm/Matches.js:38:39
    at Object.react_stack_bottom_frame (/home/siegfriedneto/projects/servicedeskn1-fix-simulate-hypothesis/frontend/app/node_modules/react-dom/cjs/react-dom-client.development.js:25989:20)
    at runWithFiberInDEV (/home/siegfriedneto/projects/servicedeskn1-fix-simulate-hypothesis/frontend/app/node_modules/react-dom/cjs/react-dom-client.development.js:874:13)
    at commitHookEffectListMount (/home/siegfriedneto/projects/servicedeskn1-fix-simulate-hypothesis/frontend/app/node_modules/react-dom/cjs/react-dom-client.development.js:13249:29) undefined
Error: Not implemented: window.scrollTo
    at module.exports (/home/siegfriedneto/projects/servicedeskn1-fix-simulate-hypothesis/frontend/app/node_modules/jsdom/lib/jsdom/browser/not-implemented.js:9:17)
    at /home/siegfriedneto/projects/servicedeskn1-fix-simulate-hypothesis/frontend/app/node_modules/jsdom/lib/jsdom/browser/Window.js:960:7
    at Object.fn (file:///home/siegfriedneto/projects/servicedeskn1-fix-simulate-hypothesis/frontend/app/node_modules/@tanstack/router-core/dist/esm/scroll-restoration.js:180:27)
    at RouterCore.emit (file:///home/siegfriedneto/projects/servicedeskn1-fix-simulate-hypothesis/frontend/app/node_modules/@tanstack/router-core/dist/esm/router.js:178:14)
    at file:///home/siegfriedneto/projects/servicedeskn1-fix-simulate-hypothesis/frontend/app/node_modules/@tanstack/react-router/dist/esm/Transitioner.js:46:25
    at settleOwner (file:///home/siegfriedneto/projects/servicedeskn1-fix-simulate-hypothesis/frontend/app/node_modules/@tanstack/react-router/dist/esm/Transitioner.js:10:10)
    at file:///home/siegfriedneto/projects/servicedeskn1-fix-simulate-hypothesis/frontend/app/node_modules/@tanstack/react-router/dist/esm/Matches.js:38:39
    at Object.react_stack_bottom_frame (/home/siegfriedneto/projects/servicedeskn1-fix-simulate-hypothesis/frontend/app/node_modules/react-dom/cjs/react-dom-client.development.js:25989:20)
    at runWithFiberInDEV (/home/siegfriedneto/projects/servicedeskn1-fix-simulate-hypothesis/frontend/app/node_modules/react-dom/cjs/react-dom-client.development.js:874:13)
    at commitHookEffectListMount (/home/siegfriedneto/projects/servicedeskn1-fix-simulate-hypothesis/frontend/app/node_modules/react-dom/cjs/react-dom-client.development.js:13249:29) undefined
Error: Not implemented: window.scrollTo
    at module.exports (/home/siegfriedneto/projects/servicedeskn1-fix-simulate-hypothesis/frontend/app/node_modules/jsdom/lib/jsdom/browser/not-implemented.js:9:17)
    at /home/siegfriedneto/projects/servicedeskn1-fix-simulate-hypothesis/frontend/app/node_modules/jsdom/lib/jsdom/browser/Window.js:960:7
    at Object.fn (file:///home/siegfriedneto/projects/servicedeskn1-fix-simulate-hypothesis/frontend/app/node_modules/@tanstack/router-core/dist/esm/scroll-restoration.js:180:27)
    at RouterCore.emit (file:///home/siegfriedneto/projects/servicedeskn1-fix-simulate-hypothesis/frontend/app/node_modules/@tanstack/router-core/dist/esm/router.js:178:14)
    at file:///home/siegfriedneto/projects/servicedeskn1-fix-simulate-hypothesis/frontend/app/node_modules/@tanstack/react-router/dist/esm/Transitioner.js:46:25
    at settleOwner (file:///home/siegfriedneto/projects/servicedeskn1-fix-simulate-hypothesis/frontend/app/node_modules/@tanstack/react-router/dist/esm/Transitioner.js:10:10)
    at file:///home/siegfriedneto/projects/servicedeskn1-fix-simulate-hypothesis/frontend/app/node_modules/@tanstack/react-router/dist/esm/Matches.js:38:39
    at Object.react_stack_bottom_frame (/home/siegfriedneto/projects/servicedeskn1-fix-simulate-hypothesis/frontend/app/node_modules/react-dom/cjs/react-dom-client.development.js:25989:20)
    at runWithFiberInDEV (/home/siegfriedneto/projects/servicedeskn1-fix-simulate-hypothesis/frontend/app/node_modules/react-dom/cjs/react-dom-client.development.js:874:13)
    at commitHookEffectListMount (/home/siegfriedneto/projects/servicedeskn1-fix-simulate-hypothesis/frontend/app/node_modules/react-dom/cjs/react-dom-client.development.js:13249:29) undefined
Error: Not implemented: window.scrollTo
    at module.exports (/home/siegfriedneto/projects/servicedeskn1-fix-simulate-hypothesis/frontend/app/node_modules/jsdom/lib/jsdom/browser/not-implemented.js:9:17)
    at /home/siegfriedneto/projects/servicedeskn1-fix-simulate-hypothesis/frontend/app/node_modules/jsdom/lib/jsdom/browser/Window.js:960:7
    at Object.fn (file:///home/siegfriedneto/projects/servicedeskn1-fix-simulate-hypothesis/frontend/app/node_modules/@tanstack/router-core/dist/esm/scroll-restoration.js:180:27)
    at RouterCore.emit (file:///home/siegfriedneto/projects/servicedeskn1-fix-simulate-hypothesis/frontend/app/node_modules/@tanstack/router-core/dist/esm/router.js:178:14)
    at file:///home/siegfriedneto/projects/servicedeskn1-fix-simulate-hypothesis/frontend/app/node_modules/@tanstack/react-router/dist/esm/Transitioner.js:46:25
    at settleOwner (file:///home/siegfriedneto/projects/servicedeskn1-fix-simulate-hypothesis/frontend/app/node_modules/@tanstack/react-router/dist/esm/Transitioner.js:10:10)
    at file:///home/siegfriedneto/projects/servicedeskn1-fix-simulate-hypothesis/frontend/app/node_modules/@tanstack/react-router/dist/esm/Matches.js:38:39
    at Object.react_stack_bottom_frame (/home/siegfriedneto/projects/servicedeskn1-fix-simulate-hypothesis/frontend/app/node_modules/react-dom/cjs/react-dom-client.development.js:25989:20)
    at runWithFiberInDEV (/home/siegfriedneto/projects/servicedeskn1-fix-simulate-hypothesis/frontend/app/node_modules/react-dom/cjs/react-dom-client.development.js:874:13)
    at commitHookEffectListMount (/home/siegfriedneto/projects/servicedeskn1-fix-simulate-hypothesis/frontend/app/node_modules/react-dom/cjs/react-dom-client.development.js:13249:29) undefined
Error: Not implemented: window.scrollTo
    at module.exports (/home/siegfriedneto/projects/servicedeskn1-fix-simulate-hypothesis/frontend/app/node_modules/jsdom/lib/jsdom/browser/not-implemented.js:9:17)
    at /home/siegfriedneto/projects/servicedeskn1-fix-simulate-hypothesis/frontend/app/node_modules/jsdom/lib/jsdom/browser/Window.js:960:7
    at Object.fn (file:///home/siegfriedneto/projects/servicedeskn1-fix-simulate-hypothesis/frontend/app/node_modules/@tanstack/router-core/dist/esm/scroll-restoration.js:180:27)
    at RouterCore.emit (file:///home/siegfriedneto/projects/servicedeskn1-fix-simulate-hypothesis/frontend/app/node_modules/@tanstack/router-core/dist/esm/router.js:178:14)
    at file:///home/siegfriedneto/projects/servicedeskn1-fix-simulate-hypothesis/frontend/app/node_modules/@tanstack/react-router/dist/esm/Transitioner.js:46:25
    at settleOwner (file:///home/siegfriedneto/projects/servicedeskn1-fix-simulate-hypothesis/frontend/app/node_modules/@tanstack/react-router/dist/esm/Transitioner.js:10:10)
    at file:///home/siegfriedneto/projects/servicedeskn1-fix-simulate-hypothesis/frontend/app/node_modules/@tanstack/react-router/dist/esm/Matches.js:38:39
    at Object.react_stack_bottom_frame (/home/siegfriedneto/projects/servicedeskn1-fix-simulate-hypothesis/frontend/app/node_modules/react-dom/cjs/react-dom-client.development.js:25989:20)
    at runWithFiberInDEV (/home/siegfriedneto/projects/servicedeskn1-fix-simulate-hypothesis/frontend/app/node_modules/react-dom/cjs/react-dom-client.development.js:874:13)
    at commitHookEffectListMount (/home/siegfriedneto/projects/servicedeskn1-fix-simulate-hypothesis/frontend/app/node_modules/react-dom/cjs/react-dom-client.development.js:13249:29) undefined
Error: Not implemented: window.scrollTo
    at module.exports (/home/siegfriedneto/projects/servicedeskn1-fix-simulate-hypothesis/frontend/app/node_modules/jsdom/lib/jsdom/browser/not-implemented.js:9:17)
    at /home/siegfriedneto/projects/servicedeskn1-fix-simulate-hypothesis/frontend/app/node_modules/jsdom/lib/jsdom/browser/Window.js:960:7
    at Object.fn (file:///home/siegfriedneto/projects/servicedeskn1-fix-simulate-hypothesis/frontend/app/node_modules/@tanstack/router-core/dist/esm/scroll-restoration.js:180:27)
    at RouterCore.emit (file:///home/siegfriedneto/projects/servicedeskn1-fix-simulate-hypothesis/frontend/app/node_modules/@tanstack/router-core/dist/esm/router.js:178:14)
    at file:///home/siegfriedneto/projects/servicedeskn1-fix-simulate-hypothesis/frontend/app/node_modules/@tanstack/react-router/dist/esm/Transitioner.js:46:25
    at settleOwner (file:///home/siegfriedneto/projects/servicedeskn1-fix-simulate-hypothesis/frontend/app/node_modules/@tanstack/react-router/dist/esm/Transitioner.js:10:10)
    at file:///home/siegfriedneto/projects/servicedeskn1-fix-simulate-hypothesis/frontend/app/node_modules/@tanstack/react-router/dist/esm/Matches.js:38:39
    at Object.react_stack_bottom_frame (/home/siegfriedneto/projects/servicedeskn1-fix-simulate-hypothesis/frontend/app/node_modules/react-dom/cjs/react-dom-client.development.js:25989:20)
    at runWithFiberInDEV (/home/siegfriedneto/projects/servicedeskn1-fix-simulate-hypothesis/frontend/app/node_modules/react-dom/cjs/react-dom-client.development.js:874:13)
    at commitHookEffectListMount (/home/siegfriedneto/projects/servicedeskn1-fix-simulate-hypothesis/frontend/app/node_modules/react-dom/cjs/react-dom-client.development.js:13249:29) undefined
Error: Not implemented: window.scrollTo
    at module.exports (/home/siegfriedneto/projects/servicedeskn1-fix-simulate-hypothesis/frontend/app/node_modules/jsdom/lib/jsdom/browser/not-implemented.js:9:17)
    at /home/siegfriedneto/projects/servicedeskn1-fix-simulate-hypothesis/frontend/app/node_modules/jsdom/lib/jsdom/browser/Window.js:960:7
    at Object.fn (file:///home/siegfriedneto/projects/servicedeskn1-fix-simulate-hypothesis/frontend/app/node_modules/@tanstack/router-core/dist/esm/scroll-restoration.js:180:27)
    at RouterCore.emit (file:///home/siegfriedneto/projects/servicedeskn1-fix-simulate-hypothesis/frontend/app/node_modules/@tanstack/router-core/dist/esm/router.js:178:14)
    at file:///home/siegfriedneto/projects/servicedeskn1-fix-simulate-hypothesis/frontend/app/node_modules/@tanstack/react-router/dist/esm/Transitioner.js:46:25
    at settleOwner (file:///home/siegfriedneto/projects/servicedeskn1-fix-simulate-hypothesis/frontend/app/node_modules/@tanstack/react-router/dist/esm/Transitioner.js:10:10)
    at file:///home/siegfriedneto/projects/servicedeskn1-fix-simulate-hypothesis/frontend/app/node_modules/@tanstack/react-router/dist/esm/Matches.js:38:39
    at Object.react_stack_bottom_frame (/home/siegfriedneto/projects/servicedeskn1-fix-simulate-hypothesis/frontend/app/node_modules/react-dom/cjs/react-dom-client.development.js:25989:20)
    at runWithFiberInDEV (/home/siegfriedneto/projects/servicedeskn1-fix-simulate-hypothesis/frontend/app/node_modules/react-dom/cjs/react-dom-client.development.js:874:13)
    at commitHookEffectListMount (/home/siegfriedneto/projects/servicedeskn1-fix-simulate-hypothesis/frontend/app/node_modules/react-dom/cjs/react-dom-client.development.js:13249:29) undefined
Error: Not implemented: window.scrollTo
    at module.exports (/home/siegfriedneto/projects/servicedeskn1-fix-simulate-hypothesis/frontend/app/node_modules/jsdom/lib/jsdom/browser/not-implemented.js:9:17)
    at /home/siegfriedneto/projects/servicedeskn1-fix-simulate-hypothesis/frontend/app/node_modules/jsdom/lib/jsdom/browser/Window.js:960:7
    at Object.fn (file:///home/siegfriedneto/projects/servicedeskn1-fix-simulate-hypothesis/frontend/app/node_modules/@tanstack/router-core/dist/esm/scroll-restoration.js:180:27)
    at RouterCore.emit (file:///home/siegfriedneto/projects/servicedeskn1-fix-simulate-hypothesis/frontend/app/node_modules/@tanstack/router-core/dist/esm/router.js:178:14)
    at file:///home/siegfriedneto/projects/servicedeskn1-fix-simulate-hypothesis/frontend/app/node_modules/@tanstack/react-router/dist/esm/Transitioner.js:46:25
    at settleOwner (file:///home/siegfriedneto/projects/servicedeskn1-fix-simulate-hypothesis/frontend/app/node_modules/@tanstack/react-router/dist/esm/Transitioner.js:10:10)
    at file:///home/siegfriedneto/projects/servicedeskn1-fix-simulate-hypothesis/frontend/app/node_modules/@tanstack/react-router/dist/esm/Matches.js:38:39
    at Object.react_stack_bottom_frame (/home/siegfriedneto/projects/servicedeskn1-fix-simulate-hypothesis/frontend/app/node_modules/react-dom/cjs/react-dom-client.development.js:25989:20)
    at runWithFiberInDEV (/home/siegfriedneto/projects/servicedeskn1-fix-simulate-hypothesis/frontend/app/node_modules/react-dom/cjs/react-dom-client.development.js:874:13)
    at commitHookEffectListMount (/home/siegfriedneto/projects/servicedeskn1-fix-simulate-hypothesis/frontend/app/node_modules/react-dom/cjs/react-dom-client.development.js:13249:29) undefined
Error: Not implemented: window.scrollTo
    at module.exports (/home/siegfriedneto/projects/servicedeskn1-fix-simulate-hypothesis/frontend/app/node_modules/jsdom/lib/jsdom/browser/not-implemented.js:9:17)
    at /home/siegfriedneto/projects/servicedeskn1-fix-simulate-hypothesis/frontend/app/node_modules/jsdom/lib/jsdom/browser/Window.js:960:7
    at Object.fn (file:///home/siegfriedneto/projects/servicedeskn1-fix-simulate-hypothesis/frontend/app/node_modules/@tanstack/router-core/dist/esm/scroll-restoration.js:180:27)
    at RouterCore.emit (file:///home/siegfriedneto/projects/servicedeskn1-fix-simulate-hypothesis/frontend/app/node_modules/@tanstack/router-core/dist/esm/router.js:178:14)
    at file:///home/siegfriedneto/projects/servicedeskn1-fix-simulate-hypothesis/frontend/app/node_modules/@tanstack/react-router/dist/esm/Transitioner.js:46:25
    at settleOwner (file:///home/siegfriedneto/projects/servicedeskn1-fix-simulate-hypothesis/frontend/app/node_modules/@tanstack/react-router/dist/esm/Transitioner.js:10:10)
    at file:///home/siegfriedneto/projects/servicedeskn1-fix-simulate-hypothesis/frontend/app/node_modules/@tanstack/react-router/dist/esm/Matches.js:38:39
    at Object.react_stack_bottom_frame (/home/siegfriedneto/projects/servicedeskn1-fix-simulate-hypothesis/frontend/app/node_modules/react-dom/cjs/react-dom-client.development.js:25989:20)
    at runWithFiberInDEV (/home/siegfriedneto/projects/servicedeskn1-fix-simulate-hypothesis/frontend/app/node_modules/react-dom/cjs/react-dom-client.development.js:874:13)
    at commitHookEffectListMount (/home/siegfriedneto/projects/servicedeskn1-fix-simulate-hypothesis/frontend/app/node_modules/react-dom/cjs/react-dom-client.development.js:13249:29) undefined
Error: Not implemented: window.scrollTo
    at module.exports (/home/siegfriedneto/projects/servicedeskn1-fix-simulate-hypothesis/frontend/app/node_modules/jsdom/lib/jsdom/browser/not-implemented.js:9:17)
    at /home/siegfriedneto/projects/servicedeskn1-fix-simulate-hypothesis/frontend/app/node_modules/jsdom/lib/jsdom/browser/Window.js:960:7
    at Object.fn (file:///home/siegfriedneto/projects/servicedeskn1-fix-simulate-hypothesis/frontend/app/node_modules/@tanstack/router-core/dist/esm/scroll-restoration.js:180:27)
    at RouterCore.emit (file:///home/siegfriedneto/projects/servicedeskn1-fix-simulate-hypothesis/frontend/app/node_modules/@tanstack/router-core/dist/esm/router.js:178:14)
    at file:///home/siegfriedneto/projects/servicedeskn1-fix-simulate-hypothesis/frontend/app/node_modules/@tanstack/react-router/dist/esm/Transitioner.js:46:25
    at settleOwner (file:///home/siegfriedneto/projects/servicedeskn1-fix-simulate-hypothesis/frontend/app/node_modules/@tanstack/react-router/dist/esm/Transitioner.js:10:10)
    at file:///home/siegfriedneto/projects/servicedeskn1-fix-simulate-hypothesis/frontend/app/node_modules/@tanstack/react-router/dist/esm/Matches.js:38:39
    at Object.react_stack_bottom_frame (/home/siegfriedneto/projects/servicedeskn1-fix-simulate-hypothesis/frontend/app/node_modules/react-dom/cjs/react-dom-client.development.js:25989:20)
    at runWithFiberInDEV (/home/siegfriedneto/projects/servicedeskn1-fix-simulate-hypothesis/frontend/app/node_modules/react-dom/cjs/react-dom-client.development.js:874:13)
    at commitHookEffectListMount (/home/siegfriedneto/projects/servicedeskn1-fix-simulate-hypothesis/frontend/app/node_modules/react-dom/cjs/react-dom-client.development.js:13249:29) undefined
Error: Not implemented: window.scrollTo
    at module.exports (/home/siegfriedneto/projects/servicedeskn1-fix-simulate-hypothesis/frontend/app/node_modules/jsdom/lib/jsdom/browser/not-implemented.js:9:17)
    at /home/siegfriedneto/projects/servicedeskn1-fix-simulate-hypothesis/frontend/app/node_modules/jsdom/lib/jsdom/browser/Window.js:960:7
    at Object.fn (file:///home/siegfriedneto/projects/servicedeskn1-fix-simulate-hypothesis/frontend/app/node_modules/@tanstack/router-core/dist/esm/scroll-restoration.js:180:27)
    at RouterCore.emit (file:///home/siegfriedneto/projects/servicedeskn1-fix-simulate-hypothesis/frontend/app/node_modules/@tanstack/router-core/dist/esm/router.js:178:14)
    at file:///home/siegfriedneto/projects/servicedeskn1-fix-simulate-hypothesis/frontend/app/node_modules/@tanstack/react-router/dist/esm/Transitioner.js:46:25
    at settleOwner (file:///home/siegfriedneto/projects/servicedeskn1-fix-simulate-hypothesis/frontend/app/node_modules/@tanstack/react-router/dist/esm/Transitioner.js:10:10)
    at file:///home/siegfriedneto/projects/servicedeskn1-fix-simulate-hypothesis/frontend/app/node_modules/@tanstack/react-router/dist/esm/Matches.js:38:39
    at Object.react_stack_bottom_frame (/home/siegfriedneto/projects/servicedeskn1-fix-simulate-hypothesis/frontend/app/node_modules/react-dom/cjs/react-dom-client.development.js:25989:20)
    at runWithFiberInDEV (/home/siegfriedneto/projects/servicedeskn1-fix-simulate-hypothesis/frontend/app/node_modules/react-dom/cjs/react-dom-client.development.js:874:13)
    at commitHookEffectListMount (/home/siegfriedneto/projects/servicedeskn1-fix-simulate-hypothesis/frontend/app/node_modules/react-dom/cjs/react-dom-client.development.js:13249:29) undefined
Error: Not implemented: window.scrollTo
    at module.exports (/home/siegfriedneto/projects/servicedeskn1-fix-simulate-hypothesis/frontend/app/node_modules/jsdom/lib/jsdom/browser/not-implemented.js:9:17)
    at /home/siegfriedneto/projects/servicedeskn1-fix-simulate-hypothesis/frontend/app/node_modules/jsdom/lib/jsdom/browser/Window.js:960:7
    at Object.fn (file:///home/siegfriedneto/projects/servicedeskn1-fix-simulate-hypothesis/frontend/app/node_modules/@tanstack/router-core/dist/esm/scroll-restoration.js:180:27)
    at RouterCore.emit (file:///home/siegfriedneto/projects/servicedeskn1-fix-simulate-hypothesis/frontend/app/node_modules/@tanstack/router-core/dist/esm/router.js:178:14)
    at file:///home/siegfriedneto/projects/servicedeskn1-fix-simulate-hypothesis/frontend/app/node_modules/@tanstack/react-router/dist/esm/Transitioner.js:46:25
    at settleOwner (file:///home/siegfriedneto/projects/servicedeskn1-fix-simulate-hypothesis/frontend/app/node_modules/@tanstack/react-router/dist/esm/Transitioner.js:10:10)
    at file:///home/siegfriedneto/projects/servicedeskn1-fix-simulate-hypothesis/frontend/app/node_modules/@tanstack/react-router/dist/esm/Matches.js:38:39
    at Object.react_stack_bottom_frame (/home/siegfriedneto/projects/servicedeskn1-fix-simulate-hypothesis/frontend/app/node_modules/react-dom/cjs/react-dom-client.development.js:25989:20)
    at runWithFiberInDEV (/home/siegfriedneto/projects/servicedeskn1-fix-simulate-hypothesis/frontend/app/node_modules/react-dom/cjs/react-dom-client.development.js:874:13)
    at commitHookEffectListMount (/home/siegfriedneto/projects/servicedeskn1-fix-simulate-hypothesis/frontend/app/node_modules/react-dom/cjs/react-dom-client.development.js:13249:29) undefined
Error: Not implemented: window.scrollTo
    at module.exports (/home/siegfriedneto/projects/servicedeskn1-fix-simulate-hypothesis/frontend/app/node_modules/jsdom/lib/jsdom/browser/not-implemented.js:9:17)
    at /home/siegfriedneto/projects/servicedeskn1-fix-simulate-hypothesis/frontend/app/node_modules/jsdom/lib/jsdom/browser/Window.js:960:7
    at Object.fn (file:///home/siegfriedneto/projects/servicedeskn1-fix-simulate-hypothesis/frontend/app/node_modules/@tanstack/router-core/dist/esm/scroll-restoration.js:180:27)
    at RouterCore.emit (file:///home/siegfriedneto/projects/servicedeskn1-fix-simulate-hypothesis/frontend/app/node_modules/@tanstack/router-core/dist/esm/router.js:178:14)
    at file:///home/siegfriedneto/projects/servicedeskn1-fix-simulate-hypothesis/frontend/app/node_modules/@tanstack/react-router/dist/esm/Transitioner.js:46:25
    at settleOwner (file:///home/siegfriedneto/projects/servicedeskn1-fix-simulate-hypothesis/frontend/app/node_modules/@tanstack/react-router/dist/esm/Transitioner.js:10:10)
    at file:///home/siegfriedneto/projects/servicedeskn1-fix-simulate-hypothesis/frontend/app/node_modules/@tanstack/react-router/dist/esm/Matches.js:38:39
    at Object.react_stack_bottom_frame (/home/siegfriedneto/projects/servicedeskn1-fix-simulate-hypothesis/frontend/app/node_modules/react-dom/cjs/react-dom-client.development.js:25989:20)
    at runWithFiberInDEV (/home/siegfriedneto/projects/servicedeskn1-fix-simulate-hypothesis/frontend/app/node_modules/react-dom/cjs/react-dom-client.development.js:874:13)
    at commitHookEffectListMount (/home/siegfriedneto/projects/servicedeskn1-fix-simulate-hypothesis/frontend/app/node_modules/react-dom/cjs/react-dom-client.development.js:13249:29) undefined
Error: Not implemented: window.scrollTo
    at module.exports (/home/siegfriedneto/projects/servicedeskn1-fix-simulate-hypothesis/frontend/app/node_modules/jsdom/lib/jsdom/browser/not-implemented.js:9:17)
    at /home/siegfriedneto/projects/servicedeskn1-fix-simulate-hypothesis/frontend/app/node_modules/jsdom/lib/jsdom/browser/Window.js:960:7
    at Object.fn (file:///home/siegfriedneto/projects/servicedeskn1-fix-simulate-hypothesis/frontend/app/node_modules/@tanstack/router-core/dist/esm/scroll-restoration.js:180:27)
    at RouterCore.emit (file:///home/siegfriedneto/projects/servicedeskn1-fix-simulate-hypothesis/frontend/app/node_modules/@tanstack/router-core/dist/esm/router.js:178:14)
    at file:///home/siegfriedneto/projects/servicedeskn1-fix-simulate-hypothesis/frontend/app/node_modules/@tanstack/react-router/dist/esm/Transitioner.js:46:25
    at settleOwner (file:///home/siegfriedneto/projects/servicedeskn1-fix-simulate-hypothesis/frontend/app/node_modules/@tanstack/react-router/dist/esm/Transitioner.js:10:10)
    at file:///home/siegfriedneto/projects/servicedeskn1-fix-simulate-hypothesis/frontend/app/node_modules/@tanstack/react-router/dist/esm/Matches.js:38:39
    at Object.react_stack_bottom_frame (/home/siegfriedneto/projects/servicedeskn1-fix-simulate-hypothesis/frontend/app/node_modules/react-dom/cjs/react-dom-client.development.js:25989:20)
    at runWithFiberInDEV (/home/siegfriedneto/projects/servicedeskn1-fix-simulate-hypothesis/frontend/app/node_modules/react-dom/cjs/react-dom-client.development.js:874:13)
    at commitHookEffectListMount (/home/siegfriedneto/projects/servicedeskn1-fix-simulate-hypothesis/frontend/app/node_modules/react-dom/cjs/react-dom-client.development.js:13249:29) undefined
Error: Not implemented: window.scrollTo
    at module.exports (/home/siegfriedneto/projects/servicedeskn1-fix-simulate-hypothesis/frontend/app/node_modules/jsdom/lib/jsdom/browser/not-implemented.js:9:17)
    at /home/siegfriedneto/projects/servicedeskn1-fix-simulate-hypothesis/frontend/app/node_modules/jsdom/lib/jsdom/browser/Window.js:960:7
    at Object.fn (file:///home/siegfriedneto/projects/servicedeskn1-fix-simulate-hypothesis/frontend/app/node_modules/@tanstack/router-core/dist/esm/scroll-restoration.js:180:27)
    at RouterCore.emit (file:///home/siegfriedneto/projects/servicedeskn1-fix-simulate-hypothesis/frontend/app/node_modules/@tanstack/router-core/dist/esm/router.js:178:14)
    at file:///home/siegfriedneto/projects/servicedeskn1-fix-simulate-hypothesis/frontend/app/node_modules/@tanstack/react-router/dist/esm/Transitioner.js:46:25
    at settleOwner (file:///home/siegfriedneto/projects/servicedeskn1-fix-simulate-hypothesis/frontend/app/node_modules/@tanstack/react-router/dist/esm/Transitioner.js:10:10)
    at file:///home/siegfriedneto/projects/servicedeskn1-fix-simulate-hypothesis/frontend/app/node_modules/@tanstack/react-router/dist/esm/Matches.js:38:39
    at Object.react_stack_bottom_frame (/home/siegfriedneto/projects/servicedeskn1-fix-simulate-hypothesis/frontend/app/node_modules/react-dom/cjs/react-dom-client.development.js:25989:20)
    at runWithFiberInDEV (/home/siegfriedneto/projects/servicedeskn1-fix-simulate-hypothesis/frontend/app/node_modules/react-dom/cjs/react-dom-client.development.js:874:13)
    at commitHookEffectListMount (/home/siegfriedneto/projects/servicedeskn1-fix-simulate-hypothesis/frontend/app/node_modules/react-dom/cjs/react-dom-client.development.js:13249:29) undefined
Error: Not implemented: window.scrollTo
    at module.exports (/home/siegfriedneto/projects/servicedeskn1-fix-simulate-hypothesis/frontend/app/node_modules/jsdom/lib/jsdom/browser/not-implemented.js:9:17)
    at /home/siegfriedneto/projects/servicedeskn1-fix-simulate-hypothesis/frontend/app/node_modules/jsdom/lib/jsdom/browser/Window.js:960:7
    at Object.fn (file:///home/siegfriedneto/projects/servicedeskn1-fix-simulate-hypothesis/frontend/app/node_modules/@tanstack/router-core/dist/esm/scroll-restoration.js:180:27)
    at RouterCore.emit (file:///home/siegfriedneto/projects/servicedeskn1-fix-simulate-hypothesis/frontend/app/node_modules/@tanstack/router-core/dist/esm/router.js:178:14)
    at file:///home/siegfriedneto/projects/servicedeskn1-fix-simulate-hypothesis/frontend/app/node_modules/@tanstack/react-router/dist/esm/Transitioner.js:46:25
    at settleOwner (file:///home/siegfriedneto/projects/servicedeskn1-fix-simulate-hypothesis/frontend/app/node_modules/@tanstack/react-router/dist/esm/Transitioner.js:10:10)
    at file:///home/siegfriedneto/projects/servicedeskn1-fix-simulate-hypothesis/frontend/app/node_modules/@tanstack/react-router/dist/esm/Matches.js:38:39
    at Object.react_stack_bottom_frame (/home/siegfriedneto/projects/servicedeskn1-fix-simulate-hypothesis/frontend/app/node_modules/react-dom/cjs/react-dom-client.development.js:25989:20)
    at runWithFiberInDEV (/home/siegfriedneto/projects/servicedeskn1-fix-simulate-hypothesis/frontend/app/node_modules/react-dom/cjs/react-dom-client.development.js:874:13)
    at commitHookEffectListMount (/home/siegfriedneto/projects/servicedeskn1-fix-simulate-hypothesis/frontend/app/node_modules/react-dom/cjs/react-dom-client.development.js:13249:29) undefined
Error: Not implemented: window.scrollTo
    at module.exports (/home/siegfriedneto/projects/servicedeskn1-fix-simulate-hypothesis/frontend/app/node_modules/jsdom/lib/jsdom/browser/not-implemented.js:9:17)
    at /home/siegfriedneto/projects/servicedeskn1-fix-simulate-hypothesis/frontend/app/node_modules/jsdom/lib/jsdom/browser/Window.js:960:7
    at Object.fn (file:///home/siegfriedneto/projects/servicedeskn1-fix-simulate-hypothesis/frontend/app/node_modules/@tanstack/router-core/dist/esm/scroll-restoration.js:180:27)
    at RouterCore.emit (file:///home/siegfriedneto/projects/servicedeskn1-fix-simulate-hypothesis/frontend/app/node_modules/@tanstack/router-core/dist/esm/router.js:178:14)
    at file:///home/siegfriedneto/projects/servicedeskn1-fix-simulate-hypothesis/frontend/app/node_modules/@tanstack/react-router/dist/esm/Transitioner.js:46:25
    at settleOwner (file:///home/siegfriedneto/projects/servicedeskn1-fix-simulate-hypothesis/frontend/app/node_modules/@tanstack/react-router/dist/esm/Transitioner.js:10:10)
    at file:///home/siegfriedneto/projects/servicedeskn1-fix-simulate-hypothesis/frontend/app/node_modules/@tanstack/react-router/dist/esm/Matches.js:38:39
    at Object.react_stack_bottom_frame (/home/siegfriedneto/projects/servicedeskn1-fix-simulate-hypothesis/frontend/app/node_modules/react-dom/cjs/react-dom-client.development.js:25989:20)
    at runWithFiberInDEV (/home/siegfriedneto/projects/servicedeskn1-fix-simulate-hypothesis/frontend/app/node_modules/react-dom/cjs/react-dom-client.development.js:874:13)
    at commitHookEffectListMount (/home/siegfriedneto/projects/servicedeskn1-fix-simulate-hypothesis/frontend/app/node_modules/react-dom/cjs/react-dom-client.development.js:13249:29) undefined
Error: Not implemented: window.scrollTo
    at module.exports (/home/siegfriedneto/projects/servicedeskn1-fix-simulate-hypothesis/frontend/app/node_modules/jsdom/lib/jsdom/browser/not-implemented.js:9:17)
    at /home/siegfriedneto/projects/servicedeskn1-fix-simulate-hypothesis/frontend/app/node_modules/jsdom/lib/jsdom/browser/Window.js:960:7
    at Object.fn (file:///home/siegfriedneto/projects/servicedeskn1-fix-simulate-hypothesis/frontend/app/node_modules/@tanstack/router-core/dist/esm/scroll-restoration.js:180:27)
    at RouterCore.emit (file:///home/siegfriedneto/projects/servicedeskn1-fix-simulate-hypothesis/frontend/app/node_modules/@tanstack/router-core/dist/esm/router.js:178:14)
    at file:///home/siegfriedneto/projects/servicedeskn1-fix-simulate-hypothesis/frontend/app/node_modules/@tanstack/react-router/dist/esm/Transitioner.js:46:25
    at settleOwner (file:///home/siegfriedneto/projects/servicedeskn1-fix-simulate-hypothesis/frontend/app/node_modules/@tanstack/react-router/dist/esm/Transitioner.js:10:10)
    at file:///home/siegfriedneto/projects/servicedeskn1-fix-simulate-hypothesis/frontend/app/node_modules/@tanstack/react-router/dist/esm/Matches.js:38:39
    at Object.react_stack_bottom_frame (/home/siegfriedneto/projects/servicedeskn1-fix-simulate-hypothesis/frontend/app/node_modules/react-dom/cjs/react-dom-client.development.js:25989:20)
    at runWithFiberInDEV (/home/siegfriedneto/projects/servicedeskn1-fix-simulate-hypothesis/frontend/app/node_modules/react-dom/cjs/react-dom-client.development.js:874:13)
    at commitHookEffectListMount (/home/siegfriedneto/projects/servicedeskn1-fix-simulate-hypothesis/frontend/app/node_modules/react-dom/cjs/react-dom-client.development.js:13249:29) undefined
Error: Not implemented: window.scrollTo
    at module.exports (/home/siegfriedneto/projects/servicedeskn1-fix-simulate-hypothesis/frontend/app/node_modules/jsdom/lib/jsdom/browser/not-implemented.js:9:17)
    at /home/siegfriedneto/projects/servicedeskn1-fix-simulate-hypothesis/frontend/app/node_modules/jsdom/lib/jsdom/browser/Window.js:960:7
    at Object.fn (file:///home/siegfriedneto/projects/servicedeskn1-fix-simulate-hypothesis/frontend/app/node_modules/@tanstack/router-core/dist/esm/scroll-restoration.js:180:27)
    at RouterCore.emit (file:///home/siegfriedneto/projects/servicedeskn1-fix-simulate-hypothesis/frontend/app/node_modules/@tanstack/router-core/dist/esm/router.js:178:14)
    at file:///home/siegfriedneto/projects/servicedeskn1-fix-simulate-hypothesis/frontend/app/node_modules/@tanstack/react-router/dist/esm/Transitioner.js:46:25
    at settleOwner (file:///home/siegfriedneto/projects/servicedeskn1-fix-simulate-hypothesis/frontend/app/node_modules/@tanstack/react-router/dist/esm/Transitioner.js:10:10)
    at file:///home/siegfriedneto/projects/servicedeskn1-fix-simulate-hypothesis/frontend/app/node_modules/@tanstack/react-router/dist/esm/Matches.js:38:39
    at Object.react_stack_bottom_frame (/home/siegfriedneto/projects/servicedeskn1-fix-simulate-hypothesis/frontend/app/node_modules/react-dom/cjs/react-dom-client.development.js:25989:20)
    at runWithFiberInDEV (/home/siegfriedneto/projects/servicedeskn1-fix-simulate-hypothesis/frontend/app/node_modules/react-dom/cjs/react-dom-client.development.js:874:13)
    at commitHookEffectListMount (/home/siegfriedneto/projects/servicedeskn1-fix-simulate-hypothesis/frontend/app/node_modules/react-dom/cjs/react-dom-client.development.js:13249:29) undefined
Error: Not implemented: window.scrollTo
    at module.exports (/home/siegfriedneto/projects/servicedeskn1-fix-simulate-hypothesis/frontend/app/node_modules/jsdom/lib/jsdom/browser/not-implemented.js:9:17)
    at /home/siegfriedneto/projects/servicedeskn1-fix-simulate-hypothesis/frontend/app/node_modules/jsdom/lib/jsdom/browser/Window.js:960:7
    at Object.fn (file:///home/siegfriedneto/projects/servicedeskn1-fix-simulate-hypothesis/frontend/app/node_modules/@tanstack/router-core/dist/esm/scroll-restoration.js:180:27)
    at RouterCore.emit (file:///home/siegfriedneto/projects/servicedeskn1-fix-simulate-hypothesis/frontend/app/node_modules/@tanstack/router-core/dist/esm/router.js:178:14)
    at file:///home/siegfriedneto/projects/servicedeskn1-fix-simulate-hypothesis/frontend/app/node_modules/@tanstack/react-router/dist/esm/Transitioner.js:46:25
    at settleOwner (file:///home/siegfriedneto/projects/servicedeskn1-fix-simulate-hypothesis/frontend/app/node_modules/@tanstack/react-router/dist/esm/Transitioner.js:10:10)
    at file:///home/siegfriedneto/projects/servicedeskn1-fix-simulate-hypothesis/frontend/app/node_modules/@tanstack/react-router/dist/esm/Matches.js:38:39
    at Object.react_stack_bottom_frame (/home/siegfriedneto/projects/servicedeskn1-fix-simulate-hypothesis/frontend/app/node_modules/react-dom/cjs/react-dom-client.development.js:25989:20)
    at runWithFiberInDEV (/home/siegfriedneto/projects/servicedeskn1-fix-simulate-hypothesis/frontend/app/node_modules/react-dom/cjs/react-dom-client.development.js:874:13)
    at commitHookEffectListMount (/home/siegfriedneto/projects/servicedeskn1-fix-simulate-hypothesis/frontend/app/node_modules/react-dom/cjs/react-dom-client.development.js:13249:29) undefined
Error: Not implemented: window.scrollTo
    at module.exports (/home/siegfriedneto/projects/servicedeskn1-fix-simulate-hypothesis/frontend/app/node_modules/jsdom/lib/jsdom/browser/not-implemented.js:9:17)
    at /home/siegfriedneto/projects/servicedeskn1-fix-simulate-hypothesis/frontend/app/node_modules/jsdom/lib/jsdom/browser/Window.js:960:7
    at Object.fn (file:///home/siegfriedneto/projects/servicedeskn1-fix-simulate-hypothesis/frontend/app/node_modules/@tanstack/router-core/dist/esm/scroll-restoration.js:180:27)
    at RouterCore.emit (file:///home/siegfriedneto/projects/servicedeskn1-fix-simulate-hypothesis/frontend/app/node_modules/@tanstack/router-core/dist/esm/router.js:178:14)
    at file:///home/siegfriedneto/projects/servicedeskn1-fix-simulate-hypothesis/frontend/app/node_modules/@tanstack/react-router/dist/esm/Transitioner.js:46:25
    at settleOwner (file:///home/siegfriedneto/projects/servicedeskn1-fix-simulate-hypothesis/frontend/app/node_modules/@tanstack/react-router/dist/esm/Transitioner.js:10:10)
    at file:///home/siegfriedneto/projects/servicedeskn1-fix-simulate-hypothesis/frontend/app/node_modules/@tanstack/react-router/dist/esm/Matches.js:38:39
    at Object.react_stack_bottom_frame (/home/siegfriedneto/projects/servicedeskn1-fix-simulate-hypothesis/frontend/app/node_modules/react-dom/cjs/react-dom-client.development.js:25989:20)
    at runWithFiberInDEV (/home/siegfriedneto/projects/servicedeskn1-fix-simulate-hypothesis/frontend/app/node_modules/react-dom/cjs/react-dom-client.development.js:874:13)
    at commitHookEffectListMount (/home/siegfriedneto/projects/servicedeskn1-fix-simulate-hypothesis/frontend/app/node_modules/react-dom/cjs/react-dom-client.development.js:13249:29) undefined
Error: Not implemented: window.scrollTo
    at module.exports (/home/siegfriedneto/projects/servicedeskn1-fix-simulate-hypothesis/frontend/app/node_modules/jsdom/lib/jsdom/browser/not-implemented.js:9:17)
    at /home/siegfriedneto/projects/servicedeskn1-fix-simulate-hypothesis/frontend/app/node_modules/jsdom/lib/jsdom/browser/Window.js:960:7
    at Object.fn (file:///home/siegfriedneto/projects/servicedeskn1-fix-simulate-hypothesis/frontend/app/node_modules/@tanstack/router-core/dist/esm/scroll-restoration.js:180:27)
    at RouterCore.emit (file:///home/siegfriedneto/projects/servicedeskn1-fix-simulate-hypothesis/frontend/app/node_modules/@tanstack/router-core/dist/esm/router.js:178:14)
    at file:///home/siegfriedneto/projects/servicedeskn1-fix-simulate-hypothesis/frontend/app/node_modules/@tanstack/react-router/dist/esm/Transitioner.js:46:25
    at settleOwner (file:///home/siegfriedneto/projects/servicedeskn1-fix-simulate-hypothesis/frontend/app/node_modules/@tanstack/react-router/dist/esm/Transitioner.js:10:10)
    at file:///home/siegfriedneto/projects/servicedeskn1-fix-simulate-hypothesis/frontend/app/node_modules/@tanstack/react-router/dist/esm/Matches.js:38:39
    at Object.react_stack_bottom_frame (/home/siegfriedneto/projects/servicedeskn1-fix-simulate-hypothesis/frontend/app/node_modules/react-dom/cjs/react-dom-client.development.js:25989:20)
    at runWithFiberInDEV (/home/siegfriedneto/projects/servicedeskn1-fix-simulate-hypothesis/frontend/app/node_modules/react-dom/cjs/react-dom-client.development.js:874:13)
    at commitHookEffectListMount (/home/siegfriedneto/projects/servicedeskn1-fix-simulate-hypothesis/frontend/app/node_modules/react-dom/cjs/react-dom-client.development.js:13249:29) undefined
Error: Not implemented: window.scrollTo
    at module.exports (/home/siegfriedneto/projects/servicedeskn1-fix-simulate-hypothesis/frontend/app/node_modules/jsdom/lib/jsdom/browser/not-implemented.js:9:17)
    at /home/siegfriedneto/projects/servicedeskn1-fix-simulate-hypothesis/frontend/app/node_modules/jsdom/lib/jsdom/browser/Window.js:960:7
    at Object.fn (file:///home/siegfriedneto/projects/servicedeskn1-fix-simulate-hypothesis/frontend/app/node_modules/@tanstack/router-core/dist/esm/scroll-restoration.js:180:27)
    at RouterCore.emit (file:///home/siegfriedneto/projects/servicedeskn1-fix-simulate-hypothesis/frontend/app/node_modules/@tanstack/router-core/dist/esm/router.js:178:14)
    at file:///home/siegfriedneto/projects/servicedeskn1-fix-simulate-hypothesis/frontend/app/node_modules/@tanstack/react-router/dist/esm/Transitioner.js:46:25
    at settleOwner (file:///home/siegfriedneto/projects/servicedeskn1-fix-simulate-hypothesis/frontend/app/node_modules/@tanstack/react-router/dist/esm/Transitioner.js:10:10)
    at file:///home/siegfriedneto/projects/servicedeskn1-fix-simulate-hypothesis/frontend/app/node_modules/@tanstack/react-router/dist/esm/Matches.js:38:39
    at Object.react_stack_bottom_frame (/home/siegfriedneto/projects/servicedeskn1-fix-simulate-hypothesis/frontend/app/node_modules/react-dom/cjs/react-dom-client.development.js:25989:20)
    at runWithFiberInDEV (/home/siegfriedneto/projects/servicedeskn1-fix-simulate-hypothesis/frontend/app/node_modules/react-dom/cjs/react-dom-client.development.js:874:13)
    at commitHookEffectListMount (/home/siegfriedneto/projects/servicedeskn1-fix-simulate-hypothesis/frontend/app/node_modules/react-dom/cjs/react-dom-client.development.js:13249:29) undefined
Error: Not implemented: window.scrollTo
    at module.exports (/home/siegfriedneto/projects/servicedeskn1-fix-simulate-hypothesis/frontend/app/node_modules/jsdom/lib/jsdom/browser/not-implemented.js:9:17)
    at /home/siegfriedneto/projects/servicedeskn1-fix-simulate-hypothesis/frontend/app/node_modules/jsdom/lib/jsdom/browser/Window.js:960:7
    at Object.fn (file:///home/siegfriedneto/projects/servicedeskn1-fix-simulate-hypothesis/frontend/app/node_modules/@tanstack/router-core/dist/esm/scroll-restoration.js:180:27)
    at RouterCore.emit (file:///home/siegfriedneto/projects/servicedeskn1-fix-simulate-hypothesis/frontend/app/node_modules/@tanstack/router-core/dist/esm/router.js:178:14)
    at file:///home/siegfriedneto/projects/servicedeskn1-fix-simulate-hypothesis/frontend/app/node_modules/@tanstack/react-router/dist/esm/Transitioner.js:46:25
    at settleOwner (file:///home/siegfriedneto/projects/servicedeskn1-fix-simulate-hypothesis/frontend/app/node_modules/@tanstack/react-router/dist/esm/Transitioner.js:10:10)
    at file:///home/siegfriedneto/projects/servicedeskn1-fix-simulate-hypothesis/frontend/app/node_modules/@tanstack/react-router/dist/esm/Matches.js:38:39
    at Object.react_stack_bottom_frame (/home/siegfriedneto/projects/servicedeskn1-fix-simulate-hypothesis/frontend/app/node_modules/react-dom/cjs/react-dom-client.development.js:25989:20)
    at runWithFiberInDEV (/home/siegfriedneto/projects/servicedeskn1-fix-simulate-hypothesis/frontend/app/node_modules/react-dom/cjs/react-dom-client.development.js:874:13)
    at commitHookEffectListMount (/home/siegfriedneto/projects/servicedeskn1-fix-simulate-hypothesis/frontend/app/node_modules/react-dom/cjs/react-dom-client.development.js:13249:29) undefined
Error: Not implemented: window.scrollTo
    at module.exports (/home/siegfriedneto/projects/servicedeskn1-fix-simulate-hypothesis/frontend/app/node_modules/jsdom/lib/jsdom/browser/not-implemented.js:9:17)
    at /home/siegfriedneto/projects/servicedeskn1-fix-simulate-hypothesis/frontend/app/node_modules/jsdom/lib/jsdom/browser/Window.js:960:7
    at Object.fn (file:///home/siegfriedneto/projects/servicedeskn1-fix-simulate-hypothesis/frontend/app/node_modules/@tanstack/router-core/dist/esm/scroll-restoration.js:180:27)
    at RouterCore.emit (file:///home/siegfriedneto/projects/servicedeskn1-fix-simulate-hypothesis/frontend/app/node_modules/@tanstack/router-core/dist/esm/router.js:178:14)
    at file:///home/siegfriedneto/projects/servicedeskn1-fix-simulate-hypothesis/frontend/app/node_modules/@tanstack/react-router/dist/esm/Transitioner.js:46:25
    at settleOwner (file:///home/siegfriedneto/projects/servicedeskn1-fix-simulate-hypothesis/frontend/app/node_modules/@tanstack/react-router/dist/esm/Transitioner.js:10:10)
    at file:///home/siegfriedneto/projects/servicedeskn1-fix-simulate-hypothesis/frontend/app/node_modules/@tanstack/react-router/dist/esm/Matches.js:38:39
    at Object.react_stack_bottom_frame (/home/siegfriedneto/projects/servicedeskn1-fix-simulate-hypothesis/frontend/app/node_modules/react-dom/cjs/react-dom-client.development.js:25989:20)
    at runWithFiberInDEV (/home/siegfriedneto/projects/servicedeskn1-fix-simulate-hypothesis/frontend/app/node_modules/react-dom/cjs/react-dom-client.development.js:874:13)
    at commitHookEffectListMount (/home/siegfriedneto/projects/servicedeskn1-fix-simulate-hypothesis/frontend/app/node_modules/react-dom/cjs/react-dom-client.development.js:13249:29) undefined
Error: Not implemented: window.scrollTo
    at module.exports (/home/siegfriedneto/projects/servicedeskn1-fix-simulate-hypothesis/frontend/app/node_modules/jsdom/lib/jsdom/browser/not-implemented.js:9:17)
    at /home/siegfriedneto/projects/servicedeskn1-fix-simulate-hypothesis/frontend/app/node_modules/jsdom/lib/jsdom/browser/Window.js:960:7
    at Object.fn (file:///home/siegfriedneto/projects/servicedeskn1-fix-simulate-hypothesis/frontend/app/node_modules/@tanstack/router-core/dist/esm/scroll-restoration.js:180:27)
    at RouterCore.emit (file:///home/siegfriedneto/projects/servicedeskn1-fix-simulate-hypothesis/frontend/app/node_modules/@tanstack/router-core/dist/esm/router.js:178:14)
    at file:///home/siegfriedneto/projects/servicedeskn1-fix-simulate-hypothesis/frontend/app/node_modules/@tanstack/react-router/dist/esm/Transitioner.js:46:25
    at settleOwner (file:///home/siegfriedneto/projects/servicedeskn1-fix-simulate-hypothesis/frontend/app/node_modules/@tanstack/react-router/dist/esm/Transitioner.js:10:10)
    at file:///home/siegfriedneto/projects/servicedeskn1-fix-simulate-hypothesis/frontend/app/node_modules/@tanstack/react-router/dist/esm/Matches.js:38:39
    at Object.react_stack_bottom_frame (/home/siegfriedneto/projects/servicedeskn1-fix-simulate-hypothesis/frontend/app/node_modules/react-dom/cjs/react-dom-client.development.js:25989:20)
    at runWithFiberInDEV (/home/siegfriedneto/projects/servicedeskn1-fix-simulate-hypothesis/frontend/app/node_modules/react-dom/cjs/react-dom-client.development.js:874:13)
    at commitHookEffectListMount (/home/siegfriedneto/projects/servicedeskn1-fix-simulate-hypothesis/frontend/app/node_modules/react-dom/cjs/react-dom-client.development.js:13249:29) undefined
Error: Not implemented: window.scrollTo
    at module.exports (/home/siegfriedneto/projects/servicedeskn1-fix-simulate-hypothesis/frontend/app/node_modules/jsdom/lib/jsdom/browser/not-implemented.js:9:17)
    at /home/siegfriedneto/projects/servicedeskn1-fix-simulate-hypothesis/frontend/app/node_modules/jsdom/lib/jsdom/browser/Window.js:960:7
    at Object.fn (file:///home/siegfriedneto/projects/servicedeskn1-fix-simulate-hypothesis/frontend/app/node_modules/@tanstack/router-core/dist/esm/scroll-restoration.js:180:27)
    at RouterCore.emit (file:///home/siegfriedneto/projects/servicedeskn1-fix-simulate-hypothesis/frontend/app/node_modules/@tanstack/router-core/dist/esm/router.js:178:14)
    at file:///home/siegfriedneto/projects/servicedeskn1-fix-simulate-hypothesis/frontend/app/node_modules/@tanstack/react-router/dist/esm/Transitioner.js:46:25
    at settleOwner (file:///home/siegfriedneto/projects/servicedeskn1-fix-simulate-hypothesis/frontend/app/node_modules/@tanstack/react-router/dist/esm/Transitioner.js:10:10)
    at file:///home/siegfriedneto/projects/servicedeskn1-fix-simulate-hypothesis/frontend/app/node_modules/@tanstack/react-router/dist/esm/Matches.js:38:39
    at Object.react_stack_bottom_frame (/home/siegfriedneto/projects/servicedeskn1-fix-simulate-hypothesis/frontend/app/node_modules/react-dom/cjs/react-dom-client.development.js:25989:20)
    at runWithFiberInDEV (/home/siegfriedneto/projects/servicedeskn1-fix-simulate-hypothesis/frontend/app/node_modules/react-dom/cjs/react-dom-client.development.js:874:13)
    at commitHookEffectListMount (/home/siegfriedneto/projects/servicedeskn1-fix-simulate-hypothesis/frontend/app/node_modules/react-dom/cjs/react-dom-client.development.js:13249:29) undefined
Error: Not implemented: window.scrollTo
    at module.exports (/home/siegfriedneto/projects/servicedeskn1-fix-simulate-hypothesis/frontend/app/node_modules/jsdom/lib/jsdom/browser/not-implemented.js:9:17)
    at /home/siegfriedneto/projects/servicedeskn1-fix-simulate-hypothesis/frontend/app/node_modules/jsdom/lib/jsdom/browser/Window.js:960:7
    at Object.fn (file:///home/siegfriedneto/projects/servicedeskn1-fix-simulate-hypothesis/frontend/app/node_modules/@tanstack/router-core/dist/esm/scroll-restoration.js:180:27)
    at RouterCore.emit (file:///home/siegfriedneto/projects/servicedeskn1-fix-simulate-hypothesis/frontend/app/node_modules/@tanstack/router-core/dist/esm/router.js:178:14)
    at file:///home/siegfriedneto/projects/servicedeskn1-fix-simulate-hypothesis/frontend/app/node_modules/@tanstack/react-router/dist/esm/Transitioner.js:46:25
    at settleOwner (file:///home/siegfriedneto/projects/servicedeskn1-fix-simulate-hypothesis/frontend/app/node_modules/@tanstack/react-router/dist/esm/Transitioner.js:10:10)
    at file:///home/siegfriedneto/projects/servicedeskn1-fix-simulate-hypothesis/frontend/app/node_modules/@tanstack/react-router/dist/esm/Matches.js:38:39
    at Object.react_stack_bottom_frame (/home/siegfriedneto/projects/servicedeskn1-fix-simulate-hypothesis/frontend/app/node_modules/react-dom/cjs/react-dom-client.development.js:25989:20)
    at runWithFiberInDEV (/home/siegfriedneto/projects/servicedeskn1-fix-simulate-hypothesis/frontend/app/node_modules/react-dom/cjs/react-dom-client.development.js:874:13)
    at commitHookEffectListMount (/home/siegfriedneto/projects/servicedeskn1-fix-simulate-hypothesis/frontend/app/node_modules/react-dom/cjs/react-dom-client.development.js:13249:29) undefined
Error: Not implemented: window.scrollTo
    at module.exports (/home/siegfriedneto/projects/servicedeskn1-fix-simulate-hypothesis/frontend/app/node_modules/jsdom/lib/jsdom/browser/not-implemented.js:9:17)
    at /home/siegfriedneto/projects/servicedeskn1-fix-simulate-hypothesis/frontend/app/node_modules/jsdom/lib/jsdom/browser/Window.js:960:7
    at Object.fn (file:///home/siegfriedneto/projects/servicedeskn1-fix-simulate-hypothesis/frontend/app/node_modules/@tanstack/router-core/dist/esm/scroll-restoration.js:180:27)
    at RouterCore.emit (file:///home/siegfriedneto/projects/servicedeskn1-fix-simulate-hypothesis/frontend/app/node_modules/@tanstack/router-core/dist/esm/router.js:178:14)
    at file:///home/siegfriedneto/projects/servicedeskn1-fix-simulate-hypothesis/frontend/app/node_modules/@tanstack/react-router/dist/esm/Transitioner.js:46:25
    at settleOwner (file:///home/siegfriedneto/projects/servicedeskn1-fix-simulate-hypothesis/frontend/app/node_modules/@tanstack/react-router/dist/esm/Transitioner.js:10:10)
    at file:///home/siegfriedneto/projects/servicedeskn1-fix-simulate-hypothesis/frontend/app/node_modules/@tanstack/react-router/dist/esm/Matches.js:38:39
    at Object.react_stack_bottom_frame (/home/siegfriedneto/projects/servicedeskn1-fix-simulate-hypothesis/frontend/app/node_modules/react-dom/cjs/react-dom-client.development.js:25989:20)
    at runWithFiberInDEV (/home/siegfriedneto/projects/servicedeskn1-fix-simulate-hypothesis/frontend/app/node_modules/react-dom/cjs/react-dom-client.development.js:874:13)
    at commitHookEffectListMount (/home/siegfriedneto/projects/servicedeskn1-fix-simulate-hypothesis/frontend/app/node_modules/react-dom/cjs/react-dom-client.development.js:13249:29) undefined
Error: Not implemented: window.scrollTo
    at module.exports (/home/siegfriedneto/projects/servicedeskn1-fix-simulate-hypothesis/frontend/app/node_modules/jsdom/lib/jsdom/browser/not-implemented.js:9:17)
    at /home/siegfriedneto/projects/servicedeskn1-fix-simulate-hypothesis/frontend/app/node_modules/jsdom/lib/jsdom/browser/Window.js:960:7
    at Object.fn (file:///home/siegfriedneto/projects/servicedeskn1-fix-simulate-hypothesis/frontend/app/node_modules/@tanstack/router-core/dist/esm/scroll-restoration.js:180:27)
    at RouterCore.emit (file:///home/siegfriedneto/projects/servicedeskn1-fix-simulate-hypothesis/frontend/app/node_modules/@tanstack/router-core/dist/esm/router.js:178:14)
    at file:///home/siegfriedneto/projects/servicedeskn1-fix-simulate-hypothesis/frontend/app/node_modules/@tanstack/react-router/dist/esm/Transitioner.js:46:25
    at settleOwner (file:///home/siegfriedneto/projects/servicedeskn1-fix-simulate-hypothesis/frontend/app/node_modules/@tanstack/react-router/dist/esm/Transitioner.js:10:10)
    at file:///home/siegfriedneto/projects/servicedeskn1-fix-simulate-hypothesis/frontend/app/node_modules/@tanstack/react-router/dist/esm/Matches.js:38:39
    at Object.react_stack_bottom_frame (/home/siegfriedneto/projects/servicedeskn1-fix-simulate-hypothesis/frontend/app/node_modules/react-dom/cjs/react-dom-client.development.js:25989:20)
    at runWithFiberInDEV (/home/siegfriedneto/projects/servicedeskn1-fix-simulate-hypothesis/frontend/app/node_modules/react-dom/cjs/react-dom-client.development.js:874:13)
    at commitHookEffectListMount (/home/siegfriedneto/projects/servicedeskn1-fix-simulate-hypothesis/frontend/app/node_modules/react-dom/cjs/react-dom-client.development.js:13249:29) undefined
Error: Not implemented: window.scrollTo
    at module.exports (/home/siegfriedneto/projects/servicedeskn1-fix-simulate-hypothesis/frontend/app/node_modules/jsdom/lib/jsdom/browser/not-implemented.js:9:17)
    at /home/siegfriedneto/projects/servicedeskn1-fix-simulate-hypothesis/frontend/app/node_modules/jsdom/lib/jsdom/browser/Window.js:960:7
    at Object.fn (file:///home/siegfriedneto/projects/servicedeskn1-fix-simulate-hypothesis/frontend/app/node_modules/@tanstack/router-core/dist/esm/scroll-restoration.js:180:27)
    at RouterCore.emit (file:///home/siegfriedneto/projects/servicedeskn1-fix-simulate-hypothesis/frontend/app/node_modules/@tanstack/router-core/dist/esm/router.js:178:14)
    at file:///home/siegfriedneto/projects/servicedeskn1-fix-simulate-hypothesis/frontend/app/node_modules/@tanstack/react-router/dist/esm/Transitioner.js:46:25
    at settleOwner (file:///home/siegfriedneto/projects/servicedeskn1-fix-simulate-hypothesis/frontend/app/node_modules/@tanstack/react-router/dist/esm/Transitioner.js:10:10)
    at file:///home/siegfriedneto/projects/servicedeskn1-fix-simulate-hypothesis/frontend/app/node_modules/@tanstack/react-router/dist/esm/Matches.js:38:39
    at Object.react_stack_bottom_frame (/home/siegfriedneto/projects/servicedeskn1-fix-simulate-hypothesis/frontend/app/node_modules/react-dom/cjs/react-dom-client.development.js:25989:20)
    at runWithFiberInDEV (/home/siegfriedneto/projects/servicedeskn1-fix-simulate-hypothesis/frontend/app/node_modules/react-dom/cjs/react-dom-client.development.js:874:13)
    at commitHookEffectListMount (/home/siegfriedneto/projects/servicedeskn1-fix-simulate-hypothesis/frontend/app/node_modules/react-dom/cjs/react-dom-client.development.js:13249:29) undefined
Error: Not implemented: window.scrollTo
    at module.exports (/home/siegfriedneto/projects/servicedeskn1-fix-simulate-hypothesis/frontend/app/node_modules/jsdom/lib/jsdom/browser/not-implemented.js:9:17)
    at /home/siegfriedneto/projects/servicedeskn1-fix-simulate-hypothesis/frontend/app/node_modules/jsdom/lib/jsdom/browser/Window.js:960:7
    at Object.fn (file:///home/siegfriedneto/projects/servicedeskn1-fix-simulate-hypothesis/frontend/app/node_modules/@tanstack/router-core/dist/esm/scroll-restoration.js:180:27)
    at RouterCore.emit (file:///home/siegfriedneto/projects/servicedeskn1-fix-simulate-hypothesis/frontend/app/node_modules/@tanstack/router-core/dist/esm/router.js:178:14)
    at file:///home/siegfriedneto/projects/servicedeskn1-fix-simulate-hypothesis/frontend/app/node_modules/@tanstack/react-router/dist/esm/Transitioner.js:46:25
    at settleOwner (file:///home/siegfriedneto/projects/servicedeskn1-fix-simulate-hypothesis/frontend/app/node_modules/@tanstack/react-router/dist/esm/Transitioner.js:10:10)
    at file:///home/siegfriedneto/projects/servicedeskn1-fix-simulate-hypothesis/frontend/app/node_modules/@tanstack/react-router/dist/esm/Matches.js:38:39
    at Object.react_stack_bottom_frame (/home/siegfriedneto/projects/servicedeskn1-fix-simulate-hypothesis/frontend/app/node_modules/react-dom/cjs/react-dom-client.development.js:25989:20)
    at runWithFiberInDEV (/home/siegfriedneto/projects/servicedeskn1-fix-simulate-hypothesis/frontend/app/node_modules/react-dom/cjs/react-dom-client.development.js:874:13)
    at commitHookEffectListMount (/home/siegfriedneto/projects/servicedeskn1-fix-simulate-hypothesis/frontend/app/node_modules/react-dom/cjs/react-dom-client.development.js:13249:29) undefined
Error: Not implemented: window.scrollTo
    at module.exports (/home/siegfriedneto/projects/servicedeskn1-fix-simulate-hypothesis/frontend/app/node_modules/jsdom/lib/jsdom/browser/not-implemented.js:9:17)
    at /home/siegfriedneto/projects/servicedeskn1-fix-simulate-hypothesis/frontend/app/node_modules/jsdom/lib/jsdom/browser/Window.js:960:7
    at Object.fn (file:///home/siegfriedneto/projects/servicedeskn1-fix-simulate-hypothesis/frontend/app/node_modules/@tanstack/router-core/dist/esm/scroll-restoration.js:180:27)
    at RouterCore.emit (file:///home/siegfriedneto/projects/servicedeskn1-fix-simulate-hypothesis/frontend/app/node_modules/@tanstack/router-core/dist/esm/router.js:178:14)
    at file:///home/siegfriedneto/projects/servicedeskn1-fix-simulate-hypothesis/frontend/app/node_modules/@tanstack/react-router/dist/esm/Transitioner.js:46:25
    at settleOwner (file:///home/siegfriedneto/projects/servicedeskn1-fix-simulate-hypothesis/frontend/app/node_modules/@tanstack/react-router/dist/esm/Transitioner.js:10:10)
    at file:///home/siegfriedneto/projects/servicedeskn1-fix-simulate-hypothesis/frontend/app/node_modules/@tanstack/react-router/dist/esm/Matches.js:38:39
    at Object.react_stack_bottom_frame (/home/siegfriedneto/projects/servicedeskn1-fix-simulate-hypothesis/frontend/app/node_modules/react-dom/cjs/react-dom-client.development.js:25989:20)
    at runWithFiberInDEV (/home/siegfriedneto/projects/servicedeskn1-fix-simulate-hypothesis/frontend/app/node_modules/react-dom/cjs/react-dom-client.development.js:874:13)
    at commitHookEffectListMount (/home/siegfriedneto/projects/servicedeskn1-fix-simulate-hypothesis/frontend/app/node_modules/react-dom/cjs/react-dom-client.development.js:13249:29) undefined
Error: Not implemented: window.scrollTo
    at module.exports (/home/siegfriedneto/projects/servicedeskn1-fix-simulate-hypothesis/frontend/app/node_modules/jsdom/lib/jsdom/browser/not-implemented.js:9:17)
    at /home/siegfriedneto/projects/servicedeskn1-fix-simulate-hypothesis/frontend/app/node_modules/jsdom/lib/jsdom/browser/Window.js:960:7
    at Object.fn (file:///home/siegfriedneto/projects/servicedeskn1-fix-simulate-hypothesis/frontend/app/node_modules/@tanstack/router-core/dist/esm/scroll-restoration.js:180:27)
    at RouterCore.emit (file:///home/siegfriedneto/projects/servicedeskn1-fix-simulate-hypothesis/frontend/app/node_modules/@tanstack/router-core/dist/esm/router.js:178:14)
    at file:///home/siegfriedneto/projects/servicedeskn1-fix-simulate-hypothesis/frontend/app/node_modules/@tanstack/react-router/dist/esm/Transitioner.js:46:25
    at settleOwner (file:///home/siegfriedneto/projects/servicedeskn1-fix-simulate-hypothesis/frontend/app/node_modules/@tanstack/react-router/dist/esm/Transitioner.js:10:10)
    at file:///home/siegfriedneto/projects/servicedeskn1-fix-simulate-hypothesis/frontend/app/node_modules/@tanstack/react-router/dist/esm/Matches.js:38:39
    at Object.react_stack_bottom_frame (/home/siegfriedneto/projects/servicedeskn1-fix-simulate-hypothesis/frontend/app/node_modules/react-dom/cjs/react-dom-client.development.js:25989:20)
    at runWithFiberInDEV (/home/siegfriedneto/projects/servicedeskn1-fix-simulate-hypothesis/frontend/app/node_modules/react-dom/cjs/react-dom-client.development.js:874:13)
    at commitHookEffectListMount (/home/siegfriedneto/projects/servicedeskn1-fix-simulate-hypothesis/frontend/app/node_modules/react-dom/cjs/react-dom-client.development.js:13249:29) undefined
Error: Not implemented: window.scrollTo
    at module.exports (/home/siegfriedneto/projects/servicedeskn1-fix-simulate-hypothesis/frontend/app/node_modules/jsdom/lib/jsdom/browser/not-implemented.js:9:17)
    at /home/siegfriedneto/projects/servicedeskn1-fix-simulate-hypothesis/frontend/app/node_modules/jsdom/lib/jsdom/browser/Window.js:960:7
    at Object.fn (file:///home/siegfriedneto/projects/servicedeskn1-fix-simulate-hypothesis/frontend/app/node_modules/@tanstack/router-core/dist/esm/scroll-restoration.js:180:27)
    at RouterCore.emit (file:///home/siegfriedneto/projects/servicedeskn1-fix-simulate-hypothesis/frontend/app/node_modules/@tanstack/router-core/dist/esm/router.js:178:14)
    at file:///home/siegfriedneto/projects/servicedeskn1-fix-simulate-hypothesis/frontend/app/node_modules/@tanstack/react-router/dist/esm/Transitioner.js:46:25
    at settleOwner (file:///home/siegfriedneto/projects/servicedeskn1-fix-simulate-hypothesis/frontend/app/node_modules/@tanstack/react-router/dist/esm/Transitioner.js:10:10)
    at file:///home/siegfriedneto/projects/servicedeskn1-fix-simulate-hypothesis/frontend/app/node_modules/@tanstack/react-router/dist/esm/Matches.js:38:39
    at Object.react_stack_bottom_frame (/home/siegfriedneto/projects/servicedeskn1-fix-simulate-hypothesis/frontend/app/node_modules/react-dom/cjs/react-dom-client.development.js:25989:20)
    at runWithFiberInDEV (/home/siegfriedneto/projects/servicedeskn1-fix-simulate-hypothesis/frontend/app/node_modules/react-dom/cjs/react-dom-client.development.js:874:13)
    at commitHookEffectListMount (/home/siegfriedneto/projects/servicedeskn1-fix-simulate-hypothesis/frontend/app/node_modules/react-dom/cjs/react-dom-client.development.js:13249:29) undefined
Error: Not implemented: window.scrollTo
    at module.exports (/home/siegfriedneto/projects/servicedeskn1-fix-simulate-hypothesis/frontend/app/node_modules/jsdom/lib/jsdom/browser/not-implemented.js:9:17)
    at /home/siegfriedneto/projects/servicedeskn1-fix-simulate-hypothesis/frontend/app/node_modules/jsdom/lib/jsdom/browser/Window.js:960:7
    at Object.fn (file:///home/siegfriedneto/projects/servicedeskn1-fix-simulate-hypothesis/frontend/app/node_modules/@tanstack/router-core/dist/esm/scroll-restoration.js:180:27)
    at RouterCore.emit (file:///home/siegfriedneto/projects/servicedeskn1-fix-simulate-hypothesis/frontend/app/node_modules/@tanstack/router-core/dist/esm/router.js:178:14)
    at file:///home/siegfriedneto/projects/servicedeskn1-fix-simulate-hypothesis/frontend/app/node_modules/@tanstack/react-router/dist/esm/Transitioner.js:46:25
    at settleOwner (file:///home/siegfriedneto/projects/servicedeskn1-fix-simulate-hypothesis/frontend/app/node_modules/@tanstack/react-router/dist/esm/Transitioner.js:10:10)
    at file:///home/siegfriedneto/projects/servicedeskn1-fix-simulate-hypothesis/frontend/app/node_modules/@tanstack/react-router/dist/esm/Matches.js:38:39
    at Object.react_stack_bottom_frame (/home/siegfriedneto/projects/servicedeskn1-fix-simulate-hypothesis/frontend/app/node_modules/react-dom/cjs/react-dom-client.development.js:25989:20)
    at runWithFiberInDEV (/home/siegfriedneto/projects/servicedeskn1-fix-simulate-hypothesis/frontend/app/node_modules/react-dom/cjs/react-dom-client.development.js:874:13)
    at commitHookEffectListMount (/home/siegfriedneto/projects/servicedeskn1-fix-simulate-hypothesis/frontend/app/node_modules/react-dom/cjs/react-dom-client.development.js:13249:29) undefined
Error: Not implemented: window.scrollTo
    at module.exports (/home/siegfriedneto/projects/servicedeskn1-fix-simulate-hypothesis/frontend/app/node_modules/jsdom/lib/jsdom/browser/not-implemented.js:9:17)
    at /home/siegfriedneto/projects/servicedeskn1-fix-simulate-hypothesis/frontend/app/node_modules/jsdom/lib/jsdom/browser/Window.js:960:7
    at Object.fn (file:///home/siegfriedneto/projects/servicedeskn1-fix-simulate-hypothesis/frontend/app/node_modules/@tanstack/router-core/dist/esm/scroll-restoration.js:180:27)
    at RouterCore.emit (file:///home/siegfriedneto/projects/servicedeskn1-fix-simulate-hypothesis/frontend/app/node_modules/@tanstack/router-core/dist/esm/router.js:178:14)
    at file:///home/siegfriedneto/projects/servicedeskn1-fix-simulate-hypothesis/frontend/app/node_modules/@tanstack/react-router/dist/esm/Transitioner.js:46:25
    at settleOwner (file:///home/siegfriedneto/projects/servicedeskn1-fix-simulate-hypothesis/frontend/app/node_modules/@tanstack/react-router/dist/esm/Transitioner.js:10:10)
    at file:///home/siegfriedneto/projects/servicedeskn1-fix-simulate-hypothesis/frontend/app/node_modules/@tanstack/react-router/dist/esm/Matches.js:38:39
    at Object.react_stack_bottom_frame (/home/siegfriedneto/projects/servicedeskn1-fix-simulate-hypothesis/frontend/app/node_modules/react-dom/cjs/react-dom-client.development.js:25989:20)
    at runWithFiberInDEV (/home/siegfriedneto/projects/servicedeskn1-fix-simulate-hypothesis/frontend/app/node_modules/react-dom/cjs/react-dom-client.development.js:874:13)
    at commitHookEffectListMount (/home/siegfriedneto/projects/servicedeskn1-fix-simulate-hypothesis/frontend/app/node_modules/react-dom/cjs/react-dom-client.development.js:13249:29) undefined
Error: Not implemented: window.scrollTo
    at module.exports (/home/siegfriedneto/projects/servicedeskn1-fix-simulate-hypothesis/frontend/app/node_modules/jsdom/lib/jsdom/browser/not-implemented.js:9:17)
    at /home/siegfriedneto/projects/servicedeskn1-fix-simulate-hypothesis/frontend/app/node_modules/jsdom/lib/jsdom/browser/Window.js:960:7
    at Object.fn (file:///home/siegfriedneto/projects/servicedeskn1-fix-simulate-hypothesis/frontend/app/node_modules/@tanstack/router-core/dist/esm/scroll-restoration.js:180:27)
    at RouterCore.emit (file:///home/siegfriedneto/projects/servicedeskn1-fix-simulate-hypothesis/frontend/app/node_modules/@tanstack/router-core/dist/esm/router.js:178:14)
    at file:///home/siegfriedneto/projects/servicedeskn1-fix-simulate-hypothesis/frontend/app/node_modules/@tanstack/react-router/dist/esm/Transitioner.js:46:25
    at settleOwner (file:///home/siegfriedneto/projects/servicedeskn1-fix-simulate-hypothesis/frontend/app/node_modules/@tanstack/react-router/dist/esm/Transitioner.js:10:10)
    at file:///home/siegfriedneto/projects/servicedeskn1-fix-simulate-hypothesis/frontend/app/node_modules/@tanstack/react-router/dist/esm/Matches.js:38:39
    at Object.react_stack_bottom_frame (/home/siegfriedneto/projects/servicedeskn1-fix-simulate-hypothesis/frontend/app/node_modules/react-dom/cjs/react-dom-client.development.js:25989:20)
    at runWithFiberInDEV (/home/siegfriedneto/projects/servicedeskn1-fix-simulate-hypothesis/frontend/app/node_modules/react-dom/cjs/react-dom-client.development.js:874:13)
    at commitHookEffectListMount (/home/siegfriedneto/projects/servicedeskn1-fix-simulate-hypothesis/frontend/app/node_modules/react-dom/cjs/react-dom-client.development.js:13249:29) undefined
Error: Not implemented: window.scrollTo
    at module.exports (/home/siegfriedneto/projects/servicedeskn1-fix-simulate-hypothesis/frontend/app/node_modules/jsdom/lib/jsdom/browser/not-implemented.js:9:17)
    at /home/siegfriedneto/projects/servicedeskn1-fix-simulate-hypothesis/frontend/app/node_modules/jsdom/lib/jsdom/browser/Window.js:960:7
    at Object.fn (file:///home/siegfriedneto/projects/servicedeskn1-fix-simulate-hypothesis/frontend/app/node_modules/@tanstack/router-core/dist/esm/scroll-restoration.js:180:27)
    at RouterCore.emit (file:///home/siegfriedneto/projects/servicedeskn1-fix-simulate-hypothesis/frontend/app/node_modules/@tanstack/router-core/dist/esm/router.js:178:14)
    at file:///home/siegfriedneto/projects/servicedeskn1-fix-simulate-hypothesis/frontend/app/node_modules/@tanstack/react-router/dist/esm/Transitioner.js:46:25
    at settleOwner (file:///home/siegfriedneto/projects/servicedeskn1-fix-simulate-hypothesis/frontend/app/node_modules/@tanstack/react-router/dist/esm/Transitioner.js:10:10)
    at file:///home/siegfriedneto/projects/servicedeskn1-fix-simulate-hypothesis/frontend/app/node_modules/@tanstack/react-router/dist/esm/Matches.js:38:39
    at Object.react_stack_bottom_frame (/home/siegfriedneto/projects/servicedeskn1-fix-simulate-hypothesis/frontend/app/node_modules/react-dom/cjs/react-dom-client.development.js:25989:20)
    at runWithFiberInDEV (/home/siegfriedneto/projects/servicedeskn1-fix-simulate-hypothesis/frontend/app/node_modules/react-dom/cjs/react-dom-client.development.js:874:13)
    at commitHookEffectListMount (/home/siegfriedneto/projects/servicedeskn1-fix-simulate-hypothesis/frontend/app/node_modules/react-dom/cjs/react-dom-client.development.js:13249:29) undefined
Error: Not implemented: window.scrollTo
    at module.exports (/home/siegfriedneto/projects/servicedeskn1-fix-simulate-hypothesis/frontend/app/node_modules/jsdom/lib/jsdom/browser/not-implemented.js:9:17)
    at /home/siegfriedneto/projects/servicedeskn1-fix-simulate-hypothesis/frontend/app/node_modules/jsdom/lib/jsdom/browser/Window.js:960:7
    at Object.fn (file:///home/siegfriedneto/projects/servicedeskn1-fix-simulate-hypothesis/frontend/app/node_modules/@tanstack/router-core/dist/esm/scroll-restoration.js:180:27)
    at RouterCore.emit (file:///home/siegfriedneto/projects/servicedeskn1-fix-simulate-hypothesis/frontend/app/node_modules/@tanstack/router-core/dist/esm/router.js:178:14)
    at file:///home/siegfriedneto/projects/servicedeskn1-fix-simulate-hypothesis/frontend/app/node_modules/@tanstack/react-router/dist/esm/Transitioner.js:46:25
    at settleOwner (file:///home/siegfriedneto/projects/servicedeskn1-fix-simulate-hypothesis/frontend/app/node_modules/@tanstack/react-router/dist/esm/Transitioner.js:10:10)
    at file:///home/siegfriedneto/projects/servicedeskn1-fix-simulate-hypothesis/frontend/app/node_modules/@tanstack/react-router/dist/esm/Matches.js:38:39
    at Object.react_stack_bottom_frame (/home/siegfriedneto/projects/servicedeskn1-fix-simulate-hypothesis/frontend/app/node_modules/react-dom/cjs/react-dom-client.development.js:25989:20)
    at runWithFiberInDEV (/home/siegfriedneto/projects/servicedeskn1-fix-simulate-hypothesis/frontend/app/node_modules/react-dom/cjs/react-dom-client.development.js:874:13)
    at commitHookEffectListMount (/home/siegfriedneto/projects/servicedeskn1-fix-simulate-hypothesis/frontend/app/node_modules/react-dom/cjs/react-dom-client.development.js:13249:29) undefined
Error: Not implemented: window.scrollTo
    at module.exports (/home/siegfriedneto/projects/servicedeskn1-fix-simulate-hypothesis/frontend/app/node_modules/jsdom/lib/jsdom/browser/not-implemented.js:9:17)
    at /home/siegfriedneto/projects/servicedeskn1-fix-simulate-hypothesis/frontend/app/node_modules/jsdom/lib/jsdom/browser/Window.js:960:7
    at Object.fn (file:///home/siegfriedneto/projects/servicedeskn1-fix-simulate-hypothesis/frontend/app/node_modules/@tanstack/router-core/dist/esm/scroll-restoration.js:180:27)
    at RouterCore.emit (file:///home/siegfriedneto/projects/servicedeskn1-fix-simulate-hypothesis/frontend/app/node_modules/@tanstack/router-core/dist/esm/router.js:178:14)
    at file:///home/siegfriedneto/projects/servicedeskn1-fix-simulate-hypothesis/frontend/app/node_modules/@tanstack/react-router/dist/esm/Transitioner.js:46:25
    at settleOwner (file:///home/siegfriedneto/projects/servicedeskn1-fix-simulate-hypothesis/frontend/app/node_modules/@tanstack/react-router/dist/esm/Transitioner.js:10:10)
    at file:///home/siegfriedneto/projects/servicedeskn1-fix-simulate-hypothesis/frontend/app/node_modules/@tanstack/react-router/dist/esm/Matches.js:38:39
    at Object.react_stack_bottom_frame (/home/siegfriedneto/projects/servicedeskn1-fix-simulate-hypothesis/frontend/app/node_modules/react-dom/cjs/react-dom-client.development.js:25989:20)
    at runWithFiberInDEV (/home/siegfriedneto/projects/servicedeskn1-fix-simulate-hypothesis/frontend/app/node_modules/react-dom/cjs/react-dom-client.development.js:874:13)
    at commitHookEffectListMount (/home/siegfriedneto/projects/servicedeskn1-fix-simulate-hypothesis/frontend/app/node_modules/react-dom/cjs/react-dom-client.development.js:13249:29) undefined
Error: Not implemented: window.scrollTo
    at module.exports (/home/siegfriedneto/projects/servicedeskn1-fix-simulate-hypothesis/frontend/app/node_modules/jsdom/lib/jsdom/browser/not-implemented.js:9:17)
    at /home/siegfriedneto/projects/servicedeskn1-fix-simulate-hypothesis/frontend/app/node_modules/jsdom/lib/jsdom/browser/Window.js:960:7
    at Object.fn (file:///home/siegfriedneto/projects/servicedeskn1-fix-simulate-hypothesis/frontend/app/node_modules/@tanstack/router-core/dist/esm/scroll-restoration.js:180:27)
    at RouterCore.emit (file:///home/siegfriedneto/projects/servicedeskn1-fix-simulate-hypothesis/frontend/app/node_modules/@tanstack/router-core/dist/esm/router.js:178:14)
    at file:///home/siegfriedneto/projects/servicedeskn1-fix-simulate-hypothesis/frontend/app/node_modules/@tanstack/react-router/dist/esm/Transitioner.js:46:25
    at settleOwner (file:///home/siegfriedneto/projects/servicedeskn1-fix-simulate-hypothesis/frontend/app/node_modules/@tanstack/react-router/dist/esm/Transitioner.js:10:10)
    at file:///home/siegfriedneto/projects/servicedeskn1-fix-simulate-hypothesis/frontend/app/node_modules/@tanstack/react-router/dist/esm/Matches.js:38:39
    at Object.react_stack_bottom_frame (/home/siegfriedneto/projects/servicedeskn1-fix-simulate-hypothesis/frontend/app/node_modules/react-dom/cjs/react-dom-client.development.js:25989:20)
    at runWithFiberInDEV (/home/siegfriedneto/projects/servicedeskn1-fix-simulate-hypothesis/frontend/app/node_modules/react-dom/cjs/react-dom-client.development.js:874:13)
    at commitHookEffectListMount (/home/siegfriedneto/projects/servicedeskn1-fix-simulate-hypothesis/frontend/app/node_modules/react-dom/cjs/react-dom-client.development.js:13249:29) undefined
Error: Not implemented: window.scrollTo
    at module.exports (/home/siegfriedneto/projects/servicedeskn1-fix-simulate-hypothesis/frontend/app/node_modules/jsdom/lib/jsdom/browser/not-implemented.js:9:17)
    at /home/siegfriedneto/projects/servicedeskn1-fix-simulate-hypothesis/frontend/app/node_modules/jsdom/lib/jsdom/browser/Window.js:960:7
    at Object.fn (file:///home/siegfriedneto/projects/servicedeskn1-fix-simulate-hypothesis/frontend/app/node_modules/@tanstack/router-core/dist/esm/scroll-restoration.js:180:27)
    at RouterCore.emit (file:///home/siegfriedneto/projects/servicedeskn1-fix-simulate-hypothesis/frontend/app/node_modules/@tanstack/router-core/dist/esm/router.js:178:14)
    at file:///home/siegfriedneto/projects/servicedeskn1-fix-simulate-hypothesis/frontend/app/node_modules/@tanstack/react-router/dist/esm/Transitioner.js:46:25
    at settleOwner (file:///home/siegfriedneto/projects/servicedeskn1-fix-simulate-hypothesis/frontend/app/node_modules/@tanstack/react-router/dist/esm/Transitioner.js:10:10)
    at file:///home/siegfriedneto/projects/servicedeskn1-fix-simulate-hypothesis/frontend/app/node_modules/@tanstack/react-router/dist/esm/Matches.js:38:39
    at Object.react_stack_bottom_frame (/home/siegfriedneto/projects/servicedeskn1-fix-simulate-hypothesis/frontend/app/node_modules/react-dom/cjs/react-dom-client.development.js:25989:20)
    at runWithFiberInDEV (/home/siegfriedneto/projects/servicedeskn1-fix-simulate-hypothesis/frontend/app/node_modules/react-dom/cjs/react-dom-client.development.js:874:13)
    at commitHookEffectListMount (/home/siegfriedneto/projects/servicedeskn1-fix-simulate-hypothesis/frontend/app/node_modules/react-dom/cjs/react-dom-client.development.js:13249:29) undefined
Error: Not implemented: window.scrollTo
    at module.exports (/home/siegfriedneto/projects/servicedeskn1-fix-simulate-hypothesis/frontend/app/node_modules/jsdom/lib/jsdom/browser/not-implemented.js:9:17)
    at /home/siegfriedneto/projects/servicedeskn1-fix-simulate-hypothesis/frontend/app/node_modules/jsdom/lib/jsdom/browser/Window.js:960:7
    at Object.fn (file:///home/siegfriedneto/projects/servicedeskn1-fix-simulate-hypothesis/frontend/app/node_modules/@tanstack/router-core/dist/esm/scroll-restoration.js:180:27)
    at RouterCore.emit (file:///home/siegfriedneto/projects/servicedeskn1-fix-simulate-hypothesis/frontend/app/node_modules/@tanstack/router-core/dist/esm/router.js:178:14)
    at file:///home/siegfriedneto/projects/servicedeskn1-fix-simulate-hypothesis/frontend/app/node_modules/@tanstack/react-router/dist/esm/Transitioner.js:46:25
    at settleOwner (file:///home/siegfriedneto/projects/servicedeskn1-fix-simulate-hypothesis/frontend/app/node_modules/@tanstack/react-router/dist/esm/Transitioner.js:10:10)
    at file:///home/siegfriedneto/projects/servicedeskn1-fix-simulate-hypothesis/frontend/app/node_modules/@tanstack/react-router/dist/esm/Matches.js:38:39
    at Object.react_stack_bottom_frame (/home/siegfriedneto/projects/servicedeskn1-fix-simulate-hypothesis/frontend/app/node_modules/react-dom/cjs/react-dom-client.development.js:25989:20)
    at runWithFiberInDEV (/home/siegfriedneto/projects/servicedeskn1-fix-simulate-hypothesis/frontend/app/node_modules/react-dom/cjs/react-dom-client.development.js:874:13)
    at commitHookEffectListMount (/home/siegfriedneto/projects/servicedeskn1-fix-simulate-hypothesis/frontend/app/node_modules/react-dom/cjs/react-dom-client.development.js:13249:29) undefined
Error: Not implemented: window.scrollTo
    at module.exports (/home/siegfriedneto/projects/servicedeskn1-fix-simulate-hypothesis/frontend/app/node_modules/jsdom/lib/jsdom/browser/not-implemented.js:9:17)
    at /home/siegfriedneto/projects/servicedeskn1-fix-simulate-hypothesis/frontend/app/node_modules/jsdom/lib/jsdom/browser/Window.js:960:7
    at Object.fn (file:///home/siegfriedneto/projects/servicedeskn1-fix-simulate-hypothesis/frontend/app/node_modules/@tanstack/router-core/dist/esm/scroll-restoration.js:180:27)
    at RouterCore.emit (file:///home/siegfriedneto/projects/servicedeskn1-fix-simulate-hypothesis/frontend/app/node_modules/@tanstack/router-core/dist/esm/router.js:178:14)
    at file:///home/siegfriedneto/projects/servicedeskn1-fix-simulate-hypothesis/frontend/app/node_modules/@tanstack/react-router/dist/esm/Transitioner.js:46:25
    at settleOwner (file:///home/siegfriedneto/projects/servicedeskn1-fix-simulate-hypothesis/frontend/app/node_modules/@tanstack/react-router/dist/esm/Transitioner.js:10:10)
    at file:///home/siegfriedneto/projects/servicedeskn1-fix-simulate-hypothesis/frontend/app/node_modules/@tanstack/react-router/dist/esm/Matches.js:38:39
    at Object.react_stack_bottom_frame (/home/siegfriedneto/projects/servicedeskn1-fix-simulate-hypothesis/frontend/app/node_modules/react-dom/cjs/react-dom-client.development.js:25989:20)
    at runWithFiberInDEV (/home/siegfriedneto/projects/servicedeskn1-fix-simulate-hypothesis/frontend/app/node_modules/react-dom/cjs/react-dom-client.development.js:874:13)
    at commitHookEffectListMount (/home/siegfriedneto/projects/servicedeskn1-fix-simulate-hypothesis/frontend/app/node_modules/react-dom/cjs/react-dom-client.development.js:13249:29) undefined
Error: Not implemented: window.scrollTo
    at module.exports (/home/siegfriedneto/projects/servicedeskn1-fix-simulate-hypothesis/frontend/app/node_modules/jsdom/lib/jsdom/browser/not-implemented.js:9:17)
    at /home/siegfriedneto/projects/servicedeskn1-fix-simulate-hypothesis/frontend/app/node_modules/jsdom/lib/jsdom/browser/Window.js:960:7
    at Object.fn (file:///home/siegfriedneto/projects/servicedeskn1-fix-simulate-hypothesis/frontend/app/node_modules/@tanstack/router-core/dist/esm/scroll-restoration.js:180:27)
    at RouterCore.emit (file:///home/siegfriedneto/projects/servicedeskn1-fix-simulate-hypothesis/frontend/app/node_modules/@tanstack/router-core/dist/esm/router.js:178:14)
    at file:///home/siegfriedneto/projects/servicedeskn1-fix-simulate-hypothesis/frontend/app/node_modules/@tanstack/react-router/dist/esm/Transitioner.js:46:25
    at settleOwner (file:///home/siegfriedneto/projects/servicedeskn1-fix-simulate-hypothesis/frontend/app/node_modules/@tanstack/react-router/dist/esm/Transitioner.js:10:10)
    at file:///home/siegfriedneto/projects/servicedeskn1-fix-simulate-hypothesis/frontend/app/node_modules/@tanstack/react-router/dist/esm/Matches.js:38:39
    at Object.react_stack_bottom_frame (/home/siegfriedneto/projects/servicedeskn1-fix-simulate-hypothesis/frontend/app/node_modules/react-dom/cjs/react-dom-client.development.js:25989:20)
    at runWithFiberInDEV (/home/siegfriedneto/projects/servicedeskn1-fix-simulate-hypothesis/frontend/app/node_modules/react-dom/cjs/react-dom-client.development.js:874:13)
    at commitHookEffectListMount (/home/siegfriedneto/projects/servicedeskn1-fix-simulate-hypothesis/frontend/app/node_modules/react-dom/cjs/react-dom-client.development.js:13249:29) undefined
Error: Not implemented: window.scrollTo
    at module.exports (/home/siegfriedneto/projects/servicedeskn1-fix-simulate-hypothesis/frontend/app/node_modules/jsdom/lib/jsdom/browser/not-implemented.js:9:17)
    at /home/siegfriedneto/projects/servicedeskn1-fix-simulate-hypothesis/frontend/app/node_modules/jsdom/lib/jsdom/browser/Window.js:960:7
    at Object.fn (file:///home/siegfriedneto/projects/servicedeskn1-fix-simulate-hypothesis/frontend/app/node_modules/@tanstack/router-core/dist/esm/scroll-restoration.js:180:27)
    at RouterCore.emit (file:///home/siegfriedneto/projects/servicedeskn1-fix-simulate-hypothesis/frontend/app/node_modules/@tanstack/router-core/dist/esm/router.js:178:14)
    at file:///home/siegfriedneto/projects/servicedeskn1-fix-simulate-hypothesis/frontend/app/node_modules/@tanstack/react-router/dist/esm/Transitioner.js:46:25
    at settleOwner (file:///home/siegfriedneto/projects/servicedeskn1-fix-simulate-hypothesis/frontend/app/node_modules/@tanstack/react-router/dist/esm/Transitioner.js:10:10)
    at file:///home/siegfriedneto/projects/servicedeskn1-fix-simulate-hypothesis/frontend/app/node_modules/@tanstack/react-router/dist/esm/Matches.js:38:39
    at Object.react_stack_bottom_frame (/home/siegfriedneto/projects/servicedeskn1-fix-simulate-hypothesis/frontend/app/node_modules/react-dom/cjs/react-dom-client.development.js:25989:20)
    at runWithFiberInDEV (/home/siegfriedneto/projects/servicedeskn1-fix-simulate-hypothesis/frontend/app/node_modules/react-dom/cjs/react-dom-client.development.js:874:13)
    at commitHookEffectListMount (/home/siegfriedneto/projects/servicedeskn1-fix-simulate-hypothesis/frontend/app/node_modules/react-dom/cjs/react-dom-client.development.js:13249:29) undefined
Error: Not implemented: window.scrollTo
    at module.exports (/home/siegfriedneto/projects/servicedeskn1-fix-simulate-hypothesis/frontend/app/node_modules/jsdom/lib/jsdom/browser/not-implemented.js:9:17)
    at /home/siegfriedneto/projects/servicedeskn1-fix-simulate-hypothesis/frontend/app/node_modules/jsdom/lib/jsdom/browser/Window.js:960:7
    at Object.fn (file:///home/siegfriedneto/projects/servicedeskn1-fix-simulate-hypothesis/frontend/app/node_modules/@tanstack/router-core/dist/esm/scroll-restoration.js:180:27)
    at RouterCore.emit (file:///home/siegfriedneto/projects/servicedeskn1-fix-simulate-hypothesis/frontend/app/node_modules/@tanstack/router-core/dist/esm/router.js:178:14)
    at file:///home/siegfriedneto/projects/servicedeskn1-fix-simulate-hypothesis/frontend/app/node_modules/@tanstack/react-router/dist/esm/Transitioner.js:46:25
    at settleOwner (file:///home/siegfriedneto/projects/servicedeskn1-fix-simulate-hypothesis/frontend/app/node_modules/@tanstack/react-router/dist/esm/Transitioner.js:10:10)
    at file:///home/siegfriedneto/projects/servicedeskn1-fix-simulate-hypothesis/frontend/app/node_modules/@tanstack/react-router/dist/esm/Matches.js:38:39
    at Object.react_stack_bottom_frame (/home/siegfriedneto/projects/servicedeskn1-fix-simulate-hypothesis/frontend/app/node_modules/react-dom/cjs/react-dom-client.development.js:25989:20)
    at runWithFiberInDEV (/home/siegfriedneto/projects/servicedeskn1-fix-simulate-hypothesis/frontend/app/node_modules/react-dom/cjs/react-dom-client.development.js:874:13)
    at commitHookEffectListMount (/home/siegfriedneto/projects/servicedeskn1-fix-simulate-hypothesis/frontend/app/node_modules/react-dom/cjs/react-dom-client.development.js:13249:29) undefined
Error: Not implemented: window.scrollTo
    at module.exports (/home/siegfriedneto/projects/servicedeskn1-fix-simulate-hypothesis/frontend/app/node_modules/jsdom/lib/jsdom/browser/not-implemented.js:9:17)
    at /home/siegfriedneto/projects/servicedeskn1-fix-simulate-hypothesis/frontend/app/node_modules/jsdom/lib/jsdom/browser/Window.js:960:7
    at Object.fn (file:///home/siegfriedneto/projects/servicedeskn1-fix-simulate-hypothesis/frontend/app/node_modules/@tanstack/router-core/dist/esm/scroll-restoration.js:180:27)
    at RouterCore.emit (file:///home/siegfriedneto/projects/servicedeskn1-fix-simulate-hypothesis/frontend/app/node_modules/@tanstack/router-core/dist/esm/router.js:178:14)
    at file:///home/siegfriedneto/projects/servicedeskn1-fix-simulate-hypothesis/frontend/app/node_modules/@tanstack/react-router/dist/esm/Transitioner.js:46:25
    at settleOwner (file:///home/siegfriedneto/projects/servicedeskn1-fix-simulate-hypothesis/frontend/app/node_modules/@tanstack/react-router/dist/esm/Transitioner.js:10:10)
    at file:///home/siegfriedneto/projects/servicedeskn1-fix-simulate-hypothesis/frontend/app/node_modules/@tanstack/react-router/dist/esm/Matches.js:38:39
    at Object.react_stack_bottom_frame (/home/siegfriedneto/projects/servicedeskn1-fix-simulate-hypothesis/frontend/app/node_modules/react-dom/cjs/react-dom-client.development.js:25989:20)
    at runWithFiberInDEV (/home/siegfriedneto/projects/servicedeskn1-fix-simulate-hypothesis/frontend/app/node_modules/react-dom/cjs/react-dom-client.development.js:874:13)
    at commitHookEffectListMount (/home/siegfriedneto/projects/servicedeskn1-fix-simulate-hypothesis/frontend/app/node_modules/react-dom/cjs/react-dom-client.development.js:13249:29) undefined
Error: Not implemented: window.scrollTo
    at module.exports (/home/siegfriedneto/projects/servicedeskn1-fix-simulate-hypothesis/frontend/app/node_modules/jsdom/lib/jsdom/browser/not-implemented.js:9:17)
    at /home/siegfriedneto/projects/servicedeskn1-fix-simulate-hypothesis/frontend/app/node_modules/jsdom/lib/jsdom/browser/Window.js:960:7
    at Object.fn (file:///home/siegfriedneto/projects/servicedeskn1-fix-simulate-hypothesis/frontend/app/node_modules/@tanstack/router-core/dist/esm/scroll-restoration.js:180:27)
    at RouterCore.emit (file:///home/siegfriedneto/projects/servicedeskn1-fix-simulate-hypothesis/frontend/app/node_modules/@tanstack/router-core/dist/esm/router.js:178:14)
    at file:///home/siegfriedneto/projects/servicedeskn1-fix-simulate-hypothesis/frontend/app/node_modules/@tanstack/react-router/dist/esm/Transitioner.js:46:25
    at settleOwner (file:///home/siegfriedneto/projects/servicedeskn1-fix-simulate-hypothesis/frontend/app/node_modules/@tanstack/react-router/dist/esm/Transitioner.js:10:10)
    at file:///home/siegfriedneto/projects/servicedeskn1-fix-simulate-hypothesis/frontend/app/node_modules/@tanstack/react-router/dist/esm/Matches.js:38:39
    at Object.react_stack_bottom_frame (/home/siegfriedneto/projects/servicedeskn1-fix-simulate-hypothesis/frontend/app/node_modules/react-dom/cjs/react-dom-client.development.js:25989:20)
    at runWithFiberInDEV (/home/siegfriedneto/projects/servicedeskn1-fix-simulate-hypothesis/frontend/app/node_modules/react-dom/cjs/react-dom-client.development.js:874:13)
    at commitHookEffectListMount (/home/siegfriedneto/projects/servicedeskn1-fix-simulate-hypothesis/frontend/app/node_modules/react-dom/cjs/react-dom-client.development.js:13249:29) undefined
Error: Not implemented: window.scrollTo
    at module.exports (/home/siegfriedneto/projects/servicedeskn1-fix-simulate-hypothesis/frontend/app/node_modules/jsdom/lib/jsdom/browser/not-implemented.js:9:17)
    at /home/siegfriedneto/projects/servicedeskn1-fix-simulate-hypothesis/frontend/app/node_modules/jsdom/lib/jsdom/browser/Window.js:960:7
    at Object.fn (file:///home/siegfriedneto/projects/servicedeskn1-fix-simulate-hypothesis/frontend/app/node_modules/@tanstack/router-core/dist/esm/scroll-restoration.js:180:27)
    at RouterCore.emit (file:///home/siegfriedneto/projects/servicedeskn1-fix-simulate-hypothesis/frontend/app/node_modules/@tanstack/router-core/dist/esm/router.js:178:14)
    at file:///home/siegfriedneto/projects/servicedeskn1-fix-simulate-hypothesis/frontend/app/node_modules/@tanstack/react-router/dist/esm/Transitioner.js:46:25
    at settleOwner (file:///home/siegfriedneto/projects/servicedeskn1-fix-simulate-hypothesis/frontend/app/node_modules/@tanstack/react-router/dist/esm/Transitioner.js:10:10)
    at file:///home/siegfriedneto/projects/servicedeskn1-fix-simulate-hypothesis/frontend/app/node_modules/@tanstack/react-router/dist/esm/Matches.js:38:39
    at Object.react_stack_bottom_frame (/home/siegfriedneto/projects/servicedeskn1-fix-simulate-hypothesis/frontend/app/node_modules/react-dom/cjs/react-dom-client.development.js:25989:20)
    at runWithFiberInDEV (/home/siegfriedneto/projects/servicedeskn1-fix-simulate-hypothesis/frontend/app/node_modules/react-dom/cjs/react-dom-client.development.js:874:13)
    at commitHookEffectListMount (/home/siegfriedneto/projects/servicedeskn1-fix-simulate-hypothesis/frontend/app/node_modules/react-dom/cjs/react-dom-client.development.js:13249:29) undefined
Error: Not implemented: window.scrollTo
    at module.exports (/home/siegfriedneto/projects/servicedeskn1-fix-simulate-hypothesis/frontend/app/node_modules/jsdom/lib/jsdom/browser/not-implemented.js:9:17)
    at /home/siegfriedneto/projects/servicedeskn1-fix-simulate-hypothesis/frontend/app/node_modules/jsdom/lib/jsdom/browser/Window.js:960:7
    at Object.fn (file:///home/siegfriedneto/projects/servicedeskn1-fix-simulate-hypothesis/frontend/app/node_modules/@tanstack/router-core/dist/esm/scroll-restoration.js:180:27)
    at RouterCore.emit (file:///home/siegfriedneto/projects/servicedeskn1-fix-simulate-hypothesis/frontend/app/node_modules/@tanstack/router-core/dist/esm/router.js:178:14)
    at file:///home/siegfriedneto/projects/servicedeskn1-fix-simulate-hypothesis/frontend/app/node_modules/@tanstack/react-router/dist/esm/Transitioner.js:46:25
    at settleOwner (file:///home/siegfriedneto/projects/servicedeskn1-fix-simulate-hypothesis/frontend/app/node_modules/@tanstack/react-router/dist/esm/Transitioner.js:10:10)
    at file:///home/siegfriedneto/projects/servicedeskn1-fix-simulate-hypothesis/frontend/app/node_modules/@tanstack/react-router/dist/esm/Matches.js:38:39
    at Object.react_stack_bottom_frame (/home/siegfriedneto/projects/servicedeskn1-fix-simulate-hypothesis/frontend/app/node_modules/react-dom/cjs/react-dom-client.development.js:25989:20)
    at runWithFiberInDEV (/home/siegfriedneto/projects/servicedeskn1-fix-simulate-hypothesis/frontend/app/node_modules/react-dom/cjs/react-dom-client.development.js:874:13)
    at commitHookEffectListMount (/home/siegfriedneto/projects/servicedeskn1-fix-simulate-hypothesis/frontend/app/node_modules/react-dom/cjs/react-dom-client.development.js:13249:29) undefined
Error: Not implemented: window.scrollTo
    at module.exports (/home/siegfriedneto/projects/servicedeskn1-fix-simulate-hypothesis/frontend/app/node_modules/jsdom/lib/jsdom/browser/not-implemented.js:9:17)
    at /home/siegfriedneto/projects/servicedeskn1-fix-simulate-hypothesis/frontend/app/node_modules/jsdom/lib/jsdom/browser/Window.js:960:7
    at Object.fn (file:///home/siegfriedneto/projects/servicedeskn1-fix-simulate-hypothesis/frontend/app/node_modules/@tanstack/router-core/dist/esm/scroll-restoration.js:180:27)
    at RouterCore.emit (file:///home/siegfriedneto/projects/servicedeskn1-fix-simulate-hypothesis/frontend/app/node_modules/@tanstack/router-core/dist/esm/router.js:178:14)
    at file:///home/siegfriedneto/projects/servicedeskn1-fix-simulate-hypothesis/frontend/app/node_modules/@tanstack/react-router/dist/esm/Transitioner.js:46:25
    at settleOwner (file:///home/siegfriedneto/projects/servicedeskn1-fix-simulate-hypothesis/frontend/app/node_modules/@tanstack/react-router/dist/esm/Transitioner.js:10:10)
    at file:///home/siegfriedneto/projects/servicedeskn1-fix-simulate-hypothesis/frontend/app/node_modules/@tanstack/react-router/dist/esm/Matches.js:38:39
    at Object.react_stack_bottom_frame (/home/siegfriedneto/projects/servicedeskn1-fix-simulate-hypothesis/frontend/app/node_modules/react-dom/cjs/react-dom-client.development.js:25989:20)
    at runWithFiberInDEV (/home/siegfriedneto/projects/servicedeskn1-fix-simulate-hypothesis/frontend/app/node_modules/react-dom/cjs/react-dom-client.development.js:874:13)
    at commitHookEffectListMount (/home/siegfriedneto/projects/servicedeskn1-fix-simulate-hypothesis/frontend/app/node_modules/react-dom/cjs/react-dom-client.development.js:13249:29) undefined
Error: Not implemented: window.scrollTo
    at module.exports (/home/siegfriedneto/projects/servicedeskn1-fix-simulate-hypothesis/frontend/app/node_modules/jsdom/lib/jsdom/browser/not-implemented.js:9:17)
    at /home/siegfriedneto/projects/servicedeskn1-fix-simulate-hypothesis/frontend/app/node_modules/jsdom/lib/jsdom/browser/Window.js:960:7
    at Object.fn (file:///home/siegfriedneto/projects/servicedeskn1-fix-simulate-hypothesis/frontend/app/node_modules/@tanstack/router-core/dist/esm/scroll-restoration.js:180:27)
    at RouterCore.emit (file:///home/siegfriedneto/projects/servicedeskn1-fix-simulate-hypothesis/frontend/app/node_modules/@tanstack/router-core/dist/esm/router.js:178:14)
    at file:///home/siegfriedneto/projects/servicedeskn1-fix-simulate-hypothesis/frontend/app/node_modules/@tanstack/react-router/dist/esm/Transitioner.js:46:25
    at settleOwner (file:///home/siegfriedneto/projects/servicedeskn1-fix-simulate-hypothesis/frontend/app/node_modules/@tanstack/react-router/dist/esm/Transitioner.js:10:10)
    at file:///home/siegfriedneto/projects/servicedeskn1-fix-simulate-hypothesis/frontend/app/node_modules/@tanstack/react-router/dist/esm/Matches.js:38:39
    at Object.react_stack_bottom_frame (/home/siegfriedneto/projects/servicedeskn1-fix-simulate-hypothesis/frontend/app/node_modules/react-dom/cjs/react-dom-client.development.js:25989:20)
    at runWithFiberInDEV (/home/siegfriedneto/projects/servicedeskn1-fix-simulate-hypothesis/frontend/app/node_modules/react-dom/cjs/react-dom-client.development.js:874:13)
    at commitHookEffectListMount (/home/siegfriedneto/projects/servicedeskn1-fix-simulate-hypothesis/frontend/app/node_modules/react-dom/cjs/react-dom-client.development.js:13249:29) undefined
Error: Not implemented: window.scrollTo
    at module.exports (/home/siegfriedneto/projects/servicedeskn1-fix-simulate-hypothesis/frontend/app/node_modules/jsdom/lib/jsdom/browser/not-implemented.js:9:17)
    at /home/siegfriedneto/projects/servicedeskn1-fix-simulate-hypothesis/frontend/app/node_modules/jsdom/lib/jsdom/browser/Window.js:960:7
    at Object.fn (file:///home/siegfriedneto/projects/servicedeskn1-fix-simulate-hypothesis/frontend/app/node_modules/@tanstack/router-core/dist/esm/scroll-restoration.js:180:27)
    at RouterCore.emit (file:///home/siegfriedneto/projects/servicedeskn1-fix-simulate-hypothesis/frontend/app/node_modules/@tanstack/router-core/dist/esm/router.js:178:14)
    at file:///home/siegfriedneto/projects/servicedeskn1-fix-simulate-hypothesis/frontend/app/node_modules/@tanstack/router-core/dist/esm/load-client.js:943:46
    at Router.batch (file:///home/siegfriedneto/projects/servicedeskn1-fix-simulate-hypothesis/frontend/app/node_modules/@tanstack/store/dist/esm/atom.js:39:5)
    at file:///home/siegfriedneto/projects/servicedeskn1-fix-simulate-hypothesis/frontend/app/node_modules/@tanstack/router-core/dist/esm/load-client.js:936:10
    at runClientTransaction (file:///home/siegfriedneto/projects/servicedeskn1-fix-simulate-hypothesis/frontend/app/node_modules/@tanstack/router-core/dist/esm/load-client.js:902:2)
    at loadClientRoute (file:///home/siegfriedneto/projects/servicedeskn1-fix-simulate-hypothesis/frontend/app/node_modules/@tanstack/router-core/dist/esm/load-client.js:1034:2)
    at RouterCore.load (file:///home/siegfriedneto/projects/servicedeskn1-fix-simulate-hypothesis/frontend/app/node_modules/@tanstack/router-core/dist/esm/router.js:489:4) undefined
Error: Not implemented: window.scrollTo
    at module.exports (/home/siegfriedneto/projects/servicedeskn1-fix-simulate-hypothesis/frontend/app/node_modules/jsdom/lib/jsdom/browser/not-implemented.js:9:17)
    at /home/siegfriedneto/projects/servicedeskn1-fix-simulate-hypothesis/frontend/app/node_modules/jsdom/lib/jsdom/browser/Window.js:960:7
    at Object.fn (file:///home/siegfriedneto/projects/servicedeskn1-fix-simulate-hypothesis/frontend/app/node_modules/@tanstack/router-core/dist/esm/scroll-restoration.js:180:27)
    at RouterCore.emit (file:///home/siegfriedneto/projects/servicedeskn1-fix-simulate-hypothesis/frontend/app/node_modules/@tanstack/router-core/dist/esm/router.js:178:14)
    at file:///home/siegfriedneto/projects/servicedeskn1-fix-simulate-hypothesis/frontend/app/node_modules/@tanstack/react-router/dist/esm/Transitioner.js:46:25
    at settleOwner (file:///home/siegfriedneto/projects/servicedeskn1-fix-simulate-hypothesis/frontend/app/node_modules/@tanstack/react-router/dist/esm/Transitioner.js:10:10)
    at file:///home/siegfriedneto/projects/servicedeskn1-fix-simulate-hypothesis/frontend/app/node_modules/@tanstack/react-router/dist/esm/Matches.js:38:39
    at Object.react_stack_bottom_frame (/home/siegfriedneto/projects/servicedeskn1-fix-simulate-hypothesis/frontend/app/node_modules/react-dom/cjs/react-dom-client.development.js:25989:20)
    at runWithFiberInDEV (/home/siegfriedneto/projects/servicedeskn1-fix-simulate-hypothesis/frontend/app/node_modules/react-dom/cjs/react-dom-client.development.js:874:13)
    at commitHookEffectListMount (/home/siegfriedneto/projects/servicedeskn1-fix-simulate-hypothesis/frontend/app/node_modules/react-dom/cjs/react-dom-client.development.js:13249:29) undefined
Error: Not implemented: window.scrollTo
    at module.exports (/home/siegfriedneto/projects/servicedeskn1-fix-simulate-hypothesis/frontend/app/node_modules/jsdom/lib/jsdom/browser/not-implemented.js:9:17)
    at /home/siegfriedneto/projects/servicedeskn1-fix-simulate-hypothesis/frontend/app/node_modules/jsdom/lib/jsdom/browser/Window.js:960:7
    at Object.fn (file:///home/siegfriedneto/projects/servicedeskn1-fix-simulate-hypothesis/frontend/app/node_modules/@tanstack/router-core/dist/esm/scroll-restoration.js:180:27)
    at RouterCore.emit (file:///home/siegfriedneto/projects/servicedeskn1-fix-simulate-hypothesis/frontend/app/node_modules/@tanstack/router-core/dist/esm/router.js:178:14)
    at file:///home/siegfriedneto/projects/servicedeskn1-fix-simulate-hypothesis/frontend/app/node_modules/@tanstack/react-router/dist/esm/Transitioner.js:46:25
    at settleOwner (file:///home/siegfriedneto/projects/servicedeskn1-fix-simulate-hypothesis/frontend/app/node_modules/@tanstack/react-router/dist/esm/Transitioner.js:10:10)
    at file:///home/siegfriedneto/projects/servicedeskn1-fix-simulate-hypothesis/frontend/app/node_modules/@tanstack/react-router/dist/esm/Matches.js:38:39
    at Object.react_stack_bottom_frame (/home/siegfriedneto/projects/servicedeskn1-fix-simulate-hypothesis/frontend/app/node_modules/react-dom/cjs/react-dom-client.development.js:25989:20)
    at runWithFiberInDEV (/home/siegfriedneto/projects/servicedeskn1-fix-simulate-hypothesis/frontend/app/node_modules/react-dom/cjs/react-dom-client.development.js:874:13)
    at commitHookEffectListMount (/home/siegfriedneto/projects/servicedeskn1-fix-simulate-hypothesis/frontend/app/node_modules/react-dom/cjs/react-dom-client.development.js:13249:29) undefined
Error: Not implemented: window.scrollTo
    at module.exports (/home/siegfriedneto/projects/servicedeskn1-fix-simulate-hypothesis/frontend/app/node_modules/jsdom/lib/jsdom/browser/not-implemented.js:9:17)
    at /home/siegfriedneto/projects/servicedeskn1-fix-simulate-hypothesis/frontend/app/node_modules/jsdom/lib/jsdom/browser/Window.js:960:7
    at Object.fn (file:///home/siegfriedneto/projects/servicedeskn1-fix-simulate-hypothesis/frontend/app/node_modules/@tanstack/router-core/dist/esm/scroll-restoration.js:180:27)
    at RouterCore.emit (file:///home/siegfriedneto/projects/servicedeskn1-fix-simulate-hypothesis/frontend/app/node_modules/@tanstack/router-core/dist/esm/router.js:178:14)
    at file:///home/siegfriedneto/projects/servicedeskn1-fix-simulate-hypothesis/frontend/app/node_modules/@tanstack/react-router/dist/esm/Transitioner.js:46:25
    at settleOwner (file:///home/siegfriedneto/projects/servicedeskn1-fix-simulate-hypothesis/frontend/app/node_modules/@tanstack/react-router/dist/esm/Transitioner.js:10:10)
    at file:///home/siegfriedneto/projects/servicedeskn1-fix-simulate-hypothesis/frontend/app/node_modules/@tanstack/react-router/dist/esm/Matches.js:38:39
    at Object.react_stack_bottom_frame (/home/siegfriedneto/projects/servicedeskn1-fix-simulate-hypothesis/frontend/app/node_modules/react-dom/cjs/react-dom-client.development.js:25989:20)
    at runWithFiberInDEV (/home/siegfriedneto/projects/servicedeskn1-fix-simulate-hypothesis/frontend/app/node_modules/react-dom/cjs/react-dom-client.development.js:874:13)
    at commitHookEffectListMount (/home/siegfriedneto/projects/servicedeskn1-fix-simulate-hypothesis/frontend/app/node_modules/react-dom/cjs/react-dom-client.development.js:13249:29) undefined
Error: Not implemented: window.scrollTo
    at module.exports (/home/siegfriedneto/projects/servicedeskn1-fix-simulate-hypothesis/frontend/app/node_modules/jsdom/lib/jsdom/browser/not-implemented.js:9:17)
    at /home/siegfriedneto/projects/servicedeskn1-fix-simulate-hypothesis/frontend/app/node_modules/jsdom/lib/jsdom/browser/Window.js:960:7
    at Object.fn (file:///home/siegfriedneto/projects/servicedeskn1-fix-simulate-hypothesis/frontend/app/node_modules/@tanstack/router-core/dist/esm/scroll-restoration.js:180:27)
    at RouterCore.emit (file:///home/siegfriedneto/projects/servicedeskn1-fix-simulate-hypothesis/frontend/app/node_modules/@tanstack/router-core/dist/esm/router.js:178:14)
    at file:///home/siegfriedneto/projects/servicedeskn1-fix-simulate-hypothesis/frontend/app/node_modules/@tanstack/react-router/dist/esm/Transitioner.js:46:25
    at settleOwner (file:///home/siegfriedneto/projects/servicedeskn1-fix-simulate-hypothesis/frontend/app/node_modules/@tanstack/react-router/dist/esm/Transitioner.js:10:10)
    at file:///home/siegfriedneto/projects/servicedeskn1-fix-simulate-hypothesis/frontend/app/node_modules/@tanstack/react-router/dist/esm/Matches.js:38:39
    at Object.react_stack_bottom_frame (/home/siegfriedneto/projects/servicedeskn1-fix-simulate-hypothesis/frontend/app/node_modules/react-dom/cjs/react-dom-client.development.js:25989:20)
    at runWithFiberInDEV (/home/siegfriedneto/projects/servicedeskn1-fix-simulate-hypothesis/frontend/app/node_modules/react-dom/cjs/react-dom-client.development.js:874:13)
    at commitHookEffectListMount (/home/siegfriedneto/projects/servicedeskn1-fix-simulate-hypothesis/frontend/app/node_modules/react-dom/cjs/react-dom-client.development.js:13249:29) undefined
Error: Not implemented: window.scrollTo
    at module.exports (/home/siegfriedneto/projects/servicedeskn1-fix-simulate-hypothesis/frontend/app/node_modules/jsdom/lib/jsdom/browser/not-implemented.js:9:17)
    at /home/siegfriedneto/projects/servicedeskn1-fix-simulate-hypothesis/frontend/app/node_modules/jsdom/lib/jsdom/browser/Window.js:960:7
    at Object.fn (file:///home/siegfriedneto/projects/servicedeskn1-fix-simulate-hypothesis/frontend/app/node_modules/@tanstack/router-core/dist/esm/scroll-restoration.js:180:27)
    at RouterCore.emit (file:///home/siegfriedneto/projects/servicedeskn1-fix-simulate-hypothesis/frontend/app/node_modules/@tanstack/router-core/dist/esm/router.js:178:14)
    at file:///home/siegfriedneto/projects/servicedeskn1-fix-simulate-hypothesis/frontend/app/node_modules/@tanstack/react-router/dist/esm/Transitioner.js:46:25
    at settleOwner (file:///home/siegfriedneto/projects/servicedeskn1-fix-simulate-hypothesis/frontend/app/node_modules/@tanstack/react-router/dist/esm/Transitioner.js:10:10)
    at file:///home/siegfriedneto/projects/servicedeskn1-fix-simulate-hypothesis/frontend/app/node_modules/@tanstack/react-router/dist/esm/Matches.js:38:39
    at Object.react_stack_bottom_frame (/home/siegfriedneto/projects/servicedeskn1-fix-simulate-hypothesis/frontend/app/node_modules/react-dom/cjs/react-dom-client.development.js:25989:20)
    at runWithFiberInDEV (/home/siegfriedneto/projects/servicedeskn1-fix-simulate-hypothesis/frontend/app/node_modules/react-dom/cjs/react-dom-client.development.js:874:13)
    at commitHookEffectListMount (/home/siegfriedneto/projects/servicedeskn1-fix-simulate-hypothesis/frontend/app/node_modules/react-dom/cjs/react-dom-client.development.js:13249:29) undefined
Error: Not implemented: window.scrollTo
    at module.exports (/home/siegfriedneto/projects/servicedeskn1-fix-simulate-hypothesis/frontend/app/node_modules/jsdom/lib/jsdom/browser/not-implemented.js:9:17)
    at /home/siegfriedneto/projects/servicedeskn1-fix-simulate-hypothesis/frontend/app/node_modules/jsdom/lib/jsdom/browser/Window.js:960:7
    at Object.fn (file:///home/siegfriedneto/projects/servicedeskn1-fix-simulate-hypothesis/frontend/app/node_modules/@tanstack/router-core/dist/esm/scroll-restoration.js:180:27)
    at RouterCore.emit (file:///home/siegfriedneto/projects/servicedeskn1-fix-simulate-hypothesis/frontend/app/node_modules/@tanstack/router-core/dist/esm/router.js:178:14)
    at file:///home/siegfriedneto/projects/servicedeskn1-fix-simulate-hypothesis/frontend/app/node_modules/@tanstack/react-router/dist/esm/Transitioner.js:46:25
    at settleOwner (file:///home/siegfriedneto/projects/servicedeskn1-fix-simulate-hypothesis/frontend/app/node_modules/@tanstack/react-router/dist/esm/Transitioner.js:10:10)
    at file:///home/siegfriedneto/projects/servicedeskn1-fix-simulate-hypothesis/frontend/app/node_modules/@tanstack/react-router/dist/esm/Matches.js:38:39
    at Object.react_stack_bottom_frame (/home/siegfriedneto/projects/servicedeskn1-fix-simulate-hypothesis/frontend/app/node_modules/react-dom/cjs/react-dom-client.development.js:25989:20)
    at runWithFiberInDEV (/home/siegfriedneto/projects/servicedeskn1-fix-simulate-hypothesis/frontend/app/node_modules/react-dom/cjs/react-dom-client.development.js:874:13)
    at commitHookEffectListMount (/home/siegfriedneto/projects/servicedeskn1-fix-simulate-hypothesis/frontend/app/node_modules/react-dom/cjs/react-dom-client.development.js:13249:29) undefined
Error: Not implemented: window.scrollTo
    at module.exports (/home/siegfriedneto/projects/servicedeskn1-fix-simulate-hypothesis/frontend/app/node_modules/jsdom/lib/jsdom/browser/not-implemented.js:9:17)
    at /home/siegfriedneto/projects/servicedeskn1-fix-simulate-hypothesis/frontend/app/node_modules/jsdom/lib/jsdom/browser/Window.js:960:7
    at Object.fn (file:///home/siegfriedneto/projects/servicedeskn1-fix-simulate-hypothesis/frontend/app/node_modules/@tanstack/router-core/dist/esm/scroll-restoration.js:180:27)
    at RouterCore.emit (file:///home/siegfriedneto/projects/servicedeskn1-fix-simulate-hypothesis/frontend/app/node_modules/@tanstack/router-core/dist/esm/router.js:178:14)
    at file:///home/siegfriedneto/projects/servicedeskn1-fix-simulate-hypothesis/frontend/app/node_modules/@tanstack/react-router/dist/esm/Transitioner.js:46:25
    at settleOwner (file:///home/siegfriedneto/projects/servicedeskn1-fix-simulate-hypothesis/frontend/app/node_modules/@tanstack/react-router/dist/esm/Transitioner.js:10:10)
    at file:///home/siegfriedneto/projects/servicedeskn1-fix-simulate-hypothesis/frontend/app/node_modules/@tanstack/react-router/dist/esm/Matches.js:38:39
    at Object.react_stack_bottom_frame (/home/siegfriedneto/projects/servicedeskn1-fix-simulate-hypothesis/frontend/app/node_modules/react-dom/cjs/react-dom-client.development.js:25989:20)
    at runWithFiberInDEV (/home/siegfriedneto/projects/servicedeskn1-fix-simulate-hypothesis/frontend/app/node_modules/react-dom/cjs/react-dom-client.development.js:874:13)
    at commitHookEffectListMount (/home/siegfriedneto/projects/servicedeskn1-fix-simulate-hypothesis/frontend/app/node_modules/react-dom/cjs/react-dom-client.development.js:13249:29) undefined
Error: Not implemented: window.scrollTo
    at module.exports (/home/siegfriedneto/projects/servicedeskn1-fix-simulate-hypothesis/frontend/app/node_modules/jsdom/lib/jsdom/browser/not-implemented.js:9:17)
    at /home/siegfriedneto/projects/servicedeskn1-fix-simulate-hypothesis/frontend/app/node_modules/jsdom/lib/jsdom/browser/Window.js:960:7
    at Object.fn (file:///home/siegfriedneto/projects/servicedeskn1-fix-simulate-hypothesis/frontend/app/node_modules/@tanstack/router-core/dist/esm/scroll-restoration.js:180:27)
    at RouterCore.emit (file:///home/siegfriedneto/projects/servicedeskn1-fix-simulate-hypothesis/frontend/app/node_modules/@tanstack/router-core/dist/esm/router.js:178:14)
    at file:///home/siegfriedneto/projects/servicedeskn1-fix-simulate-hypothesis/frontend/app/node_modules/@tanstack/router-core/dist/esm/load-client.js:943:46
    at Router.batch (file:///home/siegfriedneto/projects/servicedeskn1-fix-simulate-hypothesis/frontend/app/node_modules/@tanstack/store/dist/esm/atom.js:39:5)
    at file:///home/siegfriedneto/projects/servicedeskn1-fix-simulate-hypothesis/frontend/app/node_modules/@tanstack/router-core/dist/esm/load-client.js:936:10
    at runClientTransaction (file:///home/siegfriedneto/projects/servicedeskn1-fix-simulate-hypothesis/frontend/app/node_modules/@tanstack/router-core/dist/esm/load-client.js:902:2)
    at loadClientRoute (file:///home/siegfriedneto/projects/servicedeskn1-fix-simulate-hypothesis/frontend/app/node_modules/@tanstack/router-core/dist/esm/load-client.js:1034:2)
    at RouterCore.load (file:///home/siegfriedneto/projects/servicedeskn1-fix-simulate-hypothesis/frontend/app/node_modules/@tanstack/router-core/dist/esm/router.js:489:4) undefined
Error: Not implemented: window.scrollTo
    at module.exports (/home/siegfriedneto/projects/servicedeskn1-fix-simulate-hypothesis/frontend/app/node_modules/jsdom/lib/jsdom/browser/not-implemented.js:9:17)
    at /home/siegfriedneto/projects/servicedeskn1-fix-simulate-hypothesis/frontend/app/node_modules/jsdom/lib/jsdom/browser/Window.js:960:7
    at Object.fn (file:///home/siegfriedneto/projects/servicedeskn1-fix-simulate-hypothesis/frontend/app/node_modules/@tanstack/router-core/dist/esm/scroll-restoration.js:180:27)
    at RouterCore.emit (file:///home/siegfriedneto/projects/servicedeskn1-fix-simulate-hypothesis/frontend/app/node_modules/@tanstack/router-core/dist/esm/router.js:178:14)
    at file:///home/siegfriedneto/projects/servicedeskn1-fix-simulate-hypothesis/frontend/app/node_modules/@tanstack/react-router/dist/esm/Transitioner.js:46:25
    at settleOwner (file:///home/siegfriedneto/projects/servicedeskn1-fix-simulate-hypothesis/frontend/app/node_modules/@tanstack/react-router/dist/esm/Transitioner.js:10:10)
    at file:///home/siegfriedneto/projects/servicedeskn1-fix-simulate-hypothesis/frontend/app/node_modules/@tanstack/react-router/dist/esm/Matches.js:38:39
    at Object.react_stack_bottom_frame (/home/siegfriedneto/projects/servicedeskn1-fix-simulate-hypothesis/frontend/app/node_modules/react-dom/cjs/react-dom-client.development.js:25989:20)
    at runWithFiberInDEV (/home/siegfriedneto/projects/servicedeskn1-fix-simulate-hypothesis/frontend/app/node_modules/react-dom/cjs/react-dom-client.development.js:874:13)
    at commitHookEffectListMount (/home/siegfriedneto/projects/servicedeskn1-fix-simulate-hypothesis/frontend/app/node_modules/react-dom/cjs/react-dom-client.development.js:13249:29) undefined
Error: Not implemented: window.scrollTo
    at module.exports (/home/siegfriedneto/projects/servicedeskn1-fix-simulate-hypothesis/frontend/app/node_modules/jsdom/lib/jsdom/browser/not-implemented.js:9:17)
    at /home/siegfriedneto/projects/servicedeskn1-fix-simulate-hypothesis/frontend/app/node_modules/jsdom/lib/jsdom/browser/Window.js:960:7
    at Object.fn (file:///home/siegfriedneto/projects/servicedeskn1-fix-simulate-hypothesis/frontend/app/node_modules/@tanstack/router-core/dist/esm/scroll-restoration.js:180:27)
    at RouterCore.emit (file:///home/siegfriedneto/projects/servicedeskn1-fix-simulate-hypothesis/frontend/app/node_modules/@tanstack/router-core/dist/esm/router.js:178:14)
    at file:///home/siegfriedneto/projects/servicedeskn1-fix-simulate-hypothesis/frontend/app/node_modules/@tanstack/router-core/dist/esm/load-client.js:943:46
    at Router.batch (file:///home/siegfriedneto/projects/servicedeskn1-fix-simulate-hypothesis/frontend/app/node_modules/@tanstack/store/dist/esm/atom.js:39:5)
    at file:///home/siegfriedneto/projects/servicedeskn1-fix-simulate-hypothesis/frontend/app/node_modules/@tanstack/router-core/dist/esm/load-client.js:936:10
    at runClientTransaction (file:///home/siegfriedneto/projects/servicedeskn1-fix-simulate-hypothesis/frontend/app/node_modules/@tanstack/router-core/dist/esm/load-client.js:902:2)
    at loadClientRoute (file:///home/siegfriedneto/projects/servicedeskn1-fix-simulate-hypothesis/frontend/app/node_modules/@tanstack/router-core/dist/esm/load-client.js:1034:2)
    at RouterCore.load (file:///home/siegfriedneto/projects/servicedeskn1-fix-simulate-hypothesis/frontend/app/node_modules/@tanstack/router-core/dist/esm/router.js:489:4) undefined
Error: Not implemented: window.scrollTo
    at module.exports (/home/siegfriedneto/projects/servicedeskn1-fix-simulate-hypothesis/frontend/app/node_modules/jsdom/lib/jsdom/browser/not-implemented.js:9:17)
    at /home/siegfriedneto/projects/servicedeskn1-fix-simulate-hypothesis/frontend/app/node_modules/jsdom/lib/jsdom/browser/Window.js:960:7
    at Object.fn (file:///home/siegfriedneto/projects/servicedeskn1-fix-simulate-hypothesis/frontend/app/node_modules/@tanstack/router-core/dist/esm/scroll-restoration.js:180:27)
    at RouterCore.emit (file:///home/siegfriedneto/projects/servicedeskn1-fix-simulate-hypothesis/frontend/app/node_modules/@tanstack/router-core/dist/esm/router.js:178:14)
    at file:///home/siegfriedneto/projects/servicedeskn1-fix-simulate-hypothesis/frontend/app/node_modules/@tanstack/react-router/dist/esm/Transitioner.js:46:25
    at settleOwner (file:///home/siegfriedneto/projects/servicedeskn1-fix-simulate-hypothesis/frontend/app/node_modules/@tanstack/react-router/dist/esm/Transitioner.js:10:10)
    at file:///home/siegfriedneto/projects/servicedeskn1-fix-simulate-hypothesis/frontend/app/node_modules/@tanstack/react-router/dist/esm/Matches.js:38:39
    at Object.react_stack_bottom_frame (/home/siegfriedneto/projects/servicedeskn1-fix-simulate-hypothesis/frontend/app/node_modules/react-dom/cjs/react-dom-client.development.js:25989:20)
    at runWithFiberInDEV (/home/siegfriedneto/projects/servicedeskn1-fix-simulate-hypothesis/frontend/app/node_modules/react-dom/cjs/react-dom-client.development.js:874:13)
    at commitHookEffectListMount (/home/siegfriedneto/projects/servicedeskn1-fix-simulate-hypothesis/frontend/app/node_modules/react-dom/cjs/react-dom-client.development.js:13249:29) undefined
Error: Not implemented: window.scrollTo
    at module.exports (/home/siegfriedneto/projects/servicedeskn1-fix-simulate-hypothesis/frontend/app/node_modules/jsdom/lib/jsdom/browser/not-implemented.js:9:17)
    at /home/siegfriedneto/projects/servicedeskn1-fix-simulate-hypothesis/frontend/app/node_modules/jsdom/lib/jsdom/browser/Window.js:960:7
    at Object.fn (file:///home/siegfriedneto/projects/servicedeskn1-fix-simulate-hypothesis/frontend/app/node_modules/@tanstack/router-core/dist/esm/scroll-restoration.js:180:27)
    at RouterCore.emit (file:///home/siegfriedneto/projects/servicedeskn1-fix-simulate-hypothesis/frontend/app/node_modules/@tanstack/router-core/dist/esm/router.js:178:14)
    at file:///home/siegfriedneto/projects/servicedeskn1-fix-simulate-hypothesis/frontend/app/node_modules/@tanstack/react-router/dist/esm/Transitioner.js:46:25
    at settleOwner (file:///home/siegfriedneto/projects/servicedeskn1-fix-simulate-hypothesis/frontend/app/node_modules/@tanstack/react-router/dist/esm/Transitioner.js:10:10)
    at file:///home/siegfriedneto/projects/servicedeskn1-fix-simulate-hypothesis/frontend/app/node_modules/@tanstack/react-router/dist/esm/Matches.js:38:39
    at Object.react_stack_bottom_frame (/home/siegfriedneto/projects/servicedeskn1-fix-simulate-hypothesis/frontend/app/node_modules/react-dom/cjs/react-dom-client.development.js:25989:20)
    at runWithFiberInDEV (/home/siegfriedneto/projects/servicedeskn1-fix-simulate-hypothesis/frontend/app/node_modules/react-dom/cjs/react-dom-client.development.js:874:13)
    at commitHookEffectListMount (/home/siegfriedneto/projects/servicedeskn1-fix-simulate-hypothesis/frontend/app/node_modules/react-dom/cjs/react-dom-client.development.js:13249:29) undefined
Error: Not implemented: window.scrollTo
    at module.exports (/home/siegfriedneto/projects/servicedeskn1-fix-simulate-hypothesis/frontend/app/node_modules/jsdom/lib/jsdom/browser/not-implemented.js:9:17)
    at /home/siegfriedneto/projects/servicedeskn1-fix-simulate-hypothesis/frontend/app/node_modules/jsdom/lib/jsdom/browser/Window.js:960:7
    at Object.fn (file:///home/siegfriedneto/projects/servicedeskn1-fix-simulate-hypothesis/frontend/app/node_modules/@tanstack/router-core/dist/esm/scroll-restoration.js:180:27)
    at RouterCore.emit (file:///home/siegfriedneto/projects/servicedeskn1-fix-simulate-hypothesis/frontend/app/node_modules/@tanstack/router-core/dist/esm/router.js:178:14)
    at file:///home/siegfriedneto/projects/servicedeskn1-fix-simulate-hypothesis/frontend/app/node_modules/@tanstack/react-router/dist/esm/Transitioner.js:46:25
    at settleOwner (file:///home/siegfriedneto/projects/servicedeskn1-fix-simulate-hypothesis/frontend/app/node_modules/@tanstack/react-router/dist/esm/Transitioner.js:10:10)
    at file:///home/siegfriedneto/projects/servicedeskn1-fix-simulate-hypothesis/frontend/app/node_modules/@tanstack/react-router/dist/esm/Matches.js:38:39
    at Object.react_stack_bottom_frame (/home/siegfriedneto/projects/servicedeskn1-fix-simulate-hypothesis/frontend/app/node_modules/react-dom/cjs/react-dom-client.development.js:25989:20)
    at runWithFiberInDEV (/home/siegfriedneto/projects/servicedeskn1-fix-simulate-hypothesis/frontend/app/node_modules/react-dom/cjs/react-dom-client.development.js:874:13)
    at commitHookEffectListMount (/home/siegfriedneto/projects/servicedeskn1-fix-simulate-hypothesis/frontend/app/node_modules/react-dom/cjs/react-dom-client.development.js:13249:29) undefined
Error: Not implemented: window.scrollTo
    at module.exports (/home/siegfriedneto/projects/servicedeskn1-fix-simulate-hypothesis/frontend/app/node_modules/jsdom/lib/jsdom/browser/not-implemented.js:9:17)
    at /home/siegfriedneto/projects/servicedeskn1-fix-simulate-hypothesis/frontend/app/node_modules/jsdom/lib/jsdom/browser/Window.js:960:7
    at Object.fn (file:///home/siegfriedneto/projects/servicedeskn1-fix-simulate-hypothesis/frontend/app/node_modules/@tanstack/router-core/dist/esm/scroll-restoration.js:180:27)
    at RouterCore.emit (file:///home/siegfriedneto/projects/servicedeskn1-fix-simulate-hypothesis/frontend/app/node_modules/@tanstack/router-core/dist/esm/router.js:178:14)
    at file:///home/siegfriedneto/projects/servicedeskn1-fix-simulate-hypothesis/frontend/app/node_modules/@tanstack/router-core/dist/esm/load-client.js:943:46
    at Router.batch (file:///home/siegfriedneto/projects/servicedeskn1-fix-simulate-hypothesis/frontend/app/node_modules/@tanstack/store/dist/esm/atom.js:39:5)
    at file:///home/siegfriedneto/projects/servicedeskn1-fix-simulate-hypothesis/frontend/app/node_modules/@tanstack/router-core/dist/esm/load-client.js:936:10
    at runClientTransaction (file:///home/siegfriedneto/projects/servicedeskn1-fix-simulate-hypothesis/frontend/app/node_modules/@tanstack/router-core/dist/esm/load-client.js:902:2)
    at loadClientRoute (file:///home/siegfriedneto/projects/servicedeskn1-fix-simulate-hypothesis/frontend/app/node_modules/@tanstack/router-core/dist/esm/load-client.js:1034:2)
    at RouterCore.load (file:///home/siegfriedneto/projects/servicedeskn1-fix-simulate-hypothesis/frontend/app/node_modules/@tanstack/router-core/dist/esm/router.js:489:4) undefined
Error: Not implemented: window.scrollTo
    at module.exports (/home/siegfriedneto/projects/servicedeskn1-fix-simulate-hypothesis/frontend/app/node_modules/jsdom/lib/jsdom/browser/not-implemented.js:9:17)
    at /home/siegfriedneto/projects/servicedeskn1-fix-simulate-hypothesis/frontend/app/node_modules/jsdom/lib/jsdom/browser/Window.js:960:7
    at Object.fn (file:///home/siegfriedneto/projects/servicedeskn1-fix-simulate-hypothesis/frontend/app/node_modules/@tanstack/router-core/dist/esm/scroll-restoration.js:180:27)
    at RouterCore.emit (file:///home/siegfriedneto/projects/servicedeskn1-fix-simulate-hypothesis/frontend/app/node_modules/@tanstack/router-core/dist/esm/router.js:178:14)
    at file:///home/siegfriedneto/projects/servicedeskn1-fix-simulate-hypothesis/frontend/app/node_modules/@tanstack/react-router/dist/esm/Transitioner.js:46:25
    at settleOwner (file:///home/siegfriedneto/projects/servicedeskn1-fix-simulate-hypothesis/frontend/app/node_modules/@tanstack/react-router/dist/esm/Transitioner.js:10:10)
    at file:///home/siegfriedneto/projects/servicedeskn1-fix-simulate-hypothesis/frontend/app/node_modules/@tanstack/react-router/dist/esm/Matches.js:38:39
    at Object.react_stack_bottom_frame (/home/siegfriedneto/projects/servicedeskn1-fix-simulate-hypothesis/frontend/app/node_modules/react-dom/cjs/react-dom-client.development.js:25989:20)
    at runWithFiberInDEV (/home/siegfriedneto/projects/servicedeskn1-fix-simulate-hypothesis/frontend/app/node_modules/react-dom/cjs/react-dom-client.development.js:874:13)
    at commitHookEffectListMount (/home/siegfriedneto/projects/servicedeskn1-fix-simulate-hypothesis/frontend/app/node_modules/react-dom/cjs/react-dom-client.development.js:13249:29) undefined
Error: Not implemented: window.scrollTo
    at module.exports (/home/siegfriedneto/projects/servicedeskn1-fix-simulate-hypothesis/frontend/app/node_modules/jsdom/lib/jsdom/browser/not-implemented.js:9:17)
    at /home/siegfriedneto/projects/servicedeskn1-fix-simulate-hypothesis/frontend/app/node_modules/jsdom/lib/jsdom/browser/Window.js:960:7
    at Object.fn (file:///home/siegfriedneto/projects/servicedeskn1-fix-simulate-hypothesis/frontend/app/node_modules/@tanstack/router-core/dist/esm/scroll-restoration.js:180:27)
    at RouterCore.emit (file:///home/siegfriedneto/projects/servicedeskn1-fix-simulate-hypothesis/frontend/app/node_modules/@tanstack/router-core/dist/esm/router.js:178:14)
    at file:///home/siegfriedneto/projects/servicedeskn1-fix-simulate-hypothesis/frontend/app/node_modules/@tanstack/router-core/dist/esm/load-client.js:943:46
    at Router.batch (file:///home/siegfriedneto/projects/servicedeskn1-fix-simulate-hypothesis/frontend/app/node_modules/@tanstack/store/dist/esm/atom.js:39:5)
    at file:///home/siegfriedneto/projects/servicedeskn1-fix-simulate-hypothesis/frontend/app/node_modules/@tanstack/router-core/dist/esm/load-client.js:936:10
    at runClientTransaction (file:///home/siegfriedneto/projects/servicedeskn1-fix-simulate-hypothesis/frontend/app/node_modules/@tanstack/router-core/dist/esm/load-client.js:902:2)
    at loadClientRoute (file:///home/siegfriedneto/projects/servicedeskn1-fix-simulate-hypothesis/frontend/app/node_modules/@tanstack/router-core/dist/esm/load-client.js:1034:2)
    at RouterCore.load (file:///home/siegfriedneto/projects/servicedeskn1-fix-simulate-hypothesis/frontend/app/node_modules/@tanstack/router-core/dist/esm/router.js:489:4) undefined
Error: Not implemented: window.scrollTo
    at module.exports (/home/siegfriedneto/projects/servicedeskn1-fix-simulate-hypothesis/frontend/app/node_modules/jsdom/lib/jsdom/browser/not-implemented.js:9:17)
    at /home/siegfriedneto/projects/servicedeskn1-fix-simulate-hypothesis/frontend/app/node_modules/jsdom/lib/jsdom/browser/Window.js:960:7
    at Object.fn (file:///home/siegfriedneto/projects/servicedeskn1-fix-simulate-hypothesis/frontend/app/node_modules/@tanstack/router-core/dist/esm/scroll-restoration.js:180:27)
    at RouterCore.emit (file:///home/siegfriedneto/projects/servicedeskn1-fix-simulate-hypothesis/frontend/app/node_modules/@tanstack/router-core/dist/esm/router.js:178:14)
    at file:///home/siegfriedneto/projects/servicedeskn1-fix-simulate-hypothesis/frontend/app/node_modules/@tanstack/react-router/dist/esm/Transitioner.js:46:25
    at settleOwner (file:///home/siegfriedneto/projects/servicedeskn1-fix-simulate-hypothesis/frontend/app/node_modules/@tanstack/react-router/dist/esm/Transitioner.js:10:10)
    at file:///home/siegfriedneto/projects/servicedeskn1-fix-simulate-hypothesis/frontend/app/node_modules/@tanstack/react-router/dist/esm/Matches.js:38:39
    at Object.react_stack_bottom_frame (/home/siegfriedneto/projects/servicedeskn1-fix-simulate-hypothesis/frontend/app/node_modules/react-dom/cjs/react-dom-client.development.js:25989:20)
    at runWithFiberInDEV (/home/siegfriedneto/projects/servicedeskn1-fix-simulate-hypothesis/frontend/app/node_modules/react-dom/cjs/react-dom-client.development.js:874:13)
    at commitHookEffectListMount (/home/siegfriedneto/projects/servicedeskn1-fix-simulate-hypothesis/frontend/app/node_modules/react-dom/cjs/react-dom-client.development.js:13249:29) undefined
Error: Not implemented: window.scrollTo
    at module.exports (/home/siegfriedneto/projects/servicedeskn1-fix-simulate-hypothesis/frontend/app/node_modules/jsdom/lib/jsdom/browser/not-implemented.js:9:17)
    at /home/siegfriedneto/projects/servicedeskn1-fix-simulate-hypothesis/frontend/app/node_modules/jsdom/lib/jsdom/browser/Window.js:960:7
    at Object.fn (file:///home/siegfriedneto/projects/servicedeskn1-fix-simulate-hypothesis/frontend/app/node_modules/@tanstack/router-core/dist/esm/scroll-restoration.js:180:27)
    at RouterCore.emit (file:///home/siegfriedneto/projects/servicedeskn1-fix-simulate-hypothesis/frontend/app/node_modules/@tanstack/router-core/dist/esm/router.js:178:14)
    at file:///home/siegfriedneto/projects/servicedeskn1-fix-simulate-hypothesis/frontend/app/node_modules/@tanstack/react-router/dist/esm/Transitioner.js:46:25
    at settleOwner (file:///home/siegfriedneto/projects/servicedeskn1-fix-simulate-hypothesis/frontend/app/node_modules/@tanstack/react-router/dist/esm/Transitioner.js:10:10)
    at file:///home/siegfriedneto/projects/servicedeskn1-fix-simulate-hypothesis/frontend/app/node_modules/@tanstack/react-router/dist/esm/Matches.js:38:39
    at Object.react_stack_bottom_frame (/home/siegfriedneto/projects/servicedeskn1-fix-simulate-hypothesis/frontend/app/node_modules/react-dom/cjs/react-dom-client.development.js:25989:20)
    at runWithFiberInDEV (/home/siegfriedneto/projects/servicedeskn1-fix-simulate-hypothesis/frontend/app/node_modules/react-dom/cjs/react-dom-client.development.js:874:13)
    at commitHookEffectListMount (/home/siegfriedneto/projects/servicedeskn1-fix-simulate-hypothesis/frontend/app/node_modules/react-dom/cjs/react-dom-client.development.js:13249:29) undefined
Error: Not implemented: window.scrollTo
    at module.exports (/home/siegfriedneto/projects/servicedeskn1-fix-simulate-hypothesis/frontend/app/node_modules/jsdom/lib/jsdom/browser/not-implemented.js:9:17)
    at /home/siegfriedneto/projects/servicedeskn1-fix-simulate-hypothesis/frontend/app/node_modules/jsdom/lib/jsdom/browser/Window.js:960:7
    at Object.fn (file:///home/siegfriedneto/projects/servicedeskn1-fix-simulate-hypothesis/frontend/app/node_modules/@tanstack/router-core/dist/esm/scroll-restoration.js:180:27)
    at RouterCore.emit (file:///home/siegfriedneto/projects/servicedeskn1-fix-simulate-hypothesis/frontend/app/node_modules/@tanstack/router-core/dist/esm/router.js:178:14)
    at file:///home/siegfriedneto/projects/servicedeskn1-fix-simulate-hypothesis/frontend/app/node_modules/@tanstack/react-router/dist/esm/Transitioner.js:46:25
    at settleOwner (file:///home/siegfriedneto/projects/servicedeskn1-fix-simulate-hypothesis/frontend/app/node_modules/@tanstack/react-router/dist/esm/Transitioner.js:10:10)
    at file:///home/siegfriedneto/projects/servicedeskn1-fix-simulate-hypothesis/frontend/app/node_modules/@tanstack/react-router/dist/esm/Matches.js:38:39
    at Object.react_stack_bottom_frame (/home/siegfriedneto/projects/servicedeskn1-fix-simulate-hypothesis/frontend/app/node_modules/react-dom/cjs/react-dom-client.development.js:25989:20)
    at runWithFiberInDEV (/home/siegfriedneto/projects/servicedeskn1-fix-simulate-hypothesis/frontend/app/node_modules/react-dom/cjs/react-dom-client.development.js:874:13)
    at commitHookEffectListMount (/home/siegfriedneto/projects/servicedeskn1-fix-simulate-hypothesis/frontend/app/node_modules/react-dom/cjs/react-dom-client.development.js:13249:29) undefined
Error: Not implemented: window.scrollTo
    at module.exports (/home/siegfriedneto/projects/servicedeskn1-fix-simulate-hypothesis/frontend/app/node_modules/jsdom/lib/jsdom/browser/not-implemented.js:9:17)
    at /home/siegfriedneto/projects/servicedeskn1-fix-simulate-hypothesis/frontend/app/node_modules/jsdom/lib/jsdom/browser/Window.js:960:7
    at Object.fn (file:///home/siegfriedneto/projects/servicedeskn1-fix-simulate-hypothesis/frontend/app/node_modules/@tanstack/router-core/dist/esm/scroll-restoration.js:180:27)
    at RouterCore.emit (file:///home/siegfriedneto/projects/servicedeskn1-fix-simulate-hypothesis/frontend/app/node_modules/@tanstack/router-core/dist/esm/router.js:178:14)
    at file:///home/siegfriedneto/projects/servicedeskn1-fix-simulate-hypothesis/frontend/app/node_modules/@tanstack/router-core/dist/esm/load-client.js:943:46
    at Router.batch (file:///home/siegfriedneto/projects/servicedeskn1-fix-simulate-hypothesis/frontend/app/node_modules/@tanstack/store/dist/esm/atom.js:39:5)
    at file:///home/siegfriedneto/projects/servicedeskn1-fix-simulate-hypothesis/frontend/app/node_modules/@tanstack/router-core/dist/esm/load-client.js:936:10
    at runClientTransaction (file:///home/siegfriedneto/projects/servicedeskn1-fix-simulate-hypothesis/frontend/app/node_modules/@tanstack/router-core/dist/esm/load-client.js:902:2)
    at loadClientRoute (file:///home/siegfriedneto/projects/servicedeskn1-fix-simulate-hypothesis/frontend/app/node_modules/@tanstack/router-core/dist/esm/load-client.js:1034:2)
    at RouterCore.load (file:///home/siegfriedneto/projects/servicedeskn1-fix-simulate-hypothesis/frontend/app/node_modules/@tanstack/router-core/dist/esm/router.js:489:4) undefined
Error: Not implemented: window.scrollTo
    at module.exports (/home/siegfriedneto/projects/servicedeskn1-fix-simulate-hypothesis/frontend/app/node_modules/jsdom/lib/jsdom/browser/not-implemented.js:9:17)
    at /home/siegfriedneto/projects/servicedeskn1-fix-simulate-hypothesis/frontend/app/node_modules/jsdom/lib/jsdom/browser/Window.js:960:7
    at Object.fn (file:///home/siegfriedneto/projects/servicedeskn1-fix-simulate-hypothesis/frontend/app/node_modules/@tanstack/router-core/dist/esm/scroll-restoration.js:180:27)
    at RouterCore.emit (file:///home/siegfriedneto/projects/servicedeskn1-fix-simulate-hypothesis/frontend/app/node_modules/@tanstack/router-core/dist/esm/router.js:178:14)
    at file:///home/siegfriedneto/projects/servicedeskn1-fix-simulate-hypothesis/frontend/app/node_modules/@tanstack/router-core/dist/esm/load-client.js:943:46
    at Router.batch (file:///home/siegfriedneto/projects/servicedeskn1-fix-simulate-hypothesis/frontend/app/node_modules/@tanstack/store/dist/esm/atom.js:39:5)
    at file:///home/siegfriedneto/projects/servicedeskn1-fix-simulate-hypothesis/frontend/app/node_modules/@tanstack/router-core/dist/esm/load-client.js:936:10
    at runClientTransaction (file:///home/siegfriedneto/projects/servicedeskn1-fix-simulate-hypothesis/frontend/app/node_modules/@tanstack/router-core/dist/esm/load-client.js:902:2)
    at loadClientRoute (file:///home/siegfriedneto/projects/servicedeskn1-fix-simulate-hypothesis/frontend/app/node_modules/@tanstack/router-core/dist/esm/load-client.js:1034:2)
    at RouterCore.load (file:///home/siegfriedneto/projects/servicedeskn1-fix-simulate-hypothesis/frontend/app/node_modules/@tanstack/router-core/dist/esm/router.js:489:4) undefined
Error: Not implemented: window.scrollTo
    at module.exports (/home/siegfriedneto/projects/servicedeskn1-fix-simulate-hypothesis/frontend/app/node_modules/jsdom/lib/jsdom/browser/not-implemented.js:9:17)
    at /home/siegfriedneto/projects/servicedeskn1-fix-simulate-hypothesis/frontend/app/node_modules/jsdom/lib/jsdom/browser/Window.js:960:7
    at Object.fn (file:///home/siegfriedneto/projects/servicedeskn1-fix-simulate-hypothesis/frontend/app/node_modules/@tanstack/router-core/dist/esm/scroll-restoration.js:180:27)
    at RouterCore.emit (file:///home/siegfriedneto/projects/servicedeskn1-fix-simulate-hypothesis/frontend/app/node_modules/@tanstack/router-core/dist/esm/router.js:178:14)
    at file:///home/siegfriedneto/projects/servicedeskn1-fix-simulate-hypothesis/frontend/app/node_modules/@tanstack/react-router/dist/esm/Transitioner.js:46:25
    at settleOwner (file:///home/siegfriedneto/projects/servicedeskn1-fix-simulate-hypothesis/frontend/app/node_modules/@tanstack/react-router/dist/esm/Transitioner.js:10:10)
    at file:///home/siegfriedneto/projects/servicedeskn1-fix-simulate-hypothesis/frontend/app/node_modules/@tanstack/react-router/dist/esm/Matches.js:38:39
    at Object.react_stack_bottom_frame (/home/siegfriedneto/projects/servicedeskn1-fix-simulate-hypothesis/frontend/app/node_modules/react-dom/cjs/react-dom-client.development.js:25989:20)
    at runWithFiberInDEV (/home/siegfriedneto/projects/servicedeskn1-fix-simulate-hypothesis/frontend/app/node_modules/react-dom/cjs/react-dom-client.development.js:874:13)
    at commitHookEffectListMount (/home/siegfriedneto/projects/servicedeskn1-fix-simulate-hypothesis/frontend/app/node_modules/react-dom/cjs/react-dom-client.development.js:13249:29) undefined
Error: Not implemented: window.scrollTo
    at module.exports (/home/siegfriedneto/projects/servicedeskn1-fix-simulate-hypothesis/frontend/app/node_modules/jsdom/lib/jsdom/browser/not-implemented.js:9:17)
    at /home/siegfriedneto/projects/servicedeskn1-fix-simulate-hypothesis/frontend/app/node_modules/jsdom/lib/jsdom/browser/Window.js:960:7
    at Object.fn (file:///home/siegfriedneto/projects/servicedeskn1-fix-simulate-hypothesis/frontend/app/node_modules/@tanstack/router-core/dist/esm/scroll-restoration.js:180:27)
    at RouterCore.emit (file:///home/siegfriedneto/projects/servicedeskn1-fix-simulate-hypothesis/frontend/app/node_modules/@tanstack/router-core/dist/esm/router.js:178:14)
    at file:///home/siegfriedneto/projects/servicedeskn1-fix-simulate-hypothesis/frontend/app/node_modules/@tanstack/react-router/dist/esm/Transitioner.js:46:25
    at settleOwner (file:///home/siegfriedneto/projects/servicedeskn1-fix-simulate-hypothesis/frontend/app/node_modules/@tanstack/react-router/dist/esm/Transitioner.js:10:10)
    at file:///home/siegfriedneto/projects/servicedeskn1-fix-simulate-hypothesis/frontend/app/node_modules/@tanstack/react-router/dist/esm/Matches.js:38:39
    at Object.react_stack_bottom_frame (/home/siegfriedneto/projects/servicedeskn1-fix-simulate-hypothesis/frontend/app/node_modules/react-dom/cjs/react-dom-client.development.js:25989:20)
    at runWithFiberInDEV (/home/siegfriedneto/projects/servicedeskn1-fix-simulate-hypothesis/frontend/app/node_modules/react-dom/cjs/react-dom-client.development.js:874:13)
    at commitHookEffectListMount (/home/siegfriedneto/projects/servicedeskn1-fix-simulate-hypothesis/frontend/app/node_modules/react-dom/cjs/react-dom-client.development.js:13249:29) undefined
Error: Not implemented: window.scrollTo
    at module.exports (/home/siegfriedneto/projects/servicedeskn1-fix-simulate-hypothesis/frontend/app/node_modules/jsdom/lib/jsdom/browser/not-implemented.js:9:17)
    at /home/siegfriedneto/projects/servicedeskn1-fix-simulate-hypothesis/frontend/app/node_modules/jsdom/lib/jsdom/browser/Window.js:960:7
    at Object.fn (file:///home/siegfriedneto/projects/servicedeskn1-fix-simulate-hypothesis/frontend/app/node_modules/@tanstack/router-core/dist/esm/scroll-restoration.js:180:27)
    at RouterCore.emit (file:///home/siegfriedneto/projects/servicedeskn1-fix-simulate-hypothesis/frontend/app/node_modules/@tanstack/router-core/dist/esm/router.js:178:14)
    at file:///home/siegfriedneto/projects/servicedeskn1-fix-simulate-hypothesis/frontend/app/node_modules/@tanstack/react-router/dist/esm/Transitioner.js:46:25
    at settleOwner (file:///home/siegfriedneto/projects/servicedeskn1-fix-simulate-hypothesis/frontend/app/node_modules/@tanstack/react-router/dist/esm/Transitioner.js:10:10)
    at file:///home/siegfriedneto/projects/servicedeskn1-fix-simulate-hypothesis/frontend/app/node_modules/@tanstack/react-router/dist/esm/Matches.js:38:39
    at Object.react_stack_bottom_frame (/home/siegfriedneto/projects/servicedeskn1-fix-simulate-hypothesis/frontend/app/node_modules/react-dom/cjs/react-dom-client.development.js:25989:20)
    at runWithFiberInDEV (/home/siegfriedneto/projects/servicedeskn1-fix-simulate-hypothesis/frontend/app/node_modules/react-dom/cjs/react-dom-client.development.js:874:13)
    at commitHookEffectListMount (/home/siegfriedneto/projects/servicedeskn1-fix-simulate-hypothesis/frontend/app/node_modules/react-dom/cjs/react-dom-client.development.js:13249:29) undefined
Error: Not implemented: window.scrollTo
    at module.exports (/home/siegfriedneto/projects/servicedeskn1-fix-simulate-hypothesis/frontend/app/node_modules/jsdom/lib/jsdom/browser/not-implemented.js:9:17)
    at /home/siegfriedneto/projects/servicedeskn1-fix-simulate-hypothesis/frontend/app/node_modules/jsdom/lib/jsdom/browser/Window.js:960:7
    at Object.fn (file:///home/siegfriedneto/projects/servicedeskn1-fix-simulate-hypothesis/frontend/app/node_modules/@tanstack/router-core/dist/esm/scroll-restoration.js:180:27)
    at RouterCore.emit (file:///home/siegfriedneto/projects/servicedeskn1-fix-simulate-hypothesis/frontend/app/node_modules/@tanstack/router-core/dist/esm/router.js:178:14)
    at file:///home/siegfriedneto/projects/servicedeskn1-fix-simulate-hypothesis/frontend/app/node_modules/@tanstack/router-core/dist/esm/load-client.js:943:46
    at Router.batch (file:///home/siegfriedneto/projects/servicedeskn1-fix-simulate-hypothesis/frontend/app/node_modules/@tanstack/store/dist/esm/atom.js:39:5)
    at file:///home/siegfriedneto/projects/servicedeskn1-fix-simulate-hypothesis/frontend/app/node_modules/@tanstack/router-core/dist/esm/load-client.js:936:10
    at runClientTransaction (file:///home/siegfriedneto/projects/servicedeskn1-fix-simulate-hypothesis/frontend/app/node_modules/@tanstack/router-core/dist/esm/load-client.js:902:2)
    at loadClientRoute (file:///home/siegfriedneto/projects/servicedeskn1-fix-simulate-hypothesis/frontend/app/node_modules/@tanstack/router-core/dist/esm/load-client.js:1034:2)
    at RouterCore.load (file:///home/siegfriedneto/projects/servicedeskn1-fix-simulate-hypothesis/frontend/app/node_modules/@tanstack/router-core/dist/esm/router.js:489:4) undefined
Error: Not implemented: window.scrollTo
    at module.exports (/home/siegfriedneto/projects/servicedeskn1-fix-simulate-hypothesis/frontend/app/node_modules/jsdom/lib/jsdom/browser/not-implemented.js:9:17)
    at /home/siegfriedneto/projects/servicedeskn1-fix-simulate-hypothesis/frontend/app/node_modules/jsdom/lib/jsdom/browser/Window.js:960:7
    at Object.fn (file:///home/siegfriedneto/projects/servicedeskn1-fix-simulate-hypothesis/frontend/app/node_modules/@tanstack/router-core/dist/esm/scroll-restoration.js:180:27)
    at RouterCore.emit (file:///home/siegfriedneto/projects/servicedeskn1-fix-simulate-hypothesis/frontend/app/node_modules/@tanstack/router-core/dist/esm/router.js:178:14)
    at file:///home/siegfriedneto/projects/servicedeskn1-fix-simulate-hypothesis/frontend/app/node_modules/@tanstack/react-router/dist/esm/Transitioner.js:46:25
    at settleOwner (file:///home/siegfriedneto/projects/servicedeskn1-fix-simulate-hypothesis/frontend/app/node_modules/@tanstack/react-router/dist/esm/Transitioner.js:10:10)
    at file:///home/siegfriedneto/projects/servicedeskn1-fix-simulate-hypothesis/frontend/app/node_modules/@tanstack/react-router/dist/esm/Matches.js:38:39
    at Object.react_stack_bottom_frame (/home/siegfriedneto/projects/servicedeskn1-fix-simulate-hypothesis/frontend/app/node_modules/react-dom/cjs/react-dom-client.development.js:25989:20)
    at runWithFiberInDEV (/home/siegfriedneto/projects/servicedeskn1-fix-simulate-hypothesis/frontend/app/node_modules/react-dom/cjs/react-dom-client.development.js:874:13)
    at commitHookEffectListMount (/home/siegfriedneto/projects/servicedeskn1-fix-simulate-hypothesis/frontend/app/node_modules/react-dom/cjs/react-dom-client.development.js:13249:29) undefined
Error: Not implemented: window.scrollTo
    at module.exports (/home/siegfriedneto/projects/servicedeskn1-fix-simulate-hypothesis/frontend/app/node_modules/jsdom/lib/jsdom/browser/not-implemented.js:9:17)
    at /home/siegfriedneto/projects/servicedeskn1-fix-simulate-hypothesis/frontend/app/node_modules/jsdom/lib/jsdom/browser/Window.js:960:7
    at Object.fn (file:///home/siegfriedneto/projects/servicedeskn1-fix-simulate-hypothesis/frontend/app/node_modules/@tanstack/router-core/dist/esm/scroll-restoration.js:180:27)
    at RouterCore.emit (file:///home/siegfriedneto/projects/servicedeskn1-fix-simulate-hypothesis/frontend/app/node_modules/@tanstack/router-core/dist/esm/router.js:178:14)
    at file:///home/siegfriedneto/projects/servicedeskn1-fix-simulate-hypothesis/frontend/app/node_modules/@tanstack/react-router/dist/esm/Transitioner.js:46:25
    at settleOwner (file:///home/siegfriedneto/projects/servicedeskn1-fix-simulate-hypothesis/frontend/app/node_modules/@tanstack/react-router/dist/esm/Transitioner.js:10:10)
    at file:///home/siegfriedneto/projects/servicedeskn1-fix-simulate-hypothesis/frontend/app/node_modules/@tanstack/react-router/dist/esm/Matches.js:38:39
    at Object.react_stack_bottom_frame (/home/siegfriedneto/projects/servicedeskn1-fix-simulate-hypothesis/frontend/app/node_modules/react-dom/cjs/react-dom-client.development.js:25989:20)
    at runWithFiberInDEV (/home/siegfriedneto/projects/servicedeskn1-fix-simulate-hypothesis/frontend/app/node_modules/react-dom/cjs/react-dom-client.development.js:874:13)
    at commitHookEffectListMount (/home/siegfriedneto/projects/servicedeskn1-fix-simulate-hypothesis/frontend/app/node_modules/react-dom/cjs/react-dom-client.development.js:13249:29) undefined
Error: Not implemented: window.scrollTo
    at module.exports (/home/siegfriedneto/projects/servicedeskn1-fix-simulate-hypothesis/frontend/app/node_modules/jsdom/lib/jsdom/browser/not-implemented.js:9:17)
    at /home/siegfriedneto/projects/servicedeskn1-fix-simulate-hypothesis/frontend/app/node_modules/jsdom/lib/jsdom/browser/Window.js:960:7
    at Object.fn (file:///home/siegfriedneto/projects/servicedeskn1-fix-simulate-hypothesis/frontend/app/node_modules/@tanstack/router-core/dist/esm/scroll-restoration.js:180:27)
    at RouterCore.emit (file:///home/siegfriedneto/projects/servicedeskn1-fix-simulate-hypothesis/frontend/app/node_modules/@tanstack/router-core/dist/esm/router.js:178:14)
    at file:///home/siegfriedneto/projects/servicedeskn1-fix-simulate-hypothesis/frontend/app/node_modules/@tanstack/react-router/dist/esm/Transitioner.js:46:25
    at settleOwner (file:///home/siegfriedneto/projects/servicedeskn1-fix-simulate-hypothesis/frontend/app/node_modules/@tanstack/react-router/dist/esm/Transitioner.js:10:10)
    at file:///home/siegfriedneto/projects/servicedeskn1-fix-simulate-hypothesis/frontend/app/node_modules/@tanstack/react-router/dist/esm/Matches.js:38:39
    at Object.react_stack_bottom_frame (/home/siegfriedneto/projects/servicedeskn1-fix-simulate-hypothesis/frontend/app/node_modules/react-dom/cjs/react-dom-client.development.js:25989:20)
    at runWithFiberInDEV (/home/siegfriedneto/projects/servicedeskn1-fix-simulate-hypothesis/frontend/app/node_modules/react-dom/cjs/react-dom-client.development.js:874:13)
    at commitHookEffectListMount (/home/siegfriedneto/projects/servicedeskn1-fix-simulate-hypothesis/frontend/app/node_modules/react-dom/cjs/react-dom-client.development.js:13249:29) undefined
Error: Not implemented: window.scrollTo
    at module.exports (/home/siegfriedneto/projects/servicedeskn1-fix-simulate-hypothesis/frontend/app/node_modules/jsdom/lib/jsdom/browser/not-implemented.js:9:17)
    at /home/siegfriedneto/projects/servicedeskn1-fix-simulate-hypothesis/frontend/app/node_modules/jsdom/lib/jsdom/browser/Window.js:960:7
    at Object.fn (file:///home/siegfriedneto/projects/servicedeskn1-fix-simulate-hypothesis/frontend/app/node_modules/@tanstack/router-core/dist/esm/scroll-restoration.js:180:27)
    at RouterCore.emit (file:///home/siegfriedneto/projects/servicedeskn1-fix-simulate-hypothesis/frontend/app/node_modules/@tanstack/router-core/dist/esm/router.js:178:14)
    at file:///home/siegfriedneto/projects/servicedeskn1-fix-simulate-hypothesis/frontend/app/node_modules/@tanstack/react-router/dist/esm/Transitioner.js:46:25
    at settleOwner (file:///home/siegfriedneto/projects/servicedeskn1-fix-simulate-hypothesis/frontend/app/node_modules/@tanstack/react-router/dist/esm/Transitioner.js:10:10)
    at file:///home/siegfriedneto/projects/servicedeskn1-fix-simulate-hypothesis/frontend/app/node_modules/@tanstack/react-router/dist/esm/Matches.js:38:39
    at Object.react_stack_bottom_frame (/home/siegfriedneto/projects/servicedeskn1-fix-simulate-hypothesis/frontend/app/node_modules/react-dom/cjs/react-dom-client.development.js:25989:20)
    at runWithFiberInDEV (/home/siegfriedneto/projects/servicedeskn1-fix-simulate-hypothesis/frontend/app/node_modules/react-dom/cjs/react-dom-client.development.js:874:13)
    at commitHookEffectListMount (/home/siegfriedneto/projects/servicedeskn1-fix-simulate-hypothesis/frontend/app/node_modules/react-dom/cjs/react-dom-client.development.js:13249:29) undefined
Error: Not implemented: window.scrollTo
    at module.exports (/home/siegfriedneto/projects/servicedeskn1-fix-simulate-hypothesis/frontend/app/node_modules/jsdom/lib/jsdom/browser/not-implemented.js:9:17)
    at /home/siegfriedneto/projects/servicedeskn1-fix-simulate-hypothesis/frontend/app/node_modules/jsdom/lib/jsdom/browser/Window.js:960:7
    at Object.fn (file:///home/siegfriedneto/projects/servicedeskn1-fix-simulate-hypothesis/frontend/app/node_modules/@tanstack/router-core/dist/esm/scroll-restoration.js:180:27)
    at RouterCore.emit (file:///home/siegfriedneto/projects/servicedeskn1-fix-simulate-hypothesis/frontend/app/node_modules/@tanstack/router-core/dist/esm/router.js:178:14)
    at file:///home/siegfriedneto/projects/servicedeskn1-fix-simulate-hypothesis/frontend/app/node_modules/@tanstack/react-router/dist/esm/Transitioner.js:46:25
    at settleOwner (file:///home/siegfriedneto/projects/servicedeskn1-fix-simulate-hypothesis/frontend/app/node_modules/@tanstack/react-router/dist/esm/Transitioner.js:10:10)
    at file:///home/siegfriedneto/projects/servicedeskn1-fix-simulate-hypothesis/frontend/app/node_modules/@tanstack/react-router/dist/esm/Matches.js:38:39
    at Object.react_stack_bottom_frame (/home/siegfriedneto/projects/servicedeskn1-fix-simulate-hypothesis/frontend/app/node_modules/react-dom/cjs/react-dom-client.development.js:25989:20)
    at runWithFiberInDEV (/home/siegfriedneto/projects/servicedeskn1-fix-simulate-hypothesis/frontend/app/node_modules/react-dom/cjs/react-dom-client.development.js:874:13)
    at commitHookEffectListMount (/home/siegfriedneto/projects/servicedeskn1-fix-simulate-hypothesis/frontend/app/node_modules/react-dom/cjs/react-dom-client.development.js:13249:29) undefined
Error: Not implemented: window.scrollTo
    at module.exports (/home/siegfriedneto/projects/servicedeskn1-fix-simulate-hypothesis/frontend/app/node_modules/jsdom/lib/jsdom/browser/not-implemented.js:9:17)
    at /home/siegfriedneto/projects/servicedeskn1-fix-simulate-hypothesis/frontend/app/node_modules/jsdom/lib/jsdom/browser/Window.js:960:7
    at Object.fn (file:///home/siegfriedneto/projects/servicedeskn1-fix-simulate-hypothesis/frontend/app/node_modules/@tanstack/router-core/dist/esm/scroll-restoration.js:180:27)
    at RouterCore.emit (file:///home/siegfriedneto/projects/servicedeskn1-fix-simulate-hypothesis/frontend/app/node_modules/@tanstack/router-core/dist/esm/router.js:178:14)
    at file:///home/siegfriedneto/projects/servicedeskn1-fix-simulate-hypothesis/frontend/app/node_modules/@tanstack/router-core/dist/esm/load-client.js:943:46
    at Router.batch (file:///home/siegfriedneto/projects/servicedeskn1-fix-simulate-hypothesis/frontend/app/node_modules/@tanstack/store/dist/esm/atom.js:39:5)
    at file:///home/siegfriedneto/projects/servicedeskn1-fix-simulate-hypothesis/frontend/app/node_modules/@tanstack/router-core/dist/esm/load-client.js:936:10
    at runClientTransaction (file:///home/siegfriedneto/projects/servicedeskn1-fix-simulate-hypothesis/frontend/app/node_modules/@tanstack/router-core/dist/esm/load-client.js:902:2)
    at loadClientRoute (file:///home/siegfriedneto/projects/servicedeskn1-fix-simulate-hypothesis/frontend/app/node_modules/@tanstack/router-core/dist/esm/load-client.js:1034:2)
    at RouterCore.load (file:///home/siegfriedneto/projects/servicedeskn1-fix-simulate-hypothesis/frontend/app/node_modules/@tanstack/router-core/dist/esm/router.js:489:4) undefined
Error: Not implemented: window.scrollTo
    at module.exports (/home/siegfriedneto/projects/servicedeskn1-fix-simulate-hypothesis/frontend/app/node_modules/jsdom/lib/jsdom/browser/not-implemented.js:9:17)
    at /home/siegfriedneto/projects/servicedeskn1-fix-simulate-hypothesis/frontend/app/node_modules/jsdom/lib/jsdom/browser/Window.js:960:7
    at Object.fn (file:///home/siegfriedneto/projects/servicedeskn1-fix-simulate-hypothesis/frontend/app/node_modules/@tanstack/router-core/dist/esm/scroll-restoration.js:180:27)
    at RouterCore.emit (file:///home/siegfriedneto/projects/servicedeskn1-fix-simulate-hypothesis/frontend/app/node_modules/@tanstack/router-core/dist/esm/router.js:178:14)
    at file:///home/siegfriedneto/projects/servicedeskn1-fix-simulate-hypothesis/frontend/app/node_modules/@tanstack/react-router/dist/esm/Transitioner.js:46:25
    at settleOwner (file:///home/siegfriedneto/projects/servicedeskn1-fix-simulate-hypothesis/frontend/app/node_modules/@tanstack/react-router/dist/esm/Transitioner.js:10:10)
    at file:///home/siegfriedneto/projects/servicedeskn1-fix-simulate-hypothesis/frontend/app/node_modules/@tanstack/react-router/dist/esm/Matches.js:38:39
    at Object.react_stack_bottom_frame (/home/siegfriedneto/projects/servicedeskn1-fix-simulate-hypothesis/frontend/app/node_modules/react-dom/cjs/react-dom-client.development.js:25989:20)
    at runWithFiberInDEV (/home/siegfriedneto/projects/servicedeskn1-fix-simulate-hypothesis/frontend/app/node_modules/react-dom/cjs/react-dom-client.development.js:874:13)
    at commitHookEffectListMount (/home/siegfriedneto/projects/servicedeskn1-fix-simulate-hypothesis/frontend/app/node_modules/react-dom/cjs/react-dom-client.development.js:13249:29) undefined
Error: Not implemented: window.scrollTo
    at module.exports (/home/siegfriedneto/projects/servicedeskn1-fix-simulate-hypothesis/frontend/app/node_modules/jsdom/lib/jsdom/browser/not-implemented.js:9:17)
    at /home/siegfriedneto/projects/servicedeskn1-fix-simulate-hypothesis/frontend/app/node_modules/jsdom/lib/jsdom/browser/Window.js:960:7
    at Object.fn (file:///home/siegfriedneto/projects/servicedeskn1-fix-simulate-hypothesis/frontend/app/node_modules/@tanstack/router-core/dist/esm/scroll-restoration.js:180:27)
    at RouterCore.emit (file:///home/siegfriedneto/projects/servicedeskn1-fix-simulate-hypothesis/frontend/app/node_modules/@tanstack/router-core/dist/esm/router.js:178:14)
    at file:///home/siegfriedneto/projects/servicedeskn1-fix-simulate-hypothesis/frontend/app/node_modules/@tanstack/router-core/dist/esm/load-client.js:943:46
    at Router.batch (file:///home/siegfriedneto/projects/servicedeskn1-fix-simulate-hypothesis/frontend/app/node_modules/@tanstack/store/dist/esm/atom.js:39:5)
    at file:///home/siegfriedneto/projects/servicedeskn1-fix-simulate-hypothesis/frontend/app/node_modules/@tanstack/router-core/dist/esm/load-client.js:936:10
    at runClientTransaction (file:///home/siegfriedneto/projects/servicedeskn1-fix-simulate-hypothesis/frontend/app/node_modules/@tanstack/router-core/dist/esm/load-client.js:902:2)
    at loadClientRoute (file:///home/siegfriedneto/projects/servicedeskn1-fix-simulate-hypothesis/frontend/app/node_modules/@tanstack/router-core/dist/esm/load-client.js:1034:2)
    at RouterCore.load (file:///home/siegfriedneto/projects/servicedeskn1-fix-simulate-hypothesis/frontend/app/node_modules/@tanstack/router-core/dist/esm/router.js:489:4) undefined
Error: Not implemented: window.scrollTo
    at module.exports (/home/siegfriedneto/projects/servicedeskn1-fix-simulate-hypothesis/frontend/app/node_modules/jsdom/lib/jsdom/browser/not-implemented.js:9:17)
    at /home/siegfriedneto/projects/servicedeskn1-fix-simulate-hypothesis/frontend/app/node_modules/jsdom/lib/jsdom/browser/Window.js:960:7
    at Object.fn (file:///home/siegfriedneto/projects/servicedeskn1-fix-simulate-hypothesis/frontend/app/node_modules/@tanstack/router-core/dist/esm/scroll-restoration.js:180:27)
    at RouterCore.emit (file:///home/siegfriedneto/projects/servicedeskn1-fix-simulate-hypothesis/frontend/app/node_modules/@tanstack/router-core/dist/esm/router.js:178:14)
    at file:///home/siegfriedneto/projects/servicedeskn1-fix-simulate-hypothesis/frontend/app/node_modules/@tanstack/react-router/dist/esm/Transitioner.js:46:25
    at settleOwner (file:///home/siegfriedneto/projects/servicedeskn1-fix-simulate-hypothesis/frontend/app/node_modules/@tanstack/react-router/dist/esm/Transitioner.js:10:10)
    at file:///home/siegfriedneto/projects/servicedeskn1-fix-simulate-hypothesis/frontend/app/node_modules/@tanstack/react-router/dist/esm/Matches.js:38:39
    at Object.react_stack_bottom_frame (/home/siegfriedneto/projects/servicedeskn1-fix-simulate-hypothesis/frontend/app/node_modules/react-dom/cjs/react-dom-client.development.js:25989:20)
    at runWithFiberInDEV (/home/siegfriedneto/projects/servicedeskn1-fix-simulate-hypothesis/frontend/app/node_modules/react-dom/cjs/react-dom-client.development.js:874:13)
    at commitHookEffectListMount (/home/siegfriedneto/projects/servicedeskn1-fix-simulate-hypothesis/frontend/app/node_modules/react-dom/cjs/react-dom-client.development.js:13249:29) undefined
Error: Not implemented: window.scrollTo
    at module.exports (/home/siegfriedneto/projects/servicedeskn1-fix-simulate-hypothesis/frontend/app/node_modules/jsdom/lib/jsdom/browser/not-implemented.js:9:17)
    at /home/siegfriedneto/projects/servicedeskn1-fix-simulate-hypothesis/frontend/app/node_modules/jsdom/lib/jsdom/browser/Window.js:960:7
    at Object.fn (file:///home/siegfriedneto/projects/servicedeskn1-fix-simulate-hypothesis/frontend/app/node_modules/@tanstack/router-core/dist/esm/scroll-restoration.js:180:27)
    at RouterCore.emit (file:///home/siegfriedneto/projects/servicedeskn1-fix-simulate-hypothesis/frontend/app/node_modules/@tanstack/router-core/dist/esm/router.js:178:14)
    at file:///home/siegfriedneto/projects/servicedeskn1-fix-simulate-hypothesis/frontend/app/node_modules/@tanstack/react-router/dist/esm/Transitioner.js:46:25
    at settleOwner (file:///home/siegfriedneto/projects/servicedeskn1-fix-simulate-hypothesis/frontend/app/node_modules/@tanstack/react-router/dist/esm/Transitioner.js:10:10)
    at file:///home/siegfriedneto/projects/servicedeskn1-fix-simulate-hypothesis/frontend/app/node_modules/@tanstack/react-router/dist/esm/Matches.js:38:39
    at Object.react_stack_bottom_frame (/home/siegfriedneto/projects/servicedeskn1-fix-simulate-hypothesis/frontend/app/node_modules/react-dom/cjs/react-dom-client.development.js:25989:20)
    at runWithFiberInDEV (/home/siegfriedneto/projects/servicedeskn1-fix-simulate-hypothesis/frontend/app/node_modules/react-dom/cjs/react-dom-client.development.js:874:13)
    at commitHookEffectListMount (/home/siegfriedneto/projects/servicedeskn1-fix-simulate-hypothesis/frontend/app/node_modules/react-dom/cjs/react-dom-client.development.js:13249:29) undefined
Error: Not implemented: window.scrollTo
    at module.exports (/home/siegfriedneto/projects/servicedeskn1-fix-simulate-hypothesis/frontend/app/node_modules/jsdom/lib/jsdom/browser/not-implemented.js:9:17)
    at /home/siegfriedneto/projects/servicedeskn1-fix-simulate-hypothesis/frontend/app/node_modules/jsdom/lib/jsdom/browser/Window.js:960:7
    at Object.fn (file:///home/siegfriedneto/projects/servicedeskn1-fix-simulate-hypothesis/frontend/app/node_modules/@tanstack/router-core/dist/esm/scroll-restoration.js:180:27)
    at RouterCore.emit (file:///home/siegfriedneto/projects/servicedeskn1-fix-simulate-hypothesis/frontend/app/node_modules/@tanstack/router-core/dist/esm/router.js:178:14)
    at file:///home/siegfriedneto/projects/servicedeskn1-fix-simulate-hypothesis/frontend/app/node_modules/@tanstack/router-core/dist/esm/load-client.js:943:46
    at Router.batch (file:///home/siegfriedneto/projects/servicedeskn1-fix-simulate-hypothesis/frontend/app/node_modules/@tanstack/store/dist/esm/atom.js:39:5)
    at file:///home/siegfriedneto/projects/servicedeskn1-fix-simulate-hypothesis/frontend/app/node_modules/@tanstack/router-core/dist/esm/load-client.js:936:10
    at runClientTransaction (file:///home/siegfriedneto/projects/servicedeskn1-fix-simulate-hypothesis/frontend/app/node_modules/@tanstack/router-core/dist/esm/load-client.js:902:2)
    at loadClientRoute (file:///home/siegfriedneto/projects/servicedeskn1-fix-simulate-hypothesis/frontend/app/node_modules/@tanstack/router-core/dist/esm/load-client.js:1034:2)
    at RouterCore.load (file:///home/siegfriedneto/projects/servicedeskn1-fix-simulate-hypothesis/frontend/app/node_modules/@tanstack/router-core/dist/esm/router.js:489:4) undefined
Error: Not implemented: window.scrollTo
    at module.exports (/home/siegfriedneto/projects/servicedeskn1-fix-simulate-hypothesis/frontend/app/node_modules/jsdom/lib/jsdom/browser/not-implemented.js:9:17)
    at /home/siegfriedneto/projects/servicedeskn1-fix-simulate-hypothesis/frontend/app/node_modules/jsdom/lib/jsdom/browser/Window.js:960:7
    at Object.fn (file:///home/siegfriedneto/projects/servicedeskn1-fix-simulate-hypothesis/frontend/app/node_modules/@tanstack/router-core/dist/esm/scroll-restoration.js:180:27)
    at RouterCore.emit (file:///home/siegfriedneto/projects/servicedeskn1-fix-simulate-hypothesis/frontend/app/node_modules/@tanstack/router-core/dist/esm/router.js:178:14)
    at file:///home/siegfriedneto/projects/servicedeskn1-fix-simulate-hypothesis/frontend/app/node_modules/@tanstack/react-router/dist/esm/Transitioner.js:46:25
    at settleOwner (file:///home/siegfriedneto/projects/servicedeskn1-fix-simulate-hypothesis/frontend/app/node_modules/@tanstack/react-router/dist/esm/Transitioner.js:10:10)
    at file:///home/siegfriedneto/projects/servicedeskn1-fix-simulate-hypothesis/frontend/app/node_modules/@tanstack/react-router/dist/esm/Matches.js:38:39
    at Object.react_stack_bottom_frame (/home/siegfriedneto/projects/servicedeskn1-fix-simulate-hypothesis/frontend/app/node_modules/react-dom/cjs/react-dom-client.development.js:25989:20)
    at runWithFiberInDEV (/home/siegfriedneto/projects/servicedeskn1-fix-simulate-hypothesis/frontend/app/node_modules/react-dom/cjs/react-dom-client.development.js:874:13)
    at commitHookEffectListMount (/home/siegfriedneto/projects/servicedeskn1-fix-simulate-hypothesis/frontend/app/node_modules/react-dom/cjs/react-dom-client.development.js:13249:29) undefined
Error: Not implemented: window.scrollTo
    at module.exports (/home/siegfriedneto/projects/servicedeskn1-fix-simulate-hypothesis/frontend/app/node_modules/jsdom/lib/jsdom/browser/not-implemented.js:9:17)
    at /home/siegfriedneto/projects/servicedeskn1-fix-simulate-hypothesis/frontend/app/node_modules/jsdom/lib/jsdom/browser/Window.js:960:7
    at Object.fn (file:///home/siegfriedneto/projects/servicedeskn1-fix-simulate-hypothesis/frontend/app/node_modules/@tanstack/router-core/dist/esm/scroll-restoration.js:180:27)
    at RouterCore.emit (file:///home/siegfriedneto/projects/servicedeskn1-fix-simulate-hypothesis/frontend/app/node_modules/@tanstack/router-core/dist/esm/router.js:178:14)
    at file:///home/siegfriedneto/projects/servicedeskn1-fix-simulate-hypothesis/frontend/app/node_modules/@tanstack/react-router/dist/esm/Transitioner.js:46:25
    at settleOwner (file:///home/siegfriedneto/projects/servicedeskn1-fix-simulate-hypothesis/frontend/app/node_modules/@tanstack/react-router/dist/esm/Transitioner.js:10:10)
    at file:///home/siegfriedneto/projects/servicedeskn1-fix-simulate-hypothesis/frontend/app/node_modules/@tanstack/react-router/dist/esm/Matches.js:38:39
    at Object.react_stack_bottom_frame (/home/siegfriedneto/projects/servicedeskn1-fix-simulate-hypothesis/frontend/app/node_modules/react-dom/cjs/react-dom-client.development.js:25989:20)
    at runWithFiberInDEV (/home/siegfriedneto/projects/servicedeskn1-fix-simulate-hypothesis/frontend/app/node_modules/react-dom/cjs/react-dom-client.development.js:874:13)
    at commitHookEffectListMount (/home/siegfriedneto/projects/servicedeskn1-fix-simulate-hypothesis/frontend/app/node_modules/react-dom/cjs/react-dom-client.development.js:13249:29) undefined
Error: Not implemented: window.scrollTo
    at module.exports (/home/siegfriedneto/projects/servicedeskn1-fix-simulate-hypothesis/frontend/app/node_modules/jsdom/lib/jsdom/browser/not-implemented.js:9:17)
    at /home/siegfriedneto/projects/servicedeskn1-fix-simulate-hypothesis/frontend/app/node_modules/jsdom/lib/jsdom/browser/Window.js:960:7
    at Object.fn (file:///home/siegfriedneto/projects/servicedeskn1-fix-simulate-hypothesis/frontend/app/node_modules/@tanstack/router-core/dist/esm/scroll-restoration.js:180:27)
    at RouterCore.emit (file:///home/siegfriedneto/projects/servicedeskn1-fix-simulate-hypothesis/frontend/app/node_modules/@tanstack/router-core/dist/esm/router.js:178:14)
    at file:///home/siegfriedneto/projects/servicedeskn1-fix-simulate-hypothesis/frontend/app/node_modules/@tanstack/react-router/dist/esm/Transitioner.js:46:25
    at settleOwner (file:///home/siegfriedneto/projects/servicedeskn1-fix-simulate-hypothesis/frontend/app/node_modules/@tanstack/react-router/dist/esm/Transitioner.js:10:10)
    at file:///home/siegfriedneto/projects/servicedeskn1-fix-simulate-hypothesis/frontend/app/node_modules/@tanstack/react-router/dist/esm/Matches.js:38:39
    at Object.react_stack_bottom_frame (/home/siegfriedneto/projects/servicedeskn1-fix-simulate-hypothesis/frontend/app/node_modules/react-dom/cjs/react-dom-client.development.js:25989:20)
    at runWithFiberInDEV (/home/siegfriedneto/projects/servicedeskn1-fix-simulate-hypothesis/frontend/app/node_modules/react-dom/cjs/react-dom-client.development.js:874:13)
    at commitHookEffectListMount (/home/siegfriedneto/projects/servicedeskn1-fix-simulate-hypothesis/frontend/app/node_modules/react-dom/cjs/react-dom-client.development.js:13249:29) undefined
Error: Not implemented: window.scrollTo
    at module.exports (/home/siegfriedneto/projects/servicedeskn1-fix-simulate-hypothesis/frontend/app/node_modules/jsdom/lib/jsdom/browser/not-implemented.js:9:17)
    at /home/siegfriedneto/projects/servicedeskn1-fix-simulate-hypothesis/frontend/app/node_modules/jsdom/lib/jsdom/browser/Window.js:960:7
    at Object.fn (file:///home/siegfriedneto/projects/servicedeskn1-fix-simulate-hypothesis/frontend/app/node_modules/@tanstack/router-core/dist/esm/scroll-restoration.js:180:27)
    at RouterCore.emit (file:///home/siegfriedneto/projects/servicedeskn1-fix-simulate-hypothesis/frontend/app/node_modules/@tanstack/router-core/dist/esm/router.js:178:14)
    at file:///home/siegfriedneto/projects/servicedeskn1-fix-simulate-hypothesis/frontend/app/node_modules/@tanstack/react-router/dist/esm/Transitioner.js:46:25
    at settleOwner (file:///home/siegfriedneto/projects/servicedeskn1-fix-simulate-hypothesis/frontend/app/node_modules/@tanstack/react-router/dist/esm/Transitioner.js:10:10)
    at file:///home/siegfriedneto/projects/servicedeskn1-fix-simulate-hypothesis/frontend/app/node_modules/@tanstack/react-router/dist/esm/Matches.js:38:39
    at Object.react_stack_bottom_frame (/home/siegfriedneto/projects/servicedeskn1-fix-simulate-hypothesis/frontend/app/node_modules/react-dom/cjs/react-dom-client.development.js:25989:20)
    at runWithFiberInDEV (/home/siegfriedneto/projects/servicedeskn1-fix-simulate-hypothesis/frontend/app/node_modules/react-dom/cjs/react-dom-client.development.js:874:13)
    at commitHookEffectListMount (/home/siegfriedneto/projects/servicedeskn1-fix-simulate-hypothesis/frontend/app/node_modules/react-dom/cjs/react-dom-client.development.js:13249:29) undefined
Error: Not implemented: window.scrollTo
    at module.exports (/home/siegfriedneto/projects/servicedeskn1-fix-simulate-hypothesis/frontend/app/node_modules/jsdom/lib/jsdom/browser/not-implemented.js:9:17)
    at /home/siegfriedneto/projects/servicedeskn1-fix-simulate-hypothesis/frontend/app/node_modules/jsdom/lib/jsdom/browser/Window.js:960:7
    at Object.fn (file:///home/siegfriedneto/projects/servicedeskn1-fix-simulate-hypothesis/frontend/app/node_modules/@tanstack/router-core/dist/esm/scroll-restoration.js:180:27)
    at RouterCore.emit (file:///home/siegfriedneto/projects/servicedeskn1-fix-simulate-hypothesis/frontend/app/node_modules/@tanstack/router-core/dist/esm/router.js:178:14)
    at file:///home/siegfriedneto/projects/servicedeskn1-fix-simulate-hypothesis/frontend/app/node_modules/@tanstack/react-router/dist/esm/Transitioner.js:46:25
    at settleOwner (file:///home/siegfriedneto/projects/servicedeskn1-fix-simulate-hypothesis/frontend/app/node_modules/@tanstack/react-router/dist/esm/Transitioner.js:10:10)
    at file:///home/siegfriedneto/projects/servicedeskn1-fix-simulate-hypothesis/frontend/app/node_modules/@tanstack/react-router/dist/esm/Matches.js:38:39
    at Object.react_stack_bottom_frame (/home/siegfriedneto/projects/servicedeskn1-fix-simulate-hypothesis/frontend/app/node_modules/react-dom/cjs/react-dom-client.development.js:25989:20)
    at runWithFiberInDEV (/home/siegfriedneto/projects/servicedeskn1-fix-simulate-hypothesis/frontend/app/node_modules/react-dom/cjs/react-dom-client.development.js:874:13)
    at commitHookEffectListMount (/home/siegfriedneto/projects/servicedeskn1-fix-simulate-hypothesis/frontend/app/node_modules/react-dom/cjs/react-dom-client.development.js:13249:29) undefined
Error: Not implemented: window.scrollTo
    at module.exports (/home/siegfriedneto/projects/servicedeskn1-fix-simulate-hypothesis/frontend/app/node_modules/jsdom/lib/jsdom/browser/not-implemented.js:9:17)
    at /home/siegfriedneto/projects/servicedeskn1-fix-simulate-hypothesis/frontend/app/node_modules/jsdom/lib/jsdom/browser/Window.js:960:7
    at Object.fn (file:///home/siegfriedneto/projects/servicedeskn1-fix-simulate-hypothesis/frontend/app/node_modules/@tanstack/router-core/dist/esm/scroll-restoration.js:180:27)
    at RouterCore.emit (file:///home/siegfriedneto/projects/servicedeskn1-fix-simulate-hypothesis/frontend/app/node_modules/@tanstack/router-core/dist/esm/router.js:178:14)
    at file:///home/siegfriedneto/projects/servicedeskn1-fix-simulate-hypothesis/frontend/app/node_modules/@tanstack/react-router/dist/esm/Transitioner.js:46:25
    at settleOwner (file:///home/siegfriedneto/projects/servicedeskn1-fix-simulate-hypothesis/frontend/app/node_modules/@tanstack/react-router/dist/esm/Transitioner.js:10:10)
    at file:///home/siegfriedneto/projects/servicedeskn1-fix-simulate-hypothesis/frontend/app/node_modules/@tanstack/react-router/dist/esm/Matches.js:38:39
    at Object.react_stack_bottom_frame (/home/siegfriedneto/projects/servicedeskn1-fix-simulate-hypothesis/frontend/app/node_modules/react-dom/cjs/react-dom-client.development.js:25989:20)
    at runWithFiberInDEV (/home/siegfriedneto/projects/servicedeskn1-fix-simulate-hypothesis/frontend/app/node_modules/react-dom/cjs/react-dom-client.development.js:874:13)
    at commitHookEffectListMount (/home/siegfriedneto/projects/servicedeskn1-fix-simulate-hypothesis/frontend/app/node_modules/react-dom/cjs/react-dom-client.development.js:13249:29) undefined
Error: Not implemented: window.scrollTo
    at module.exports (/home/siegfriedneto/projects/servicedeskn1-fix-simulate-hypothesis/frontend/app/node_modules/jsdom/lib/jsdom/browser/not-implemented.js:9:17)
    at /home/siegfriedneto/projects/servicedeskn1-fix-simulate-hypothesis/frontend/app/node_modules/jsdom/lib/jsdom/browser/Window.js:960:7
    at Object.fn (file:///home/siegfriedneto/projects/servicedeskn1-fix-simulate-hypothesis/frontend/app/node_modules/@tanstack/router-core/dist/esm/scroll-restoration.js:180:27)
    at RouterCore.emit (file:///home/siegfriedneto/projects/servicedeskn1-fix-simulate-hypothesis/frontend/app/node_modules/@tanstack/router-core/dist/esm/router.js:178:14)
    at file:///home/siegfriedneto/projects/servicedeskn1-fix-simulate-hypothesis/frontend/app/node_modules/@tanstack/react-router/dist/esm/Transitioner.js:46:25
    at settleOwner (file:///home/siegfriedneto/projects/servicedeskn1-fix-simulate-hypothesis/frontend/app/node_modules/@tanstack/react-router/dist/esm/Transitioner.js:10:10)
    at file:///home/siegfriedneto/projects/servicedeskn1-fix-simulate-hypothesis/frontend/app/node_modules/@tanstack/react-router/dist/esm/Matches.js:38:39
    at Object.react_stack_bottom_frame (/home/siegfriedneto/projects/servicedeskn1-fix-simulate-hypothesis/frontend/app/node_modules/react-dom/cjs/react-dom-client.development.js:25989:20)
    at runWithFiberInDEV (/home/siegfriedneto/projects/servicedeskn1-fix-simulate-hypothesis/frontend/app/node_modules/react-dom/cjs/react-dom-client.development.js:874:13)
    at commitHookEffectListMount (/home/siegfriedneto/projects/servicedeskn1-fix-simulate-hypothesis/frontend/app/node_modules/react-dom/cjs/react-dom-client.development.js:13249:29) undefined
Error: Not implemented: window.scrollTo
    at module.exports (/home/siegfriedneto/projects/servicedeskn1-fix-simulate-hypothesis/frontend/app/node_modules/jsdom/lib/jsdom/browser/not-implemented.js:9:17)
    at /home/siegfriedneto/projects/servicedeskn1-fix-simulate-hypothesis/frontend/app/node_modules/jsdom/lib/jsdom/browser/Window.js:960:7
    at Object.fn (file:///home/siegfriedneto/projects/servicedeskn1-fix-simulate-hypothesis/frontend/app/node_modules/@tanstack/router-core/dist/esm/scroll-restoration.js:180:27)
    at RouterCore.emit (file:///home/siegfriedneto/projects/servicedeskn1-fix-simulate-hypothesis/frontend/app/node_modules/@tanstack/router-core/dist/esm/router.js:178:14)
    at file:///home/siegfriedneto/projects/servicedeskn1-fix-simulate-hypothesis/frontend/app/node_modules/@tanstack/react-router/dist/esm/Transitioner.js:46:25
    at settleOwner (file:///home/siegfriedneto/projects/servicedeskn1-fix-simulate-hypothesis/frontend/app/node_modules/@tanstack/react-router/dist/esm/Transitioner.js:10:10)
    at file:///home/siegfriedneto/projects/servicedeskn1-fix-simulate-hypothesis/frontend/app/node_modules/@tanstack/react-router/dist/esm/Matches.js:38:39
    at Object.react_stack_bottom_frame (/home/siegfriedneto/projects/servicedeskn1-fix-simulate-hypothesis/frontend/app/node_modules/react-dom/cjs/react-dom-client.development.js:25989:20)
    at runWithFiberInDEV (/home/siegfriedneto/projects/servicedeskn1-fix-simulate-hypothesis/frontend/app/node_modules/react-dom/cjs/react-dom-client.development.js:874:13)
    at commitHookEffectListMount (/home/siegfriedneto/projects/servicedeskn1-fix-simulate-hypothesis/frontend/app/node_modules/react-dom/cjs/react-dom-client.development.js:13249:29) undefined
Error: Not implemented: window.scrollTo
    at module.exports (/home/siegfriedneto/projects/servicedeskn1-fix-simulate-hypothesis/frontend/app/node_modules/jsdom/lib/jsdom/browser/not-implemented.js:9:17)
    at /home/siegfriedneto/projects/servicedeskn1-fix-simulate-hypothesis/frontend/app/node_modules/jsdom/lib/jsdom/browser/Window.js:960:7
    at Object.fn (file:///home/siegfriedneto/projects/servicedeskn1-fix-simulate-hypothesis/frontend/app/node_modules/@tanstack/router-core/dist/esm/scroll-restoration.js:180:27)
    at RouterCore.emit (file:///home/siegfriedneto/projects/servicedeskn1-fix-simulate-hypothesis/frontend/app/node_modules/@tanstack/router-core/dist/esm/router.js:178:14)
    at file:///home/siegfriedneto/projects/servicedeskn1-fix-simulate-hypothesis/frontend/app/node_modules/@tanstack/react-router/dist/esm/Transitioner.js:46:25
    at settleOwner (file:///home/siegfriedneto/projects/servicedeskn1-fix-simulate-hypothesis/frontend/app/node_modules/@tanstack/react-router/dist/esm/Transitioner.js:10:10)
    at file:///home/siegfriedneto/projects/servicedeskn1-fix-simulate-hypothesis/frontend/app/node_modules/@tanstack/react-router/dist/esm/Matches.js:38:39
    at Object.react_stack_bottom_frame (/home/siegfriedneto/projects/servicedeskn1-fix-simulate-hypothesis/frontend/app/node_modules/react-dom/cjs/react-dom-client.development.js:25989:20)
    at runWithFiberInDEV (/home/siegfriedneto/projects/servicedeskn1-fix-simulate-hypothesis/frontend/app/node_modules/react-dom/cjs/react-dom-client.development.js:874:13)
    at commitHookEffectListMount (/home/siegfriedneto/projects/servicedeskn1-fix-simulate-hypothesis/frontend/app/node_modules/react-dom/cjs/react-dom-client.development.js:13249:29) undefined
Error: Not implemented: window.scrollTo
    at module.exports (/home/siegfriedneto/projects/servicedeskn1-fix-simulate-hypothesis/frontend/app/node_modules/jsdom/lib/jsdom/browser/not-implemented.js:9:17)
    at /home/siegfriedneto/projects/servicedeskn1-fix-simulate-hypothesis/frontend/app/node_modules/jsdom/lib/jsdom/browser/Window.js:960:7
    at Object.fn (file:///home/siegfriedneto/projects/servicedeskn1-fix-simulate-hypothesis/frontend/app/node_modules/@tanstack/router-core/dist/esm/scroll-restoration.js:180:27)
    at RouterCore.emit (file:///home/siegfriedneto/projects/servicedeskn1-fix-simulate-hypothesis/frontend/app/node_modules/@tanstack/router-core/dist/esm/router.js:178:14)
    at file:///home/siegfriedneto/projects/servicedeskn1-fix-simulate-hypothesis/frontend/app/node_modules/@tanstack/react-router/dist/esm/Transitioner.js:46:25
    at settleOwner (file:///home/siegfriedneto/projects/servicedeskn1-fix-simulate-hypothesis/frontend/app/node_modules/@tanstack/react-router/dist/esm/Transitioner.js:10:10)
    at file:///home/siegfriedneto/projects/servicedeskn1-fix-simulate-hypothesis/frontend/app/node_modules/@tanstack/react-router/dist/esm/Matches.js:38:39
    at Object.react_stack_bottom_frame (/home/siegfriedneto/projects/servicedeskn1-fix-simulate-hypothesis/frontend/app/node_modules/react-dom/cjs/react-dom-client.development.js:25989:20)
    at runWithFiberInDEV (/home/siegfriedneto/projects/servicedeskn1-fix-simulate-hypothesis/frontend/app/node_modules/react-dom/cjs/react-dom-client.development.js:874:13)
    at commitHookEffectListMount (/home/siegfriedneto/projects/servicedeskn1-fix-simulate-hypothesis/frontend/app/node_modules/react-dom/cjs/react-dom-client.development.js:13249:29) undefined
Error: Not implemented: window.scrollTo
    at module.exports (/home/siegfriedneto/projects/servicedeskn1-fix-simulate-hypothesis/frontend/app/node_modules/jsdom/lib/jsdom/browser/not-implemented.js:9:17)
    at /home/siegfriedneto/projects/servicedeskn1-fix-simulate-hypothesis/frontend/app/node_modules/jsdom/lib/jsdom/browser/Window.js:960:7
    at Object.fn (file:///home/siegfriedneto/projects/servicedeskn1-fix-simulate-hypothesis/frontend/app/node_modules/@tanstack/router-core/dist/esm/scroll-restoration.js:180:27)
    at RouterCore.emit (file:///home/siegfriedneto/projects/servicedeskn1-fix-simulate-hypothesis/frontend/app/node_modules/@tanstack/router-core/dist/esm/router.js:178:14)
    at file:///home/siegfriedneto/projects/servicedeskn1-fix-simulate-hypothesis/frontend/app/node_modules/@tanstack/react-router/dist/esm/Transitioner.js:46:25
    at settleOwner (file:///home/siegfriedneto/projects/servicedeskn1-fix-simulate-hypothesis/frontend/app/node_modules/@tanstack/react-router/dist/esm/Transitioner.js:10:10)
    at file:///home/siegfriedneto/projects/servicedeskn1-fix-simulate-hypothesis/frontend/app/node_modules/@tanstack/react-router/dist/esm/Matches.js:38:39
    at Object.react_stack_bottom_frame (/home/siegfriedneto/projects/servicedeskn1-fix-simulate-hypothesis/frontend/app/node_modules/react-dom/cjs/react-dom-client.development.js:25989:20)
    at runWithFiberInDEV (/home/siegfriedneto/projects/servicedeskn1-fix-simulate-hypothesis/frontend/app/node_modules/react-dom/cjs/react-dom-client.development.js:874:13)
    at commitHookEffectListMount (/home/siegfriedneto/projects/servicedeskn1-fix-simulate-hypothesis/frontend/app/node_modules/react-dom/cjs/react-dom-client.development.js:13249:29) undefined
Error: Not implemented: window.scrollTo
    at module.exports (/home/siegfriedneto/projects/servicedeskn1-fix-simulate-hypothesis/frontend/app/node_modules/jsdom/lib/jsdom/browser/not-implemented.js:9:17)
    at /home/siegfriedneto/projects/servicedeskn1-fix-simulate-hypothesis/frontend/app/node_modules/jsdom/lib/jsdom/browser/Window.js:960:7
    at Object.fn (file:///home/siegfriedneto/projects/servicedeskn1-fix-simulate-hypothesis/frontend/app/node_modules/@tanstack/router-core/dist/esm/scroll-restoration.js:180:27)
    at RouterCore.emit (file:///home/siegfriedneto/projects/servicedeskn1-fix-simulate-hypothesis/frontend/app/node_modules/@tanstack/router-core/dist/esm/router.js:178:14)
    at file:///home/siegfriedneto/projects/servicedeskn1-fix-simulate-hypothesis/frontend/app/node_modules/@tanstack/router-core/dist/esm/load-client.js:943:46
    at Router.batch (file:///home/siegfriedneto/projects/servicedeskn1-fix-simulate-hypothesis/frontend/app/node_modules/@tanstack/store/dist/esm/atom.js:39:5)
    at file:///home/siegfriedneto/projects/servicedeskn1-fix-simulate-hypothesis/frontend/app/node_modules/@tanstack/router-core/dist/esm/load-client.js:936:10
    at runClientTransaction (file:///home/siegfriedneto/projects/servicedeskn1-fix-simulate-hypothesis/frontend/app/node_modules/@tanstack/router-core/dist/esm/load-client.js:902:2)
    at loadClientRoute (file:///home/siegfriedneto/projects/servicedeskn1-fix-simulate-hypothesis/frontend/app/node_modules/@tanstack/router-core/dist/esm/load-client.js:1034:2)
    at RouterCore.load (file:///home/siegfriedneto/projects/servicedeskn1-fix-simulate-hypothesis/frontend/app/node_modules/@tanstack/router-core/dist/esm/router.js:489:4) undefined
Error: Not implemented: window.scrollTo
    at module.exports (/home/siegfriedneto/projects/servicedeskn1-fix-simulate-hypothesis/frontend/app/node_modules/jsdom/lib/jsdom/browser/not-implemented.js:9:17)
    at /home/siegfriedneto/projects/servicedeskn1-fix-simulate-hypothesis/frontend/app/node_modules/jsdom/lib/jsdom/browser/Window.js:960:7
    at Object.fn (file:///home/siegfriedneto/projects/servicedeskn1-fix-simulate-hypothesis/frontend/app/node_modules/@tanstack/router-core/dist/esm/scroll-restoration.js:180:27)
    at RouterCore.emit (file:///home/siegfriedneto/projects/servicedeskn1-fix-simulate-hypothesis/frontend/app/node_modules/@tanstack/router-core/dist/esm/router.js:178:14)
    at file:///home/siegfriedneto/projects/servicedeskn1-fix-simulate-hypothesis/frontend/app/node_modules/@tanstack/react-router/dist/esm/Transitioner.js:46:25
    at settleOwner (file:///home/siegfriedneto/projects/servicedeskn1-fix-simulate-hypothesis/frontend/app/node_modules/@tanstack/react-router/dist/esm/Transitioner.js:10:10)
    at file:///home/siegfriedneto/projects/servicedeskn1-fix-simulate-hypothesis/frontend/app/node_modules/@tanstack/react-router/dist/esm/Matches.js:38:39
    at Object.react_stack_bottom_frame (/home/siegfriedneto/projects/servicedeskn1-fix-simulate-hypothesis/frontend/app/node_modules/react-dom/cjs/react-dom-client.development.js:25989:20)
    at runWithFiberInDEV (/home/siegfriedneto/projects/servicedeskn1-fix-simulate-hypothesis/frontend/app/node_modules/react-dom/cjs/react-dom-client.development.js:874:13)
    at commitHookEffectListMount (/home/siegfriedneto/projects/servicedeskn1-fix-simulate-hypothesis/frontend/app/node_modules/react-dom/cjs/react-dom-client.development.js:13249:29) undefined
Error: Not implemented: window.scrollTo
    at module.exports (/home/siegfriedneto/projects/servicedeskn1-fix-simulate-hypothesis/frontend/app/node_modules/jsdom/lib/jsdom/browser/not-implemented.js:9:17)
    at /home/siegfriedneto/projects/servicedeskn1-fix-simulate-hypothesis/frontend/app/node_modules/jsdom/lib/jsdom/browser/Window.js:960:7
    at Object.fn (file:///home/siegfriedneto/projects/servicedeskn1-fix-simulate-hypothesis/frontend/app/node_modules/@tanstack/router-core/dist/esm/scroll-restoration.js:180:27)
    at RouterCore.emit (file:///home/siegfriedneto/projects/servicedeskn1-fix-simulate-hypothesis/frontend/app/node_modules/@tanstack/router-core/dist/esm/router.js:178:14)
    at file:///home/siegfriedneto/projects/servicedeskn1-fix-simulate-hypothesis/frontend/app/node_modules/@tanstack/react-router/dist/esm/Transitioner.js:46:25
    at settleOwner (file:///home/siegfriedneto/projects/servicedeskn1-fix-simulate-hypothesis/frontend/app/node_modules/@tanstack/react-router/dist/esm/Transitioner.js:10:10)
    at file:///home/siegfriedneto/projects/servicedeskn1-fix-simulate-hypothesis/frontend/app/node_modules/@tanstack/react-router/dist/esm/Matches.js:38:39
    at Object.react_stack_bottom_frame (/home/siegfriedneto/projects/servicedeskn1-fix-simulate-hypothesis/frontend/app/node_modules/react-dom/cjs/react-dom-client.development.js:25989:20)
    at runWithFiberInDEV (/home/siegfriedneto/projects/servicedeskn1-fix-simulate-hypothesis/frontend/app/node_modules/react-dom/cjs/react-dom-client.development.js:874:13)
    at commitHookEffectListMount (/home/siegfriedneto/projects/servicedeskn1-fix-simulate-hypothesis/frontend/app/node_modules/react-dom/cjs/react-dom-client.development.js:13249:29) undefined
Error: Not implemented: window.scrollTo
    at module.exports (/home/siegfriedneto/projects/servicedeskn1-fix-simulate-hypothesis/frontend/app/node_modules/jsdom/lib/jsdom/browser/not-implemented.js:9:17)
    at /home/siegfriedneto/projects/servicedeskn1-fix-simulate-hypothesis/frontend/app/node_modules/jsdom/lib/jsdom/browser/Window.js:960:7
    at Object.fn (file:///home/siegfriedneto/projects/servicedeskn1-fix-simulate-hypothesis/frontend/app/node_modules/@tanstack/router-core/dist/esm/scroll-restoration.js:180:27)
    at RouterCore.emit (file:///home/siegfriedneto/projects/servicedeskn1-fix-simulate-hypothesis/frontend/app/node_modules/@tanstack/router-core/dist/esm/router.js:178:14)
    at file:///home/siegfriedneto/projects/servicedeskn1-fix-simulate-hypothesis/frontend/app/node_modules/@tanstack/router-core/dist/esm/load-client.js:943:46
    at Router.batch (file:///home/siegfriedneto/projects/servicedeskn1-fix-simulate-hypothesis/frontend/app/node_modules/@tanstack/store/dist/esm/atom.js:39:5)
    at file:///home/siegfriedneto/projects/servicedeskn1-fix-simulate-hypothesis/frontend/app/node_modules/@tanstack/router-core/dist/esm/load-client.js:936:10
    at runClientTransaction (file:///home/siegfriedneto/projects/servicedeskn1-fix-simulate-hypothesis/frontend/app/node_modules/@tanstack/router-core/dist/esm/load-client.js:902:2)
    at loadClientRoute (file:///home/siegfriedneto/projects/servicedeskn1-fix-simulate-hypothesis/frontend/app/node_modules/@tanstack/router-core/dist/esm/load-client.js:1034:2)
    at RouterCore.load (file:///home/siegfriedneto/projects/servicedeskn1-fix-simulate-hypothesis/frontend/app/node_modules/@tanstack/router-core/dist/esm/router.js:489:4) undefined
Error: Not implemented: window.scrollTo
    at module.exports (/home/siegfriedneto/projects/servicedeskn1-fix-simulate-hypothesis/frontend/app/node_modules/jsdom/lib/jsdom/browser/not-implemented.js:9:17)
    at /home/siegfriedneto/projects/servicedeskn1-fix-simulate-hypothesis/frontend/app/node_modules/jsdom/lib/jsdom/browser/Window.js:960:7
    at Object.fn (file:///home/siegfriedneto/projects/servicedeskn1-fix-simulate-hypothesis/frontend/app/node_modules/@tanstack/router-core/dist/esm/scroll-restoration.js:180:27)
    at RouterCore.emit (file:///home/siegfriedneto/projects/servicedeskn1-fix-simulate-hypothesis/frontend/app/node_modules/@tanstack/router-core/dist/esm/router.js:178:14)
    at file:///home/siegfriedneto/projects/servicedeskn1-fix-simulate-hypothesis/frontend/app/node_modules/@tanstack/react-router/dist/esm/Transitioner.js:46:25
    at settleOwner (file:///home/siegfriedneto/projects/servicedeskn1-fix-simulate-hypothesis/frontend/app/node_modules/@tanstack/react-router/dist/esm/Transitioner.js:10:10)
    at file:///home/siegfriedneto/projects/servicedeskn1-fix-simulate-hypothesis/frontend/app/node_modules/@tanstack/react-router/dist/esm/Matches.js:38:39
    at Object.react_stack_bottom_frame (/home/siegfriedneto/projects/servicedeskn1-fix-simulate-hypothesis/frontend/app/node_modules/react-dom/cjs/react-dom-client.development.js:25989:20)
    at runWithFiberInDEV (/home/siegfriedneto/projects/servicedeskn1-fix-simulate-hypothesis/frontend/app/node_modules/react-dom/cjs/react-dom-client.development.js:874:13)
    at commitHookEffectListMount (/home/siegfriedneto/projects/servicedeskn1-fix-simulate-hypothesis/frontend/app/node_modules/react-dom/cjs/react-dom-client.development.js:13249:29) undefined
Error: Not implemented: window.scrollTo
    at module.exports (/home/siegfriedneto/projects/servicedeskn1-fix-simulate-hypothesis/frontend/app/node_modules/jsdom/lib/jsdom/browser/not-implemented.js:9:17)
    at /home/siegfriedneto/projects/servicedeskn1-fix-simulate-hypothesis/frontend/app/node_modules/jsdom/lib/jsdom/browser/Window.js:960:7
    at Object.fn (file:///home/siegfriedneto/projects/servicedeskn1-fix-simulate-hypothesis/frontend/app/node_modules/@tanstack/router-core/dist/esm/scroll-restoration.js:180:27)
    at RouterCore.emit (file:///home/siegfriedneto/projects/servicedeskn1-fix-simulate-hypothesis/frontend/app/node_modules/@tanstack/router-core/dist/esm/router.js:178:14)
    at file:///home/siegfriedneto/projects/servicedeskn1-fix-simulate-hypothesis/frontend/app/node_modules/@tanstack/react-router/dist/esm/Transitioner.js:46:25
    at settleOwner (file:///home/siegfriedneto/projects/servicedeskn1-fix-simulate-hypothesis/frontend/app/node_modules/@tanstack/react-router/dist/esm/Transitioner.js:10:10)
    at file:///home/siegfriedneto/projects/servicedeskn1-fix-simulate-hypothesis/frontend/app/node_modules/@tanstack/react-router/dist/esm/Matches.js:38:39
    at Object.react_stack_bottom_frame (/home/siegfriedneto/projects/servicedeskn1-fix-simulate-hypothesis/frontend/app/node_modules/react-dom/cjs/react-dom-client.development.js:25989:20)
    at runWithFiberInDEV (/home/siegfriedneto/projects/servicedeskn1-fix-simulate-hypothesis/frontend/app/node_modules/react-dom/cjs/react-dom-client.development.js:874:13)
    at commitHookEffectListMount (/home/siegfriedneto/projects/servicedeskn1-fix-simulate-hypothesis/frontend/app/node_modules/react-dom/cjs/react-dom-client.development.js:13249:29) undefined
Error: Not implemented: window.scrollTo
    at module.exports (/home/siegfriedneto/projects/servicedeskn1-fix-simulate-hypothesis/frontend/app/node_modules/jsdom/lib/jsdom/browser/not-implemented.js:9:17)
    at /home/siegfriedneto/projects/servicedeskn1-fix-simulate-hypothesis/frontend/app/node_modules/jsdom/lib/jsdom/browser/Window.js:960:7
    at Object.fn (file:///home/siegfriedneto/projects/servicedeskn1-fix-simulate-hypothesis/frontend/app/node_modules/@tanstack/router-core/dist/esm/scroll-restoration.js:180:27)
    at RouterCore.emit (file:///home/siegfriedneto/projects/servicedeskn1-fix-simulate-hypothesis/frontend/app/node_modules/@tanstack/router-core/dist/esm/router.js:178:14)
    at file:///home/siegfriedneto/projects/servicedeskn1-fix-simulate-hypothesis/frontend/app/node_modules/@tanstack/react-router/dist/esm/Transitioner.js:46:25
    at settleOwner (file:///home/siegfriedneto/projects/servicedeskn1-fix-simulate-hypothesis/frontend/app/node_modules/@tanstack/react-router/dist/esm/Transitioner.js:10:10)
    at file:///home/siegfriedneto/projects/servicedeskn1-fix-simulate-hypothesis/frontend/app/node_modules/@tanstack/react-router/dist/esm/Matches.js:38:39
    at Object.react_stack_bottom_frame (/home/siegfriedneto/projects/servicedeskn1-fix-simulate-hypothesis/frontend/app/node_modules/react-dom/cjs/react-dom-client.development.js:25989:20)
    at runWithFiberInDEV (/home/siegfriedneto/projects/servicedeskn1-fix-simulate-hypothesis/frontend/app/node_modules/react-dom/cjs/react-dom-client.development.js:874:13)
    at commitHookEffectListMount (/home/siegfriedneto/projects/servicedeskn1-fix-simulate-hypothesis/frontend/app/node_modules/react-dom/cjs/react-dom-client.development.js:13249:29) undefined
Error: Not implemented: window.scrollTo
    at module.exports (/home/siegfriedneto/projects/servicedeskn1-fix-simulate-hypothesis/frontend/app/node_modules/jsdom/lib/jsdom/browser/not-implemented.js:9:17)
    at /home/siegfriedneto/projects/servicedeskn1-fix-simulate-hypothesis/frontend/app/node_modules/jsdom/lib/jsdom/browser/Window.js:960:7
    at Object.fn (file:///home/siegfriedneto/projects/servicedeskn1-fix-simulate-hypothesis/frontend/app/node_modules/@tanstack/router-core/dist/esm/scroll-restoration.js:180:27)
    at RouterCore.emit (file:///home/siegfriedneto/projects/servicedeskn1-fix-simulate-hypothesis/frontend/app/node_modules/@tanstack/router-core/dist/esm/router.js:178:14)
    at file:///home/siegfriedneto/projects/servicedeskn1-fix-simulate-hypothesis/frontend/app/node_modules/@tanstack/react-router/dist/esm/Transitioner.js:46:25
    at settleOwner (file:///home/siegfriedneto/projects/servicedeskn1-fix-simulate-hypothesis/frontend/app/node_modules/@tanstack/react-router/dist/esm/Transitioner.js:10:10)
    at file:///home/siegfriedneto/projects/servicedeskn1-fix-simulate-hypothesis/frontend/app/node_modules/@tanstack/react-router/dist/esm/Matches.js:38:39
    at Object.react_stack_bottom_frame (/home/siegfriedneto/projects/servicedeskn1-fix-simulate-hypothesis/frontend/app/node_modules/react-dom/cjs/react-dom-client.development.js:25989:20)
    at runWithFiberInDEV (/home/siegfriedneto/projects/servicedeskn1-fix-simulate-hypothesis/frontend/app/node_modules/react-dom/cjs/react-dom-client.development.js:874:13)
    at commitHookEffectListMount (/home/siegfriedneto/projects/servicedeskn1-fix-simulate-hypothesis/frontend/app/node_modules/react-dom/cjs/react-dom-client.development.js:13249:29) undefined
Error: Not implemented: window.scrollTo
    at module.exports (/home/siegfriedneto/projects/servicedeskn1-fix-simulate-hypothesis/frontend/app/node_modules/jsdom/lib/jsdom/browser/not-implemented.js:9:17)
    at /home/siegfriedneto/projects/servicedeskn1-fix-simulate-hypothesis/frontend/app/node_modules/jsdom/lib/jsdom/browser/Window.js:960:7
    at Object.fn (file:///home/siegfriedneto/projects/servicedeskn1-fix-simulate-hypothesis/frontend/app/node_modules/@tanstack/router-core/dist/esm/scroll-restoration.js:180:27)
    at RouterCore.emit (file:///home/siegfriedneto/projects/servicedeskn1-fix-simulate-hypothesis/frontend/app/node_modules/@tanstack/router-core/dist/esm/router.js:178:14)
    at file:///home/siegfriedneto/projects/servicedeskn1-fix-simulate-hypothesis/frontend/app/node_modules/@tanstack/router-core/dist/esm/load-client.js:943:46
    at Router.batch (file:///home/siegfriedneto/projects/servicedeskn1-fix-simulate-hypothesis/frontend/app/node_modules/@tanstack/store/dist/esm/atom.js:39:5)
    at file:///home/siegfriedneto/projects/servicedeskn1-fix-simulate-hypothesis/frontend/app/node_modules/@tanstack/router-core/dist/esm/load-client.js:936:10
    at runClientTransaction (file:///home/siegfriedneto/projects/servicedeskn1-fix-simulate-hypothesis/frontend/app/node_modules/@tanstack/router-core/dist/esm/load-client.js:902:2)
    at loadClientRoute (file:///home/siegfriedneto/projects/servicedeskn1-fix-simulate-hypothesis/frontend/app/node_modules/@tanstack/router-core/dist/esm/load-client.js:1034:2)
    at RouterCore.load (file:///home/siegfriedneto/projects/servicedeskn1-fix-simulate-hypothesis/frontend/app/node_modules/@tanstack/router-core/dist/esm/router.js:489:4) undefined
Error: Not implemented: window.scrollTo
    at module.exports (/home/siegfriedneto/projects/servicedeskn1-fix-simulate-hypothesis/frontend/app/node_modules/jsdom/lib/jsdom/browser/not-implemented.js:9:17)
    at /home/siegfriedneto/projects/servicedeskn1-fix-simulate-hypothesis/frontend/app/node_modules/jsdom/lib/jsdom/browser/Window.js:960:7
    at Object.fn (file:///home/siegfriedneto/projects/servicedeskn1-fix-simulate-hypothesis/frontend/app/node_modules/@tanstack/router-core/dist/esm/scroll-restoration.js:180:27)
    at RouterCore.emit (file:///home/siegfriedneto/projects/servicedeskn1-fix-simulate-hypothesis/frontend/app/node_modules/@tanstack/router-core/dist/esm/router.js:178:14)
    at file:///home/siegfriedneto/projects/servicedeskn1-fix-simulate-hypothesis/frontend/app/node_modules/@tanstack/react-router/dist/esm/Transitioner.js:46:25
    at settleOwner (file:///home/siegfriedneto/projects/servicedeskn1-fix-simulate-hypothesis/frontend/app/node_modules/@tanstack/react-router/dist/esm/Transitioner.js:10:10)
    at file:///home/siegfriedneto/projects/servicedeskn1-fix-simulate-hypothesis/frontend/app/node_modules/@tanstack/react-router/dist/esm/Matches.js:38:39
    at Object.react_stack_bottom_frame (/home/siegfriedneto/projects/servicedeskn1-fix-simulate-hypothesis/frontend/app/node_modules/react-dom/cjs/react-dom-client.development.js:25989:20)
    at runWithFiberInDEV (/home/siegfriedneto/projects/servicedeskn1-fix-simulate-hypothesis/frontend/app/node_modules/react-dom/cjs/react-dom-client.development.js:874:13)
    at commitHookEffectListMount (/home/siegfriedneto/projects/servicedeskn1-fix-simulate-hypothesis/frontend/app/node_modules/react-dom/cjs/react-dom-client.development.js:13249:29) undefined
Error: Not implemented: window.scrollTo
    at module.exports (/home/siegfriedneto/projects/servicedeskn1-fix-simulate-hypothesis/frontend/app/node_modules/jsdom/lib/jsdom/browser/not-implemented.js:9:17)
    at /home/siegfriedneto/projects/servicedeskn1-fix-simulate-hypothesis/frontend/app/node_modules/jsdom/lib/jsdom/browser/Window.js:960:7
    at Object.fn (file:///home/siegfriedneto/projects/servicedeskn1-fix-simulate-hypothesis/frontend/app/node_modules/@tanstack/router-core/dist/esm/scroll-restoration.js:180:27)
    at RouterCore.emit (file:///home/siegfriedneto/projects/servicedeskn1-fix-simulate-hypothesis/frontend/app/node_modules/@tanstack/router-core/dist/esm/router.js:178:14)
    at file:///home/siegfriedneto/projects/servicedeskn1-fix-simulate-hypothesis/frontend/app/node_modules/@tanstack/react-router/dist/esm/Transitioner.js:46:25
    at settleOwner (file:///home/siegfriedneto/projects/servicedeskn1-fix-simulate-hypothesis/frontend/app/node_modules/@tanstack/react-router/dist/esm/Transitioner.js:10:10)
    at file:///home/siegfriedneto/projects/servicedeskn1-fix-simulate-hypothesis/frontend/app/node_modules/@tanstack/react-router/dist/esm/Matches.js:38:39
    at Object.react_stack_bottom_frame (/home/siegfriedneto/projects/servicedeskn1-fix-simulate-hypothesis/frontend/app/node_modules/react-dom/cjs/react-dom-client.development.js:25989:20)
    at runWithFiberInDEV (/home/siegfriedneto/projects/servicedeskn1-fix-simulate-hypothesis/frontend/app/node_modules/react-dom/cjs/react-dom-client.development.js:874:13)
    at commitHookEffectListMount (/home/siegfriedneto/projects/servicedeskn1-fix-simulate-hypothesis/frontend/app/node_modules/react-dom/cjs/react-dom-client.development.js:13249:29) undefined
Error: Not implemented: window.scrollTo
    at module.exports (/home/siegfriedneto/projects/servicedeskn1-fix-simulate-hypothesis/frontend/app/node_modules/jsdom/lib/jsdom/browser/not-implemented.js:9:17)
    at /home/siegfriedneto/projects/servicedeskn1-fix-simulate-hypothesis/frontend/app/node_modules/jsdom/lib/jsdom/browser/Window.js:960:7
    at Object.fn (file:///home/siegfriedneto/projects/servicedeskn1-fix-simulate-hypothesis/frontend/app/node_modules/@tanstack/router-core/dist/esm/scroll-restoration.js:180:27)
    at RouterCore.emit (file:///home/siegfriedneto/projects/servicedeskn1-fix-simulate-hypothesis/frontend/app/node_modules/@tanstack/router-core/dist/esm/router.js:178:14)
    at file:///home/siegfriedneto/projects/servicedeskn1-fix-simulate-hypothesis/frontend/app/node_modules/@tanstack/react-router/dist/esm/Transitioner.js:46:25
    at settleOwner (file:///home/siegfriedneto/projects/servicedeskn1-fix-simulate-hypothesis/frontend/app/node_modules/@tanstack/react-router/dist/esm/Transitioner.js:10:10)
    at file:///home/siegfriedneto/projects/servicedeskn1-fix-simulate-hypothesis/frontend/app/node_modules/@tanstack/react-router/dist/esm/Matches.js:38:39
    at Object.react_stack_bottom_frame (/home/siegfriedneto/projects/servicedeskn1-fix-simulate-hypothesis/frontend/app/node_modules/react-dom/cjs/react-dom-client.development.js:25989:20)
    at runWithFiberInDEV (/home/siegfriedneto/projects/servicedeskn1-fix-simulate-hypothesis/frontend/app/node_modules/react-dom/cjs/react-dom-client.development.js:874:13)
    at commitHookEffectListMount (/home/siegfriedneto/projects/servicedeskn1-fix-simulate-hypothesis/frontend/app/node_modules/react-dom/cjs/react-dom-client.development.js:13249:29) undefined
Error: Not implemented: window.scrollTo
    at module.exports (/home/siegfriedneto/projects/servicedeskn1-fix-simulate-hypothesis/frontend/app/node_modules/jsdom/lib/jsdom/browser/not-implemented.js:9:17)
    at /home/siegfriedneto/projects/servicedeskn1-fix-simulate-hypothesis/frontend/app/node_modules/jsdom/lib/jsdom/browser/Window.js:960:7
    at Object.fn (file:///home/siegfriedneto/projects/servicedeskn1-fix-simulate-hypothesis/frontend/app/node_modules/@tanstack/router-core/dist/esm/scroll-restoration.js:180:27)
    at RouterCore.emit (file:///home/siegfriedneto/projects/servicedeskn1-fix-simulate-hypothesis/frontend/app/node_modules/@tanstack/router-core/dist/esm/router.js:178:14)
    at file:///home/siegfriedneto/projects/servicedeskn1-fix-simulate-hypothesis/frontend/app/node_modules/@tanstack/router-core/dist/esm/load-client.js:943:46
    at Router.batch (file:///home/siegfriedneto/projects/servicedeskn1-fix-simulate-hypothesis/frontend/app/node_modules/@tanstack/store/dist/esm/atom.js:39:5)
    at file:///home/siegfriedneto/projects/servicedeskn1-fix-simulate-hypothesis/frontend/app/node_modules/@tanstack/router-core/dist/esm/load-client.js:936:10
    at runClientTransaction (file:///home/siegfriedneto/projects/servicedeskn1-fix-simulate-hypothesis/frontend/app/node_modules/@tanstack/router-core/dist/esm/load-client.js:902:2)
    at loadClientRoute (file:///home/siegfriedneto/projects/servicedeskn1-fix-simulate-hypothesis/frontend/app/node_modules/@tanstack/router-core/dist/esm/load-client.js:1034:2)
    at RouterCore.load (file:///home/siegfriedneto/projects/servicedeskn1-fix-simulate-hypothesis/frontend/app/node_modules/@tanstack/router-core/dist/esm/router.js:489:4) undefined
Error: Not implemented: window.scrollTo
    at module.exports (/home/siegfriedneto/projects/servicedeskn1-fix-simulate-hypothesis/frontend/app/node_modules/jsdom/lib/jsdom/browser/not-implemented.js:9:17)
    at /home/siegfriedneto/projects/servicedeskn1-fix-simulate-hypothesis/frontend/app/node_modules/jsdom/lib/jsdom/browser/Window.js:960:7
    at Object.fn (file:///home/siegfriedneto/projects/servicedeskn1-fix-simulate-hypothesis/frontend/app/node_modules/@tanstack/router-core/dist/esm/scroll-restoration.js:180:27)
    at RouterCore.emit (file:///home/siegfriedneto/projects/servicedeskn1-fix-simulate-hypothesis/frontend/app/node_modules/@tanstack/router-core/dist/esm/router.js:178:14)
    at file:///home/siegfriedneto/projects/servicedeskn1-fix-simulate-hypothesis/frontend/app/node_modules/@tanstack/router-core/dist/esm/load-client.js:943:46
    at Router.batch (file:///home/siegfriedneto/projects/servicedeskn1-fix-simulate-hypothesis/frontend/app/node_modules/@tanstack/store/dist/esm/atom.js:39:5)
    at file:///home/siegfriedneto/projects/servicedeskn1-fix-simulate-hypothesis/frontend/app/node_modules/@tanstack/router-core/dist/esm/load-client.js:936:10
    at runClientTransaction (file:///home/siegfriedneto/projects/servicedeskn1-fix-simulate-hypothesis/frontend/app/node_modules/@tanstack/router-core/dist/esm/load-client.js:902:2)
    at loadClientRoute (file:///home/siegfriedneto/projects/servicedeskn1-fix-simulate-hypothesis/frontend/app/node_modules/@tanstack/router-core/dist/esm/load-client.js:1034:2)
    at RouterCore.load (file:///home/siegfriedneto/projects/servicedeskn1-fix-simulate-hypothesis/frontend/app/node_modules/@tanstack/router-core/dist/esm/router.js:489:4) undefined
Error: Not implemented: window.scrollTo
    at module.exports (/home/siegfriedneto/projects/servicedeskn1-fix-simulate-hypothesis/frontend/app/node_modules/jsdom/lib/jsdom/browser/not-implemented.js:9:17)
    at /home/siegfriedneto/projects/servicedeskn1-fix-simulate-hypothesis/frontend/app/node_modules/jsdom/lib/jsdom/browser/Window.js:960:7
    at Object.fn (file:///home/siegfriedneto/projects/servicedeskn1-fix-simulate-hypothesis/frontend/app/node_modules/@tanstack/router-core/dist/esm/scroll-restoration.js:180:27)
    at RouterCore.emit (file:///home/siegfriedneto/projects/servicedeskn1-fix-simulate-hypothesis/frontend/app/node_modules/@tanstack/router-core/dist/esm/router.js:178:14)
    at file:///home/siegfriedneto/projects/servicedeskn1-fix-simulate-hypothesis/frontend/app/node_modules/@tanstack/router-core/dist/esm/load-client.js:943:46
    at Router.batch (file:///home/siegfriedneto/projects/servicedeskn1-fix-simulate-hypothesis/frontend/app/node_modules/@tanstack/store/dist/esm/atom.js:39:5)
    at file:///home/siegfriedneto/projects/servicedeskn1-fix-simulate-hypothesis/frontend/app/node_modules/@tanstack/router-core/dist/esm/load-client.js:936:10
    at runClientTransaction (file:///home/siegfriedneto/projects/servicedeskn1-fix-simulate-hypothesis/frontend/app/node_modules/@tanstack/router-core/dist/esm/load-client.js:902:2)
    at loadClientRoute (file:///home/siegfriedneto/projects/servicedeskn1-fix-simulate-hypothesis/frontend/app/node_modules/@tanstack/router-core/dist/esm/load-client.js:1034:2)
    at RouterCore.load (file:///home/siegfriedneto/projects/servicedeskn1-fix-simulate-hypothesis/frontend/app/node_modules/@tanstack/router-core/dist/esm/router.js:489:4) undefined
Error: Not implemented: window.scrollTo
    at module.exports (/home/siegfriedneto/projects/servicedeskn1-fix-simulate-hypothesis/frontend/app/node_modules/jsdom/lib/jsdom/browser/not-implemented.js:9:17)
    at /home/siegfriedneto/projects/servicedeskn1-fix-simulate-hypothesis/frontend/app/node_modules/jsdom/lib/jsdom/browser/Window.js:960:7
    at Object.fn (file:///home/siegfriedneto/projects/servicedeskn1-fix-simulate-hypothesis/frontend/app/node_modules/@tanstack/router-core/dist/esm/scroll-restoration.js:180:27)
    at RouterCore.emit (file:///home/siegfriedneto/projects/servicedeskn1-fix-simulate-hypothesis/frontend/app/node_modules/@tanstack/router-core/dist/esm/router.js:178:14)
    at file:///home/siegfriedneto/projects/servicedeskn1-fix-simulate-hypothesis/frontend/app/node_modules/@tanstack/react-router/dist/esm/Transitioner.js:46:25
    at settleOwner (file:///home/siegfriedneto/projects/servicedeskn1-fix-simulate-hypothesis/frontend/app/node_modules/@tanstack/react-router/dist/esm/Transitioner.js:10:10)
    at file:///home/siegfriedneto/projects/servicedeskn1-fix-simulate-hypothesis/frontend/app/node_modules/@tanstack/react-router/dist/esm/Matches.js:38:39
    at Object.react_stack_bottom_frame (/home/siegfriedneto/projects/servicedeskn1-fix-simulate-hypothesis/frontend/app/node_modules/react-dom/cjs/react-dom-client.development.js:25989:20)
    at runWithFiberInDEV (/home/siegfriedneto/projects/servicedeskn1-fix-simulate-hypothesis/frontend/app/node_modules/react-dom/cjs/react-dom-client.development.js:874:13)
    at commitHookEffectListMount (/home/siegfriedneto/projects/servicedeskn1-fix-simulate-hypothesis/frontend/app/node_modules/react-dom/cjs/react-dom-client.development.js:13249:29) undefined
Error: Not implemented: window.scrollTo
    at module.exports (/home/siegfriedneto/projects/servicedeskn1-fix-simulate-hypothesis/frontend/app/node_modules/jsdom/lib/jsdom/browser/not-implemented.js:9:17)
    at /home/siegfriedneto/projects/servicedeskn1-fix-simulate-hypothesis/frontend/app/node_modules/jsdom/lib/jsdom/browser/Window.js:960:7
    at Object.fn (file:///home/siegfriedneto/projects/servicedeskn1-fix-simulate-hypothesis/frontend/app/node_modules/@tanstack/router-core/dist/esm/scroll-restoration.js:180:27)
    at RouterCore.emit (file:///home/siegfriedneto/projects/servicedeskn1-fix-simulate-hypothesis/frontend/app/node_modules/@tanstack/router-core/dist/esm/router.js:178:14)
    at file:///home/siegfriedneto/projects/servicedeskn1-fix-simulate-hypothesis/frontend/app/node_modules/@tanstack/react-router/dist/esm/Transitioner.js:46:25
    at settleOwner (file:///home/siegfriedneto/projects/servicedeskn1-fix-simulate-hypothesis/frontend/app/node_modules/@tanstack/react-router/dist/esm/Transitioner.js:10:10)
    at file:///home/siegfriedneto/projects/servicedeskn1-fix-simulate-hypothesis/frontend/app/node_modules/@tanstack/react-router/dist/esm/Matches.js:38:39
    at Object.react_stack_bottom_frame (/home/siegfriedneto/projects/servicedeskn1-fix-simulate-hypothesis/frontend/app/node_modules/react-dom/cjs/react-dom-client.development.js:25989:20)
    at runWithFiberInDEV (/home/siegfriedneto/projects/servicedeskn1-fix-simulate-hypothesis/frontend/app/node_modules/react-dom/cjs/react-dom-client.development.js:874:13)
    at commitHookEffectListMount (/home/siegfriedneto/projects/servicedeskn1-fix-simulate-hypothesis/frontend/app/node_modules/react-dom/cjs/react-dom-client.development.js:13249:29) undefined
Error: Not implemented: window.scrollTo
    at module.exports (/home/siegfriedneto/projects/servicedeskn1-fix-simulate-hypothesis/frontend/app/node_modules/jsdom/lib/jsdom/browser/not-implemented.js:9:17)
    at /home/siegfriedneto/projects/servicedeskn1-fix-simulate-hypothesis/frontend/app/node_modules/jsdom/lib/jsdom/browser/Window.js:960:7
    at Object.fn (file:///home/siegfriedneto/projects/servicedeskn1-fix-simulate-hypothesis/frontend/app/node_modules/@tanstack/router-core/dist/esm/scroll-restoration.js:180:27)
    at RouterCore.emit (file:///home/siegfriedneto/projects/servicedeskn1-fix-simulate-hypothesis/frontend/app/node_modules/@tanstack/router-core/dist/esm/router.js:178:14)
    at file:///home/siegfriedneto/projects/servicedeskn1-fix-simulate-hypothesis/frontend/app/node_modules/@tanstack/react-router/dist/esm/Transitioner.js:46:25
    at settleOwner (file:///home/siegfriedneto/projects/servicedeskn1-fix-simulate-hypothesis/frontend/app/node_modules/@tanstack/react-router/dist/esm/Transitioner.js:10:10)
    at file:///home/siegfriedneto/projects/servicedeskn1-fix-simulate-hypothesis/frontend/app/node_modules/@tanstack/react-router/dist/esm/Matches.js:38:39
    at Object.react_stack_bottom_frame (/home/siegfriedneto/projects/servicedeskn1-fix-simulate-hypothesis/frontend/app/node_modules/react-dom/cjs/react-dom-client.development.js:25989:20)
    at runWithFiberInDEV (/home/siegfriedneto/projects/servicedeskn1-fix-simulate-hypothesis/frontend/app/node_modules/react-dom/cjs/react-dom-client.development.js:874:13)
    at commitHookEffectListMount (/home/siegfriedneto/projects/servicedeskn1-fix-simulate-hypothesis/frontend/app/node_modules/react-dom/cjs/react-dom-client.development.js:13249:29) undefined
Error: Not implemented: window.scrollTo
    at module.exports (/home/siegfriedneto/projects/servicedeskn1-fix-simulate-hypothesis/frontend/app/node_modules/jsdom/lib/jsdom/browser/not-implemented.js:9:17)
    at /home/siegfriedneto/projects/servicedeskn1-fix-simulate-hypothesis/frontend/app/node_modules/jsdom/lib/jsdom/browser/Window.js:960:7
    at Object.fn (file:///home/siegfriedneto/projects/servicedeskn1-fix-simulate-hypothesis/frontend/app/node_modules/@tanstack/router-core/dist/esm/scroll-restoration.js:180:27)
    at RouterCore.emit (file:///home/siegfriedneto/projects/servicedeskn1-fix-simulate-hypothesis/frontend/app/node_modules/@tanstack/router-core/dist/esm/router.js:178:14)
    at file:///home/siegfriedneto/projects/servicedeskn1-fix-simulate-hypothesis/frontend/app/node_modules/@tanstack/react-router/dist/esm/Transitioner.js:46:25
    at settleOwner (file:///home/siegfriedneto/projects/servicedeskn1-fix-simulate-hypothesis/frontend/app/node_modules/@tanstack/react-router/dist/esm/Transitioner.js:10:10)
    at file:///home/siegfriedneto/projects/servicedeskn1-fix-simulate-hypothesis/frontend/app/node_modules/@tanstack/react-router/dist/esm/Matches.js:38:39
    at Object.react_stack_bottom_frame (/home/siegfriedneto/projects/servicedeskn1-fix-simulate-hypothesis/frontend/app/node_modules/react-dom/cjs/react-dom-client.development.js:25989:20)
    at runWithFiberInDEV (/home/siegfriedneto/projects/servicedeskn1-fix-simulate-hypothesis/frontend/app/node_modules/react-dom/cjs/react-dom-client.development.js:874:13)
    at commitHookEffectListMount (/home/siegfriedneto/projects/servicedeskn1-fix-simulate-hypothesis/frontend/app/node_modules/react-dom/cjs/react-dom-client.development.js:13249:29) undefined
Error: Not implemented: window.scrollTo
    at module.exports (/home/siegfriedneto/projects/servicedeskn1-fix-simulate-hypothesis/frontend/app/node_modules/jsdom/lib/jsdom/browser/not-implemented.js:9:17)
    at /home/siegfriedneto/projects/servicedeskn1-fix-simulate-hypothesis/frontend/app/node_modules/jsdom/lib/jsdom/browser/Window.js:960:7
    at Object.fn (file:///home/siegfriedneto/projects/servicedeskn1-fix-simulate-hypothesis/frontend/app/node_modules/@tanstack/router-core/dist/esm/scroll-restoration.js:180:27)
    at RouterCore.emit (file:///home/siegfriedneto/projects/servicedeskn1-fix-simulate-hypothesis/frontend/app/node_modules/@tanstack/router-core/dist/esm/router.js:178:14)
    at file:///home/siegfriedneto/projects/servicedeskn1-fix-simulate-hypothesis/frontend/app/node_modules/@tanstack/react-router/dist/esm/Transitioner.js:46:25
    at settleOwner (file:///home/siegfriedneto/projects/servicedeskn1-fix-simulate-hypothesis/frontend/app/node_modules/@tanstack/react-router/dist/esm/Transitioner.js:10:10)
    at file:///home/siegfriedneto/projects/servicedeskn1-fix-simulate-hypothesis/frontend/app/node_modules/@tanstack/react-router/dist/esm/Matches.js:38:39
    at Object.react_stack_bottom_frame (/home/siegfriedneto/projects/servicedeskn1-fix-simulate-hypothesis/frontend/app/node_modules/react-dom/cjs/react-dom-client.development.js:25989:20)
    at runWithFiberInDEV (/home/siegfriedneto/projects/servicedeskn1-fix-simulate-hypothesis/frontend/app/node_modules/react-dom/cjs/react-dom-client.development.js:874:13)
    at commitHookEffectListMount (/home/siegfriedneto/projects/servicedeskn1-fix-simulate-hypothesis/frontend/app/node_modules/react-dom/cjs/react-dom-client.development.js:13249:29) undefined
Error: Not implemented: window.scrollTo
    at module.exports (/home/siegfriedneto/projects/servicedeskn1-fix-simulate-hypothesis/frontend/app/node_modules/jsdom/lib/jsdom/browser/not-implemented.js:9:17)
    at /home/siegfriedneto/projects/servicedeskn1-fix-simulate-hypothesis/frontend/app/node_modules/jsdom/lib/jsdom/browser/Window.js:960:7
    at Object.fn (file:///home/siegfriedneto/projects/servicedeskn1-fix-simulate-hypothesis/frontend/app/node_modules/@tanstack/router-core/dist/esm/scroll-restoration.js:180:27)
    at RouterCore.emit (file:///home/siegfriedneto/projects/servicedeskn1-fix-simulate-hypothesis/frontend/app/node_modules/@tanstack/router-core/dist/esm/router.js:178:14)
    at file:///home/siegfriedneto/projects/servicedeskn1-fix-simulate-hypothesis/frontend/app/node_modules/@tanstack/react-router/dist/esm/Transitioner.js:46:25
    at settleOwner (file:///home/siegfriedneto/projects/servicedeskn1-fix-simulate-hypothesis/frontend/app/node_modules/@tanstack/react-router/dist/esm/Transitioner.js:10:10)
    at file:///home/siegfriedneto/projects/servicedeskn1-fix-simulate-hypothesis/frontend/app/node_modules/@tanstack/react-router/dist/esm/Matches.js:38:39
    at Object.react_stack_bottom_frame (/home/siegfriedneto/projects/servicedeskn1-fix-simulate-hypothesis/frontend/app/node_modules/react-dom/cjs/react-dom-client.development.js:25989:20)
    at runWithFiberInDEV (/home/siegfriedneto/projects/servicedeskn1-fix-simulate-hypothesis/frontend/app/node_modules/react-dom/cjs/react-dom-client.development.js:874:13)
    at commitHookEffectListMount (/home/siegfriedneto/projects/servicedeskn1-fix-simulate-hypothesis/frontend/app/node_modules/react-dom/cjs/react-dom-client.development.js:13249:29) undefined
Error: Not implemented: window.scrollTo
    at module.exports (/home/siegfriedneto/projects/servicedeskn1-fix-simulate-hypothesis/frontend/app/node_modules/jsdom/lib/jsdom/browser/not-implemented.js:9:17)
    at /home/siegfriedneto/projects/servicedeskn1-fix-simulate-hypothesis/frontend/app/node_modules/jsdom/lib/jsdom/browser/Window.js:960:7
    at Object.fn (file:///home/siegfriedneto/projects/servicedeskn1-fix-simulate-hypothesis/frontend/app/node_modules/@tanstack/router-core/dist/esm/scroll-restoration.js:180:27)
    at RouterCore.emit (file:///home/siegfriedneto/projects/servicedeskn1-fix-simulate-hypothesis/frontend/app/node_modules/@tanstack/router-core/dist/esm/router.js:178:14)
    at file:///home/siegfriedneto/projects/servicedeskn1-fix-simulate-hypothesis/frontend/app/node_modules/@tanstack/router-core/dist/esm/load-client.js:943:46
    at Router.batch (file:///home/siegfriedneto/projects/servicedeskn1-fix-simulate-hypothesis/frontend/app/node_modules/@tanstack/store/dist/esm/atom.js:39:5)
    at file:///home/siegfriedneto/projects/servicedeskn1-fix-simulate-hypothesis/frontend/app/node_modules/@tanstack/router-core/dist/esm/load-client.js:936:10
    at runClientTransaction (file:///home/siegfriedneto/projects/servicedeskn1-fix-simulate-hypothesis/frontend/app/node_modules/@tanstack/router-core/dist/esm/load-client.js:902:2)
    at loadClientRoute (file:///home/siegfriedneto/projects/servicedeskn1-fix-simulate-hypothesis/frontend/app/node_modules/@tanstack/router-core/dist/esm/load-client.js:1034:2)
    at RouterCore.load (file:///home/siegfriedneto/projects/servicedeskn1-fix-simulate-hypothesis/frontend/app/node_modules/@tanstack/router-core/dist/esm/router.js:489:4) undefined
Error: Not implemented: window.scrollTo
    at module.exports (/home/siegfriedneto/projects/servicedeskn1-fix-simulate-hypothesis/frontend/app/node_modules/jsdom/lib/jsdom/browser/not-implemented.js:9:17)
    at /home/siegfriedneto/projects/servicedeskn1-fix-simulate-hypothesis/frontend/app/node_modules/jsdom/lib/jsdom/browser/Window.js:960:7
    at Object.fn (file:///home/siegfriedneto/projects/servicedeskn1-fix-simulate-hypothesis/frontend/app/node_modules/@tanstack/router-core/dist/esm/scroll-restoration.js:180:27)
    at RouterCore.emit (file:///home/siegfriedneto/projects/servicedeskn1-fix-simulate-hypothesis/frontend/app/node_modules/@tanstack/router-core/dist/esm/router.js:178:14)
    at file:///home/siegfriedneto/projects/servicedeskn1-fix-simulate-hypothesis/frontend/app/node_modules/@tanstack/react-router/dist/esm/Transitioner.js:46:25
    at settleOwner (file:///home/siegfriedneto/projects/servicedeskn1-fix-simulate-hypothesis/frontend/app/node_modules/@tanstack/react-router/dist/esm/Transitioner.js:10:10)
    at file:///home/siegfriedneto/projects/servicedeskn1-fix-simulate-hypothesis/frontend/app/node_modules/@tanstack/react-router/dist/esm/Matches.js:38:39
    at Object.react_stack_bottom_frame (/home/siegfriedneto/projects/servicedeskn1-fix-simulate-hypothesis/frontend/app/node_modules/react-dom/cjs/react-dom-client.development.js:25989:20)
    at runWithFiberInDEV (/home/siegfriedneto/projects/servicedeskn1-fix-simulate-hypothesis/frontend/app/node_modules/react-dom/cjs/react-dom-client.development.js:874:13)
    at commitHookEffectListMount (/home/siegfriedneto/projects/servicedeskn1-fix-simulate-hypothesis/frontend/app/node_modules/react-dom/cjs/react-dom-client.development.js:13249:29) undefined
Error: Not implemented: window.scrollTo
    at module.exports (/home/siegfriedneto/projects/servicedeskn1-fix-simulate-hypothesis/frontend/app/node_modules/jsdom/lib/jsdom/browser/not-implemented.js:9:17)
    at /home/siegfriedneto/projects/servicedeskn1-fix-simulate-hypothesis/frontend/app/node_modules/jsdom/lib/jsdom/browser/Window.js:960:7
    at Object.fn (file:///home/siegfriedneto/projects/servicedeskn1-fix-simulate-hypothesis/frontend/app/node_modules/@tanstack/router-core/dist/esm/scroll-restoration.js:180:27)
    at RouterCore.emit (file:///home/siegfriedneto/projects/servicedeskn1-fix-simulate-hypothesis/frontend/app/node_modules/@tanstack/router-core/dist/esm/router.js:178:14)
    at file:///home/siegfriedneto/projects/servicedeskn1-fix-simulate-hypothesis/frontend/app/node_modules/@tanstack/react-router/dist/esm/Transitioner.js:46:25
    at settleOwner (file:///home/siegfriedneto/projects/servicedeskn1-fix-simulate-hypothesis/frontend/app/node_modules/@tanstack/react-router/dist/esm/Transitioner.js:10:10)
    at file:///home/siegfriedneto/projects/servicedeskn1-fix-simulate-hypothesis/frontend/app/node_modules/@tanstack/react-router/dist/esm/Matches.js:38:39
    at Object.react_stack_bottom_frame (/home/siegfriedneto/projects/servicedeskn1-fix-simulate-hypothesis/frontend/app/node_modules/react-dom/cjs/react-dom-client.development.js:25989:20)
    at runWithFiberInDEV (/home/siegfriedneto/projects/servicedeskn1-fix-simulate-hypothesis/frontend/app/node_modules/react-dom/cjs/react-dom-client.development.js:874:13)
    at commitHookEffectListMount (/home/siegfriedneto/projects/servicedeskn1-fix-simulate-hypothesis/frontend/app/node_modules/react-dom/cjs/react-dom-client.development.js:13249:29) undefined
Error: Not implemented: window.scrollTo
    at module.exports (/home/siegfriedneto/projects/servicedeskn1-fix-simulate-hypothesis/frontend/app/node_modules/jsdom/lib/jsdom/browser/not-implemented.js:9:17)
    at /home/siegfriedneto/projects/servicedeskn1-fix-simulate-hypothesis/frontend/app/node_modules/jsdom/lib/jsdom/browser/Window.js:960:7
    at Object.fn (file:///home/siegfriedneto/projects/servicedeskn1-fix-simulate-hypothesis/frontend/app/node_modules/@tanstack/router-core/dist/esm/scroll-restoration.js:180:27)
    at RouterCore.emit (file:///home/siegfriedneto/projects/servicedeskn1-fix-simulate-hypothesis/frontend/app/node_modules/@tanstack/router-core/dist/esm/router.js:178:14)
    at file:///home/siegfriedneto/projects/servicedeskn1-fix-simulate-hypothesis/frontend/app/node_modules/@tanstack/react-router/dist/esm/Transitioner.js:46:25
    at settleOwner (file:///home/siegfriedneto/projects/servicedeskn1-fix-simulate-hypothesis/frontend/app/node_modules/@tanstack/react-router/dist/esm/Transitioner.js:10:10)
    at file:///home/siegfriedneto/projects/servicedeskn1-fix-simulate-hypothesis/frontend/app/node_modules/@tanstack/react-router/dist/esm/Matches.js:38:39
    at Object.react_stack_bottom_frame (/home/siegfriedneto/projects/servicedeskn1-fix-simulate-hypothesis/frontend/app/node_modules/react-dom/cjs/react-dom-client.development.js:25989:20)
    at runWithFiberInDEV (/home/siegfriedneto/projects/servicedeskn1-fix-simulate-hypothesis/frontend/app/node_modules/react-dom/cjs/react-dom-client.development.js:874:13)
    at commitHookEffectListMount (/home/siegfriedneto/projects/servicedeskn1-fix-simulate-hypothesis/frontend/app/node_modules/react-dom/cjs/react-dom-client.development.js:13249:29) undefined
Error: Not implemented: window.scrollTo
    at module.exports (/home/siegfriedneto/projects/servicedeskn1-fix-simulate-hypothesis/frontend/app/node_modules/jsdom/lib/jsdom/browser/not-implemented.js:9:17)
    at /home/siegfriedneto/projects/servicedeskn1-fix-simulate-hypothesis/frontend/app/node_modules/jsdom/lib/jsdom/browser/Window.js:960:7
    at Object.fn (file:///home/siegfriedneto/projects/servicedeskn1-fix-simulate-hypothesis/frontend/app/node_modules/@tanstack/router-core/dist/esm/scroll-restoration.js:180:27)
    at RouterCore.emit (file:///home/siegfriedneto/projects/servicedeskn1-fix-simulate-hypothesis/frontend/app/node_modules/@tanstack/router-core/dist/esm/router.js:178:14)
    at file:///home/siegfriedneto/projects/servicedeskn1-fix-simulate-hypothesis/frontend/app/node_modules/@tanstack/router-core/dist/esm/load-client.js:943:46
    at Router.batch (file:///home/siegfriedneto/projects/servicedeskn1-fix-simulate-hypothesis/frontend/app/node_modules/@tanstack/store/dist/esm/atom.js:39:5)
    at file:///home/siegfriedneto/projects/servicedeskn1-fix-simulate-hypothesis/frontend/app/node_modules/@tanstack/router-core/dist/esm/load-client.js:936:10
    at runClientTransaction (file:///home/siegfriedneto/projects/servicedeskn1-fix-simulate-hypothesis/frontend/app/node_modules/@tanstack/router-core/dist/esm/load-client.js:902:2)
    at loadClientRoute (file:///home/siegfriedneto/projects/servicedeskn1-fix-simulate-hypothesis/frontend/app/node_modules/@tanstack/router-core/dist/esm/load-client.js:1034:2)
    at RouterCore.load (file:///home/siegfriedneto/projects/servicedeskn1-fix-simulate-hypothesis/frontend/app/node_modules/@tanstack/router-core/dist/esm/router.js:489:4) undefined
Error: Not implemented: window.scrollTo
    at module.exports (/home/siegfriedneto/projects/servicedeskn1-fix-simulate-hypothesis/frontend/app/node_modules/jsdom/lib/jsdom/browser/not-implemented.js:9:17)
    at /home/siegfriedneto/projects/servicedeskn1-fix-simulate-hypothesis/frontend/app/node_modules/jsdom/lib/jsdom/browser/Window.js:960:7
    at Object.fn (file:///home/siegfriedneto/projects/servicedeskn1-fix-simulate-hypothesis/frontend/app/node_modules/@tanstack/router-core/dist/esm/scroll-restoration.js:180:27)
    at RouterCore.emit (file:///home/siegfriedneto/projects/servicedeskn1-fix-simulate-hypothesis/frontend/app/node_modules/@tanstack/router-core/dist/esm/router.js:178:14)
    at file:///home/siegfriedneto/projects/servicedeskn1-fix-simulate-hypothesis/frontend/app/node_modules/@tanstack/react-router/dist/esm/Transitioner.js:46:25
    at settleOwner (file:///home/siegfriedneto/projects/servicedeskn1-fix-simulate-hypothesis/frontend/app/node_modules/@tanstack/react-router/dist/esm/Transitioner.js:10:10)
    at file:///home/siegfriedneto/projects/servicedeskn1-fix-simulate-hypothesis/frontend/app/node_modules/@tanstack/react-router/dist/esm/Matches.js:38:39
    at Object.react_stack_bottom_frame (/home/siegfriedneto/projects/servicedeskn1-fix-simulate-hypothesis/frontend/app/node_modules/react-dom/cjs/react-dom-client.development.js:25989:20)
    at runWithFiberInDEV (/home/siegfriedneto/projects/servicedeskn1-fix-simulate-hypothesis/frontend/app/node_modules/react-dom/cjs/react-dom-client.development.js:874:13)
    at commitHookEffectListMount (/home/siegfriedneto/projects/servicedeskn1-fix-simulate-hypothesis/frontend/app/node_modules/react-dom/cjs/react-dom-client.development.js:13249:29) undefined
Error: Not implemented: window.scrollTo
    at module.exports (/home/siegfriedneto/projects/servicedeskn1-fix-simulate-hypothesis/frontend/app/node_modules/jsdom/lib/jsdom/browser/not-implemented.js:9:17)
    at /home/siegfriedneto/projects/servicedeskn1-fix-simulate-hypothesis/frontend/app/node_modules/jsdom/lib/jsdom/browser/Window.js:960:7
    at Object.fn (file:///home/siegfriedneto/projects/servicedeskn1-fix-simulate-hypothesis/frontend/app/node_modules/@tanstack/router-core/dist/esm/scroll-restoration.js:180:27)
    at RouterCore.emit (file:///home/siegfriedneto/projects/servicedeskn1-fix-simulate-hypothesis/frontend/app/node_modules/@tanstack/router-core/dist/esm/router.js:178:14)
    at file:///home/siegfriedneto/projects/servicedeskn1-fix-simulate-hypothesis/frontend/app/node_modules/@tanstack/react-router/dist/esm/Transitioner.js:46:25
    at settleOwner (file:///home/siegfriedneto/projects/servicedeskn1-fix-simulate-hypothesis/frontend/app/node_modules/@tanstack/react-router/dist/esm/Transitioner.js:10:10)
    at file:///home/siegfriedneto/projects/servicedeskn1-fix-simulate-hypothesis/frontend/app/node_modules/@tanstack/react-router/dist/esm/Matches.js:38:39
    at Object.react_stack_bottom_frame (/home/siegfriedneto/projects/servicedeskn1-fix-simulate-hypothesis/frontend/app/node_modules/react-dom/cjs/react-dom-client.development.js:25989:20)
    at runWithFiberInDEV (/home/siegfriedneto/projects/servicedeskn1-fix-simulate-hypothesis/frontend/app/node_modules/react-dom/cjs/react-dom-client.development.js:874:13)
    at commitHookEffectListMount (/home/siegfriedneto/projects/servicedeskn1-fix-simulate-hypothesis/frontend/app/node_modules/react-dom/cjs/react-dom-client.development.js:13249:29) undefined
Error: Not implemented: window.scrollTo
    at module.exports (/home/siegfriedneto/projects/servicedeskn1-fix-simulate-hypothesis/frontend/app/node_modules/jsdom/lib/jsdom/browser/not-implemented.js:9:17)
    at /home/siegfriedneto/projects/servicedeskn1-fix-simulate-hypothesis/frontend/app/node_modules/jsdom/lib/jsdom/browser/Window.js:960:7
    at Object.fn (file:///home/siegfriedneto/projects/servicedeskn1-fix-simulate-hypothesis/frontend/app/node_modules/@tanstack/router-core/dist/esm/scroll-restoration.js:180:27)
    at RouterCore.emit (file:///home/siegfriedneto/projects/servicedeskn1-fix-simulate-hypothesis/frontend/app/node_modules/@tanstack/router-core/dist/esm/router.js:178:14)
    at file:///home/siegfriedneto/projects/servicedeskn1-fix-simulate-hypothesis/frontend/app/node_modules/@tanstack/router-core/dist/esm/load-client.js:943:46
    at Router.batch (file:///home/siegfriedneto/projects/servicedeskn1-fix-simulate-hypothesis/frontend/app/node_modules/@tanstack/store/dist/esm/atom.js:39:5)
    at file:///home/siegfriedneto/projects/servicedeskn1-fix-simulate-hypothesis/frontend/app/node_modules/@tanstack/router-core/dist/esm/load-client.js:936:10
    at runClientTransaction (file:///home/siegfriedneto/projects/servicedeskn1-fix-simulate-hypothesis/frontend/app/node_modules/@tanstack/router-core/dist/esm/load-client.js:902:2)
    at loadClientRoute (file:///home/siegfriedneto/projects/servicedeskn1-fix-simulate-hypothesis/frontend/app/node_modules/@tanstack/router-core/dist/esm/load-client.js:1034:2)
    at RouterCore.load (file:///home/siegfriedneto/projects/servicedeskn1-fix-simulate-hypothesis/frontend/app/node_modules/@tanstack/router-core/dist/esm/router.js:489:4) undefined
Error: Not implemented: window.scrollTo
    at module.exports (/home/siegfriedneto/projects/servicedeskn1-fix-simulate-hypothesis/frontend/app/node_modules/jsdom/lib/jsdom/browser/not-implemented.js:9:17)
    at /home/siegfriedneto/projects/servicedeskn1-fix-simulate-hypothesis/frontend/app/node_modules/jsdom/lib/jsdom/browser/Window.js:960:7
    at Object.fn (file:///home/siegfriedneto/projects/servicedeskn1-fix-simulate-hypothesis/frontend/app/node_modules/@tanstack/router-core/dist/esm/scroll-restoration.js:180:27)
    at RouterCore.emit (file:///home/siegfriedneto/projects/servicedeskn1-fix-simulate-hypothesis/frontend/app/node_modules/@tanstack/router-core/dist/esm/router.js:178:14)
    at file:///home/siegfriedneto/projects/servicedeskn1-fix-simulate-hypothesis/frontend/app/node_modules/@tanstack/react-router/dist/esm/Transitioner.js:46:25
    at settleOwner (file:///home/siegfriedneto/projects/servicedeskn1-fix-simulate-hypothesis/frontend/app/node_modules/@tanstack/react-router/dist/esm/Transitioner.js:10:10)
    at file:///home/siegfriedneto/projects/servicedeskn1-fix-simulate-hypothesis/frontend/app/node_modules/@tanstack/react-router/dist/esm/Matches.js:38:39
    at Object.react_stack_bottom_frame (/home/siegfriedneto/projects/servicedeskn1-fix-simulate-hypothesis/frontend/app/node_modules/react-dom/cjs/react-dom-client.development.js:25989:20)
    at runWithFiberInDEV (/home/siegfriedneto/projects/servicedeskn1-fix-simulate-hypothesis/frontend/app/node_modules/react-dom/cjs/react-dom-client.development.js:874:13)
    at commitHookEffectListMount (/home/siegfriedneto/projects/servicedeskn1-fix-simulate-hypothesis/frontend/app/node_modules/react-dom/cjs/react-dom-client.development.js:13249:29) undefined
Error: Not implemented: window.scrollTo
    at module.exports (/home/siegfriedneto/projects/servicedeskn1-fix-simulate-hypothesis/frontend/app/node_modules/jsdom/lib/jsdom/browser/not-implemented.js:9:17)
    at /home/siegfriedneto/projects/servicedeskn1-fix-simulate-hypothesis/frontend/app/node_modules/jsdom/lib/jsdom/browser/Window.js:960:7
    at Object.fn (file:///home/siegfriedneto/projects/servicedeskn1-fix-simulate-hypothesis/frontend/app/node_modules/@tanstack/router-core/dist/esm/scroll-restoration.js:180:27)
    at RouterCore.emit (file:///home/siegfriedneto/projects/servicedeskn1-fix-simulate-hypothesis/frontend/app/node_modules/@tanstack/router-core/dist/esm/router.js:178:14)
    at file:///home/siegfriedneto/projects/servicedeskn1-fix-simulate-hypothesis/frontend/app/node_modules/@tanstack/react-router/dist/esm/Transitioner.js:46:25
    at settleOwner (file:///home/siegfriedneto/projects/servicedeskn1-fix-simulate-hypothesis/frontend/app/node_modules/@tanstack/react-router/dist/esm/Transitioner.js:10:10)
    at file:///home/siegfriedneto/projects/servicedeskn1-fix-simulate-hypothesis/frontend/app/node_modules/@tanstack/react-router/dist/esm/Matches.js:38:39
    at Object.react_stack_bottom_frame (/home/siegfriedneto/projects/servicedeskn1-fix-simulate-hypothesis/frontend/app/node_modules/react-dom/cjs/react-dom-client.development.js:25989:20)
    at runWithFiberInDEV (/home/siegfriedneto/projects/servicedeskn1-fix-simulate-hypothesis/frontend/app/node_modules/react-dom/cjs/react-dom-client.development.js:874:13)
    at commitHookEffectListMount (/home/siegfriedneto/projects/servicedeskn1-fix-simulate-hypothesis/frontend/app/node_modules/react-dom/cjs/react-dom-client.development.js:13249:29) undefined
Error: Not implemented: window.scrollTo
    at module.exports (/home/siegfriedneto/projects/servicedeskn1-fix-simulate-hypothesis/frontend/app/node_modules/jsdom/lib/jsdom/browser/not-implemented.js:9:17)
    at /home/siegfriedneto/projects/servicedeskn1-fix-simulate-hypothesis/frontend/app/node_modules/jsdom/lib/jsdom/browser/Window.js:960:7
    at Object.fn (file:///home/siegfriedneto/projects/servicedeskn1-fix-simulate-hypothesis/frontend/app/node_modules/@tanstack/router-core/dist/esm/scroll-restoration.js:180:27)
    at RouterCore.emit (file:///home/siegfriedneto/projects/servicedeskn1-fix-simulate-hypothesis/frontend/app/node_modules/@tanstack/router-core/dist/esm/router.js:178:14)
    at file:///home/siegfriedneto/projects/servicedeskn1-fix-simulate-hypothesis/frontend/app/node_modules/@tanstack/react-router/dist/esm/Transitioner.js:46:25
    at settleOwner (file:///home/siegfriedneto/projects/servicedeskn1-fix-simulate-hypothesis/frontend/app/node_modules/@tanstack/react-router/dist/esm/Transitioner.js:10:10)
    at file:///home/siegfriedneto/projects/servicedeskn1-fix-simulate-hypothesis/frontend/app/node_modules/@tanstack/react-router/dist/esm/Matches.js:38:39
    at Object.react_stack_bottom_frame (/home/siegfriedneto/projects/servicedeskn1-fix-simulate-hypothesis/frontend/app/node_modules/react-dom/cjs/react-dom-client.development.js:25989:20)
    at runWithFiberInDEV (/home/siegfriedneto/projects/servicedeskn1-fix-simulate-hypothesis/frontend/app/node_modules/react-dom/cjs/react-dom-client.development.js:874:13)
    at commitHookEffectListMount (/home/siegfriedneto/projects/servicedeskn1-fix-simulate-hypothesis/frontend/app/node_modules/react-dom/cjs/react-dom-client.development.js:13249:29) undefined
Error: Not implemented: window.scrollTo
    at module.exports (/home/siegfriedneto/projects/servicedeskn1-fix-simulate-hypothesis/frontend/app/node_modules/jsdom/lib/jsdom/browser/not-implemented.js:9:17)
    at /home/siegfriedneto/projects/servicedeskn1-fix-simulate-hypothesis/frontend/app/node_modules/jsdom/lib/jsdom/browser/Window.js:960:7
    at Object.fn (file:///home/siegfriedneto/projects/servicedeskn1-fix-simulate-hypothesis/frontend/app/node_modules/@tanstack/router-core/dist/esm/scroll-restoration.js:180:27)
    at RouterCore.emit (file:///home/siegfriedneto/projects/servicedeskn1-fix-simulate-hypothesis/frontend/app/node_modules/@tanstack/router-core/dist/esm/router.js:178:14)
    at file:///home/siegfriedneto/projects/servicedeskn1-fix-simulate-hypothesis/frontend/app/node_modules/@tanstack/router-core/dist/esm/load-client.js:943:46
    at Router.batch (file:///home/siegfriedneto/projects/servicedeskn1-fix-simulate-hypothesis/frontend/app/node_modules/@tanstack/store/dist/esm/atom.js:39:5)
    at file:///home/siegfriedneto/projects/servicedeskn1-fix-simulate-hypothesis/frontend/app/node_modules/@tanstack/router-core/dist/esm/load-client.js:936:10
    at runClientTransaction (file:///home/siegfriedneto/projects/servicedeskn1-fix-simulate-hypothesis/frontend/app/node_modules/@tanstack/router-core/dist/esm/load-client.js:902:2)
    at loadClientRoute (file:///home/siegfriedneto/projects/servicedeskn1-fix-simulate-hypothesis/frontend/app/node_modules/@tanstack/router-core/dist/esm/load-client.js:1034:2)
    at RouterCore.load (file:///home/siegfriedneto/projects/servicedeskn1-fix-simulate-hypothesis/frontend/app/node_modules/@tanstack/router-core/dist/esm/router.js:489:4) undefined
Error: Not implemented: window.scrollTo
    at module.exports (/home/siegfriedneto/projects/servicedeskn1-fix-simulate-hypothesis/frontend/app/node_modules/jsdom/lib/jsdom/browser/not-implemented.js:9:17)
    at /home/siegfriedneto/projects/servicedeskn1-fix-simulate-hypothesis/frontend/app/node_modules/jsdom/lib/jsdom/browser/Window.js:960:7
    at Object.fn (file:///home/siegfriedneto/projects/servicedeskn1-fix-simulate-hypothesis/frontend/app/node_modules/@tanstack/router-core/dist/esm/scroll-restoration.js:180:27)
    at RouterCore.emit (file:///home/siegfriedneto/projects/servicedeskn1-fix-simulate-hypothesis/frontend/app/node_modules/@tanstack/router-core/dist/esm/router.js:178:14)
    at file:///home/siegfriedneto/projects/servicedeskn1-fix-simulate-hypothesis/frontend/app/node_modules/@tanstack/router-core/dist/esm/load-client.js:943:46
    at Router.batch (file:///home/siegfriedneto/projects/servicedeskn1-fix-simulate-hypothesis/frontend/app/node_modules/@tanstack/store/dist/esm/atom.js:39:5)
    at file:///home/siegfriedneto/projects/servicedeskn1-fix-simulate-hypothesis/frontend/app/node_modules/@tanstack/router-core/dist/esm/load-client.js:936:10
    at runClientTransaction (file:///home/siegfriedneto/projects/servicedeskn1-fix-simulate-hypothesis/frontend/app/node_modules/@tanstack/router-core/dist/esm/load-client.js:902:2)
    at loadClientRoute (file:///home/siegfriedneto/projects/servicedeskn1-fix-simulate-hypothesis/frontend/app/node_modules/@tanstack/router-core/dist/esm/load-client.js:1034:2)
    at RouterCore.load (file:///home/siegfriedneto/projects/servicedeskn1-fix-simulate-hypothesis/frontend/app/node_modules/@tanstack/router-core/dist/esm/router.js:489:4) undefined
Error: Not implemented: window.scrollTo
    at module.exports (/home/siegfriedneto/projects/servicedeskn1-fix-simulate-hypothesis/frontend/app/node_modules/jsdom/lib/jsdom/browser/not-implemented.js:9:17)
    at /home/siegfriedneto/projects/servicedeskn1-fix-simulate-hypothesis/frontend/app/node_modules/jsdom/lib/jsdom/browser/Window.js:960:7
    at Object.fn (file:///home/siegfriedneto/projects/servicedeskn1-fix-simulate-hypothesis/frontend/app/node_modules/@tanstack/router-core/dist/esm/scroll-restoration.js:180:27)
    at RouterCore.emit (file:///home/siegfriedneto/projects/servicedeskn1-fix-simulate-hypothesis/frontend/app/node_modules/@tanstack/router-core/dist/esm/router.js:178:14)
    at file:///home/siegfriedneto/projects/servicedeskn1-fix-simulate-hypothesis/frontend/app/node_modules/@tanstack/react-router/dist/esm/Transitioner.js:46:25
    at settleOwner (file:///home/siegfriedneto/projects/servicedeskn1-fix-simulate-hypothesis/frontend/app/node_modules/@tanstack/react-router/dist/esm/Transitioner.js:10:10)
    at file:///home/siegfriedneto/projects/servicedeskn1-fix-simulate-hypothesis/frontend/app/node_modules/@tanstack/react-router/dist/esm/Matches.js:38:39
    at Object.react_stack_bottom_frame (/home/siegfriedneto/projects/servicedeskn1-fix-simulate-hypothesis/frontend/app/node_modules/react-dom/cjs/react-dom-client.development.js:25989:20)
    at runWithFiberInDEV (/home/siegfriedneto/projects/servicedeskn1-fix-simulate-hypothesis/frontend/app/node_modules/react-dom/cjs/react-dom-client.development.js:874:13)
    at commitHookEffectListMount (/home/siegfriedneto/projects/servicedeskn1-fix-simulate-hypothesis/frontend/app/node_modules/react-dom/cjs/react-dom-client.development.js:13249:29) undefined
Error: Not implemented: window.scrollTo
    at module.exports (/home/siegfriedneto/projects/servicedeskn1-fix-simulate-hypothesis/frontend/app/node_modules/jsdom/lib/jsdom/browser/not-implemented.js:9:17)
    at /home/siegfriedneto/projects/servicedeskn1-fix-simulate-hypothesis/frontend/app/node_modules/jsdom/lib/jsdom/browser/Window.js:960:7
    at Object.fn (file:///home/siegfriedneto/projects/servicedeskn1-fix-simulate-hypothesis/frontend/app/node_modules/@tanstack/router-core/dist/esm/scroll-restoration.js:180:27)
    at RouterCore.emit (file:///home/siegfriedneto/projects/servicedeskn1-fix-simulate-hypothesis/frontend/app/node_modules/@tanstack/router-core/dist/esm/router.js:178:14)
    at file:///home/siegfriedneto/projects/servicedeskn1-fix-simulate-hypothesis/frontend/app/node_modules/@tanstack/react-router/dist/esm/Transitioner.js:46:25
    at settleOwner (file:///home/siegfriedneto/projects/servicedeskn1-fix-simulate-hypothesis/frontend/app/node_modules/@tanstack/react-router/dist/esm/Transitioner.js:10:10)
    at file:///home/siegfriedneto/projects/servicedeskn1-fix-simulate-hypothesis/frontend/app/node_modules/@tanstack/react-router/dist/esm/Matches.js:38:39
    at Object.react_stack_bottom_frame (/home/siegfriedneto/projects/servicedeskn1-fix-simulate-hypothesis/frontend/app/node_modules/react-dom/cjs/react-dom-client.development.js:25989:20)
    at runWithFiberInDEV (/home/siegfriedneto/projects/servicedeskn1-fix-simulate-hypothesis/frontend/app/node_modules/react-dom/cjs/react-dom-client.development.js:874:13)
    at commitHookEffectListMount (/home/siegfriedneto/projects/servicedeskn1-fix-simulate-hypothesis/frontend/app/node_modules/react-dom/cjs/react-dom-client.development.js:13249:29) undefined
Error: Not implemented: window.scrollTo
    at module.exports (/home/siegfriedneto/projects/servicedeskn1-fix-simulate-hypothesis/frontend/app/node_modules/jsdom/lib/jsdom/browser/not-implemented.js:9:17)
    at /home/siegfriedneto/projects/servicedeskn1-fix-simulate-hypothesis/frontend/app/node_modules/jsdom/lib/jsdom/browser/Window.js:960:7
    at Object.fn (file:///home/siegfriedneto/projects/servicedeskn1-fix-simulate-hypothesis/frontend/app/node_modules/@tanstack/router-core/dist/esm/scroll-restoration.js:180:27)
    at RouterCore.emit (file:///home/siegfriedneto/projects/servicedeskn1-fix-simulate-hypothesis/frontend/app/node_modules/@tanstack/router-core/dist/esm/router.js:178:14)
    at file:///home/siegfriedneto/projects/servicedeskn1-fix-simulate-hypothesis/frontend/app/node_modules/@tanstack/react-router/dist/esm/Transitioner.js:46:25
    at settleOwner (file:///home/siegfriedneto/projects/servicedeskn1-fix-simulate-hypothesis/frontend/app/node_modules/@tanstack/react-router/dist/esm/Transitioner.js:10:10)
    at file:///home/siegfriedneto/projects/servicedeskn1-fix-simulate-hypothesis/frontend/app/node_modules/@tanstack/react-router/dist/esm/Matches.js:38:39
    at Object.react_stack_bottom_frame (/home/siegfriedneto/projects/servicedeskn1-fix-simulate-hypothesis/frontend/app/node_modules/react-dom/cjs/react-dom-client.development.js:25989:20)
    at runWithFiberInDEV (/home/siegfriedneto/projects/servicedeskn1-fix-simulate-hypothesis/frontend/app/node_modules/react-dom/cjs/react-dom-client.development.js:874:13)
    at commitHookEffectListMount (/home/siegfriedneto/projects/servicedeskn1-fix-simulate-hypothesis/frontend/app/node_modules/react-dom/cjs/react-dom-client.development.js:13249:29) undefined
Error: Not implemented: window.scrollTo
    at module.exports (/home/siegfriedneto/projects/servicedeskn1-fix-simulate-hypothesis/frontend/app/node_modules/jsdom/lib/jsdom/browser/not-implemented.js:9:17)
    at /home/siegfriedneto/projects/servicedeskn1-fix-simulate-hypothesis/frontend/app/node_modules/jsdom/lib/jsdom/browser/Window.js:960:7
    at Object.fn (file:///home/siegfriedneto/projects/servicedeskn1-fix-simulate-hypothesis/frontend/app/node_modules/@tanstack/router-core/dist/esm/scroll-restoration.js:180:27)
    at RouterCore.emit (file:///home/siegfriedneto/projects/servicedeskn1-fix-simulate-hypothesis/frontend/app/node_modules/@tanstack/router-core/dist/esm/router.js:178:14)
    at file:///home/siegfriedneto/projects/servicedeskn1-fix-simulate-hypothesis/frontend/app/node_modules/@tanstack/router-core/dist/esm/load-client.js:943:46
    at Router.batch (file:///home/siegfriedneto/projects/servicedeskn1-fix-simulate-hypothesis/frontend/app/node_modules/@tanstack/store/dist/esm/atom.js:39:5)
    at file:///home/siegfriedneto/projects/servicedeskn1-fix-simulate-hypothesis/frontend/app/node_modules/@tanstack/router-core/dist/esm/load-client.js:936:10
    at runClientTransaction (file:///home/siegfriedneto/projects/servicedeskn1-fix-simulate-hypothesis/frontend/app/node_modules/@tanstack/router-core/dist/esm/load-client.js:902:2)
    at loadClientRoute (file:///home/siegfriedneto/projects/servicedeskn1-fix-simulate-hypothesis/frontend/app/node_modules/@tanstack/router-core/dist/esm/load-client.js:1034:2)
    at RouterCore.load (file:///home/siegfriedneto/projects/servicedeskn1-fix-simulate-hypothesis/frontend/app/node_modules/@tanstack/router-core/dist/esm/router.js:489:4) undefined
Error: Not implemented: window.scrollTo
    at module.exports (/home/siegfriedneto/projects/servicedeskn1-fix-simulate-hypothesis/frontend/app/node_modules/jsdom/lib/jsdom/browser/not-implemented.js:9:17)
    at /home/siegfriedneto/projects/servicedeskn1-fix-simulate-hypothesis/frontend/app/node_modules/jsdom/lib/jsdom/browser/Window.js:960:7
    at Object.fn (file:///home/siegfriedneto/projects/servicedeskn1-fix-simulate-hypothesis/frontend/app/node_modules/@tanstack/router-core/dist/esm/scroll-restoration.js:180:27)
    at RouterCore.emit (file:///home/siegfriedneto/projects/servicedeskn1-fix-simulate-hypothesis/frontend/app/node_modules/@tanstack/router-core/dist/esm/router.js:178:14)
    at file:///home/siegfriedneto/projects/servicedeskn1-fix-simulate-hypothesis/frontend/app/node_modules/@tanstack/react-router/dist/esm/Transitioner.js:46:25
    at settleOwner (file:///home/siegfriedneto/projects/servicedeskn1-fix-simulate-hypothesis/frontend/app/node_modules/@tanstack/react-router/dist/esm/Transitioner.js:10:10)
    at file:///home/siegfriedneto/projects/servicedeskn1-fix-simulate-hypothesis/frontend/app/node_modules/@tanstack/react-router/dist/esm/Matches.js:38:39
    at Object.react_stack_bottom_frame (/home/siegfriedneto/projects/servicedeskn1-fix-simulate-hypothesis/frontend/app/node_modules/react-dom/cjs/react-dom-client.development.js:25989:20)
    at runWithFiberInDEV (/home/siegfriedneto/projects/servicedeskn1-fix-simulate-hypothesis/frontend/app/node_modules/react-dom/cjs/react-dom-client.development.js:874:13)
    at commitHookEffectListMount (/home/siegfriedneto/projects/servicedeskn1-fix-simulate-hypothesis/frontend/app/node_modules/react-dom/cjs/react-dom-client.development.js:13249:29) undefined
Error: Not implemented: window.scrollTo
    at module.exports (/home/siegfriedneto/projects/servicedeskn1-fix-simulate-hypothesis/frontend/app/node_modules/jsdom/lib/jsdom/browser/not-implemented.js:9:17)
    at /home/siegfriedneto/projects/servicedeskn1-fix-simulate-hypothesis/frontend/app/node_modules/jsdom/lib/jsdom/browser/Window.js:960:7
    at Object.fn (file:///home/siegfriedneto/projects/servicedeskn1-fix-simulate-hypothesis/frontend/app/node_modules/@tanstack/router-core/dist/esm/scroll-restoration.js:180:27)
    at RouterCore.emit (file:///home/siegfriedneto/projects/servicedeskn1-fix-simulate-hypothesis/frontend/app/node_modules/@tanstack/router-core/dist/esm/router.js:178:14)
    at file:///home/siegfriedneto/projects/servicedeskn1-fix-simulate-hypothesis/frontend/app/node_modules/@tanstack/react-router/dist/esm/Transitioner.js:46:25
    at settleOwner (file:///home/siegfriedneto/projects/servicedeskn1-fix-simulate-hypothesis/frontend/app/node_modules/@tanstack/react-router/dist/esm/Transitioner.js:10:10)
    at file:///home/siegfriedneto/projects/servicedeskn1-fix-simulate-hypothesis/frontend/app/node_modules/@tanstack/react-router/dist/esm/Matches.js:38:39
    at Object.react_stack_bottom_frame (/home/siegfriedneto/projects/servicedeskn1-fix-simulate-hypothesis/frontend/app/node_modules/react-dom/cjs/react-dom-client.development.js:25989:20)
    at runWithFiberInDEV (/home/siegfriedneto/projects/servicedeskn1-fix-simulate-hypothesis/frontend/app/node_modules/react-dom/cjs/react-dom-client.development.js:874:13)
    at commitHookEffectListMount (/home/siegfriedneto/projects/servicedeskn1-fix-simulate-hypothesis/frontend/app/node_modules/react-dom/cjs/react-dom-client.development.js:13249:29) undefined
Error: Not implemented: window.scrollTo
    at module.exports (/home/siegfriedneto/projects/servicedeskn1-fix-simulate-hypothesis/frontend/app/node_modules/jsdom/lib/jsdom/browser/not-implemented.js:9:17)
    at /home/siegfriedneto/projects/servicedeskn1-fix-simulate-hypothesis/frontend/app/node_modules/jsdom/lib/jsdom/browser/Window.js:960:7
    at Object.fn (file:///home/siegfriedneto/projects/servicedeskn1-fix-simulate-hypothesis/frontend/app/node_modules/@tanstack/router-core/dist/esm/scroll-restoration.js:180:27)
    at RouterCore.emit (file:///home/siegfriedneto/projects/servicedeskn1-fix-simulate-hypothesis/frontend/app/node_modules/@tanstack/router-core/dist/esm/router.js:178:14)
    at file:///home/siegfriedneto/projects/servicedeskn1-fix-simulate-hypothesis/frontend/app/node_modules/@tanstack/react-router/dist/esm/Transitioner.js:46:25
    at settleOwner (file:///home/siegfriedneto/projects/servicedeskn1-fix-simulate-hypothesis/frontend/app/node_modules/@tanstack/react-router/dist/esm/Transitioner.js:10:10)
    at file:///home/siegfriedneto/projects/servicedeskn1-fix-simulate-hypothesis/frontend/app/node_modules/@tanstack/react-router/dist/esm/Matches.js:38:39
    at Object.react_stack_bottom_frame (/home/siegfriedneto/projects/servicedeskn1-fix-simulate-hypothesis/frontend/app/node_modules/react-dom/cjs/react-dom-client.development.js:25989:20)
    at runWithFiberInDEV (/home/siegfriedneto/projects/servicedeskn1-fix-simulate-hypothesis/frontend/app/node_modules/react-dom/cjs/react-dom-client.development.js:874:13)
    at commitHookEffectListMount (/home/siegfriedneto/projects/servicedeskn1-fix-simulate-hypothesis/frontend/app/node_modules/react-dom/cjs/react-dom-client.development.js:13249:29) undefined
Error: Not implemented: window.scrollTo
    at module.exports (/home/siegfriedneto/projects/servicedeskn1-fix-simulate-hypothesis/frontend/app/node_modules/jsdom/lib/jsdom/browser/not-implemented.js:9:17)
    at /home/siegfriedneto/projects/servicedeskn1-fix-simulate-hypothesis/frontend/app/node_modules/jsdom/lib/jsdom/browser/Window.js:960:7
    at Object.fn (file:///home/siegfriedneto/projects/servicedeskn1-fix-simulate-hypothesis/frontend/app/node_modules/@tanstack/router-core/dist/esm/scroll-restoration.js:180:27)
    at RouterCore.emit (file:///home/siegfriedneto/projects/servicedeskn1-fix-simulate-hypothesis/frontend/app/node_modules/@tanstack/router-core/dist/esm/router.js:178:14)
    at file:///home/siegfriedneto/projects/servicedeskn1-fix-simulate-hypothesis/frontend/app/node_modules/@tanstack/react-router/dist/esm/Transitioner.js:46:25
    at settleOwner (file:///home/siegfriedneto/projects/servicedeskn1-fix-simulate-hypothesis/frontend/app/node_modules/@tanstack/react-router/dist/esm/Transitioner.js:10:10)
    at file:///home/siegfriedneto/projects/servicedeskn1-fix-simulate-hypothesis/frontend/app/node_modules/@tanstack/react-router/dist/esm/Matches.js:38:39
    at Object.react_stack_bottom_frame (/home/siegfriedneto/projects/servicedeskn1-fix-simulate-hypothesis/frontend/app/node_modules/react-dom/cjs/react-dom-client.development.js:25989:20)
    at runWithFiberInDEV (/home/siegfriedneto/projects/servicedeskn1-fix-simulate-hypothesis/frontend/app/node_modules/react-dom/cjs/react-dom-client.development.js:874:13)
    at commitHookEffectListMount (/home/siegfriedneto/projects/servicedeskn1-fix-simulate-hypothesis/frontend/app/node_modules/react-dom/cjs/react-dom-client.development.js:13249:29) undefined
Error: Not implemented: window.scrollTo
    at module.exports (/home/siegfriedneto/projects/servicedeskn1-fix-simulate-hypothesis/frontend/app/node_modules/jsdom/lib/jsdom/browser/not-implemented.js:9:17)
    at /home/siegfriedneto/projects/servicedeskn1-fix-simulate-hypothesis/frontend/app/node_modules/jsdom/lib/jsdom/browser/Window.js:960:7
    at Object.fn (file:///home/siegfriedneto/projects/servicedeskn1-fix-simulate-hypothesis/frontend/app/node_modules/@tanstack/router-core/dist/esm/scroll-restoration.js:180:27)
    at RouterCore.emit (file:///home/siegfriedneto/projects/servicedeskn1-fix-simulate-hypothesis/frontend/app/node_modules/@tanstack/router-core/dist/esm/router.js:178:14)
    at file:///home/siegfriedneto/projects/servicedeskn1-fix-simulate-hypothesis/frontend/app/node_modules/@tanstack/react-router/dist/esm/Transitioner.js:46:25
    at settleOwner (file:///home/siegfriedneto/projects/servicedeskn1-fix-simulate-hypothesis/frontend/app/node_modules/@tanstack/react-router/dist/esm/Transitioner.js:10:10)
    at file:///home/siegfriedneto/projects/servicedeskn1-fix-simulate-hypothesis/frontend/app/node_modules/@tanstack/react-router/dist/esm/Matches.js:38:39
    at Object.react_stack_bottom_frame (/home/siegfriedneto/projects/servicedeskn1-fix-simulate-hypothesis/frontend/app/node_modules/react-dom/cjs/react-dom-client.development.js:25989:20)
    at runWithFiberInDEV (/home/siegfriedneto/projects/servicedeskn1-fix-simulate-hypothesis/frontend/app/node_modules/react-dom/cjs/react-dom-client.development.js:874:13)
    at commitHookEffectListMount (/home/siegfriedneto/projects/servicedeskn1-fix-simulate-hypothesis/frontend/app/node_modules/react-dom/cjs/react-dom-client.development.js:13249:29) undefined
Error: Not implemented: window.scrollTo
    at module.exports (/home/siegfriedneto/projects/servicedeskn1-fix-simulate-hypothesis/frontend/app/node_modules/jsdom/lib/jsdom/browser/not-implemented.js:9:17)
    at /home/siegfriedneto/projects/servicedeskn1-fix-simulate-hypothesis/frontend/app/node_modules/jsdom/lib/jsdom/browser/Window.js:960:7
    at Object.fn (file:///home/siegfriedneto/projects/servicedeskn1-fix-simulate-hypothesis/frontend/app/node_modules/@tanstack/router-core/dist/esm/scroll-restoration.js:180:27)
    at RouterCore.emit (file:///home/siegfriedneto/projects/servicedeskn1-fix-simulate-hypothesis/frontend/app/node_modules/@tanstack/router-core/dist/esm/router.js:178:14)
    at file:///home/siegfriedneto/projects/servicedeskn1-fix-simulate-hypothesis/frontend/app/node_modules/@tanstack/react-router/dist/esm/Transitioner.js:46:25
    at settleOwner (file:///home/siegfriedneto/projects/servicedeskn1-fix-simulate-hypothesis/frontend/app/node_modules/@tanstack/react-router/dist/esm/Transitioner.js:10:10)
    at file:///home/siegfriedneto/projects/servicedeskn1-fix-simulate-hypothesis/frontend/app/node_modules/@tanstack/react-router/dist/esm/Matches.js:38:39
    at Object.react_stack_bottom_frame (/home/siegfriedneto/projects/servicedeskn1-fix-simulate-hypothesis/frontend/app/node_modules/react-dom/cjs/react-dom-client.development.js:25989:20)
    at runWithFiberInDEV (/home/siegfriedneto/projects/servicedeskn1-fix-simulate-hypothesis/frontend/app/node_modules/react-dom/cjs/react-dom-client.development.js:874:13)
    at commitHookEffectListMount (/home/siegfriedneto/projects/servicedeskn1-fix-simulate-hypothesis/frontend/app/node_modules/react-dom/cjs/react-dom-client.development.js:13249:29) undefined
Error: Not implemented: window.scrollTo
    at module.exports (/home/siegfriedneto/projects/servicedeskn1-fix-simulate-hypothesis/frontend/app/node_modules/jsdom/lib/jsdom/browser/not-implemented.js:9:17)
    at /home/siegfriedneto/projects/servicedeskn1-fix-simulate-hypothesis/frontend/app/node_modules/jsdom/lib/jsdom/browser/Window.js:960:7
    at Object.fn (file:///home/siegfriedneto/projects/servicedeskn1-fix-simulate-hypothesis/frontend/app/node_modules/@tanstack/router-core/dist/esm/scroll-restoration.js:180:27)
    at RouterCore.emit (file:///home/siegfriedneto/projects/servicedeskn1-fix-simulate-hypothesis/frontend/app/node_modules/@tanstack/router-core/dist/esm/router.js:178:14)
    at file:///home/siegfriedneto/projects/servicedeskn1-fix-simulate-hypothesis/frontend/app/node_modules/@tanstack/router-core/dist/esm/load-client.js:943:46
    at Router.batch (file:///home/siegfriedneto/projects/servicedeskn1-fix-simulate-hypothesis/frontend/app/node_modules/@tanstack/store/dist/esm/atom.js:39:5)
    at file:///home/siegfriedneto/projects/servicedeskn1-fix-simulate-hypothesis/frontend/app/node_modules/@tanstack/router-core/dist/esm/load-client.js:936:10
    at runClientTransaction (file:///home/siegfriedneto/projects/servicedeskn1-fix-simulate-hypothesis/frontend/app/node_modules/@tanstack/router-core/dist/esm/load-client.js:902:2)
    at loadClientRoute (file:///home/siegfriedneto/projects/servicedeskn1-fix-simulate-hypothesis/frontend/app/node_modules/@tanstack/router-core/dist/esm/load-client.js:1034:2)
    at RouterCore.load (file:///home/siegfriedneto/projects/servicedeskn1-fix-simulate-hypothesis/frontend/app/node_modules/@tanstack/router-core/dist/esm/router.js:489:4) undefined
Error: Not implemented: window.scrollTo
    at module.exports (/home/siegfriedneto/projects/servicedeskn1-fix-simulate-hypothesis/frontend/app/node_modules/jsdom/lib/jsdom/browser/not-implemented.js:9:17)
    at /home/siegfriedneto/projects/servicedeskn1-fix-simulate-hypothesis/frontend/app/node_modules/jsdom/lib/jsdom/browser/Window.js:960:7
    at Object.fn (file:///home/siegfriedneto/projects/servicedeskn1-fix-simulate-hypothesis/frontend/app/node_modules/@tanstack/router-core/dist/esm/scroll-restoration.js:180:27)
    at RouterCore.emit (file:///home/siegfriedneto/projects/servicedeskn1-fix-simulate-hypothesis/frontend/app/node_modules/@tanstack/router-core/dist/esm/router.js:178:14)
    at file:///home/siegfriedneto/projects/servicedeskn1-fix-simulate-hypothesis/frontend/app/node_modules/@tanstack/react-router/dist/esm/Transitioner.js:46:25
    at settleOwner (file:///home/siegfriedneto/projects/servicedeskn1-fix-simulate-hypothesis/frontend/app/node_modules/@tanstack/react-router/dist/esm/Transitioner.js:10:10)
    at file:///home/siegfriedneto/projects/servicedeskn1-fix-simulate-hypothesis/frontend/app/node_modules/@tanstack/react-router/dist/esm/Matches.js:38:39
    at Object.react_stack_bottom_frame (/home/siegfriedneto/projects/servicedeskn1-fix-simulate-hypothesis/frontend/app/node_modules/react-dom/cjs/react-dom-client.development.js:25989:20)
    at runWithFiberInDEV (/home/siegfriedneto/projects/servicedeskn1-fix-simulate-hypothesis/frontend/app/node_modules/react-dom/cjs/react-dom-client.development.js:874:13)
    at commitHookEffectListMount (/home/siegfriedneto/projects/servicedeskn1-fix-simulate-hypothesis/frontend/app/node_modules/react-dom/cjs/react-dom-client.development.js:13249:29) undefined
Error: Not implemented: window.scrollTo
    at module.exports (/home/siegfriedneto/projects/servicedeskn1-fix-simulate-hypothesis/frontend/app/node_modules/jsdom/lib/jsdom/browser/not-implemented.js:9:17)
    at /home/siegfriedneto/projects/servicedeskn1-fix-simulate-hypothesis/frontend/app/node_modules/jsdom/lib/jsdom/browser/Window.js:960:7
    at Object.fn (file:///home/siegfriedneto/projects/servicedeskn1-fix-simulate-hypothesis/frontend/app/node_modules/@tanstack/router-core/dist/esm/scroll-restoration.js:180:27)
    at RouterCore.emit (file:///home/siegfriedneto/projects/servicedeskn1-fix-simulate-hypothesis/frontend/app/node_modules/@tanstack/router-core/dist/esm/router.js:178:14)
    at file:///home/siegfriedneto/projects/servicedeskn1-fix-simulate-hypothesis/frontend/app/node_modules/@tanstack/react-router/dist/esm/Transitioner.js:46:25
    at settleOwner (file:///home/siegfriedneto/projects/servicedeskn1-fix-simulate-hypothesis/frontend/app/node_modules/@tanstack/react-router/dist/esm/Transitioner.js:10:10)
    at file:///home/siegfriedneto/projects/servicedeskn1-fix-simulate-hypothesis/frontend/app/node_modules/@tanstack/react-router/dist/esm/Matches.js:38:39
    at Object.react_stack_bottom_frame (/home/siegfriedneto/projects/servicedeskn1-fix-simulate-hypothesis/frontend/app/node_modules/react-dom/cjs/react-dom-client.development.js:25989:20)
    at runWithFiberInDEV (/home/siegfriedneto/projects/servicedeskn1-fix-simulate-hypothesis/frontend/app/node_modules/react-dom/cjs/react-dom-client.development.js:874:13)
    at commitHookEffectListMount (/home/siegfriedneto/projects/servicedeskn1-fix-simulate-hypothesis/frontend/app/node_modules/react-dom/cjs/react-dom-client.development.js:13249:29) undefined
Error: Not implemented: window.scrollTo
    at module.exports (/home/siegfriedneto/projects/servicedeskn1-fix-simulate-hypothesis/frontend/app/node_modules/jsdom/lib/jsdom/browser/not-implemented.js:9:17)
    at /home/siegfriedneto/projects/servicedeskn1-fix-simulate-hypothesis/frontend/app/node_modules/jsdom/lib/jsdom/browser/Window.js:960:7
    at Object.fn (file:///home/siegfriedneto/projects/servicedeskn1-fix-simulate-hypothesis/frontend/app/node_modules/@tanstack/router-core/dist/esm/scroll-restoration.js:180:27)
    at RouterCore.emit (file:///home/siegfriedneto/projects/servicedeskn1-fix-simulate-hypothesis/frontend/app/node_modules/@tanstack/router-core/dist/esm/router.js:178:14)
    at file:///home/siegfriedneto/projects/servicedeskn1-fix-simulate-hypothesis/frontend/app/node_modules/@tanstack/react-router/dist/esm/Transitioner.js:46:25
    at settleOwner (file:///home/siegfriedneto/projects/servicedeskn1-fix-simulate-hypothesis/frontend/app/node_modules/@tanstack/react-router/dist/esm/Transitioner.js:10:10)
    at file:///home/siegfriedneto/projects/servicedeskn1-fix-simulate-hypothesis/frontend/app/node_modules/@tanstack/react-router/dist/esm/Matches.js:38:39
    at Object.react_stack_bottom_frame (/home/siegfriedneto/projects/servicedeskn1-fix-simulate-hypothesis/frontend/app/node_modules/react-dom/cjs/react-dom-client.development.js:25989:20)
    at runWithFiberInDEV (/home/siegfriedneto/projects/servicedeskn1-fix-simulate-hypothesis/frontend/app/node_modules/react-dom/cjs/react-dom-client.development.js:874:13)
    at commitHookEffectListMount (/home/siegfriedneto/projects/servicedeskn1-fix-simulate-hypothesis/frontend/app/node_modules/react-dom/cjs/react-dom-client.development.js:13249:29) undefined
Error: Not implemented: window.scrollTo
    at module.exports (/home/siegfriedneto/projects/servicedeskn1-fix-simulate-hypothesis/frontend/app/node_modules/jsdom/lib/jsdom/browser/not-implemented.js:9:17)
    at /home/siegfriedneto/projects/servicedeskn1-fix-simulate-hypothesis/frontend/app/node_modules/jsdom/lib/jsdom/browser/Window.js:960:7
    at Object.fn (file:///home/siegfriedneto/projects/servicedeskn1-fix-simulate-hypothesis/frontend/app/node_modules/@tanstack/router-core/dist/esm/scroll-restoration.js:180:27)
    at RouterCore.emit (file:///home/siegfriedneto/projects/servicedeskn1-fix-simulate-hypothesis/frontend/app/node_modules/@tanstack/router-core/dist/esm/router.js:178:14)
    at file:///home/siegfriedneto/projects/servicedeskn1-fix-simulate-hypothesis/frontend/app/node_modules/@tanstack/react-router/dist/esm/Transitioner.js:46:25
    at settleOwner (file:///home/siegfriedneto/projects/servicedeskn1-fix-simulate-hypothesis/frontend/app/node_modules/@tanstack/react-router/dist/esm/Transitioner.js:10:10)
    at file:///home/siegfriedneto/projects/servicedeskn1-fix-simulate-hypothesis/frontend/app/node_modules/@tanstack/react-router/dist/esm/Matches.js:38:39
    at Object.react_stack_bottom_frame (/home/siegfriedneto/projects/servicedeskn1-fix-simulate-hypothesis/frontend/app/node_modules/react-dom/cjs/react-dom-client.development.js:25989:20)
    at runWithFiberInDEV (/home/siegfriedneto/projects/servicedeskn1-fix-simulate-hypothesis/frontend/app/node_modules/react-dom/cjs/react-dom-client.development.js:874:13)
    at commitHookEffectListMount (/home/siegfriedneto/projects/servicedeskn1-fix-simulate-hypothesis/frontend/app/node_modules/react-dom/cjs/react-dom-client.development.js:13249:29) undefined
Error: Not implemented: window.scrollTo
    at module.exports (/home/siegfriedneto/projects/servicedeskn1-fix-simulate-hypothesis/frontend/app/node_modules/jsdom/lib/jsdom/browser/not-implemented.js:9:17)
    at /home/siegfriedneto/projects/servicedeskn1-fix-simulate-hypothesis/frontend/app/node_modules/jsdom/lib/jsdom/browser/Window.js:960:7
    at Object.fn (file:///home/siegfriedneto/projects/servicedeskn1-fix-simulate-hypothesis/frontend/app/node_modules/@tanstack/router-core/dist/esm/scroll-restoration.js:180:27)
    at RouterCore.emit (file:///home/siegfriedneto/projects/servicedeskn1-fix-simulate-hypothesis/frontend/app/node_modules/@tanstack/router-core/dist/esm/router.js:178:14)
    at file:///home/siegfriedneto/projects/servicedeskn1-fix-simulate-hypothesis/frontend/app/node_modules/@tanstack/react-router/dist/esm/Transitioner.js:46:25
    at settleOwner (file:///home/siegfriedneto/projects/servicedeskn1-fix-simulate-hypothesis/frontend/app/node_modules/@tanstack/react-router/dist/esm/Transitioner.js:10:10)
    at file:///home/siegfriedneto/projects/servicedeskn1-fix-simulate-hypothesis/frontend/app/node_modules/@tanstack/react-router/dist/esm/Matches.js:38:39
    at Object.react_stack_bottom_frame (/home/siegfriedneto/projects/servicedeskn1-fix-simulate-hypothesis/frontend/app/node_modules/react-dom/cjs/react-dom-client.development.js:25989:20)
    at runWithFiberInDEV (/home/siegfriedneto/projects/servicedeskn1-fix-simulate-hypothesis/frontend/app/node_modules/react-dom/cjs/react-dom-client.development.js:874:13)
    at commitHookEffectListMount (/home/siegfriedneto/projects/servicedeskn1-fix-simulate-hypothesis/frontend/app/node_modules/react-dom/cjs/react-dom-client.development.js:13249:29) undefined
Error: Not implemented: window.scrollTo
    at module.exports (/home/siegfriedneto/projects/servicedeskn1-fix-simulate-hypothesis/frontend/app/node_modules/jsdom/lib/jsdom/browser/not-implemented.js:9:17)
    at /home/siegfriedneto/projects/servicedeskn1-fix-simulate-hypothesis/frontend/app/node_modules/jsdom/lib/jsdom/browser/Window.js:960:7
    at Object.fn (file:///home/siegfriedneto/projects/servicedeskn1-fix-simulate-hypothesis/frontend/app/node_modules/@tanstack/router-core/dist/esm/scroll-restoration.js:180:27)
    at RouterCore.emit (file:///home/siegfriedneto/projects/servicedeskn1-fix-simulate-hypothesis/frontend/app/node_modules/@tanstack/router-core/dist/esm/router.js:178:14)
    at file:///home/siegfriedneto/projects/servicedeskn1-fix-simulate-hypothesis/frontend/app/node_modules/@tanstack/react-router/dist/esm/Transitioner.js:46:25
    at settleOwner (file:///home/siegfriedneto/projects/servicedeskn1-fix-simulate-hypothesis/frontend/app/node_modules/@tanstack/react-router/dist/esm/Transitioner.js:10:10)
    at file:///home/siegfriedneto/projects/servicedeskn1-fix-simulate-hypothesis/frontend/app/node_modules/@tanstack/react-router/dist/esm/Matches.js:38:39
    at Object.react_stack_bottom_frame (/home/siegfriedneto/projects/servicedeskn1-fix-simulate-hypothesis/frontend/app/node_modules/react-dom/cjs/react-dom-client.development.js:25989:20)
    at runWithFiberInDEV (/home/siegfriedneto/projects/servicedeskn1-fix-simulate-hypothesis/frontend/app/node_modules/react-dom/cjs/react-dom-client.development.js:874:13)
    at commitHookEffectListMount (/home/siegfriedneto/projects/servicedeskn1-fix-simulate-hypothesis/frontend/app/node_modules/react-dom/cjs/react-dom-client.development.js:13249:29) undefined
Error: Not implemented: window.scrollTo
    at module.exports (/home/siegfriedneto/projects/servicedeskn1-fix-simulate-hypothesis/frontend/app/node_modules/jsdom/lib/jsdom/browser/not-implemented.js:9:17)
    at /home/siegfriedneto/projects/servicedeskn1-fix-simulate-hypothesis/frontend/app/node_modules/jsdom/lib/jsdom/browser/Window.js:960:7
    at Object.fn (file:///home/siegfriedneto/projects/servicedeskn1-fix-simulate-hypothesis/frontend/app/node_modules/@tanstack/router-core/dist/esm/scroll-restoration.js:180:27)
    at RouterCore.emit (file:///home/siegfriedneto/projects/servicedeskn1-fix-simulate-hypothesis/frontend/app/node_modules/@tanstack/router-core/dist/esm/router.js:178:14)
    at file:///home/siegfriedneto/projects/servicedeskn1-fix-simulate-hypothesis/frontend/app/node_modules/@tanstack/react-router/dist/esm/Transitioner.js:46:25
    at settleOwner (file:///home/siegfriedneto/projects/servicedeskn1-fix-simulate-hypothesis/frontend/app/node_modules/@tanstack/react-router/dist/esm/Transitioner.js:10:10)
    at file:///home/siegfriedneto/projects/servicedeskn1-fix-simulate-hypothesis/frontend/app/node_modules/@tanstack/react-router/dist/esm/Matches.js:38:39
    at Object.react_stack_bottom_frame (/home/siegfriedneto/projects/servicedeskn1-fix-simulate-hypothesis/frontend/app/node_modules/react-dom/cjs/react-dom-client.development.js:25989:20)
    at runWithFiberInDEV (/home/siegfriedneto/projects/servicedeskn1-fix-simulate-hypothesis/frontend/app/node_modules/react-dom/cjs/react-dom-client.development.js:874:13)
    at commitHookEffectListMount (/home/siegfriedneto/projects/servicedeskn1-fix-simulate-hypothesis/frontend/app/node_modules/react-dom/cjs/react-dom-client.development.js:13249:29) undefined
Error: Not implemented: window.scrollTo
    at module.exports (/home/siegfriedneto/projects/servicedeskn1-fix-simulate-hypothesis/frontend/app/node_modules/jsdom/lib/jsdom/browser/not-implemented.js:9:17)
    at /home/siegfriedneto/projects/servicedeskn1-fix-simulate-hypothesis/frontend/app/node_modules/jsdom/lib/jsdom/browser/Window.js:960:7
    at Object.fn (file:///home/siegfriedneto/projects/servicedeskn1-fix-simulate-hypothesis/frontend/app/node_modules/@tanstack/router-core/dist/esm/scroll-restoration.js:180:27)
    at RouterCore.emit (file:///home/siegfriedneto/projects/servicedeskn1-fix-simulate-hypothesis/frontend/app/node_modules/@tanstack/router-core/dist/esm/router.js:178:14)
    at file:///home/siegfriedneto/projects/servicedeskn1-fix-simulate-hypothesis/frontend/app/node_modules/@tanstack/react-router/dist/esm/Transitioner.js:46:25
    at settleOwner (file:///home/siegfriedneto/projects/servicedeskn1-fix-simulate-hypothesis/frontend/app/node_modules/@tanstack/react-router/dist/esm/Transitioner.js:10:10)
    at file:///home/siegfriedneto/projects/servicedeskn1-fix-simulate-hypothesis/frontend/app/node_modules/@tanstack/react-router/dist/esm/Matches.js:38:39
    at Object.react_stack_bottom_frame (/home/siegfriedneto/projects/servicedeskn1-fix-simulate-hypothesis/frontend/app/node_modules/react-dom/cjs/react-dom-client.development.js:25989:20)
    at runWithFiberInDEV (/home/siegfriedneto/projects/servicedeskn1-fix-simulate-hypothesis/frontend/app/node_modules/react-dom/cjs/react-dom-client.development.js:874:13)
    at commitHookEffectListMount (/home/siegfriedneto/projects/servicedeskn1-fix-simulate-hypothesis/frontend/app/node_modules/react-dom/cjs/react-dom-client.development.js:13249:29) undefined
Error: Not implemented: window.scrollTo
    at module.exports (/home/siegfriedneto/projects/servicedeskn1-fix-simulate-hypothesis/frontend/app/node_modules/jsdom/lib/jsdom/browser/not-implemented.js:9:17)
    at /home/siegfriedneto/projects/servicedeskn1-fix-simulate-hypothesis/frontend/app/node_modules/jsdom/lib/jsdom/browser/Window.js:960:7
    at Object.fn (file:///home/siegfriedneto/projects/servicedeskn1-fix-simulate-hypothesis/frontend/app/node_modules/@tanstack/router-core/dist/esm/scroll-restoration.js:180:27)
    at RouterCore.emit (file:///home/siegfriedneto/projects/servicedeskn1-fix-simulate-hypothesis/frontend/app/node_modules/@tanstack/router-core/dist/esm/router.js:178:14)
    at file:///home/siegfriedneto/projects/servicedeskn1-fix-simulate-hypothesis/frontend/app/node_modules/@tanstack/react-router/dist/esm/Transitioner.js:46:25
    at settleOwner (file:///home/siegfriedneto/projects/servicedeskn1-fix-simulate-hypothesis/frontend/app/node_modules/@tanstack/react-router/dist/esm/Transitioner.js:10:10)
    at file:///home/siegfriedneto/projects/servicedeskn1-fix-simulate-hypothesis/frontend/app/node_modules/@tanstack/react-router/dist/esm/Matches.js:38:39
    at Object.react_stack_bottom_frame (/home/siegfriedneto/projects/servicedeskn1-fix-simulate-hypothesis/frontend/app/node_modules/react-dom/cjs/react-dom-client.development.js:25989:20)
    at runWithFiberInDEV (/home/siegfriedneto/projects/servicedeskn1-fix-simulate-hypothesis/frontend/app/node_modules/react-dom/cjs/react-dom-client.development.js:874:13)
    at commitHookEffectListMount (/home/siegfriedneto/projects/servicedeskn1-fix-simulate-hypothesis/frontend/app/node_modules/react-dom/cjs/react-dom-client.development.js:13249:29) undefined
Error: Not implemented: window.scrollTo
    at module.exports (/home/siegfriedneto/projects/servicedeskn1-fix-simulate-hypothesis/frontend/app/node_modules/jsdom/lib/jsdom/browser/not-implemented.js:9:17)
    at /home/siegfriedneto/projects/servicedeskn1-fix-simulate-hypothesis/frontend/app/node_modules/jsdom/lib/jsdom/browser/Window.js:960:7
    at Object.fn (file:///home/siegfriedneto/projects/servicedeskn1-fix-simulate-hypothesis/frontend/app/node_modules/@tanstack/router-core/dist/esm/scroll-restoration.js:180:27)
    at RouterCore.emit (file:///home/siegfriedneto/projects/servicedeskn1-fix-simulate-hypothesis/frontend/app/node_modules/@tanstack/router-core/dist/esm/router.js:178:14)
    at file:///home/siegfriedneto/projects/servicedeskn1-fix-simulate-hypothesis/frontend/app/node_modules/@tanstack/react-router/dist/esm/Transitioner.js:46:25
    at settleOwner (file:///home/siegfriedneto/projects/servicedeskn1-fix-simulate-hypothesis/frontend/app/node_modules/@tanstack/react-router/dist/esm/Transitioner.js:10:10)
    at file:///home/siegfriedneto/projects/servicedeskn1-fix-simulate-hypothesis/frontend/app/node_modules/@tanstack/react-router/dist/esm/Matches.js:38:39
    at Object.react_stack_bottom_frame (/home/siegfriedneto/projects/servicedeskn1-fix-simulate-hypothesis/frontend/app/node_modules/react-dom/cjs/react-dom-client.development.js:25989:20)
    at runWithFiberInDEV (/home/siegfriedneto/projects/servicedeskn1-fix-simulate-hypothesis/frontend/app/node_modules/react-dom/cjs/react-dom-client.development.js:874:13)
    at commitHookEffectListMount (/home/siegfriedneto/projects/servicedeskn1-fix-simulate-hypothesis/frontend/app/node_modules/react-dom/cjs/react-dom-client.development.js:13249:29) undefined
Error: Not implemented: window.scrollTo
    at module.exports (/home/siegfriedneto/projects/servicedeskn1-fix-simulate-hypothesis/frontend/app/node_modules/jsdom/lib/jsdom/browser/not-implemented.js:9:17)
    at /home/siegfriedneto/projects/servicedeskn1-fix-simulate-hypothesis/frontend/app/node_modules/jsdom/lib/jsdom/browser/Window.js:960:7
    at Object.fn (file:///home/siegfriedneto/projects/servicedeskn1-fix-simulate-hypothesis/frontend/app/node_modules/@tanstack/router-core/dist/esm/scroll-restoration.js:180:27)
    at RouterCore.emit (file:///home/siegfriedneto/projects/servicedeskn1-fix-simulate-hypothesis/frontend/app/node_modules/@tanstack/router-core/dist/esm/router.js:178:14)
    at file:///home/siegfriedneto/projects/servicedeskn1-fix-simulate-hypothesis/frontend/app/node_modules/@tanstack/react-router/dist/esm/Transitioner.js:46:25
    at settleOwner (file:///home/siegfriedneto/projects/servicedeskn1-fix-simulate-hypothesis/frontend/app/node_modules/@tanstack/react-router/dist/esm/Transitioner.js:10:10)
    at file:///home/siegfriedneto/projects/servicedeskn1-fix-simulate-hypothesis/frontend/app/node_modules/@tanstack/react-router/dist/esm/Matches.js:38:39
    at Object.react_stack_bottom_frame (/home/siegfriedneto/projects/servicedeskn1-fix-simulate-hypothesis/frontend/app/node_modules/react-dom/cjs/react-dom-client.development.js:25989:20)
    at runWithFiberInDEV (/home/siegfriedneto/projects/servicedeskn1-fix-simulate-hypothesis/frontend/app/node_modules/react-dom/cjs/react-dom-client.development.js:874:13)
    at commitHookEffectListMount (/home/siegfriedneto/projects/servicedeskn1-fix-simulate-hypothesis/frontend/app/node_modules/react-dom/cjs/react-dom-client.development.js:13249:29) undefined
Error: Not implemented: window.scrollTo
    at module.exports (/home/siegfriedneto/projects/servicedeskn1-fix-simulate-hypothesis/frontend/app/node_modules/jsdom/lib/jsdom/browser/not-implemented.js:9:17)
    at /home/siegfriedneto/projects/servicedeskn1-fix-simulate-hypothesis/frontend/app/node_modules/jsdom/lib/jsdom/browser/Window.js:960:7
    at Object.fn (file:///home/siegfriedneto/projects/servicedeskn1-fix-simulate-hypothesis/frontend/app/node_modules/@tanstack/router-core/dist/esm/scroll-restoration.js:180:27)
    at RouterCore.emit (file:///home/siegfriedneto/projects/servicedeskn1-fix-simulate-hypothesis/frontend/app/node_modules/@tanstack/router-core/dist/esm/router.js:178:14)
    at file:///home/siegfriedneto/projects/servicedeskn1-fix-simulate-hypothesis/frontend/app/node_modules/@tanstack/router-core/dist/esm/load-client.js:943:46
    at Router.batch (file:///home/siegfriedneto/projects/servicedeskn1-fix-simulate-hypothesis/frontend/app/node_modules/@tanstack/store/dist/esm/atom.js:39:5)
    at file:///home/siegfriedneto/projects/servicedeskn1-fix-simulate-hypothesis/frontend/app/node_modules/@tanstack/router-core/dist/esm/load-client.js:936:10
    at runClientTransaction (file:///home/siegfriedneto/projects/servicedeskn1-fix-simulate-hypothesis/frontend/app/node_modules/@tanstack/router-core/dist/esm/load-client.js:902:2)
    at loadClientRoute (file:///home/siegfriedneto/projects/servicedeskn1-fix-simulate-hypothesis/frontend/app/node_modules/@tanstack/router-core/dist/esm/load-client.js:1034:2)
    at RouterCore.load (file:///home/siegfriedneto/projects/servicedeskn1-fix-simulate-hypothesis/frontend/app/node_modules/@tanstack/router-core/dist/esm/router.js:489:4) undefined
Error: Not implemented: window.scrollTo
    at module.exports (/home/siegfriedneto/projects/servicedeskn1-fix-simulate-hypothesis/frontend/app/node_modules/jsdom/lib/jsdom/browser/not-implemented.js:9:17)
    at /home/siegfriedneto/projects/servicedeskn1-fix-simulate-hypothesis/frontend/app/node_modules/jsdom/lib/jsdom/browser/Window.js:960:7
    at Object.fn (file:///home/siegfriedneto/projects/servicedeskn1-fix-simulate-hypothesis/frontend/app/node_modules/@tanstack/router-core/dist/esm/scroll-restoration.js:180:27)
    at RouterCore.emit (file:///home/siegfriedneto/projects/servicedeskn1-fix-simulate-hypothesis/frontend/app/node_modules/@tanstack/router-core/dist/esm/router.js:178:14)
    at file:///home/siegfriedneto/projects/servicedeskn1-fix-simulate-hypothesis/frontend/app/node_modules/@tanstack/router-core/dist/esm/load-client.js:943:46
    at Router.batch (file:///home/siegfriedneto/projects/servicedeskn1-fix-simulate-hypothesis/frontend/app/node_modules/@tanstack/store/dist/esm/atom.js:39:5)
    at file:///home/siegfriedneto/projects/servicedeskn1-fix-simulate-hypothesis/frontend/app/node_modules/@tanstack/router-core/dist/esm/load-client.js:936:10
    at runClientTransaction (file:///home/siegfriedneto/projects/servicedeskn1-fix-simulate-hypothesis/frontend/app/node_modules/@tanstack/router-core/dist/esm/load-client.js:902:2)
    at loadClientRoute (file:///home/siegfriedneto/projects/servicedeskn1-fix-simulate-hypothesis/frontend/app/node_modules/@tanstack/router-core/dist/esm/load-client.js:1034:2)
    at RouterCore.load (file:///home/siegfriedneto/projects/servicedeskn1-fix-simulate-hypothesis/frontend/app/node_modules/@tanstack/router-core/dist/esm/router.js:489:4) undefined
Error: Not implemented: window.scrollTo
    at module.exports (/home/siegfriedneto/projects/servicedeskn1-fix-simulate-hypothesis/frontend/app/node_modules/jsdom/lib/jsdom/browser/not-implemented.js:9:17)
    at /home/siegfriedneto/projects/servicedeskn1-fix-simulate-hypothesis/frontend/app/node_modules/jsdom/lib/jsdom/browser/Window.js:960:7
    at Object.fn (file:///home/siegfriedneto/projects/servicedeskn1-fix-simulate-hypothesis/frontend/app/node_modules/@tanstack/router-core/dist/esm/scroll-restoration.js:180:27)
    at RouterCore.emit (file:///home/siegfriedneto/projects/servicedeskn1-fix-simulate-hypothesis/frontend/app/node_modules/@tanstack/router-core/dist/esm/router.js:178:14)
    at file:///home/siegfriedneto/projects/servicedeskn1-fix-simulate-hypothesis/frontend/app/node_modules/@tanstack/router-core/dist/esm/load-client.js:943:46
    at Router.batch (file:///home/siegfriedneto/projects/servicedeskn1-fix-simulate-hypothesis/frontend/app/node_modules/@tanstack/store/dist/esm/atom.js:39:5)
    at file:///home/siegfriedneto/projects/servicedeskn1-fix-simulate-hypothesis/frontend/app/node_modules/@tanstack/router-core/dist/esm/load-client.js:936:10
    at runClientTransaction (file:///home/siegfriedneto/projects/servicedeskn1-fix-simulate-hypothesis/frontend/app/node_modules/@tanstack/router-core/dist/esm/load-client.js:902:2)
    at loadClientRoute (file:///home/siegfriedneto/projects/servicedeskn1-fix-simulate-hypothesis/frontend/app/node_modules/@tanstack/router-core/dist/esm/load-client.js:1034:2)
    at RouterCore.load (file:///home/siegfriedneto/projects/servicedeskn1-fix-simulate-hypothesis/frontend/app/node_modules/@tanstack/router-core/dist/esm/router.js:489:4) undefined
Error: Not implemented: window.scrollTo
    at module.exports (/home/siegfriedneto/projects/servicedeskn1-fix-simulate-hypothesis/frontend/app/node_modules/jsdom/lib/jsdom/browser/not-implemented.js:9:17)
    at /home/siegfriedneto/projects/servicedeskn1-fix-simulate-hypothesis/frontend/app/node_modules/jsdom/lib/jsdom/browser/Window.js:960:7
    at Object.fn (file:///home/siegfriedneto/projects/servicedeskn1-fix-simulate-hypothesis/frontend/app/node_modules/@tanstack/router-core/dist/esm/scroll-restoration.js:180:27)
    at RouterCore.emit (file:///home/siegfriedneto/projects/servicedeskn1-fix-simulate-hypothesis/frontend/app/node_modules/@tanstack/router-core/dist/esm/router.js:178:14)
    at file:///home/siegfriedneto/projects/servicedeskn1-fix-simulate-hypothesis/frontend/app/node_modules/@tanstack/react-router/dist/esm/Transitioner.js:46:25
    at settleOwner (file:///home/siegfriedneto/projects/servicedeskn1-fix-simulate-hypothesis/frontend/app/node_modules/@tanstack/react-router/dist/esm/Transitioner.js:10:10)
    at file:///home/siegfriedneto/projects/servicedeskn1-fix-simulate-hypothesis/frontend/app/node_modules/@tanstack/react-router/dist/esm/Matches.js:38:39
    at Object.react_stack_bottom_frame (/home/siegfriedneto/projects/servicedeskn1-fix-simulate-hypothesis/frontend/app/node_modules/react-dom/cjs/react-dom-client.development.js:25989:20)
    at runWithFiberInDEV (/home/siegfriedneto/projects/servicedeskn1-fix-simulate-hypothesis/frontend/app/node_modules/react-dom/cjs/react-dom-client.development.js:874:13)
    at commitHookEffectListMount (/home/siegfriedneto/projects/servicedeskn1-fix-simulate-hypothesis/frontend/app/node_modules/react-dom/cjs/react-dom-client.development.js:13249:29) undefined
Error: Not implemented: window.scrollTo
    at module.exports (/home/siegfriedneto/projects/servicedeskn1-fix-simulate-hypothesis/frontend/app/node_modules/jsdom/lib/jsdom/browser/not-implemented.js:9:17)
    at /home/siegfriedneto/projects/servicedeskn1-fix-simulate-hypothesis/frontend/app/node_modules/jsdom/lib/jsdom/browser/Window.js:960:7
    at Object.fn (file:///home/siegfriedneto/projects/servicedeskn1-fix-simulate-hypothesis/frontend/app/node_modules/@tanstack/router-core/dist/esm/scroll-restoration.js:180:27)
    at RouterCore.emit (file:///home/siegfriedneto/projects/servicedeskn1-fix-simulate-hypothesis/frontend/app/node_modules/@tanstack/router-core/dist/esm/router.js:178:14)
    at file:///home/siegfriedneto/projects/servicedeskn1-fix-simulate-hypothesis/frontend/app/node_modules/@tanstack/react-router/dist/esm/Transitioner.js:46:25
    at settleOwner (file:///home/siegfriedneto/projects/servicedeskn1-fix-simulate-hypothesis/frontend/app/node_modules/@tanstack/react-router/dist/esm/Transitioner.js:10:10)
    at file:///home/siegfriedneto/projects/servicedeskn1-fix-simulate-hypothesis/frontend/app/node_modules/@tanstack/react-router/dist/esm/Matches.js:38:39
    at Object.react_stack_bottom_frame (/home/siegfriedneto/projects/servicedeskn1-fix-simulate-hypothesis/frontend/app/node_modules/react-dom/cjs/react-dom-client.development.js:25989:20)
    at runWithFiberInDEV (/home/siegfriedneto/projects/servicedeskn1-fix-simulate-hypothesis/frontend/app/node_modules/react-dom/cjs/react-dom-client.development.js:874:13)
    at commitHookEffectListMount (/home/siegfriedneto/projects/servicedeskn1-fix-simulate-hypothesis/frontend/app/node_modules/react-dom/cjs/react-dom-client.development.js:13249:29) undefined
Error: Not implemented: window.scrollTo
    at module.exports (/home/siegfriedneto/projects/servicedeskn1-fix-simulate-hypothesis/frontend/app/node_modules/jsdom/lib/jsdom/browser/not-implemented.js:9:17)
    at /home/siegfriedneto/projects/servicedeskn1-fix-simulate-hypothesis/frontend/app/node_modules/jsdom/lib/jsdom/browser/Window.js:960:7
    at Object.fn (file:///home/siegfriedneto/projects/servicedeskn1-fix-simulate-hypothesis/frontend/app/node_modules/@tanstack/router-core/dist/esm/scroll-restoration.js:180:27)
    at RouterCore.emit (file:///home/siegfriedneto/projects/servicedeskn1-fix-simulate-hypothesis/frontend/app/node_modules/@tanstack/router-core/dist/esm/router.js:178:14)
    at file:///home/siegfriedneto/projects/servicedeskn1-fix-simulate-hypothesis/frontend/app/node_modules/@tanstack/react-router/dist/esm/Transitioner.js:46:25
    at settleOwner (file:///home/siegfriedneto/projects/servicedeskn1-fix-simulate-hypothesis/frontend/app/node_modules/@tanstack/react-router/dist/esm/Transitioner.js:10:10)
    at file:///home/siegfriedneto/projects/servicedeskn1-fix-simulate-hypothesis/frontend/app/node_modules/@tanstack/react-router/dist/esm/Matches.js:38:39
    at Object.react_stack_bottom_frame (/home/siegfriedneto/projects/servicedeskn1-fix-simulate-hypothesis/frontend/app/node_modules/react-dom/cjs/react-dom-client.development.js:25989:20)
    at runWithFiberInDEV (/home/siegfriedneto/projects/servicedeskn1-fix-simulate-hypothesis/frontend/app/node_modules/react-dom/cjs/react-dom-client.development.js:874:13)
    at commitHookEffectListMount (/home/siegfriedneto/projects/servicedeskn1-fix-simulate-hypothesis/frontend/app/node_modules/react-dom/cjs/react-dom-client.development.js:13249:29) undefined
Error: Not implemented: window.scrollTo
    at module.exports (/home/siegfriedneto/projects/servicedeskn1-fix-simulate-hypothesis/frontend/app/node_modules/jsdom/lib/jsdom/browser/not-implemented.js:9:17)
    at /home/siegfriedneto/projects/servicedeskn1-fix-simulate-hypothesis/frontend/app/node_modules/jsdom/lib/jsdom/browser/Window.js:960:7
    at Object.fn (file:///home/siegfriedneto/projects/servicedeskn1-fix-simulate-hypothesis/frontend/app/node_modules/@tanstack/router-core/dist/esm/scroll-restoration.js:180:27)
    at RouterCore.emit (file:///home/siegfriedneto/projects/servicedeskn1-fix-simulate-hypothesis/frontend/app/node_modules/@tanstack/router-core/dist/esm/router.js:178:14)
    at file:///home/siegfriedneto/projects/servicedeskn1-fix-simulate-hypothesis/frontend/app/node_modules/@tanstack/react-router/dist/esm/Transitioner.js:46:25
    at settleOwner (file:///home/siegfriedneto/projects/servicedeskn1-fix-simulate-hypothesis/frontend/app/node_modules/@tanstack/react-router/dist/esm/Transitioner.js:10:10)
    at file:///home/siegfriedneto/projects/servicedeskn1-fix-simulate-hypothesis/frontend/app/node_modules/@tanstack/react-router/dist/esm/Matches.js:38:39
    at Object.react_stack_bottom_frame (/home/siegfriedneto/projects/servicedeskn1-fix-simulate-hypothesis/frontend/app/node_modules/react-dom/cjs/react-dom-client.development.js:25989:20)
    at runWithFiberInDEV (/home/siegfriedneto/projects/servicedeskn1-fix-simulate-hypothesis/frontend/app/node_modules/react-dom/cjs/react-dom-client.development.js:874:13)
    at commitHookEffectListMount (/home/siegfriedneto/projects/servicedeskn1-fix-simulate-hypothesis/frontend/app/node_modules/react-dom/cjs/react-dom-client.development.js:13249:29) undefined
Error: Not implemented: window.scrollTo
    at module.exports (/home/siegfriedneto/projects/servicedeskn1-fix-simulate-hypothesis/frontend/app/node_modules/jsdom/lib/jsdom/browser/not-implemented.js:9:17)
    at /home/siegfriedneto/projects/servicedeskn1-fix-simulate-hypothesis/frontend/app/node_modules/jsdom/lib/jsdom/browser/Window.js:960:7
    at Object.fn (file:///home/siegfriedneto/projects/servicedeskn1-fix-simulate-hypothesis/frontend/app/node_modules/@tanstack/router-core/dist/esm/scroll-restoration.js:180:27)
    at RouterCore.emit (file:///home/siegfriedneto/projects/servicedeskn1-fix-simulate-hypothesis/frontend/app/node_modules/@tanstack/router-core/dist/esm/router.js:178:14)
    at file:///home/siegfriedneto/projects/servicedeskn1-fix-simulate-hypothesis/frontend/app/node_modules/@tanstack/react-router/dist/esm/Transitioner.js:46:25
    at settleOwner (file:///home/siegfriedneto/projects/servicedeskn1-fix-simulate-hypothesis/frontend/app/node_modules/@tanstack/react-router/dist/esm/Transitioner.js:10:10)
    at file:///home/siegfriedneto/projects/servicedeskn1-fix-simulate-hypothesis/frontend/app/node_modules/@tanstack/react-router/dist/esm/Matches.js:38:39
    at Object.react_stack_bottom_frame (/home/siegfriedneto/projects/servicedeskn1-fix-simulate-hypothesis/frontend/app/node_modules/react-dom/cjs/react-dom-client.development.js:25989:20)
    at runWithFiberInDEV (/home/siegfriedneto/projects/servicedeskn1-fix-simulate-hypothesis/frontend/app/node_modules/react-dom/cjs/react-dom-client.development.js:874:13)
    at commitHookEffectListMount (/home/siegfriedneto/projects/servicedeskn1-fix-simulate-hypothesis/frontend/app/node_modules/react-dom/cjs/react-dom-client.development.js:13249:29) undefined
Error: Not implemented: window.scrollTo
    at module.exports (/home/siegfriedneto/projects/servicedeskn1-fix-simulate-hypothesis/frontend/app/node_modules/jsdom/lib/jsdom/browser/not-implemented.js:9:17)
    at /home/siegfriedneto/projects/servicedeskn1-fix-simulate-hypothesis/frontend/app/node_modules/jsdom/lib/jsdom/browser/Window.js:960:7
    at Object.fn (file:///home/siegfriedneto/projects/servicedeskn1-fix-simulate-hypothesis/frontend/app/node_modules/@tanstack/router-core/dist/esm/scroll-restoration.js:180:27)
    at RouterCore.emit (file:///home/siegfriedneto/projects/servicedeskn1-fix-simulate-hypothesis/frontend/app/node_modules/@tanstack/router-core/dist/esm/router.js:178:14)
    at file:///home/siegfriedneto/projects/servicedeskn1-fix-simulate-hypothesis/frontend/app/node_modules/@tanstack/react-router/dist/esm/Transitioner.js:46:25
    at settleOwner (file:///home/siegfriedneto/projects/servicedeskn1-fix-simulate-hypothesis/frontend/app/node_modules/@tanstack/react-router/dist/esm/Transitioner.js:10:10)
    at file:///home/siegfriedneto/projects/servicedeskn1-fix-simulate-hypothesis/frontend/app/node_modules/@tanstack/react-router/dist/esm/Matches.js:38:39
    at Object.react_stack_bottom_frame (/home/siegfriedneto/projects/servicedeskn1-fix-simulate-hypothesis/frontend/app/node_modules/react-dom/cjs/react-dom-client.development.js:25989:20)
    at runWithFiberInDEV (/home/siegfriedneto/projects/servicedeskn1-fix-simulate-hypothesis/frontend/app/node_modules/react-dom/cjs/react-dom-client.development.js:874:13)
    at commitHookEffectListMount (/home/siegfriedneto/projects/servicedeskn1-fix-simulate-hypothesis/frontend/app/node_modules/react-dom/cjs/react-dom-client.development.js:13249:29) undefined
Error: Not implemented: window.scrollTo
    at module.exports (/home/siegfriedneto/projects/servicedeskn1-fix-simulate-hypothesis/frontend/app/node_modules/jsdom/lib/jsdom/browser/not-implemented.js:9:17)
    at /home/siegfriedneto/projects/servicedeskn1-fix-simulate-hypothesis/frontend/app/node_modules/jsdom/lib/jsdom/browser/Window.js:960:7
    at Object.fn (file:///home/siegfriedneto/projects/servicedeskn1-fix-simulate-hypothesis/frontend/app/node_modules/@tanstack/router-core/dist/esm/scroll-restoration.js:180:27)
    at RouterCore.emit (file:///home/siegfriedneto/projects/servicedeskn1-fix-simulate-hypothesis/frontend/app/node_modules/@tanstack/router-core/dist/esm/router.js:178:14)
    at file:///home/siegfriedneto/projects/servicedeskn1-fix-simulate-hypothesis/frontend/app/node_modules/@tanstack/react-router/dist/esm/Transitioner.js:46:25
    at settleOwner (file:///home/siegfriedneto/projects/servicedeskn1-fix-simulate-hypothesis/frontend/app/node_modules/@tanstack/react-router/dist/esm/Transitioner.js:10:10)
    at file:///home/siegfriedneto/projects/servicedeskn1-fix-simulate-hypothesis/frontend/app/node_modules/@tanstack/react-router/dist/esm/Matches.js:38:39
    at Object.react_stack_bottom_frame (/home/siegfriedneto/projects/servicedeskn1-fix-simulate-hypothesis/frontend/app/node_modules/react-dom/cjs/react-dom-client.development.js:25989:20)
    at runWithFiberInDEV (/home/siegfriedneto/projects/servicedeskn1-fix-simulate-hypothesis/frontend/app/node_modules/react-dom/cjs/react-dom-client.development.js:874:13)
    at commitHookEffectListMount (/home/siegfriedneto/projects/servicedeskn1-fix-simulate-hypothesis/frontend/app/node_modules/react-dom/cjs/react-dom-client.development.js:13249:29) undefined
Error: Not implemented: window.scrollTo
    at module.exports (/home/siegfriedneto/projects/servicedeskn1-fix-simulate-hypothesis/frontend/app/node_modules/jsdom/lib/jsdom/browser/not-implemented.js:9:17)
    at /home/siegfriedneto/projects/servicedeskn1-fix-simulate-hypothesis/frontend/app/node_modules/jsdom/lib/jsdom/browser/Window.js:960:7
    at Object.fn (file:///home/siegfriedneto/projects/servicedeskn1-fix-simulate-hypothesis/frontend/app/node_modules/@tanstack/router-core/dist/esm/scroll-restoration.js:180:27)
    at RouterCore.emit (file:///home/siegfriedneto/projects/servicedeskn1-fix-simulate-hypothesis/frontend/app/node_modules/@tanstack/router-core/dist/esm/router.js:178:14)
    at file:///home/siegfriedneto/projects/servicedeskn1-fix-simulate-hypothesis/frontend/app/node_modules/@tanstack/react-router/dist/esm/Transitioner.js:46:25
    at settleOwner (file:///home/siegfriedneto/projects/servicedeskn1-fix-simulate-hypothesis/frontend/app/node_modules/@tanstack/react-router/dist/esm/Transitioner.js:10:10)
    at file:///home/siegfriedneto/projects/servicedeskn1-fix-simulate-hypothesis/frontend/app/node_modules/@tanstack/react-router/dist/esm/Matches.js:38:39
    at Object.react_stack_bottom_frame (/home/siegfriedneto/projects/servicedeskn1-fix-simulate-hypothesis/frontend/app/node_modules/react-dom/cjs/react-dom-client.development.js:25989:20)
    at runWithFiberInDEV (/home/siegfriedneto/projects/servicedeskn1-fix-simulate-hypothesis/frontend/app/node_modules/react-dom/cjs/react-dom-client.development.js:874:13)
    at commitHookEffectListMount (/home/siegfriedneto/projects/servicedeskn1-fix-simulate-hypothesis/frontend/app/node_modules/react-dom/cjs/react-dom-client.development.js:13249:29) undefined
Error: Not implemented: window.scrollTo
    at module.exports (/home/siegfriedneto/projects/servicedeskn1-fix-simulate-hypothesis/frontend/app/node_modules/jsdom/lib/jsdom/browser/not-implemented.js:9:17)
    at /home/siegfriedneto/projects/servicedeskn1-fix-simulate-hypothesis/frontend/app/node_modules/jsdom/lib/jsdom/browser/Window.js:960:7
    at Object.fn (file:///home/siegfriedneto/projects/servicedeskn1-fix-simulate-hypothesis/frontend/app/node_modules/@tanstack/router-core/dist/esm/scroll-restoration.js:180:27)
    at RouterCore.emit (file:///home/siegfriedneto/projects/servicedeskn1-fix-simulate-hypothesis/frontend/app/node_modules/@tanstack/router-core/dist/esm/router.js:178:14)
    at file:///home/siegfriedneto/projects/servicedeskn1-fix-simulate-hypothesis/frontend/app/node_modules/@tanstack/react-router/dist/esm/Transitioner.js:46:25
    at settleOwner (file:///home/siegfriedneto/projects/servicedeskn1-fix-simulate-hypothesis/frontend/app/node_modules/@tanstack/react-router/dist/esm/Transitioner.js:10:10)
    at file:///home/siegfriedneto/projects/servicedeskn1-fix-simulate-hypothesis/frontend/app/node_modules/@tanstack/react-router/dist/esm/Matches.js:38:39
    at Object.react_stack_bottom_frame (/home/siegfriedneto/projects/servicedeskn1-fix-simulate-hypothesis/frontend/app/node_modules/react-dom/cjs/react-dom-client.development.js:25989:20)
    at runWithFiberInDEV (/home/siegfriedneto/projects/servicedeskn1-fix-simulate-hypothesis/frontend/app/node_modules/react-dom/cjs/react-dom-client.development.js:874:13)
    at commitHookEffectListMount (/home/siegfriedneto/projects/servicedeskn1-fix-simulate-hypothesis/frontend/app/node_modules/react-dom/cjs/react-dom-client.development.js:13249:29) undefined
Error: Not implemented: window.scrollTo
    at module.exports (/home/siegfriedneto/projects/servicedeskn1-fix-simulate-hypothesis/frontend/app/node_modules/jsdom/lib/jsdom/browser/not-implemented.js:9:17)
    at /home/siegfriedneto/projects/servicedeskn1-fix-simulate-hypothesis/frontend/app/node_modules/jsdom/lib/jsdom/browser/Window.js:960:7
    at Object.fn (file:///home/siegfriedneto/projects/servicedeskn1-fix-simulate-hypothesis/frontend/app/node_modules/@tanstack/router-core/dist/esm/scroll-restoration.js:180:27)
    at RouterCore.emit (file:///home/siegfriedneto/projects/servicedeskn1-fix-simulate-hypothesis/frontend/app/node_modules/@tanstack/router-core/dist/esm/router.js:178:14)
    at file:///home/siegfriedneto/projects/servicedeskn1-fix-simulate-hypothesis/frontend/app/node_modules/@tanstack/react-router/dist/esm/Transitioner.js:46:25
    at settleOwner (file:///home/siegfriedneto/projects/servicedeskn1-fix-simulate-hypothesis/frontend/app/node_modules/@tanstack/react-router/dist/esm/Transitioner.js:10:10)
    at file:///home/siegfriedneto/projects/servicedeskn1-fix-simulate-hypothesis/frontend/app/node_modules/@tanstack/react-router/dist/esm/Matches.js:38:39
    at Object.react_stack_bottom_frame (/home/siegfriedneto/projects/servicedeskn1-fix-simulate-hypothesis/frontend/app/node_modules/react-dom/cjs/react-dom-client.development.js:25989:20)
    at runWithFiberInDEV (/home/siegfriedneto/projects/servicedeskn1-fix-simulate-hypothesis/frontend/app/node_modules/react-dom/cjs/react-dom-client.development.js:874:13)
    at commitHookEffectListMount (/home/siegfriedneto/projects/servicedeskn1-fix-simulate-hypothesis/frontend/app/node_modules/react-dom/cjs/react-dom-client.development.js:13249:29) undefined
Error: Not implemented: window.scrollTo
    at module.exports (/home/siegfriedneto/projects/servicedeskn1-fix-simulate-hypothesis/frontend/app/node_modules/jsdom/lib/jsdom/browser/not-implemented.js:9:17)
    at /home/siegfriedneto/projects/servicedeskn1-fix-simulate-hypothesis/frontend/app/node_modules/jsdom/lib/jsdom/browser/Window.js:960:7
    at Object.fn (file:///home/siegfriedneto/projects/servicedeskn1-fix-simulate-hypothesis/frontend/app/node_modules/@tanstack/router-core/dist/esm/scroll-restoration.js:180:27)
    at RouterCore.emit (file:///home/siegfriedneto/projects/servicedeskn1-fix-simulate-hypothesis/frontend/app/node_modules/@tanstack/router-core/dist/esm/router.js:178:14)
    at file:///home/siegfriedneto/projects/servicedeskn1-fix-simulate-hypothesis/frontend/app/node_modules/@tanstack/react-router/dist/esm/Transitioner.js:46:25
    at settleOwner (file:///home/siegfriedneto/projects/servicedeskn1-fix-simulate-hypothesis/frontend/app/node_modules/@tanstack/react-router/dist/esm/Transitioner.js:10:10)
    at file:///home/siegfriedneto/projects/servicedeskn1-fix-simulate-hypothesis/frontend/app/node_modules/@tanstack/react-router/dist/esm/Matches.js:38:39
    at Object.react_stack_bottom_frame (/home/siegfriedneto/projects/servicedeskn1-fix-simulate-hypothesis/frontend/app/node_modules/react-dom/cjs/react-dom-client.development.js:25989:20)
    at runWithFiberInDEV (/home/siegfriedneto/projects/servicedeskn1-fix-simulate-hypothesis/frontend/app/node_modules/react-dom/cjs/react-dom-client.development.js:874:13)
    at commitHookEffectListMount (/home/siegfriedneto/projects/servicedeskn1-fix-simulate-hypothesis/frontend/app/node_modules/react-dom/cjs/react-dom-client.development.js:13249:29) undefined
Error: Not implemented: window.scrollTo
    at module.exports (/home/siegfriedneto/projects/servicedeskn1-fix-simulate-hypothesis/frontend/app/node_modules/jsdom/lib/jsdom/browser/not-implemented.js:9:17)
    at /home/siegfriedneto/projects/servicedeskn1-fix-simulate-hypothesis/frontend/app/node_modules/jsdom/lib/jsdom/browser/Window.js:960:7
    at Object.fn (file:///home/siegfriedneto/projects/servicedeskn1-fix-simulate-hypothesis/frontend/app/node_modules/@tanstack/router-core/dist/esm/scroll-restoration.js:180:27)
    at RouterCore.emit (file:///home/siegfriedneto/projects/servicedeskn1-fix-simulate-hypothesis/frontend/app/node_modules/@tanstack/router-core/dist/esm/router.js:178:14)
    at file:///home/siegfriedneto/projects/servicedeskn1-fix-simulate-hypothesis/frontend/app/node_modules/@tanstack/react-router/dist/esm/Transitioner.js:46:25
    at settleOwner (file:///home/siegfriedneto/projects/servicedeskn1-fix-simulate-hypothesis/frontend/app/node_modules/@tanstack/react-router/dist/esm/Transitioner.js:10:10)
    at file:///home/siegfriedneto/projects/servicedeskn1-fix-simulate-hypothesis/frontend/app/node_modules/@tanstack/react-router/dist/esm/Matches.js:38:39
    at Object.react_stack_bottom_frame (/home/siegfriedneto/projects/servicedeskn1-fix-simulate-hypothesis/frontend/app/node_modules/react-dom/cjs/react-dom-client.development.js:25989:20)
    at runWithFiberInDEV (/home/siegfriedneto/projects/servicedeskn1-fix-simulate-hypothesis/frontend/app/node_modules/react-dom/cjs/react-dom-client.development.js:874:13)
    at commitHookEffectListMount (/home/siegfriedneto/projects/servicedeskn1-fix-simulate-hypothesis/frontend/app/node_modules/react-dom/cjs/react-dom-client.development.js:13249:29) undefined
Error: Not implemented: window.scrollTo
    at module.exports (/home/siegfriedneto/projects/servicedeskn1-fix-simulate-hypothesis/frontend/app/node_modules/jsdom/lib/jsdom/browser/not-implemented.js:9:17)
    at /home/siegfriedneto/projects/servicedeskn1-fix-simulate-hypothesis/frontend/app/node_modules/jsdom/lib/jsdom/browser/Window.js:960:7
    at Object.fn (file:///home/siegfriedneto/projects/servicedeskn1-fix-simulate-hypothesis/frontend/app/node_modules/@tanstack/router-core/dist/esm/scroll-restoration.js:180:27)
    at RouterCore.emit (file:///home/siegfriedneto/projects/servicedeskn1-fix-simulate-hypothesis/frontend/app/node_modules/@tanstack/router-core/dist/esm/router.js:178:14)
    at file:///home/siegfriedneto/projects/servicedeskn1-fix-simulate-hypothesis/frontend/app/node_modules/@tanstack/react-router/dist/esm/Transitioner.js:46:25
    at settleOwner (file:///home/siegfriedneto/projects/servicedeskn1-fix-simulate-hypothesis/frontend/app/node_modules/@tanstack/react-router/dist/esm/Transitioner.js:10:10)
    at file:///home/siegfriedneto/projects/servicedeskn1-fix-simulate-hypothesis/frontend/app/node_modules/@tanstack/react-router/dist/esm/Matches.js:38:39
    at Object.react_stack_bottom_frame (/home/siegfriedneto/projects/servicedeskn1-fix-simulate-hypothesis/frontend/app/node_modules/react-dom/cjs/react-dom-client.development.js:25989:20)
    at runWithFiberInDEV (/home/siegfriedneto/projects/servicedeskn1-fix-simulate-hypothesis/frontend/app/node_modules/react-dom/cjs/react-dom-client.development.js:874:13)
    at commitHookEffectListMount (/home/siegfriedneto/projects/servicedeskn1-fix-simulate-hypothesis/frontend/app/node_modules/react-dom/cjs/react-dom-client.development.js:13249:29) undefined
Error: Not implemented: window.scrollTo
    at module.exports (/home/siegfriedneto/projects/servicedeskn1-fix-simulate-hypothesis/frontend/app/node_modules/jsdom/lib/jsdom/browser/not-implemented.js:9:17)
    at /home/siegfriedneto/projects/servicedeskn1-fix-simulate-hypothesis/frontend/app/node_modules/jsdom/lib/jsdom/browser/Window.js:960:7
    at Object.fn (file:///home/siegfriedneto/projects/servicedeskn1-fix-simulate-hypothesis/frontend/app/node_modules/@tanstack/router-core/dist/esm/scroll-restoration.js:180:27)
    at RouterCore.emit (file:///home/siegfriedneto/projects/servicedeskn1-fix-simulate-hypothesis/frontend/app/node_modules/@tanstack/router-core/dist/esm/router.js:178:14)
    at file:///home/siegfriedneto/projects/servicedeskn1-fix-simulate-hypothesis/frontend/app/node_modules/@tanstack/react-router/dist/esm/Transitioner.js:46:25
    at settleOwner (file:///home/siegfriedneto/projects/servicedeskn1-fix-simulate-hypothesis/frontend/app/node_modules/@tanstack/react-router/dist/esm/Transitioner.js:10:10)
    at file:///home/siegfriedneto/projects/servicedeskn1-fix-simulate-hypothesis/frontend/app/node_modules/@tanstack/react-router/dist/esm/Matches.js:38:39
    at Object.react_stack_bottom_frame (/home/siegfriedneto/projects/servicedeskn1-fix-simulate-hypothesis/frontend/app/node_modules/react-dom/cjs/react-dom-client.development.js:25989:20)
    at runWithFiberInDEV (/home/siegfriedneto/projects/servicedeskn1-fix-simulate-hypothesis/frontend/app/node_modules/react-dom/cjs/react-dom-client.development.js:874:13)
    at commitHookEffectListMount (/home/siegfriedneto/projects/servicedeskn1-fix-simulate-hypothesis/frontend/app/node_modules/react-dom/cjs/react-dom-client.development.js:13249:29) undefined
Error: Not implemented: window.scrollTo
    at module.exports (/home/siegfriedneto/projects/servicedeskn1-fix-simulate-hypothesis/frontend/app/node_modules/jsdom/lib/jsdom/browser/not-implemented.js:9:17)
    at /home/siegfriedneto/projects/servicedeskn1-fix-simulate-hypothesis/frontend/app/node_modules/jsdom/lib/jsdom/browser/Window.js:960:7
    at Object.fn (file:///home/siegfriedneto/projects/servicedeskn1-fix-simulate-hypothesis/frontend/app/node_modules/@tanstack/router-core/dist/esm/scroll-restoration.js:180:27)
    at RouterCore.emit (file:///home/siegfriedneto/projects/servicedeskn1-fix-simulate-hypothesis/frontend/app/node_modules/@tanstack/router-core/dist/esm/router.js:178:14)
    at file:///home/siegfriedneto/projects/servicedeskn1-fix-simulate-hypothesis/frontend/app/node_modules/@tanstack/react-router/dist/esm/Transitioner.js:46:25
    at settleOwner (file:///home/siegfriedneto/projects/servicedeskn1-fix-simulate-hypothesis/frontend/app/node_modules/@tanstack/react-router/dist/esm/Transitioner.js:10:10)
    at file:///home/siegfriedneto/projects/servicedeskn1-fix-simulate-hypothesis/frontend/app/node_modules/@tanstack/react-router/dist/esm/Matches.js:38:39
    at Object.react_stack_bottom_frame (/home/siegfriedneto/projects/servicedeskn1-fix-simulate-hypothesis/frontend/app/node_modules/react-dom/cjs/react-dom-client.development.js:25989:20)
    at runWithFiberInDEV (/home/siegfriedneto/projects/servicedeskn1-fix-simulate-hypothesis/frontend/app/node_modules/react-dom/cjs/react-dom-client.development.js:874:13)
    at commitHookEffectListMount (/home/siegfriedneto/projects/servicedeskn1-fix-simulate-hypothesis/frontend/app/node_modules/react-dom/cjs/react-dom-client.development.js:13249:29) undefined
Error: Not implemented: window.scrollTo
    at module.exports (/home/siegfriedneto/projects/servicedeskn1-fix-simulate-hypothesis/frontend/app/node_modules/jsdom/lib/jsdom/browser/not-implemented.js:9:17)
    at /home/siegfriedneto/projects/servicedeskn1-fix-simulate-hypothesis/frontend/app/node_modules/jsdom/lib/jsdom/browser/Window.js:960:7
    at Object.fn (file:///home/siegfriedneto/projects/servicedeskn1-fix-simulate-hypothesis/frontend/app/node_modules/@tanstack/router-core/dist/esm/scroll-restoration.js:180:27)
    at RouterCore.emit (file:///home/siegfriedneto/projects/servicedeskn1-fix-simulate-hypothesis/frontend/app/node_modules/@tanstack/router-core/dist/esm/router.js:178:14)
    at file:///home/siegfriedneto/projects/servicedeskn1-fix-simulate-hypothesis/frontend/app/node_modules/@tanstack/react-router/dist/esm/Transitioner.js:46:25
    at settleOwner (file:///home/siegfriedneto/projects/servicedeskn1-fix-simulate-hypothesis/frontend/app/node_modules/@tanstack/react-router/dist/esm/Transitioner.js:10:10)
    at file:///home/siegfriedneto/projects/servicedeskn1-fix-simulate-hypothesis/frontend/app/node_modules/@tanstack/react-router/dist/esm/Matches.js:38:39
    at Object.react_stack_bottom_frame (/home/siegfriedneto/projects/servicedeskn1-fix-simulate-hypothesis/frontend/app/node_modules/react-dom/cjs/react-dom-client.development.js:25989:20)
    at runWithFiberInDEV (/home/siegfriedneto/projects/servicedeskn1-fix-simulate-hypothesis/frontend/app/node_modules/react-dom/cjs/react-dom-client.development.js:874:13)
    at commitHookEffectListMount (/home/siegfriedneto/projects/servicedeskn1-fix-simulate-hypothesis/frontend/app/node_modules/react-dom/cjs/react-dom-client.development.js:13249:29) undefined
Error: Not implemented: window.scrollTo
    at module.exports (/home/siegfriedneto/projects/servicedeskn1-fix-simulate-hypothesis/frontend/app/node_modules/jsdom/lib/jsdom/browser/not-implemented.js:9:17)
    at /home/siegfriedneto/projects/servicedeskn1-fix-simulate-hypothesis/frontend/app/node_modules/jsdom/lib/jsdom/browser/Window.js:960:7
    at Object.fn (file:///home/siegfriedneto/projects/servicedeskn1-fix-simulate-hypothesis/frontend/app/node_modules/@tanstack/router-core/dist/esm/scroll-restoration.js:180:27)
    at RouterCore.emit (file:///home/siegfriedneto/projects/servicedeskn1-fix-simulate-hypothesis/frontend/app/node_modules/@tanstack/router-core/dist/esm/router.js:178:14)
    at file:///home/siegfriedneto/projects/servicedeskn1-fix-simulate-hypothesis/frontend/app/node_modules/@tanstack/react-router/dist/esm/Transitioner.js:46:25
    at settleOwner (file:///home/siegfriedneto/projects/servicedeskn1-fix-simulate-hypothesis/frontend/app/node_modules/@tanstack/react-router/dist/esm/Transitioner.js:10:10)
    at file:///home/siegfriedneto/projects/servicedeskn1-fix-simulate-hypothesis/frontend/app/node_modules/@tanstack/react-router/dist/esm/Matches.js:38:39
    at Object.react_stack_bottom_frame (/home/siegfriedneto/projects/servicedeskn1-fix-simulate-hypothesis/frontend/app/node_modules/react-dom/cjs/react-dom-client.development.js:25989:20)
    at runWithFiberInDEV (/home/siegfriedneto/projects/servicedeskn1-fix-simulate-hypothesis/frontend/app/node_modules/react-dom/cjs/react-dom-client.development.js:874:13)
    at commitHookEffectListMount (/home/siegfriedneto/projects/servicedeskn1-fix-simulate-hypothesis/frontend/app/node_modules/react-dom/cjs/react-dom-client.development.js:13249:29) undefined
Error: Not implemented: window.scrollTo
    at module.exports (/home/siegfriedneto/projects/servicedeskn1-fix-simulate-hypothesis/frontend/app/node_modules/jsdom/lib/jsdom/browser/not-implemented.js:9:17)
    at /home/siegfriedneto/projects/servicedeskn1-fix-simulate-hypothesis/frontend/app/node_modules/jsdom/lib/jsdom/browser/Window.js:960:7
    at Object.fn (file:///home/siegfriedneto/projects/servicedeskn1-fix-simulate-hypothesis/frontend/app/node_modules/@tanstack/router-core/dist/esm/scroll-restoration.js:180:27)
    at RouterCore.emit (file:///home/siegfriedneto/projects/servicedeskn1-fix-simulate-hypothesis/frontend/app/node_modules/@tanstack/router-core/dist/esm/router.js:178:14)
    at file:///home/siegfriedneto/projects/servicedeskn1-fix-simulate-hypothesis/frontend/app/node_modules/@tanstack/react-router/dist/esm/Transitioner.js:46:25
    at settleOwner (file:///home/siegfriedneto/projects/servicedeskn1-fix-simulate-hypothesis/frontend/app/node_modules/@tanstack/react-router/dist/esm/Transitioner.js:10:10)
    at file:///home/siegfriedneto/projects/servicedeskn1-fix-simulate-hypothesis/frontend/app/node_modules/@tanstack/react-router/dist/esm/Matches.js:38:39
    at Object.react_stack_bottom_frame (/home/siegfriedneto/projects/servicedeskn1-fix-simulate-hypothesis/frontend/app/node_modules/react-dom/cjs/react-dom-client.development.js:25989:20)
    at runWithFiberInDEV (/home/siegfriedneto/projects/servicedeskn1-fix-simulate-hypothesis/frontend/app/node_modules/react-dom/cjs/react-dom-client.development.js:874:13)
    at commitHookEffectListMount (/home/siegfriedneto/projects/servicedeskn1-fix-simulate-hypothesis/frontend/app/node_modules/react-dom/cjs/react-dom-client.development.js:13249:29) undefined
Error: Not implemented: window.scrollTo
    at module.exports (/home/siegfriedneto/projects/servicedeskn1-fix-simulate-hypothesis/frontend/app/node_modules/jsdom/lib/jsdom/browser/not-implemented.js:9:17)
    at /home/siegfriedneto/projects/servicedeskn1-fix-simulate-hypothesis/frontend/app/node_modules/jsdom/lib/jsdom/browser/Window.js:960:7
    at Object.fn (file:///home/siegfriedneto/projects/servicedeskn1-fix-simulate-hypothesis/frontend/app/node_modules/@tanstack/router-core/dist/esm/scroll-restoration.js:180:27)
    at RouterCore.emit (file:///home/siegfriedneto/projects/servicedeskn1-fix-simulate-hypothesis/frontend/app/node_modules/@tanstack/router-core/dist/esm/router.js:178:14)
    at file:///home/siegfriedneto/projects/servicedeskn1-fix-simulate-hypothesis/frontend/app/node_modules/@tanstack/react-router/dist/esm/Transitioner.js:46:25
    at settleOwner (file:///home/siegfriedneto/projects/servicedeskn1-fix-simulate-hypothesis/frontend/app/node_modules/@tanstack/react-router/dist/esm/Transitioner.js:10:10)
    at file:///home/siegfriedneto/projects/servicedeskn1-fix-simulate-hypothesis/frontend/app/node_modules/@tanstack/react-router/dist/esm/Matches.js:38:39
    at Object.react_stack_bottom_frame (/home/siegfriedneto/projects/servicedeskn1-fix-simulate-hypothesis/frontend/app/node_modules/react-dom/cjs/react-dom-client.development.js:25989:20)
    at runWithFiberInDEV (/home/siegfriedneto/projects/servicedeskn1-fix-simulate-hypothesis/frontend/app/node_modules/react-dom/cjs/react-dom-client.development.js:874:13)
    at commitHookEffectListMount (/home/siegfriedneto/projects/servicedeskn1-fix-simulate-hypothesis/frontend/app/node_modules/react-dom/cjs/react-dom-client.development.js:13249:29) undefined
Error: Not implemented: window.scrollTo
    at module.exports (/home/siegfriedneto/projects/servicedeskn1-fix-simulate-hypothesis/frontend/app/node_modules/jsdom/lib/jsdom/browser/not-implemented.js:9:17)
    at /home/siegfriedneto/projects/servicedeskn1-fix-simulate-hypothesis/frontend/app/node_modules/jsdom/lib/jsdom/browser/Window.js:960:7
    at Object.fn (file:///home/siegfriedneto/projects/servicedeskn1-fix-simulate-hypothesis/frontend/app/node_modules/@tanstack/router-core/dist/esm/scroll-restoration.js:180:27)
    at RouterCore.emit (file:///home/siegfriedneto/projects/servicedeskn1-fix-simulate-hypothesis/frontend/app/node_modules/@tanstack/router-core/dist/esm/router.js:178:14)
    at file:///home/siegfriedneto/projects/servicedeskn1-fix-simulate-hypothesis/frontend/app/node_modules/@tanstack/react-router/dist/esm/Transitioner.js:46:25
    at settleOwner (file:///home/siegfriedneto/projects/servicedeskn1-fix-simulate-hypothesis/frontend/app/node_modules/@tanstack/react-router/dist/esm/Transitioner.js:10:10)
    at file:///home/siegfriedneto/projects/servicedeskn1-fix-simulate-hypothesis/frontend/app/node_modules/@tanstack/react-router/dist/esm/Matches.js:38:39
    at Object.react_stack_bottom_frame (/home/siegfriedneto/projects/servicedeskn1-fix-simulate-hypothesis/frontend/app/node_modules/react-dom/cjs/react-dom-client.development.js:25989:20)
    at runWithFiberInDEV (/home/siegfriedneto/projects/servicedeskn1-fix-simulate-hypothesis/frontend/app/node_modules/react-dom/cjs/react-dom-client.development.js:874:13)
    at commitHookEffectListMount (/home/siegfriedneto/projects/servicedeskn1-fix-simulate-hypothesis/frontend/app/node_modules/react-dom/cjs/react-dom-client.development.js:13249:29) undefined
Error: Not implemented: window.scrollTo
    at module.exports (/home/siegfriedneto/projects/servicedeskn1-fix-simulate-hypothesis/frontend/app/node_modules/jsdom/lib/jsdom/browser/not-implemented.js:9:17)
    at /home/siegfriedneto/projects/servicedeskn1-fix-simulate-hypothesis/frontend/app/node_modules/jsdom/lib/jsdom/browser/Window.js:960:7
    at Object.fn (file:///home/siegfriedneto/projects/servicedeskn1-fix-simulate-hypothesis/frontend/app/node_modules/@tanstack/router-core/dist/esm/scroll-restoration.js:180:27)
    at RouterCore.emit (file:///home/siegfriedneto/projects/servicedeskn1-fix-simulate-hypothesis/frontend/app/node_modules/@tanstack/router-core/dist/esm/router.js:178:14)
    at file:///home/siegfriedneto/projects/servicedeskn1-fix-simulate-hypothesis/frontend/app/node_modules/@tanstack/react-router/dist/esm/Transitioner.js:46:25
    at settleOwner (file:///home/siegfriedneto/projects/servicedeskn1-fix-simulate-hypothesis/frontend/app/node_modules/@tanstack/react-router/dist/esm/Transitioner.js:10:10)
    at file:///home/siegfriedneto/projects/servicedeskn1-fix-simulate-hypothesis/frontend/app/node_modules/@tanstack/react-router/dist/esm/Matches.js:38:39
    at Object.react_stack_bottom_frame (/home/siegfriedneto/projects/servicedeskn1-fix-simulate-hypothesis/frontend/app/node_modules/react-dom/cjs/react-dom-client.development.js:25989:20)
    at runWithFiberInDEV (/home/siegfriedneto/projects/servicedeskn1-fix-simulate-hypothesis/frontend/app/node_modules/react-dom/cjs/react-dom-client.development.js:874:13)
    at commitHookEffectListMount (/home/siegfriedneto/projects/servicedeskn1-fix-simulate-hypothesis/frontend/app/node_modules/react-dom/cjs/react-dom-client.development.js:13249:29) undefined
Error: Not implemented: window.scrollTo
    at module.exports (/home/siegfriedneto/projects/servicedeskn1-fix-simulate-hypothesis/frontend/app/node_modules/jsdom/lib/jsdom/browser/not-implemented.js:9:17)
    at /home/siegfriedneto/projects/servicedeskn1-fix-simulate-hypothesis/frontend/app/node_modules/jsdom/lib/jsdom/browser/Window.js:960:7
    at Object.fn (file:///home/siegfriedneto/projects/servicedeskn1-fix-simulate-hypothesis/frontend/app/node_modules/@tanstack/router-core/dist/esm/scroll-restoration.js:180:27)
    at RouterCore.emit (file:///home/siegfriedneto/projects/servicedeskn1-fix-simulate-hypothesis/frontend/app/node_modules/@tanstack/router-core/dist/esm/router.js:178:14)
    at file:///home/siegfriedneto/projects/servicedeskn1-fix-simulate-hypothesis/frontend/app/node_modules/@tanstack/react-router/dist/esm/Transitioner.js:46:25
    at settleOwner (file:///home/siegfriedneto/projects/servicedeskn1-fix-simulate-hypothesis/frontend/app/node_modules/@tanstack/react-router/dist/esm/Transitioner.js:10:10)
    at file:///home/siegfriedneto/projects/servicedeskn1-fix-simulate-hypothesis/frontend/app/node_modules/@tanstack/react-router/dist/esm/Matches.js:38:39
    at Object.react_stack_bottom_frame (/home/siegfriedneto/projects/servicedeskn1-fix-simulate-hypothesis/frontend/app/node_modules/react-dom/cjs/react-dom-client.development.js:25989:20)
    at runWithFiberInDEV (/home/siegfriedneto/projects/servicedeskn1-fix-simulate-hypothesis/frontend/app/node_modules/react-dom/cjs/react-dom-client.development.js:874:13)
    at commitHookEffectListMount (/home/siegfriedneto/projects/servicedeskn1-fix-simulate-hypothesis/frontend/app/node_modules/react-dom/cjs/react-dom-client.development.js:13249:29) undefined
Error: Not implemented: window.scrollTo
    at module.exports (/home/siegfriedneto/projects/servicedeskn1-fix-simulate-hypothesis/frontend/app/node_modules/jsdom/lib/jsdom/browser/not-implemented.js:9:17)
    at /home/siegfriedneto/projects/servicedeskn1-fix-simulate-hypothesis/frontend/app/node_modules/jsdom/lib/jsdom/browser/Window.js:960:7
    at Object.fn (file:///home/siegfriedneto/projects/servicedeskn1-fix-simulate-hypothesis/frontend/app/node_modules/@tanstack/router-core/dist/esm/scroll-restoration.js:180:27)
    at RouterCore.emit (file:///home/siegfriedneto/projects/servicedeskn1-fix-simulate-hypothesis/frontend/app/node_modules/@tanstack/router-core/dist/esm/router.js:178:14)
    at file:///home/siegfriedneto/projects/servicedeskn1-fix-simulate-hypothesis/frontend/app/node_modules/@tanstack/react-router/dist/esm/Transitioner.js:46:25
    at settleOwner (file:///home/siegfriedneto/projects/servicedeskn1-fix-simulate-hypothesis/frontend/app/node_modules/@tanstack/react-router/dist/esm/Transitioner.js:10:10)
    at file:///home/siegfriedneto/projects/servicedeskn1-fix-simulate-hypothesis/frontend/app/node_modules/@tanstack/react-router/dist/esm/Matches.js:38:39
    at Object.react_stack_bottom_frame (/home/siegfriedneto/projects/servicedeskn1-fix-simulate-hypothesis/frontend/app/node_modules/react-dom/cjs/react-dom-client.development.js:25989:20)
    at runWithFiberInDEV (/home/siegfriedneto/projects/servicedeskn1-fix-simulate-hypothesis/frontend/app/node_modules/react-dom/cjs/react-dom-client.development.js:874:13)
    at commitHookEffectListMount (/home/siegfriedneto/projects/servicedeskn1-fix-simulate-hypothesis/frontend/app/node_modules/react-dom/cjs/react-dom-client.development.js:13249:29) undefined
Error: Not implemented: window.scrollTo
    at module.exports (/home/siegfriedneto/projects/servicedeskn1-fix-simulate-hypothesis/frontend/app/node_modules/jsdom/lib/jsdom/browser/not-implemented.js:9:17)
    at /home/siegfriedneto/projects/servicedeskn1-fix-simulate-hypothesis/frontend/app/node_modules/jsdom/lib/jsdom/browser/Window.js:960:7
    at Object.fn (file:///home/siegfriedneto/projects/servicedeskn1-fix-simulate-hypothesis/frontend/app/node_modules/@tanstack/router-core/dist/esm/scroll-restoration.js:180:27)
    at RouterCore.emit (file:///home/siegfriedneto/projects/servicedeskn1-fix-simulate-hypothesis/frontend/app/node_modules/@tanstack/router-core/dist/esm/router.js:178:14)
    at file:///home/siegfriedneto/projects/servicedeskn1-fix-simulate-hypothesis/frontend/app/node_modules/@tanstack/react-router/dist/esm/Transitioner.js:46:25
    at settleOwner (file:///home/siegfriedneto/projects/servicedeskn1-fix-simulate-hypothesis/frontend/app/node_modules/@tanstack/react-router/dist/esm/Transitioner.js:10:10)
    at file:///home/siegfriedneto/projects/servicedeskn1-fix-simulate-hypothesis/frontend/app/node_modules/@tanstack/react-router/dist/esm/Matches.js:38:39
    at Object.react_stack_bottom_frame (/home/siegfriedneto/projects/servicedeskn1-fix-simulate-hypothesis/frontend/app/node_modules/react-dom/cjs/react-dom-client.development.js:25989:20)
    at runWithFiberInDEV (/home/siegfriedneto/projects/servicedeskn1-fix-simulate-hypothesis/frontend/app/node_modules/react-dom/cjs/react-dom-client.development.js:874:13)
    at commitHookEffectListMount (/home/siegfriedneto/projects/servicedeskn1-fix-simulate-hypothesis/frontend/app/node_modules/react-dom/cjs/react-dom-client.development.js:13249:29) undefined
Error: Not implemented: window.scrollTo
    at module.exports (/home/siegfriedneto/projects/servicedeskn1-fix-simulate-hypothesis/frontend/app/node_modules/jsdom/lib/jsdom/browser/not-implemented.js:9:17)
    at /home/siegfriedneto/projects/servicedeskn1-fix-simulate-hypothesis/frontend/app/node_modules/jsdom/lib/jsdom/browser/Window.js:960:7
    at Object.fn (file:///home/siegfriedneto/projects/servicedeskn1-fix-simulate-hypothesis/frontend/app/node_modules/@tanstack/router-core/dist/esm/scroll-restoration.js:180:27)
    at RouterCore.emit (file:///home/siegfriedneto/projects/servicedeskn1-fix-simulate-hypothesis/frontend/app/node_modules/@tanstack/router-core/dist/esm/router.js:178:14)
    at file:///home/siegfriedneto/projects/servicedeskn1-fix-simulate-hypothesis/frontend/app/node_modules/@tanstack/react-router/dist/esm/Transitioner.js:46:25
    at settleOwner (file:///home/siegfriedneto/projects/servicedeskn1-fix-simulate-hypothesis/frontend/app/node_modules/@tanstack/react-router/dist/esm/Transitioner.js:10:10)
    at file:///home/siegfriedneto/projects/servicedeskn1-fix-simulate-hypothesis/frontend/app/node_modules/@tanstack/react-router/dist/esm/Matches.js:38:39
    at Object.react_stack_bottom_frame (/home/siegfriedneto/projects/servicedeskn1-fix-simulate-hypothesis/frontend/app/node_modules/react-dom/cjs/react-dom-client.development.js:25989:20)
    at runWithFiberInDEV (/home/siegfriedneto/projects/servicedeskn1-fix-simulate-hypothesis/frontend/app/node_modules/react-dom/cjs/react-dom-client.development.js:874:13)
    at commitHookEffectListMount (/home/siegfriedneto/projects/servicedeskn1-fix-simulate-hypothesis/frontend/app/node_modules/react-dom/cjs/react-dom-client.development.js:13249:29) undefined
Error: Not implemented: window.scrollTo
    at module.exports (/home/siegfriedneto/projects/servicedeskn1-fix-simulate-hypothesis/frontend/app/node_modules/jsdom/lib/jsdom/browser/not-implemented.js:9:17)
    at /home/siegfriedneto/projects/servicedeskn1-fix-simulate-hypothesis/frontend/app/node_modules/jsdom/lib/jsdom/browser/Window.js:960:7
    at Object.fn (file:///home/siegfriedneto/projects/servicedeskn1-fix-simulate-hypothesis/frontend/app/node_modules/@tanstack/router-core/dist/esm/scroll-restoration.js:180:27)
    at RouterCore.emit (file:///home/siegfriedneto/projects/servicedeskn1-fix-simulate-hypothesis/frontend/app/node_modules/@tanstack/router-core/dist/esm/router.js:178:14)
    at file:///home/siegfriedneto/projects/servicedeskn1-fix-simulate-hypothesis/frontend/app/node_modules/@tanstack/react-router/dist/esm/Transitioner.js:46:25
    at settleOwner (file:///home/siegfriedneto/projects/servicedeskn1-fix-simulate-hypothesis/frontend/app/node_modules/@tanstack/react-router/dist/esm/Transitioner.js:10:10)
    at file:///home/siegfriedneto/projects/servicedeskn1-fix-simulate-hypothesis/frontend/app/node_modules/@tanstack/react-router/dist/esm/Matches.js:38:39
    at Object.react_stack_bottom_frame (/home/siegfriedneto/projects/servicedeskn1-fix-simulate-hypothesis/frontend/app/node_modules/react-dom/cjs/react-dom-client.development.js:25989:20)
    at runWithFiberInDEV (/home/siegfriedneto/projects/servicedeskn1-fix-simulate-hypothesis/frontend/app/node_modules/react-dom/cjs/react-dom-client.development.js:874:13)
    at commitHookEffectListMount (/home/siegfriedneto/projects/servicedeskn1-fix-simulate-hypothesis/frontend/app/node_modules/react-dom/cjs/react-dom-client.development.js:13249:29) undefined
Error: Not implemented: window.scrollTo
    at module.exports (/home/siegfriedneto/projects/servicedeskn1-fix-simulate-hypothesis/frontend/app/node_modules/jsdom/lib/jsdom/browser/not-implemented.js:9:17)
    at /home/siegfriedneto/projects/servicedeskn1-fix-simulate-hypothesis/frontend/app/node_modules/jsdom/lib/jsdom/browser/Window.js:960:7
    at Object.fn (file:///home/siegfriedneto/projects/servicedeskn1-fix-simulate-hypothesis/frontend/app/node_modules/@tanstack/router-core/dist/esm/scroll-restoration.js:180:27)
    at RouterCore.emit (file:///home/siegfriedneto/projects/servicedeskn1-fix-simulate-hypothesis/frontend/app/node_modules/@tanstack/router-core/dist/esm/router.js:178:14)
    at file:///home/siegfriedneto/projects/servicedeskn1-fix-simulate-hypothesis/frontend/app/node_modules/@tanstack/react-router/dist/esm/Transitioner.js:46:25
    at settleOwner (file:///home/siegfriedneto/projects/servicedeskn1-fix-simulate-hypothesis/frontend/app/node_modules/@tanstack/react-router/dist/esm/Transitioner.js:10:10)
    at file:///home/siegfriedneto/projects/servicedeskn1-fix-simulate-hypothesis/frontend/app/node_modules/@tanstack/react-router/dist/esm/Matches.js:38:39
    at Object.react_stack_bottom_frame (/home/siegfriedneto/projects/servicedeskn1-fix-simulate-hypothesis/frontend/app/node_modules/react-dom/cjs/react-dom-client.development.js:25989:20)
    at runWithFiberInDEV (/home/siegfriedneto/projects/servicedeskn1-fix-simulate-hypothesis/frontend/app/node_modules/react-dom/cjs/react-dom-client.development.js:874:13)
    at commitHookEffectListMount (/home/siegfriedneto/projects/servicedeskn1-fix-simulate-hypothesis/frontend/app/node_modules/react-dom/cjs/react-dom-client.development.js:13249:29) undefined
Error: Not implemented: window.scrollTo
    at module.exports (/home/siegfriedneto/projects/servicedeskn1-fix-simulate-hypothesis/frontend/app/node_modules/jsdom/lib/jsdom/browser/not-implemented.js:9:17)
    at /home/siegfriedneto/projects/servicedeskn1-fix-simulate-hypothesis/frontend/app/node_modules/jsdom/lib/jsdom/browser/Window.js:960:7
    at Object.fn (file:///home/siegfriedneto/projects/servicedeskn1-fix-simulate-hypothesis/frontend/app/node_modules/@tanstack/router-core/dist/esm/scroll-restoration.js:180:27)
    at RouterCore.emit (file:///home/siegfriedneto/projects/servicedeskn1-fix-simulate-hypothesis/frontend/app/node_modules/@tanstack/router-core/dist/esm/router.js:178:14)
    at file:///home/siegfriedneto/projects/servicedeskn1-fix-simulate-hypothesis/frontend/app/node_modules/@tanstack/router-core/dist/esm/load-client.js:943:46
    at Router.batch (file:///home/siegfriedneto/projects/servicedeskn1-fix-simulate-hypothesis/frontend/app/node_modules/@tanstack/store/dist/esm/atom.js:39:5)
    at file:///home/siegfriedneto/projects/servicedeskn1-fix-simulate-hypothesis/frontend/app/node_modules/@tanstack/router-core/dist/esm/load-client.js:936:10
    at runClientTransaction (file:///home/siegfriedneto/projects/servicedeskn1-fix-simulate-hypothesis/frontend/app/node_modules/@tanstack/router-core/dist/esm/load-client.js:902:2)
    at loadClientRoute (file:///home/siegfriedneto/projects/servicedeskn1-fix-simulate-hypothesis/frontend/app/node_modules/@tanstack/router-core/dist/esm/load-client.js:1034:2)
    at RouterCore.load (file:///home/siegfriedneto/projects/servicedeskn1-fix-simulate-hypothesis/frontend/app/node_modules/@tanstack/router-core/dist/esm/router.js:489:4) undefined
Error: Not implemented: window.scrollTo
    at module.exports (/home/siegfriedneto/projects/servicedeskn1-fix-simulate-hypothesis/frontend/app/node_modules/jsdom/lib/jsdom/browser/not-implemented.js:9:17)
    at /home/siegfriedneto/projects/servicedeskn1-fix-simulate-hypothesis/frontend/app/node_modules/jsdom/lib/jsdom/browser/Window.js:960:7
    at Object.fn (file:///home/siegfriedneto/projects/servicedeskn1-fix-simulate-hypothesis/frontend/app/node_modules/@tanstack/router-core/dist/esm/scroll-restoration.js:180:27)
    at RouterCore.emit (file:///home/siegfriedneto/projects/servicedeskn1-fix-simulate-hypothesis/frontend/app/node_modules/@tanstack/router-core/dist/esm/router.js:178:14)
    at file:///home/siegfriedneto/projects/servicedeskn1-fix-simulate-hypothesis/frontend/app/node_modules/@tanstack/react-router/dist/esm/Transitioner.js:46:25
    at settleOwner (file:///home/siegfriedneto/projects/servicedeskn1-fix-simulate-hypothesis/frontend/app/node_modules/@tanstack/react-router/dist/esm/Transitioner.js:10:10)
    at file:///home/siegfriedneto/projects/servicedeskn1-fix-simulate-hypothesis/frontend/app/node_modules/@tanstack/react-router/dist/esm/Matches.js:38:39
    at Object.react_stack_bottom_frame (/home/siegfriedneto/projects/servicedeskn1-fix-simulate-hypothesis/frontend/app/node_modules/react-dom/cjs/react-dom-client.development.js:25989:20)
    at runWithFiberInDEV (/home/siegfriedneto/projects/servicedeskn1-fix-simulate-hypothesis/frontend/app/node_modules/react-dom/cjs/react-dom-client.development.js:874:13)
    at commitHookEffectListMount (/home/siegfriedneto/projects/servicedeskn1-fix-simulate-hypothesis/frontend/app/node_modules/react-dom/cjs/react-dom-client.development.js:13249:29) undefined
Error: Not implemented: window.scrollTo
    at module.exports (/home/siegfriedneto/projects/servicedeskn1-fix-simulate-hypothesis/frontend/app/node_modules/jsdom/lib/jsdom/browser/not-implemented.js:9:17)
    at /home/siegfriedneto/projects/servicedeskn1-fix-simulate-hypothesis/frontend/app/node_modules/jsdom/lib/jsdom/browser/Window.js:960:7
    at Object.fn (file:///home/siegfriedneto/projects/servicedeskn1-fix-simulate-hypothesis/frontend/app/node_modules/@tanstack/router-core/dist/esm/scroll-restoration.js:180:27)
    at RouterCore.emit (file:///home/siegfriedneto/projects/servicedeskn1-fix-simulate-hypothesis/frontend/app/node_modules/@tanstack/router-core/dist/esm/router.js:178:14)
    at file:///home/siegfriedneto/projects/servicedeskn1-fix-simulate-hypothesis/frontend/app/node_modules/@tanstack/react-router/dist/esm/Transitioner.js:46:25
    at settleOwner (file:///home/siegfriedneto/projects/servicedeskn1-fix-simulate-hypothesis/frontend/app/node_modules/@tanstack/react-router/dist/esm/Transitioner.js:10:10)
    at file:///home/siegfriedneto/projects/servicedeskn1-fix-simulate-hypothesis/frontend/app/node_modules/@tanstack/react-router/dist/esm/Matches.js:38:39
    at Object.react_stack_bottom_frame (/home/siegfriedneto/projects/servicedeskn1-fix-simulate-hypothesis/frontend/app/node_modules/react-dom/cjs/react-dom-client.development.js:25989:20)
    at runWithFiberInDEV (/home/siegfriedneto/projects/servicedeskn1-fix-simulate-hypothesis/frontend/app/node_modules/react-dom/cjs/react-dom-client.development.js:874:13)
    at commitHookEffectListMount (/home/siegfriedneto/projects/servicedeskn1-fix-simulate-hypothesis/frontend/app/node_modules/react-dom/cjs/react-dom-client.development.js:13249:29) undefined
Error: Not implemented: window.scrollTo
    at module.exports (/home/siegfriedneto/projects/servicedeskn1-fix-simulate-hypothesis/frontend/app/node_modules/jsdom/lib/jsdom/browser/not-implemented.js:9:17)
    at /home/siegfriedneto/projects/servicedeskn1-fix-simulate-hypothesis/frontend/app/node_modules/jsdom/lib/jsdom/browser/Window.js:960:7
    at Object.fn (file:///home/siegfriedneto/projects/servicedeskn1-fix-simulate-hypothesis/frontend/app/node_modules/@tanstack/router-core/dist/esm/scroll-restoration.js:180:27)
    at RouterCore.emit (file:///home/siegfriedneto/projects/servicedeskn1-fix-simulate-hypothesis/frontend/app/node_modules/@tanstack/router-core/dist/esm/router.js:178:14)
    at file:///home/siegfriedneto/projects/servicedeskn1-fix-simulate-hypothesis/frontend/app/node_modules/@tanstack/react-router/dist/esm/Transitioner.js:46:25
    at settleOwner (file:///home/siegfriedneto/projects/servicedeskn1-fix-simulate-hypothesis/frontend/app/node_modules/@tanstack/react-router/dist/esm/Transitioner.js:10:10)
    at file:///home/siegfriedneto/projects/servicedeskn1-fix-simulate-hypothesis/frontend/app/node_modules/@tanstack/react-router/dist/esm/Matches.js:38:39
    at Object.react_stack_bottom_frame (/home/siegfriedneto/projects/servicedeskn1-fix-simulate-hypothesis/frontend/app/node_modules/react-dom/cjs/react-dom-client.development.js:25989:20)
    at runWithFiberInDEV (/home/siegfriedneto/projects/servicedeskn1-fix-simulate-hypothesis/frontend/app/node_modules/react-dom/cjs/react-dom-client.development.js:874:13)
    at commitHookEffectListMount (/home/siegfriedneto/projects/servicedeskn1-fix-simulate-hypothesis/frontend/app/node_modules/react-dom/cjs/react-dom-client.development.js:13249:29) undefined
Error: Not implemented: window.scrollTo
    at module.exports (/home/siegfriedneto/projects/servicedeskn1-fix-simulate-hypothesis/frontend/app/node_modules/jsdom/lib/jsdom/browser/not-implemented.js:9:17)
    at /home/siegfriedneto/projects/servicedeskn1-fix-simulate-hypothesis/frontend/app/node_modules/jsdom/lib/jsdom/browser/Window.js:960:7
    at Object.fn (file:///home/siegfriedneto/projects/servicedeskn1-fix-simulate-hypothesis/frontend/app/node_modules/@tanstack/router-core/dist/esm/scroll-restoration.js:180:27)
    at RouterCore.emit (file:///home/siegfriedneto/projects/servicedeskn1-fix-simulate-hypothesis/frontend/app/node_modules/@tanstack/router-core/dist/esm/router.js:178:14)
    at file:///home/siegfriedneto/projects/servicedeskn1-fix-simulate-hypothesis/frontend/app/node_modules/@tanstack/react-router/dist/esm/Transitioner.js:46:25
    at settleOwner (file:///home/siegfriedneto/projects/servicedeskn1-fix-simulate-hypothesis/frontend/app/node_modules/@tanstack/react-router/dist/esm/Transitioner.js:10:10)
    at file:///home/siegfriedneto/projects/servicedeskn1-fix-simulate-hypothesis/frontend/app/node_modules/@tanstack/react-router/dist/esm/Matches.js:38:39
    at Object.react_stack_bottom_frame (/home/siegfriedneto/projects/servicedeskn1-fix-simulate-hypothesis/frontend/app/node_modules/react-dom/cjs/react-dom-client.development.js:25989:20)
    at runWithFiberInDEV (/home/siegfriedneto/projects/servicedeskn1-fix-simulate-hypothesis/frontend/app/node_modules/react-dom/cjs/react-dom-client.development.js:874:13)
    at commitHookEffectListMount (/home/siegfriedneto/projects/servicedeskn1-fix-simulate-hypothesis/frontend/app/node_modules/react-dom/cjs/react-dom-client.development.js:13249:29) undefined
Error: Not implemented: window.scrollTo
    at module.exports (/home/siegfriedneto/projects/servicedeskn1-fix-simulate-hypothesis/frontend/app/node_modules/jsdom/lib/jsdom/browser/not-implemented.js:9:17)
    at /home/siegfriedneto/projects/servicedeskn1-fix-simulate-hypothesis/frontend/app/node_modules/jsdom/lib/jsdom/browser/Window.js:960:7
    at Object.fn (file:///home/siegfriedneto/projects/servicedeskn1-fix-simulate-hypothesis/frontend/app/node_modules/@tanstack/router-core/dist/esm/scroll-restoration.js:180:27)
    at RouterCore.emit (file:///home/siegfriedneto/projects/servicedeskn1-fix-simulate-hypothesis/frontend/app/node_modules/@tanstack/router-core/dist/esm/router.js:178:14)
    at file:///home/siegfriedneto/projects/servicedeskn1-fix-simulate-hypothesis/frontend/app/node_modules/@tanstack/react-router/dist/esm/Transitioner.js:46:25
    at settleOwner (file:///home/siegfriedneto/projects/servicedeskn1-fix-simulate-hypothesis/frontend/app/node_modules/@tanstack/react-router/dist/esm/Transitioner.js:10:10)
    at file:///home/siegfriedneto/projects/servicedeskn1-fix-simulate-hypothesis/frontend/app/node_modules/@tanstack/react-router/dist/esm/Matches.js:38:39
    at Object.react_stack_bottom_frame (/home/siegfriedneto/projects/servicedeskn1-fix-simulate-hypothesis/frontend/app/node_modules/react-dom/cjs/react-dom-client.development.js:25989:20)
    at runWithFiberInDEV (/home/siegfriedneto/projects/servicedeskn1-fix-simulate-hypothesis/frontend/app/node_modules/react-dom/cjs/react-dom-client.development.js:874:13)
    at commitHookEffectListMount (/home/siegfriedneto/projects/servicedeskn1-fix-simulate-hypothesis/frontend/app/node_modules/react-dom/cjs/react-dom-client.development.js:13249:29) undefined
Error: Not implemented: window.scrollTo
    at module.exports (/home/siegfriedneto/projects/servicedeskn1-fix-simulate-hypothesis/frontend/app/node_modules/jsdom/lib/jsdom/browser/not-implemented.js:9:17)
    at /home/siegfriedneto/projects/servicedeskn1-fix-simulate-hypothesis/frontend/app/node_modules/jsdom/lib/jsdom/browser/Window.js:960:7
    at Object.fn (file:///home/siegfriedneto/projects/servicedeskn1-fix-simulate-hypothesis/frontend/app/node_modules/@tanstack/router-core/dist/esm/scroll-restoration.js:180:27)
    at RouterCore.emit (file:///home/siegfriedneto/projects/servicedeskn1-fix-simulate-hypothesis/frontend/app/node_modules/@tanstack/router-core/dist/esm/router.js:178:14)
    at file:///home/siegfriedneto/projects/servicedeskn1-fix-simulate-hypothesis/frontend/app/node_modules/@tanstack/react-router/dist/esm/Transitioner.js:46:25
    at settleOwner (file:///home/siegfriedneto/projects/servicedeskn1-fix-simulate-hypothesis/frontend/app/node_modules/@tanstack/react-router/dist/esm/Transitioner.js:10:10)
    at file:///home/siegfriedneto/projects/servicedeskn1-fix-simulate-hypothesis/frontend/app/node_modules/@tanstack/react-router/dist/esm/Matches.js:38:39
    at Object.react_stack_bottom_frame (/home/siegfriedneto/projects/servicedeskn1-fix-simulate-hypothesis/frontend/app/node_modules/react-dom/cjs/react-dom-client.development.js:25989:20)
    at runWithFiberInDEV (/home/siegfriedneto/projects/servicedeskn1-fix-simulate-hypothesis/frontend/app/node_modules/react-dom/cjs/react-dom-client.development.js:874:13)
    at commitHookEffectListMount (/home/siegfriedneto/projects/servicedeskn1-fix-simulate-hypothesis/frontend/app/node_modules/react-dom/cjs/react-dom-client.development.js:13249:29) undefined
Error: Not implemented: window.scrollTo
    at module.exports (/home/siegfriedneto/projects/servicedeskn1-fix-simulate-hypothesis/frontend/app/node_modules/jsdom/lib/jsdom/browser/not-implemented.js:9:17)
    at /home/siegfriedneto/projects/servicedeskn1-fix-simulate-hypothesis/frontend/app/node_modules/jsdom/lib/jsdom/browser/Window.js:960:7
    at Object.fn (file:///home/siegfriedneto/projects/servicedeskn1-fix-simulate-hypothesis/frontend/app/node_modules/@tanstack/router-core/dist/esm/scroll-restoration.js:180:27)
    at RouterCore.emit (file:///home/siegfriedneto/projects/servicedeskn1-fix-simulate-hypothesis/frontend/app/node_modules/@tanstack/router-core/dist/esm/router.js:178:14)
    at file:///home/siegfriedneto/projects/servicedeskn1-fix-simulate-hypothesis/frontend/app/node_modules/@tanstack/react-router/dist/esm/Transitioner.js:46:25
    at settleOwner (file:///home/siegfriedneto/projects/servicedeskn1-fix-simulate-hypothesis/frontend/app/node_modules/@tanstack/react-router/dist/esm/Transitioner.js:10:10)
    at file:///home/siegfriedneto/projects/servicedeskn1-fix-simulate-hypothesis/frontend/app/node_modules/@tanstack/react-router/dist/esm/Matches.js:38:39
    at Object.react_stack_bottom_frame (/home/siegfriedneto/projects/servicedeskn1-fix-simulate-hypothesis/frontend/app/node_modules/react-dom/cjs/react-dom-client.development.js:25989:20)
    at runWithFiberInDEV (/home/siegfriedneto/projects/servicedeskn1-fix-simulate-hypothesis/frontend/app/node_modules/react-dom/cjs/react-dom-client.development.js:874:13)
    at commitHookEffectListMount (/home/siegfriedneto/projects/servicedeskn1-fix-simulate-hypothesis/frontend/app/node_modules/react-dom/cjs/react-dom-client.development.js:13249:29) undefined
Error: Not implemented: window.scrollTo
    at module.exports (/home/siegfriedneto/projects/servicedeskn1-fix-simulate-hypothesis/frontend/app/node_modules/jsdom/lib/jsdom/browser/not-implemented.js:9:17)
    at /home/siegfriedneto/projects/servicedeskn1-fix-simulate-hypothesis/frontend/app/node_modules/jsdom/lib/jsdom/browser/Window.js:960:7
    at Object.fn (file:///home/siegfriedneto/projects/servicedeskn1-fix-simulate-hypothesis/frontend/app/node_modules/@tanstack/router-core/dist/esm/scroll-restoration.js:180:27)
    at RouterCore.emit (file:///home/siegfriedneto/projects/servicedeskn1-fix-simulate-hypothesis/frontend/app/node_modules/@tanstack/router-core/dist/esm/router.js:178:14)
    at file:///home/siegfriedneto/projects/servicedeskn1-fix-simulate-hypothesis/frontend/app/node_modules/@tanstack/react-router/dist/esm/Transitioner.js:46:25
    at settleOwner (file:///home/siegfriedneto/projects/servicedeskn1-fix-simulate-hypothesis/frontend/app/node_modules/@tanstack/react-router/dist/esm/Transitioner.js:10:10)
    at file:///home/siegfriedneto/projects/servicedeskn1-fix-simulate-hypothesis/frontend/app/node_modules/@tanstack/react-router/dist/esm/Matches.js:38:39
    at Object.react_stack_bottom_frame (/home/siegfriedneto/projects/servicedeskn1-fix-simulate-hypothesis/frontend/app/node_modules/react-dom/cjs/react-dom-client.development.js:25989:20)
    at runWithFiberInDEV (/home/siegfriedneto/projects/servicedeskn1-fix-simulate-hypothesis/frontend/app/node_modules/react-dom/cjs/react-dom-client.development.js:874:13)
    at commitHookEffectListMount (/home/siegfriedneto/projects/servicedeskn1-fix-simulate-hypothesis/frontend/app/node_modules/react-dom/cjs/react-dom-client.development.js:13249:29) undefined
Error: Not implemented: window.scrollTo
    at module.exports (/home/siegfriedneto/projects/servicedeskn1-fix-simulate-hypothesis/frontend/app/node_modules/jsdom/lib/jsdom/browser/not-implemented.js:9:17)
    at /home/siegfriedneto/projects/servicedeskn1-fix-simulate-hypothesis/frontend/app/node_modules/jsdom/lib/jsdom/browser/Window.js:960:7
    at Object.fn (file:///home/siegfriedneto/projects/servicedeskn1-fix-simulate-hypothesis/frontend/app/node_modules/@tanstack/router-core/dist/esm/scroll-restoration.js:180:27)
    at RouterCore.emit (file:///home/siegfriedneto/projects/servicedeskn1-fix-simulate-hypothesis/frontend/app/node_modules/@tanstack/router-core/dist/esm/router.js:178:14)
    at file:///home/siegfriedneto/projects/servicedeskn1-fix-simulate-hypothesis/frontend/app/node_modules/@tanstack/react-router/dist/esm/Transitioner.js:46:25
    at settleOwner (file:///home/siegfriedneto/projects/servicedeskn1-fix-simulate-hypothesis/frontend/app/node_modules/@tanstack/react-router/dist/esm/Transitioner.js:10:10)
    at file:///home/siegfriedneto/projects/servicedeskn1-fix-simulate-hypothesis/frontend/app/node_modules/@tanstack/react-router/dist/esm/Matches.js:38:39
    at Object.react_stack_bottom_frame (/home/siegfriedneto/projects/servicedeskn1-fix-simulate-hypothesis/frontend/app/node_modules/react-dom/cjs/react-dom-client.development.js:25989:20)
    at runWithFiberInDEV (/home/siegfriedneto/projects/servicedeskn1-fix-simulate-hypothesis/frontend/app/node_modules/react-dom/cjs/react-dom-client.development.js:874:13)
    at commitHookEffectListMount (/home/siegfriedneto/projects/servicedeskn1-fix-simulate-hypothesis/frontend/app/node_modules/react-dom/cjs/react-dom-client.development.js:13249:29) undefined
Error: Not implemented: window.scrollTo
    at module.exports (/home/siegfriedneto/projects/servicedeskn1-fix-simulate-hypothesis/frontend/app/node_modules/jsdom/lib/jsdom/browser/not-implemented.js:9:17)
    at /home/siegfriedneto/projects/servicedeskn1-fix-simulate-hypothesis/frontend/app/node_modules/jsdom/lib/jsdom/browser/Window.js:960:7
    at Object.fn (file:///home/siegfriedneto/projects/servicedeskn1-fix-simulate-hypothesis/frontend/app/node_modules/@tanstack/router-core/dist/esm/scroll-restoration.js:180:27)
    at RouterCore.emit (file:///home/siegfriedneto/projects/servicedeskn1-fix-simulate-hypothesis/frontend/app/node_modules/@tanstack/router-core/dist/esm/router.js:178:14)
    at file:///home/siegfriedneto/projects/servicedeskn1-fix-simulate-hypothesis/frontend/app/node_modules/@tanstack/react-router/dist/esm/Transitioner.js:46:25
    at settleOwner (file:///home/siegfriedneto/projects/servicedeskn1-fix-simulate-hypothesis/frontend/app/node_modules/@tanstack/react-router/dist/esm/Transitioner.js:10:10)
    at file:///home/siegfriedneto/projects/servicedeskn1-fix-simulate-hypothesis/frontend/app/node_modules/@tanstack/react-router/dist/esm/Matches.js:38:39
    at Object.react_stack_bottom_frame (/home/siegfriedneto/projects/servicedeskn1-fix-simulate-hypothesis/frontend/app/node_modules/react-dom/cjs/react-dom-client.development.js:25989:20)
    at runWithFiberInDEV (/home/siegfriedneto/projects/servicedeskn1-fix-simulate-hypothesis/frontend/app/node_modules/react-dom/cjs/react-dom-client.development.js:874:13)
    at commitHookEffectListMount (/home/siegfriedneto/projects/servicedeskn1-fix-simulate-hypothesis/frontend/app/node_modules/react-dom/cjs/react-dom-client.development.js:13249:29) undefined
Error: Not implemented: window.scrollTo
    at module.exports (/home/siegfriedneto/projects/servicedeskn1-fix-simulate-hypothesis/frontend/app/node_modules/jsdom/lib/jsdom/browser/not-implemented.js:9:17)
    at /home/siegfriedneto/projects/servicedeskn1-fix-simulate-hypothesis/frontend/app/node_modules/jsdom/lib/jsdom/browser/Window.js:960:7
    at Object.fn (file:///home/siegfriedneto/projects/servicedeskn1-fix-simulate-hypothesis/frontend/app/node_modules/@tanstack/router-core/dist/esm/scroll-restoration.js:180:27)
    at RouterCore.emit (file:///home/siegfriedneto/projects/servicedeskn1-fix-simulate-hypothesis/frontend/app/node_modules/@tanstack/router-core/dist/esm/router.js:178:14)
    at file:///home/siegfriedneto/projects/servicedeskn1-fix-simulate-hypothesis/frontend/app/node_modules/@tanstack/router-core/dist/esm/load-client.js:943:46
    at Router.batch (file:///home/siegfriedneto/projects/servicedeskn1-fix-simulate-hypothesis/frontend/app/node_modules/@tanstack/store/dist/esm/atom.js:39:5)
    at file:///home/siegfriedneto/projects/servicedeskn1-fix-simulate-hypothesis/frontend/app/node_modules/@tanstack/router-core/dist/esm/load-client.js:936:10
    at runClientTransaction (file:///home/siegfriedneto/projects/servicedeskn1-fix-simulate-hypothesis/frontend/app/node_modules/@tanstack/router-core/dist/esm/load-client.js:902:2)
    at loadClientRoute (file:///home/siegfriedneto/projects/servicedeskn1-fix-simulate-hypothesis/frontend/app/node_modules/@tanstack/router-core/dist/esm/load-client.js:1034:2)
    at RouterCore.load (file:///home/siegfriedneto/projects/servicedeskn1-fix-simulate-hypothesis/frontend/app/node_modules/@tanstack/router-core/dist/esm/router.js:489:4) undefined
Error: Not implemented: window.scrollTo
    at module.exports (/home/siegfriedneto/projects/servicedeskn1-fix-simulate-hypothesis/frontend/app/node_modules/jsdom/lib/jsdom/browser/not-implemented.js:9:17)
    at /home/siegfriedneto/projects/servicedeskn1-fix-simulate-hypothesis/frontend/app/node_modules/jsdom/lib/jsdom/browser/Window.js:960:7
    at Object.fn (file:///home/siegfriedneto/projects/servicedeskn1-fix-simulate-hypothesis/frontend/app/node_modules/@tanstack/router-core/dist/esm/scroll-restoration.js:180:27)
    at RouterCore.emit (file:///home/siegfriedneto/projects/servicedeskn1-fix-simulate-hypothesis/frontend/app/node_modules/@tanstack/router-core/dist/esm/router.js:178:14)
    at file:///home/siegfriedneto/projects/servicedeskn1-fix-simulate-hypothesis/frontend/app/node_modules/@tanstack/router-core/dist/esm/load-client.js:943:46
    at Router.batch (file:///home/siegfriedneto/projects/servicedeskn1-fix-simulate-hypothesis/frontend/app/node_modules/@tanstack/store/dist/esm/atom.js:39:5)
    at file:///home/siegfriedneto/projects/servicedeskn1-fix-simulate-hypothesis/frontend/app/node_modules/@tanstack/router-core/dist/esm/load-client.js:936:10
    at runClientTransaction (file:///home/siegfriedneto/projects/servicedeskn1-fix-simulate-hypothesis/frontend/app/node_modules/@tanstack/router-core/dist/esm/load-client.js:902:2)
    at loadClientRoute (file:///home/siegfriedneto/projects/servicedeskn1-fix-simulate-hypothesis/frontend/app/node_modules/@tanstack/router-core/dist/esm/load-client.js:1034:2)
    at RouterCore.load (file:///home/siegfriedneto/projects/servicedeskn1-fix-simulate-hypothesis/frontend/app/node_modules/@tanstack/router-core/dist/esm/router.js:489:4) undefined
Error: Not implemented: window.scrollTo
    at module.exports (/home/siegfriedneto/projects/servicedeskn1-fix-simulate-hypothesis/frontend/app/node_modules/jsdom/lib/jsdom/browser/not-implemented.js:9:17)
    at /home/siegfriedneto/projects/servicedeskn1-fix-simulate-hypothesis/frontend/app/node_modules/jsdom/lib/jsdom/browser/Window.js:960:7
    at Object.fn (file:///home/siegfriedneto/projects/servicedeskn1-fix-simulate-hypothesis/frontend/app/node_modules/@tanstack/router-core/dist/esm/scroll-restoration.js:180:27)
    at RouterCore.emit (file:///home/siegfriedneto/projects/servicedeskn1-fix-simulate-hypothesis/frontend/app/node_modules/@tanstack/router-core/dist/esm/router.js:178:14)
    at file:///home/siegfriedneto/projects/servicedeskn1-fix-simulate-hypothesis/frontend/app/node_modules/@tanstack/react-router/dist/esm/Transitioner.js:46:25
    at settleOwner (file:///home/siegfriedneto/projects/servicedeskn1-fix-simulate-hypothesis/frontend/app/node_modules/@tanstack/react-router/dist/esm/Transitioner.js:10:10)
    at file:///home/siegfriedneto/projects/servicedeskn1-fix-simulate-hypothesis/frontend/app/node_modules/@tanstack/react-router/dist/esm/Matches.js:38:39
    at Object.react_stack_bottom_frame (/home/siegfriedneto/projects/servicedeskn1-fix-simulate-hypothesis/frontend/app/node_modules/react-dom/cjs/react-dom-client.development.js:25989:20)
    at runWithFiberInDEV (/home/siegfriedneto/projects/servicedeskn1-fix-simulate-hypothesis/frontend/app/node_modules/react-dom/cjs/react-dom-client.development.js:874:13)
    at commitHookEffectListMount (/home/siegfriedneto/projects/servicedeskn1-fix-simulate-hypothesis/frontend/app/node_modules/react-dom/cjs/react-dom-client.development.js:13249:29) undefined
Error: Not implemented: window.scrollTo
    at module.exports (/home/siegfriedneto/projects/servicedeskn1-fix-simulate-hypothesis/frontend/app/node_modules/jsdom/lib/jsdom/browser/not-implemented.js:9:17)
    at /home/siegfriedneto/projects/servicedeskn1-fix-simulate-hypothesis/frontend/app/node_modules/jsdom/lib/jsdom/browser/Window.js:960:7
    at Object.fn (file:///home/siegfriedneto/projects/servicedeskn1-fix-simulate-hypothesis/frontend/app/node_modules/@tanstack/router-core/dist/esm/scroll-restoration.js:180:27)
    at RouterCore.emit (file:///home/siegfriedneto/projects/servicedeskn1-fix-simulate-hypothesis/frontend/app/node_modules/@tanstack/router-core/dist/esm/router.js:178:14)
    at file:///home/siegfriedneto/projects/servicedeskn1-fix-simulate-hypothesis/frontend/app/node_modules/@tanstack/react-router/dist/esm/Transitioner.js:46:25
    at settleOwner (file:///home/siegfriedneto/projects/servicedeskn1-fix-simulate-hypothesis/frontend/app/node_modules/@tanstack/react-router/dist/esm/Transitioner.js:10:10)
    at file:///home/siegfriedneto/projects/servicedeskn1-fix-simulate-hypothesis/frontend/app/node_modules/@tanstack/react-router/dist/esm/Matches.js:38:39
    at Object.react_stack_bottom_frame (/home/siegfriedneto/projects/servicedeskn1-fix-simulate-hypothesis/frontend/app/node_modules/react-dom/cjs/react-dom-client.development.js:25989:20)
    at runWithFiberInDEV (/home/siegfriedneto/projects/servicedeskn1-fix-simulate-hypothesis/frontend/app/node_modules/react-dom/cjs/react-dom-client.development.js:874:13)
    at commitHookEffectListMount (/home/siegfriedneto/projects/servicedeskn1-fix-simulate-hypothesis/frontend/app/node_modules/react-dom/cjs/react-dom-client.development.js:13249:29) undefined
Error: Not implemented: window.scrollTo
    at module.exports (/home/siegfriedneto/projects/servicedeskn1-fix-simulate-hypothesis/frontend/app/node_modules/jsdom/lib/jsdom/browser/not-implemented.js:9:17)
    at /home/siegfriedneto/projects/servicedeskn1-fix-simulate-hypothesis/frontend/app/node_modules/jsdom/lib/jsdom/browser/Window.js:960:7
    at Object.fn (file:///home/siegfriedneto/projects/servicedeskn1-fix-simulate-hypothesis/frontend/app/node_modules/@tanstack/router-core/dist/esm/scroll-restoration.js:180:27)
    at RouterCore.emit (file:///home/siegfriedneto/projects/servicedeskn1-fix-simulate-hypothesis/frontend/app/node_modules/@tanstack/router-core/dist/esm/router.js:178:14)
    at file:///home/siegfriedneto/projects/servicedeskn1-fix-simulate-hypothesis/frontend/app/node_modules/@tanstack/react-router/dist/esm/Transitioner.js:46:25
    at settleOwner (file:///home/siegfriedneto/projects/servicedeskn1-fix-simulate-hypothesis/frontend/app/node_modules/@tanstack/react-router/dist/esm/Transitioner.js:10:10)
    at file:///home/siegfriedneto/projects/servicedeskn1-fix-simulate-hypothesis/frontend/app/node_modules/@tanstack/react-router/dist/esm/Matches.js:38:39
    at Object.react_stack_bottom_frame (/home/siegfriedneto/projects/servicedeskn1-fix-simulate-hypothesis/frontend/app/node_modules/react-dom/cjs/react-dom-client.development.js:25989:20)
    at runWithFiberInDEV (/home/siegfriedneto/projects/servicedeskn1-fix-simulate-hypothesis/frontend/app/node_modules/react-dom/cjs/react-dom-client.development.js:874:13)
    at commitHookEffectListMount (/home/siegfriedneto/projects/servicedeskn1-fix-simulate-hypothesis/frontend/app/node_modules/react-dom/cjs/react-dom-client.development.js:13249:29) undefined
Error: Not implemented: window.scrollTo
    at module.exports (/home/siegfriedneto/projects/servicedeskn1-fix-simulate-hypothesis/frontend/app/node_modules/jsdom/lib/jsdom/browser/not-implemented.js:9:17)
    at /home/siegfriedneto/projects/servicedeskn1-fix-simulate-hypothesis/frontend/app/node_modules/jsdom/lib/jsdom/browser/Window.js:960:7
    at Object.fn (file:///home/siegfriedneto/projects/servicedeskn1-fix-simulate-hypothesis/frontend/app/node_modules/@tanstack/router-core/dist/esm/scroll-restoration.js:180:27)
    at RouterCore.emit (file:///home/siegfriedneto/projects/servicedeskn1-fix-simulate-hypothesis/frontend/app/node_modules/@tanstack/router-core/dist/esm/router.js:178:14)
    at file:///home/siegfriedneto/projects/servicedeskn1-fix-simulate-hypothesis/frontend/app/node_modules/@tanstack/router-core/dist/esm/load-client.js:943:46
    at Router.batch (file:///home/siegfriedneto/projects/servicedeskn1-fix-simulate-hypothesis/frontend/app/node_modules/@tanstack/store/dist/esm/atom.js:39:5)
    at file:///home/siegfriedneto/projects/servicedeskn1-fix-simulate-hypothesis/frontend/app/node_modules/@tanstack/router-core/dist/esm/load-client.js:936:10
    at runClientTransaction (file:///home/siegfriedneto/projects/servicedeskn1-fix-simulate-hypothesis/frontend/app/node_modules/@tanstack/router-core/dist/esm/load-client.js:902:2)
    at loadClientRoute (file:///home/siegfriedneto/projects/servicedeskn1-fix-simulate-hypothesis/frontend/app/node_modules/@tanstack/router-core/dist/esm/load-client.js:1034:2)
    at RouterCore.load (file:///home/siegfriedneto/projects/servicedeskn1-fix-simulate-hypothesis/frontend/app/node_modules/@tanstack/router-core/dist/esm/router.js:489:4) undefined
Error: Not implemented: window.scrollTo
    at module.exports (/home/siegfriedneto/projects/servicedeskn1-fix-simulate-hypothesis/frontend/app/node_modules/jsdom/lib/jsdom/browser/not-implemented.js:9:17)
    at /home/siegfriedneto/projects/servicedeskn1-fix-simulate-hypothesis/frontend/app/node_modules/jsdom/lib/jsdom/browser/Window.js:960:7
    at Object.fn (file:///home/siegfriedneto/projects/servicedeskn1-fix-simulate-hypothesis/frontend/app/node_modules/@tanstack/router-core/dist/esm/scroll-restoration.js:180:27)
    at RouterCore.emit (file:///home/siegfriedneto/projects/servicedeskn1-fix-simulate-hypothesis/frontend/app/node_modules/@tanstack/router-core/dist/esm/router.js:178:14)
    at file:///home/siegfriedneto/projects/servicedeskn1-fix-simulate-hypothesis/frontend/app/node_modules/@tanstack/react-router/dist/esm/Transitioner.js:46:25
    at settleOwner (file:///home/siegfriedneto/projects/servicedeskn1-fix-simulate-hypothesis/frontend/app/node_modules/@tanstack/react-router/dist/esm/Transitioner.js:10:10)
    at file:///home/siegfriedneto/projects/servicedeskn1-fix-simulate-hypothesis/frontend/app/node_modules/@tanstack/react-router/dist/esm/Matches.js:38:39
    at Object.react_stack_bottom_frame (/home/siegfriedneto/projects/servicedeskn1-fix-simulate-hypothesis/frontend/app/node_modules/react-dom/cjs/react-dom-client.development.js:25989:20)
    at runWithFiberInDEV (/home/siegfriedneto/projects/servicedeskn1-fix-simulate-hypothesis/frontend/app/node_modules/react-dom/cjs/react-dom-client.development.js:874:13)
    at commitHookEffectListMount (/home/siegfriedneto/projects/servicedeskn1-fix-simulate-hypothesis/frontend/app/node_modules/react-dom/cjs/react-dom-client.development.js:13249:29) undefined
Error: Not implemented: window.scrollTo
    at module.exports (/home/siegfriedneto/projects/servicedeskn1-fix-simulate-hypothesis/frontend/app/node_modules/jsdom/lib/jsdom/browser/not-implemented.js:9:17)
    at /home/siegfriedneto/projects/servicedeskn1-fix-simulate-hypothesis/frontend/app/node_modules/jsdom/lib/jsdom/browser/Window.js:960:7
    at Object.fn (file:///home/siegfriedneto/projects/servicedeskn1-fix-simulate-hypothesis/frontend/app/node_modules/@tanstack/router-core/dist/esm/scroll-restoration.js:180:27)
    at RouterCore.emit (file:///home/siegfriedneto/projects/servicedeskn1-fix-simulate-hypothesis/frontend/app/node_modules/@tanstack/router-core/dist/esm/router.js:178:14)
    at file:///home/siegfriedneto/projects/servicedeskn1-fix-simulate-hypothesis/frontend/app/node_modules/@tanstack/react-router/dist/esm/Transitioner.js:46:25
    at settleOwner (file:///home/siegfriedneto/projects/servicedeskn1-fix-simulate-hypothesis/frontend/app/node_modules/@tanstack/react-router/dist/esm/Transitioner.js:10:10)
    at file:///home/siegfriedneto/projects/servicedeskn1-fix-simulate-hypothesis/frontend/app/node_modules/@tanstack/react-router/dist/esm/Matches.js:38:39
    at Object.react_stack_bottom_frame (/home/siegfriedneto/projects/servicedeskn1-fix-simulate-hypothesis/frontend/app/node_modules/react-dom/cjs/react-dom-client.development.js:25989:20)
    at runWithFiberInDEV (/home/siegfriedneto/projects/servicedeskn1-fix-simulate-hypothesis/frontend/app/node_modules/react-dom/cjs/react-dom-client.development.js:874:13)
    at commitHookEffectListMount (/home/siegfriedneto/projects/servicedeskn1-fix-simulate-hypothesis/frontend/app/node_modules/react-dom/cjs/react-dom-client.development.js:13249:29) undefined
Error: Not implemented: window.scrollTo
    at module.exports (/home/siegfriedneto/projects/servicedeskn1-fix-simulate-hypothesis/frontend/app/node_modules/jsdom/lib/jsdom/browser/not-implemented.js:9:17)
    at /home/siegfriedneto/projects/servicedeskn1-fix-simulate-hypothesis/frontend/app/node_modules/jsdom/lib/jsdom/browser/Window.js:960:7
    at Object.fn (file:///home/siegfriedneto/projects/servicedeskn1-fix-simulate-hypothesis/frontend/app/node_modules/@tanstack/router-core/dist/esm/scroll-restoration.js:180:27)
    at RouterCore.emit (file:///home/siegfriedneto/projects/servicedeskn1-fix-simulate-hypothesis/frontend/app/node_modules/@tanstack/router-core/dist/esm/router.js:178:14)
    at file:///home/siegfriedneto/projects/servicedeskn1-fix-simulate-hypothesis/frontend/app/node_modules/@tanstack/react-router/dist/esm/Transitioner.js:46:25
    at settleOwner (file:///home/siegfriedneto/projects/servicedeskn1-fix-simulate-hypothesis/frontend/app/node_modules/@tanstack/react-router/dist/esm/Transitioner.js:10:10)
    at file:///home/siegfriedneto/projects/servicedeskn1-fix-simulate-hypothesis/frontend/app/node_modules/@tanstack/react-router/dist/esm/Matches.js:38:39
    at Object.react_stack_bottom_frame (/home/siegfriedneto/projects/servicedeskn1-fix-simulate-hypothesis/frontend/app/node_modules/react-dom/cjs/react-dom-client.development.js:25989:20)
    at runWithFiberInDEV (/home/siegfriedneto/projects/servicedeskn1-fix-simulate-hypothesis/frontend/app/node_modules/react-dom/cjs/react-dom-client.development.js:874:13)
    at commitHookEffectListMount (/home/siegfriedneto/projects/servicedeskn1-fix-simulate-hypothesis/frontend/app/node_modules/react-dom/cjs/react-dom-client.development.js:13249:29) undefined
Error: Not implemented: window.scrollTo
    at module.exports (/home/siegfriedneto/projects/servicedeskn1-fix-simulate-hypothesis/frontend/app/node_modules/jsdom/lib/jsdom/browser/not-implemented.js:9:17)
    at /home/siegfriedneto/projects/servicedeskn1-fix-simulate-hypothesis/frontend/app/node_modules/jsdom/lib/jsdom/browser/Window.js:960:7
    at Object.fn (file:///home/siegfriedneto/projects/servicedeskn1-fix-simulate-hypothesis/frontend/app/node_modules/@tanstack/router-core/dist/esm/scroll-restoration.js:180:27)
    at RouterCore.emit (file:///home/siegfriedneto/projects/servicedeskn1-fix-simulate-hypothesis/frontend/app/node_modules/@tanstack/router-core/dist/esm/router.js:178:14)
    at file:///home/siegfriedneto/projects/servicedeskn1-fix-simulate-hypothesis/frontend/app/node_modules/@tanstack/router-core/dist/esm/load-client.js:943:46
    at Router.batch (file:///home/siegfriedneto/projects/servicedeskn1-fix-simulate-hypothesis/frontend/app/node_modules/@tanstack/store/dist/esm/atom.js:39:5)
    at file:///home/siegfriedneto/projects/servicedeskn1-fix-simulate-hypothesis/frontend/app/node_modules/@tanstack/router-core/dist/esm/load-client.js:936:10
    at runClientTransaction (file:///home/siegfriedneto/projects/servicedeskn1-fix-simulate-hypothesis/frontend/app/node_modules/@tanstack/router-core/dist/esm/load-client.js:902:2)
    at loadClientRoute (file:///home/siegfriedneto/projects/servicedeskn1-fix-simulate-hypothesis/frontend/app/node_modules/@tanstack/router-core/dist/esm/load-client.js:1034:2)
    at RouterCore.load (file:///home/siegfriedneto/projects/servicedeskn1-fix-simulate-hypothesis/frontend/app/node_modules/@tanstack/router-core/dist/esm/router.js:489:4) undefined
Error: Not implemented: window.scrollTo
    at module.exports (/home/siegfriedneto/projects/servicedeskn1-fix-simulate-hypothesis/frontend/app/node_modules/jsdom/lib/jsdom/browser/not-implemented.js:9:17)
    at /home/siegfriedneto/projects/servicedeskn1-fix-simulate-hypothesis/frontend/app/node_modules/jsdom/lib/jsdom/browser/Window.js:960:7
    at Object.fn (file:///home/siegfriedneto/projects/servicedeskn1-fix-simulate-hypothesis/frontend/app/node_modules/@tanstack/router-core/dist/esm/scroll-restoration.js:180:27)
    at RouterCore.emit (file:///home/siegfriedneto/projects/servicedeskn1-fix-simulate-hypothesis/frontend/app/node_modules/@tanstack/router-core/dist/esm/router.js:178:14)
    at file:///home/siegfriedneto/projects/servicedeskn1-fix-simulate-hypothesis/frontend/app/node_modules/@tanstack/react-router/dist/esm/Transitioner.js:46:25
    at settleOwner (file:///home/siegfriedneto/projects/servicedeskn1-fix-simulate-hypothesis/frontend/app/node_modules/@tanstack/react-router/dist/esm/Transitioner.js:10:10)
    at file:///home/siegfriedneto/projects/servicedeskn1-fix-simulate-hypothesis/frontend/app/node_modules/@tanstack/react-router/dist/esm/Matches.js:38:39
    at Object.react_stack_bottom_frame (/home/siegfriedneto/projects/servicedeskn1-fix-simulate-hypothesis/frontend/app/node_modules/react-dom/cjs/react-dom-client.development.js:25989:20)
    at runWithFiberInDEV (/home/siegfriedneto/projects/servicedeskn1-fix-simulate-hypothesis/frontend/app/node_modules/react-dom/cjs/react-dom-client.development.js:874:13)
    at commitHookEffectListMount (/home/siegfriedneto/projects/servicedeskn1-fix-simulate-hypothesis/frontend/app/node_modules/react-dom/cjs/react-dom-client.development.js:13249:29) undefined
Error: Not implemented: window.scrollTo
    at module.exports (/home/siegfriedneto/projects/servicedeskn1-fix-simulate-hypothesis/frontend/app/node_modules/jsdom/lib/jsdom/browser/not-implemented.js:9:17)
    at /home/siegfriedneto/projects/servicedeskn1-fix-simulate-hypothesis/frontend/app/node_modules/jsdom/lib/jsdom/browser/Window.js:960:7
    at Object.fn (file:///home/siegfriedneto/projects/servicedeskn1-fix-simulate-hypothesis/frontend/app/node_modules/@tanstack/router-core/dist/esm/scroll-restoration.js:180:27)
    at RouterCore.emit (file:///home/siegfriedneto/projects/servicedeskn1-fix-simulate-hypothesis/frontend/app/node_modules/@tanstack/router-core/dist/esm/router.js:178:14)
    at file:///home/siegfriedneto/projects/servicedeskn1-fix-simulate-hypothesis/frontend/app/node_modules/@tanstack/react-router/dist/esm/Transitioner.js:46:25
    at settleOwner (file:///home/siegfriedneto/projects/servicedeskn1-fix-simulate-hypothesis/frontend/app/node_modules/@tanstack/react-router/dist/esm/Transitioner.js:10:10)
    at file:///home/siegfriedneto/projects/servicedeskn1-fix-simulate-hypothesis/frontend/app/node_modules/@tanstack/react-router/dist/esm/Matches.js:38:39
    at Object.react_stack_bottom_frame (/home/siegfriedneto/projects/servicedeskn1-fix-simulate-hypothesis/frontend/app/node_modules/react-dom/cjs/react-dom-client.development.js:25989:20)
    at runWithFiberInDEV (/home/siegfriedneto/projects/servicedeskn1-fix-simulate-hypothesis/frontend/app/node_modules/react-dom/cjs/react-dom-client.development.js:874:13)
    at commitHookEffectListMount (/home/siegfriedneto/projects/servicedeskn1-fix-simulate-hypothesis/frontend/app/node_modules/react-dom/cjs/react-dom-client.development.js:13249:29) undefined
Error: Not implemented: window.scrollTo
    at module.exports (/home/siegfriedneto/projects/servicedeskn1-fix-simulate-hypothesis/frontend/app/node_modules/jsdom/lib/jsdom/browser/not-implemented.js:9:17)
    at /home/siegfriedneto/projects/servicedeskn1-fix-simulate-hypothesis/frontend/app/node_modules/jsdom/lib/jsdom/browser/Window.js:960:7
    at Object.fn (file:///home/siegfriedneto/projects/servicedeskn1-fix-simulate-hypothesis/frontend/app/node_modules/@tanstack/router-core/dist/esm/scroll-restoration.js:180:27)
    at RouterCore.emit (file:///home/siegfriedneto/projects/servicedeskn1-fix-simulate-hypothesis/frontend/app/node_modules/@tanstack/router-core/dist/esm/router.js:178:14)
    at file:///home/siegfriedneto/projects/servicedeskn1-fix-simulate-hypothesis/frontend/app/node_modules/@tanstack/react-router/dist/esm/Transitioner.js:46:25
    at settleOwner (file:///home/siegfriedneto/projects/servicedeskn1-fix-simulate-hypothesis/frontend/app/node_modules/@tanstack/react-router/dist/esm/Transitioner.js:10:10)
    at file:///home/siegfriedneto/projects/servicedeskn1-fix-simulate-hypothesis/frontend/app/node_modules/@tanstack/react-router/dist/esm/Matches.js:38:39
    at Object.react_stack_bottom_frame (/home/siegfriedneto/projects/servicedeskn1-fix-simulate-hypothesis/frontend/app/node_modules/react-dom/cjs/react-dom-client.development.js:25989:20)
    at runWithFiberInDEV (/home/siegfriedneto/projects/servicedeskn1-fix-simulate-hypothesis/frontend/app/node_modules/react-dom/cjs/react-dom-client.development.js:874:13)
    at commitHookEffectListMount (/home/siegfriedneto/projects/servicedeskn1-fix-simulate-hypothesis/frontend/app/node_modules/react-dom/cjs/react-dom-client.development.js:13249:29) undefined
Error: Not implemented: window.scrollTo
    at module.exports (/home/siegfriedneto/projects/servicedeskn1-fix-simulate-hypothesis/frontend/app/node_modules/jsdom/lib/jsdom/browser/not-implemented.js:9:17)
    at /home/siegfriedneto/projects/servicedeskn1-fix-simulate-hypothesis/frontend/app/node_modules/jsdom/lib/jsdom/browser/Window.js:960:7
    at Object.fn (file:///home/siegfriedneto/projects/servicedeskn1-fix-simulate-hypothesis/frontend/app/node_modules/@tanstack/router-core/dist/esm/scroll-restoration.js:180:27)
    at RouterCore.emit (file:///home/siegfriedneto/projects/servicedeskn1-fix-simulate-hypothesis/frontend/app/node_modules/@tanstack/router-core/dist/esm/router.js:178:14)
    at file:///home/siegfriedneto/projects/servicedeskn1-fix-simulate-hypothesis/frontend/app/node_modules/@tanstack/router-core/dist/esm/load-client.js:943:46
    at Router.batch (file:///home/siegfriedneto/projects/servicedeskn1-fix-simulate-hypothesis/frontend/app/node_modules/@tanstack/store/dist/esm/atom.js:39:5)
    at file:///home/siegfriedneto/projects/servicedeskn1-fix-simulate-hypothesis/frontend/app/node_modules/@tanstack/router-core/dist/esm/load-client.js:936:10
    at runClientTransaction (file:///home/siegfriedneto/projects/servicedeskn1-fix-simulate-hypothesis/frontend/app/node_modules/@tanstack/router-core/dist/esm/load-client.js:902:2)
    at loadClientRoute (file:///home/siegfriedneto/projects/servicedeskn1-fix-simulate-hypothesis/frontend/app/node_modules/@tanstack/router-core/dist/esm/load-client.js:1034:2)
    at RouterCore.load (file:///home/siegfriedneto/projects/servicedeskn1-fix-simulate-hypothesis/frontend/app/node_modules/@tanstack/router-core/dist/esm/router.js:489:4) undefined
Error: Not implemented: window.scrollTo
    at module.exports (/home/siegfriedneto/projects/servicedeskn1-fix-simulate-hypothesis/frontend/app/node_modules/jsdom/lib/jsdom/browser/not-implemented.js:9:17)
    at /home/siegfriedneto/projects/servicedeskn1-fix-simulate-hypothesis/frontend/app/node_modules/jsdom/lib/jsdom/browser/Window.js:960:7
    at Object.fn (file:///home/siegfriedneto/projects/servicedeskn1-fix-simulate-hypothesis/frontend/app/node_modules/@tanstack/router-core/dist/esm/scroll-restoration.js:180:27)
    at RouterCore.emit (file:///home/siegfriedneto/projects/servicedeskn1-fix-simulate-hypothesis/frontend/app/node_modules/@tanstack/router-core/dist/esm/router.js:178:14)
    at file:///home/siegfriedneto/projects/servicedeskn1-fix-simulate-hypothesis/frontend/app/node_modules/@tanstack/react-router/dist/esm/Transitioner.js:46:25
    at settleOwner (file:///home/siegfriedneto/projects/servicedeskn1-fix-simulate-hypothesis/frontend/app/node_modules/@tanstack/react-router/dist/esm/Transitioner.js:10:10)
    at file:///home/siegfriedneto/projects/servicedeskn1-fix-simulate-hypothesis/frontend/app/node_modules/@tanstack/react-router/dist/esm/Matches.js:38:39
    at Object.react_stack_bottom_frame (/home/siegfriedneto/projects/servicedeskn1-fix-simulate-hypothesis/frontend/app/node_modules/react-dom/cjs/react-dom-client.development.js:25989:20)
    at runWithFiberInDEV (/home/siegfriedneto/projects/servicedeskn1-fix-simulate-hypothesis/frontend/app/node_modules/react-dom/cjs/react-dom-client.development.js:874:13)
    at commitHookEffectListMount (/home/siegfriedneto/projects/servicedeskn1-fix-simulate-hypothesis/frontend/app/node_modules/react-dom/cjs/react-dom-client.development.js:13249:29) undefined
Error: Not implemented: window.scrollTo
    at module.exports (/home/siegfriedneto/projects/servicedeskn1-fix-simulate-hypothesis/frontend/app/node_modules/jsdom/lib/jsdom/browser/not-implemented.js:9:17)
    at /home/siegfriedneto/projects/servicedeskn1-fix-simulate-hypothesis/frontend/app/node_modules/jsdom/lib/jsdom/browser/Window.js:960:7
    at Object.fn (file:///home/siegfriedneto/projects/servicedeskn1-fix-simulate-hypothesis/frontend/app/node_modules/@tanstack/router-core/dist/esm/scroll-restoration.js:180:27)
    at RouterCore.emit (file:///home/siegfriedneto/projects/servicedeskn1-fix-simulate-hypothesis/frontend/app/node_modules/@tanstack/router-core/dist/esm/router.js:178:14)
    at file:///home/siegfriedneto/projects/servicedeskn1-fix-simulate-hypothesis/frontend/app/node_modules/@tanstack/react-router/dist/esm/Transitioner.js:46:25
    at settleOwner (file:///home/siegfriedneto/projects/servicedeskn1-fix-simulate-hypothesis/frontend/app/node_modules/@tanstack/react-router/dist/esm/Transitioner.js:10:10)
    at file:///home/siegfriedneto/projects/servicedeskn1-fix-simulate-hypothesis/frontend/app/node_modules/@tanstack/react-router/dist/esm/Matches.js:38:39
    at Object.react_stack_bottom_frame (/home/siegfriedneto/projects/servicedeskn1-fix-simulate-hypothesis/frontend/app/node_modules/react-dom/cjs/react-dom-client.development.js:25989:20)
    at runWithFiberInDEV (/home/siegfriedneto/projects/servicedeskn1-fix-simulate-hypothesis/frontend/app/node_modules/react-dom/cjs/react-dom-client.development.js:874:13)
    at commitHookEffectListMount (/home/siegfriedneto/projects/servicedeskn1-fix-simulate-hypothesis/frontend/app/node_modules/react-dom/cjs/react-dom-client.development.js:13249:29) undefined
Error: Not implemented: window.scrollTo
    at module.exports (/home/siegfriedneto/projects/servicedeskn1-fix-simulate-hypothesis/frontend/app/node_modules/jsdom/lib/jsdom/browser/not-implemented.js:9:17)
    at /home/siegfriedneto/projects/servicedeskn1-fix-simulate-hypothesis/frontend/app/node_modules/jsdom/lib/jsdom/browser/Window.js:960:7
    at Object.fn (file:///home/siegfriedneto/projects/servicedeskn1-fix-simulate-hypothesis/frontend/app/node_modules/@tanstack/router-core/dist/esm/scroll-restoration.js:180:27)
    at RouterCore.emit (file:///home/siegfriedneto/projects/servicedeskn1-fix-simulate-hypothesis/frontend/app/node_modules/@tanstack/router-core/dist/esm/router.js:178:14)
    at file:///home/siegfriedneto/projects/servicedeskn1-fix-simulate-hypothesis/frontend/app/node_modules/@tanstack/router-core/dist/esm/load-client.js:943:46
    at Router.batch (file:///home/siegfriedneto/projects/servicedeskn1-fix-simulate-hypothesis/frontend/app/node_modules/@tanstack/store/dist/esm/atom.js:39:5)
    at file:///home/siegfriedneto/projects/servicedeskn1-fix-simulate-hypothesis/frontend/app/node_modules/@tanstack/router-core/dist/esm/load-client.js:936:10
    at runClientTransaction (file:///home/siegfriedneto/projects/servicedeskn1-fix-simulate-hypothesis/frontend/app/node_modules/@tanstack/router-core/dist/esm/load-client.js:902:2)
    at loadClientRoute (file:///home/siegfriedneto/projects/servicedeskn1-fix-simulate-hypothesis/frontend/app/node_modules/@tanstack/router-core/dist/esm/load-client.js:1034:2)
    at RouterCore.load (file:///home/siegfriedneto/projects/servicedeskn1-fix-simulate-hypothesis/frontend/app/node_modules/@tanstack/router-core/dist/esm/router.js:489:4) undefined
Error: Not implemented: window.scrollTo
    at module.exports (/home/siegfriedneto/projects/servicedeskn1-fix-simulate-hypothesis/frontend/app/node_modules/jsdom/lib/jsdom/browser/not-implemented.js:9:17)
    at /home/siegfriedneto/projects/servicedeskn1-fix-simulate-hypothesis/frontend/app/node_modules/jsdom/lib/jsdom/browser/Window.js:960:7
    at Object.fn (file:///home/siegfriedneto/projects/servicedeskn1-fix-simulate-hypothesis/frontend/app/node_modules/@tanstack/router-core/dist/esm/scroll-restoration.js:180:27)
    at RouterCore.emit (file:///home/siegfriedneto/projects/servicedeskn1-fix-simulate-hypothesis/frontend/app/node_modules/@tanstack/router-core/dist/esm/router.js:178:14)
    at file:///home/siegfriedneto/projects/servicedeskn1-fix-simulate-hypothesis/frontend/app/node_modules/@tanstack/react-router/dist/esm/Transitioner.js:46:25
    at settleOwner (file:///home/siegfriedneto/projects/servicedeskn1-fix-simulate-hypothesis/frontend/app/node_modules/@tanstack/react-router/dist/esm/Transitioner.js:10:10)
    at file:///home/siegfriedneto/projects/servicedeskn1-fix-simulate-hypothesis/frontend/app/node_modules/@tanstack/react-router/dist/esm/Matches.js:38:39
    at Object.react_stack_bottom_frame (/home/siegfriedneto/projects/servicedeskn1-fix-simulate-hypothesis/frontend/app/node_modules/react-dom/cjs/react-dom-client.development.js:25989:20)
    at runWithFiberInDEV (/home/siegfriedneto/projects/servicedeskn1-fix-simulate-hypothesis/frontend/app/node_modules/react-dom/cjs/react-dom-client.development.js:874:13)
    at commitHookEffectListMount (/home/siegfriedneto/projects/servicedeskn1-fix-simulate-hypothesis/frontend/app/node_modules/react-dom/cjs/react-dom-client.development.js:13249:29) undefined
Error: Not implemented: window.scrollTo
    at module.exports (/home/siegfriedneto/projects/servicedeskn1-fix-simulate-hypothesis/frontend/app/node_modules/jsdom/lib/jsdom/browser/not-implemented.js:9:17)
    at /home/siegfriedneto/projects/servicedeskn1-fix-simulate-hypothesis/frontend/app/node_modules/jsdom/lib/jsdom/browser/Window.js:960:7
    at Object.fn (file:///home/siegfriedneto/projects/servicedeskn1-fix-simulate-hypothesis/frontend/app/node_modules/@tanstack/router-core/dist/esm/scroll-restoration.js:180:27)
    at RouterCore.emit (file:///home/siegfriedneto/projects/servicedeskn1-fix-simulate-hypothesis/frontend/app/node_modules/@tanstack/router-core/dist/esm/router.js:178:14)
    at file:///home/siegfriedneto/projects/servicedeskn1-fix-simulate-hypothesis/frontend/app/node_modules/@tanstack/react-router/dist/esm/Transitioner.js:46:25
    at settleOwner (file:///home/siegfriedneto/projects/servicedeskn1-fix-simulate-hypothesis/frontend/app/node_modules/@tanstack/react-router/dist/esm/Transitioner.js:10:10)
    at file:///home/siegfriedneto/projects/servicedeskn1-fix-simulate-hypothesis/frontend/app/node_modules/@tanstack/react-router/dist/esm/Matches.js:38:39
    at Object.react_stack_bottom_frame (/home/siegfriedneto/projects/servicedeskn1-fix-simulate-hypothesis/frontend/app/node_modules/react-dom/cjs/react-dom-client.development.js:25989:20)
    at runWithFiberInDEV (/home/siegfriedneto/projects/servicedeskn1-fix-simulate-hypothesis/frontend/app/node_modules/react-dom/cjs/react-dom-client.development.js:874:13)
    at commitHookEffectListMount (/home/siegfriedneto/projects/servicedeskn1-fix-simulate-hypothesis/frontend/app/node_modules/react-dom/cjs/react-dom-client.development.js:13249:29) undefined
Error: Not implemented: window.scrollTo
    at module.exports (/home/siegfriedneto/projects/servicedeskn1-fix-simulate-hypothesis/frontend/app/node_modules/jsdom/lib/jsdom/browser/not-implemented.js:9:17)
    at /home/siegfriedneto/projects/servicedeskn1-fix-simulate-hypothesis/frontend/app/node_modules/jsdom/lib/jsdom/browser/Window.js:960:7
    at Object.fn (file:///home/siegfriedneto/projects/servicedeskn1-fix-simulate-hypothesis/frontend/app/node_modules/@tanstack/router-core/dist/esm/scroll-restoration.js:180:27)
    at RouterCore.emit (file:///home/siegfriedneto/projects/servicedeskn1-fix-simulate-hypothesis/frontend/app/node_modules/@tanstack/router-core/dist/esm/router.js:178:14)
    at file:///home/siegfriedneto/projects/servicedeskn1-fix-simulate-hypothesis/frontend/app/node_modules/@tanstack/react-router/dist/esm/Transitioner.js:46:25
    at settleOwner (file:///home/siegfriedneto/projects/servicedeskn1-fix-simulate-hypothesis/frontend/app/node_modules/@tanstack/react-router/dist/esm/Transitioner.js:10:10)
    at file:///home/siegfriedneto/projects/servicedeskn1-fix-simulate-hypothesis/frontend/app/node_modules/@tanstack/react-router/dist/esm/Matches.js:38:39
    at Object.react_stack_bottom_frame (/home/siegfriedneto/projects/servicedeskn1-fix-simulate-hypothesis/frontend/app/node_modules/react-dom/cjs/react-dom-client.development.js:25989:20)
    at runWithFiberInDEV (/home/siegfriedneto/projects/servicedeskn1-fix-simulate-hypothesis/frontend/app/node_modules/react-dom/cjs/react-dom-client.development.js:874:13)
    at commitHookEffectListMount (/home/siegfriedneto/projects/servicedeskn1-fix-simulate-hypothesis/frontend/app/node_modules/react-dom/cjs/react-dom-client.development.js:13249:29) undefined
Error: Not implemented: window.scrollTo
    at module.exports (/home/siegfriedneto/projects/servicedeskn1-fix-simulate-hypothesis/frontend/app/node_modules/jsdom/lib/jsdom/browser/not-implemented.js:9:17)
    at /home/siegfriedneto/projects/servicedeskn1-fix-simulate-hypothesis/frontend/app/node_modules/jsdom/lib/jsdom/browser/Window.js:960:7
    at Object.fn (file:///home/siegfriedneto/projects/servicedeskn1-fix-simulate-hypothesis/frontend/app/node_modules/@tanstack/router-core/dist/esm/scroll-restoration.js:180:27)
    at RouterCore.emit (file:///home/siegfriedneto/projects/servicedeskn1-fix-simulate-hypothesis/frontend/app/node_modules/@tanstack/router-core/dist/esm/router.js:178:14)
    at file:///home/siegfriedneto/projects/servicedeskn1-fix-simulate-hypothesis/frontend/app/node_modules/@tanstack/react-router/dist/esm/Transitioner.js:46:25
    at settleOwner (file:///home/siegfriedneto/projects/servicedeskn1-fix-simulate-hypothesis/frontend/app/node_modules/@tanstack/react-router/dist/esm/Transitioner.js:10:10)
    at file:///home/siegfriedneto/projects/servicedeskn1-fix-simulate-hypothesis/frontend/app/node_modules/@tanstack/react-router/dist/esm/Matches.js:38:39
    at Object.react_stack_bottom_frame (/home/siegfriedneto/projects/servicedeskn1-fix-simulate-hypothesis/frontend/app/node_modules/react-dom/cjs/react-dom-client.development.js:25989:20)
    at runWithFiberInDEV (/home/siegfriedneto/projects/servicedeskn1-fix-simulate-hypothesis/frontend/app/node_modules/react-dom/cjs/react-dom-client.development.js:874:13)
    at commitHookEffectListMount (/home/siegfriedneto/projects/servicedeskn1-fix-simulate-hypothesis/frontend/app/node_modules/react-dom/cjs/react-dom-client.development.js:13249:29) undefined
Error: Not implemented: window.scrollTo
    at module.exports (/home/siegfriedneto/projects/servicedeskn1-fix-simulate-hypothesis/frontend/app/node_modules/jsdom/lib/jsdom/browser/not-implemented.js:9:17)
    at /home/siegfriedneto/projects/servicedeskn1-fix-simulate-hypothesis/frontend/app/node_modules/jsdom/lib/jsdom/browser/Window.js:960:7
    at Object.fn (file:///home/siegfriedneto/projects/servicedeskn1-fix-simulate-hypothesis/frontend/app/node_modules/@tanstack/router-core/dist/esm/scroll-restoration.js:180:27)
    at RouterCore.emit (file:///home/siegfriedneto/projects/servicedeskn1-fix-simulate-hypothesis/frontend/app/node_modules/@tanstack/router-core/dist/esm/router.js:178:14)
    at file:///home/siegfriedneto/projects/servicedeskn1-fix-simulate-hypothesis/frontend/app/node_modules/@tanstack/react-router/dist/esm/Transitioner.js:46:25
    at settleOwner (file:///home/siegfriedneto/projects/servicedeskn1-fix-simulate-hypothesis/frontend/app/node_modules/@tanstack/react-router/dist/esm/Transitioner.js:10:10)
    at file:///home/siegfriedneto/projects/servicedeskn1-fix-simulate-hypothesis/frontend/app/node_modules/@tanstack/react-router/dist/esm/Matches.js:38:39
    at Object.react_stack_bottom_frame (/home/siegfriedneto/projects/servicedeskn1-fix-simulate-hypothesis/frontend/app/node_modules/react-dom/cjs/react-dom-client.development.js:25989:20)
    at runWithFiberInDEV (/home/siegfriedneto/projects/servicedeskn1-fix-simulate-hypothesis/frontend/app/node_modules/react-dom/cjs/react-dom-client.development.js:874:13)
    at commitHookEffectListMount (/home/siegfriedneto/projects/servicedeskn1-fix-simulate-hypothesis/frontend/app/node_modules/react-dom/cjs/react-dom-client.development.js:13249:29) undefined
Error: Not implemented: window.scrollTo
    at module.exports (/home/siegfriedneto/projects/servicedeskn1-fix-simulate-hypothesis/frontend/app/node_modules/jsdom/lib/jsdom/browser/not-implemented.js:9:17)
    at /home/siegfriedneto/projects/servicedeskn1-fix-simulate-hypothesis/frontend/app/node_modules/jsdom/lib/jsdom/browser/Window.js:960:7
    at Object.fn (file:///home/siegfriedneto/projects/servicedeskn1-fix-simulate-hypothesis/frontend/app/node_modules/@tanstack/router-core/dist/esm/scroll-restoration.js:180:27)
    at RouterCore.emit (file:///home/siegfriedneto/projects/servicedeskn1-fix-simulate-hypothesis/frontend/app/node_modules/@tanstack/router-core/dist/esm/router.js:178:14)
    at file:///home/siegfriedneto/projects/servicedeskn1-fix-simulate-hypothesis/frontend/app/node_modules/@tanstack/react-router/dist/esm/Transitioner.js:46:25
    at settleOwner (file:///home/siegfriedneto/projects/servicedeskn1-fix-simulate-hypothesis/frontend/app/node_modules/@tanstack/react-router/dist/esm/Transitioner.js:10:10)
    at file:///home/siegfriedneto/projects/servicedeskn1-fix-simulate-hypothesis/frontend/app/node_modules/@tanstack/react-router/dist/esm/Matches.js:38:39
    at Object.react_stack_bottom_frame (/home/siegfriedneto/projects/servicedeskn1-fix-simulate-hypothesis/frontend/app/node_modules/react-dom/cjs/react-dom-client.development.js:25989:20)
    at runWithFiberInDEV (/home/siegfriedneto/projects/servicedeskn1-fix-simulate-hypothesis/frontend/app/node_modules/react-dom/cjs/react-dom-client.development.js:874:13)
    at commitHookEffectListMount (/home/siegfriedneto/projects/servicedeskn1-fix-simulate-hypothesis/frontend/app/node_modules/react-dom/cjs/react-dom-client.development.js:13249:29) undefined
Error: Not implemented: window.scrollTo
    at module.exports (/home/siegfriedneto/projects/servicedeskn1-fix-simulate-hypothesis/frontend/app/node_modules/jsdom/lib/jsdom/browser/not-implemented.js:9:17)
    at /home/siegfriedneto/projects/servicedeskn1-fix-simulate-hypothesis/frontend/app/node_modules/jsdom/lib/jsdom/browser/Window.js:960:7
    at Object.fn (file:///home/siegfriedneto/projects/servicedeskn1-fix-simulate-hypothesis/frontend/app/node_modules/@tanstack/router-core/dist/esm/scroll-restoration.js:180:27)
    at RouterCore.emit (file:///home/siegfriedneto/projects/servicedeskn1-fix-simulate-hypothesis/frontend/app/node_modules/@tanstack/router-core/dist/esm/router.js:178:14)
    at file:///home/siegfriedneto/projects/servicedeskn1-fix-simulate-hypothesis/frontend/app/node_modules/@tanstack/react-router/dist/esm/Transitioner.js:46:25
    at settleOwner (file:///home/siegfriedneto/projects/servicedeskn1-fix-simulate-hypothesis/frontend/app/node_modules/@tanstack/react-router/dist/esm/Transitioner.js:10:10)
    at file:///home/siegfriedneto/projects/servicedeskn1-fix-simulate-hypothesis/frontend/app/node_modules/@tanstack/react-router/dist/esm/Matches.js:38:39
    at Object.react_stack_bottom_frame (/home/siegfriedneto/projects/servicedeskn1-fix-simulate-hypothesis/frontend/app/node_modules/react-dom/cjs/react-dom-client.development.js:25989:20)
    at runWithFiberInDEV (/home/siegfriedneto/projects/servicedeskn1-fix-simulate-hypothesis/frontend/app/node_modules/react-dom/cjs/react-dom-client.development.js:874:13)
    at commitHookEffectListMount (/home/siegfriedneto/projects/servicedeskn1-fix-simulate-hypothesis/frontend/app/node_modules/react-dom/cjs/react-dom-client.development.js:13249:29) undefined

 Test Files  115 passed (115)
      Tests  862 passed (862)
   Start at  09:21:20
   Duration  64.67s (transform 21.58s, setup 0ms, import 175.30s, tests 222.43s, environment 232.17s)


