===== install :: npm ci :: passed =====
npm warn deprecated try-resolve@1.0.1: Package no longer supported. Contact Support at https://www.npmjs.com/support for more info.
npm warn deprecated whatwg-encoding@3.1.1: Use @exodus/bytes instead for a more spec-conformant and faster implementation
npm warn deprecated eslint@9.39.5: This version is no longer supported. Please see https://eslint.org/version-support for other options.

added 577 packages, and audited 578 packages in 7s

196 packages are looking for funding
  run `npm fund` for details

found 0 vulnerabilities

===== typecheck :: npm run typecheck :: passed =====

> case-authoring-console@0.1.0 typecheck
> tsc --noEmit


===== lint :: npm run lint :: passed =====

> case-authoring-console@0.1.0 lint
> eslint .


===== style :: npm run lint:css :: passed =====

> case-authoring-console@0.1.0 lint:css
> stylelint "src/**/*.css"


===== build :: npm run build :: passed =====

> case-authoring-console@0.1.0 build
> vite build

vite v6.4.3 building for production...
transforming...
Found 1 warning while optimizing generated CSS:

[2m│   }[22m
[2m│   .rounded-\[var\(--radius-\*\)\] {[22m
[2m│[22m     border-radius: var(--radius-*);
[2m┆[22m                                 [33m[2m^--[22m Unexpected token Delim('*')[39m
[2m┆[22m
[2m│   }[22m
[2m│   .rounded-full {[22m

✓ 1897 modules transformed.
rendering chunks...
computing gzip size...
dist/index.html                   0.41 kB │ gzip:   0.28 kB
dist/assets/index-BUlITaKZ.css   29.00 kB │ gzip:   6.48 kB
dist/assets/index-CB5cn9eQ.js   639.63 kB │ gzip: 193.65 kB

(!) Some chunks are larger than 500 kB after minification. Consider:
- Using dynamic import() to code-split the application
- Use build.rollupOptions.output.manualChunks to improve chunking: https://rollupjs.org/configuration-options/#output-manualchunks
- Adjust chunk size limit for this warning via build.chunkSizeWarningLimit.
✓ built in 2.65s

===== a11y :: npm run test:a11y :: passed =====

> case-authoring-console@0.1.0 test:a11y
> playwright test --pass-with-no-tests

[WebServer] Found 1 warning while optimizing generated CSS:
[WebServer] 
[WebServer] │   }
[WebServer] │   .rounded-\[var\(--radius-\*\)\] {
[WebServer] │     border-radius: var(--radius-*);
[WebServer] ┆                                 ^-- Unexpected token Delim('*')
[WebServer] ┆
[WebServer] │   }
[WebServer] │   .rounded-full {
[WebServer] 
[WebServer] 
[WebServer] (!) Some chunks are larger than 500 kB after minification. Consider:
[WebServer] - Using dynamic import() to code-split the application
[WebServer] - Use build.rollupOptions.output.manualChunks to improve chunking: https://rollupjs.org/configuration-options/#output-manualchunks
[WebServer] - Adjust chunk size limit for this warning via build.chunkSizeWarningLimit.


===== secret-scan :: npm run secret-scan :: passed =====

> case-authoring-console@0.1.0 secret-scan
> secretlint "**/*"


===== test :: npm test :: failed =====

> case-authoring-console@0.1.0 test
> vitest run --passWithNoTests


 RUN  v4.1.11 /home/siegfriedneto/projects/servicedeskn1/frontend/app

Error: Not implemented: window.scrollTo
    at module.exports (/home/siegfriedneto/projects/servicedeskn1/frontend/app/node_modules/jsdom/lib/jsdom/browser/not-implemented.js:9:17)
    at /home/siegfriedneto/projects/servicedeskn1/frontend/app/node_modules/jsdom/lib/jsdom/browser/Window.js:960:7
    at Object.fn (file:///home/siegfriedneto/projects/servicedeskn1/frontend/app/node_modules/@tanstack/router-core/dist/esm/scroll-restoration.js:180:27)
    at RouterCore.emit (file:///home/siegfriedneto/projects/servicedeskn1/frontend/app/node_modules/@tanstack/router-core/dist/esm/router.js:178:14)
    at file:///home/siegfriedneto/projects/servicedeskn1/frontend/app/node_modules/@tanstack/react-router/dist/esm/Transitioner.js:46:25
    at settleOwner (file:///home/siegfriedneto/projects/servicedeskn1/frontend/app/node_modules/@tanstack/react-router/dist/esm/Transitioner.js:10:10)
    at file:///home/siegfriedneto/projects/servicedeskn1/frontend/app/node_modules/@tanstack/react-router/dist/esm/Matches.js:38:39
    at Object.react_stack_bottom_frame (/home/siegfriedneto/projects/servicedeskn1/frontend/app/node_modules/react-dom/cjs/react-dom-client.development.js:25989:20)
    at runWithFiberInDEV (/home/siegfriedneto/projects/servicedeskn1/frontend/app/node_modules/react-dom/cjs/react-dom-client.development.js:874:13)
    at commitHookEffectListMount (/home/siegfriedneto/projects/servicedeskn1/frontend/app/node_modules/react-dom/cjs/react-dom-client.development.js:13249:29) undefined
Error: Not implemented: window.scrollTo
    at module.exports (/home/siegfriedneto/projects/servicedeskn1/frontend/app/node_modules/jsdom/lib/jsdom/browser/not-implemented.js:9:17)
    at /home/siegfriedneto/projects/servicedeskn1/frontend/app/node_modules/jsdom/lib/jsdom/browser/Window.js:960:7
    at Object.fn (file:///home/siegfriedneto/projects/servicedeskn1/frontend/app/node_modules/@tanstack/router-core/dist/esm/scroll-restoration.js:180:27)
    at RouterCore.emit (file:///home/siegfriedneto/projects/servicedeskn1/frontend/app/node_modules/@tanstack/router-core/dist/esm/router.js:178:14)
    at file:///home/siegfriedneto/projects/servicedeskn1/frontend/app/node_modules/@tanstack/react-router/dist/esm/Transitioner.js:46:25
    at settleOwner (file:///home/siegfriedneto/projects/servicedeskn1/frontend/app/node_modules/@tanstack/react-router/dist/esm/Transitioner.js:10:10)
    at file:///home/siegfriedneto/projects/servicedeskn1/frontend/app/node_modules/@tanstack/react-router/dist/esm/Matches.js:38:39
    at Object.react_stack_bottom_frame (/home/siegfriedneto/projects/servicedeskn1/frontend/app/node_modules/react-dom/cjs/react-dom-client.development.js:25989:20)
    at runWithFiberInDEV (/home/siegfriedneto/projects/servicedeskn1/frontend/app/node_modules/react-dom/cjs/react-dom-client.development.js:874:13)
    at commitHookEffectListMount (/home/siegfriedneto/projects/servicedeskn1/frontend/app/node_modules/react-dom/cjs/react-dom-client.development.js:13249:29) undefined
Error: Not implemented: window.scrollTo
    at module.exports (/home/siegfriedneto/projects/servicedeskn1/frontend/app/node_modules/jsdom/lib/jsdom/browser/not-implemented.js:9:17)
    at /home/siegfriedneto/projects/servicedeskn1/frontend/app/node_modules/jsdom/lib/jsdom/browser/Window.js:960:7
    at Object.fn (file:///home/siegfriedneto/projects/servicedeskn1/frontend/app/node_modules/@tanstack/router-core/dist/esm/scroll-restoration.js:180:27)
    at RouterCore.emit (file:///home/siegfriedneto/projects/servicedeskn1/frontend/app/node_modules/@tanstack/router-core/dist/esm/router.js:178:14)
    at file:///home/siegfriedneto/projects/servicedeskn1/frontend/app/node_modules/@tanstack/react-router/dist/esm/Transitioner.js:46:25
    at settleOwner (file:///home/siegfriedneto/projects/servicedeskn1/frontend/app/node_modules/@tanstack/react-router/dist/esm/Transitioner.js:10:10)
    at file:///home/siegfriedneto/projects/servicedeskn1/frontend/app/node_modules/@tanstack/react-router/dist/esm/Matches.js:38:39
    at Object.react_stack_bottom_frame (/home/siegfriedneto/projects/servicedeskn1/frontend/app/node_modules/react-dom/cjs/react-dom-client.development.js:25989:20)
    at runWithFiberInDEV (/home/siegfriedneto/projects/servicedeskn1/frontend/app/node_modules/react-dom/cjs/react-dom-client.development.js:874:13)
    at commitHookEffectListMount (/home/siegfriedneto/projects/servicedeskn1/frontend/app/node_modules/react-dom/cjs/react-dom-client.development.js:13249:29) undefined
Error: Not implemented: window.scrollTo
    at module.exports (/home/siegfriedneto/projects/servicedeskn1/frontend/app/node_modules/jsdom/lib/jsdom/browser/not-implemented.js:9:17)
    at /home/siegfriedneto/projects/servicedeskn1/frontend/app/node_modules/jsdom/lib/jsdom/browser/Window.js:960:7
    at Object.fn (file:///home/siegfriedneto/projects/servicedeskn1/frontend/app/node_modules/@tanstack/router-core/dist/esm/scroll-restoration.js:180:27)
    at RouterCore.emit (file:///home/siegfriedneto/projects/servicedeskn1/frontend/app/node_modules/@tanstack/router-core/dist/esm/router.js:178:14)
    at file:///home/siegfriedneto/projects/servicedeskn1/frontend/app/node_modules/@tanstack/react-router/dist/esm/Transitioner.js:46:25
    at settleOwner (file:///home/siegfriedneto/projects/servicedeskn1/frontend/app/node_modules/@tanstack/react-router/dist/esm/Transitioner.js:10:10)
    at file:///home/siegfriedneto/projects/servicedeskn1/frontend/app/node_modules/@tanstack/react-router/dist/esm/Matches.js:38:39
    at Object.react_stack_bottom_frame (/home/siegfriedneto/projects/servicedeskn1/frontend/app/node_modules/react-dom/cjs/react-dom-client.development.js:25989:20)
    at runWithFiberInDEV (/home/siegfriedneto/projects/servicedeskn1/frontend/app/node_modules/react-dom/cjs/react-dom-client.development.js:874:13)
    at commitHookEffectListMount (/home/siegfriedneto/projects/servicedeskn1/frontend/app/node_modules/react-dom/cjs/react-dom-client.development.js:13249:29) undefined
Error: Not implemented: window.scrollTo
    at module.exports (/home/siegfriedneto/projects/servicedeskn1/frontend/app/node_modules/jsdom/lib/jsdom/browser/not-implemented.js:9:17)
    at /home/siegfriedneto/projects/servicedeskn1/frontend/app/node_modules/jsdom/lib/jsdom/browser/Window.js:960:7
    at Object.fn (file:///home/siegfriedneto/projects/servicedeskn1/frontend/app/node_modules/@tanstack/router-core/dist/esm/scroll-restoration.js:180:27)
    at RouterCore.emit (file:///home/siegfriedneto/projects/servicedeskn1/frontend/app/node_modules/@tanstack/router-core/dist/esm/router.js:178:14)
    at file:///home/siegfriedneto/projects/servicedeskn1/frontend/app/node_modules/@tanstack/react-router/dist/esm/Transitioner.js:46:25
    at settleOwner (file:///home/siegfriedneto/projects/servicedeskn1/frontend/app/node_modules/@tanstack/react-router/dist/esm/Transitioner.js:10:10)
    at file:///home/siegfriedneto/projects/servicedeskn1/frontend/app/node_modules/@tanstack/react-router/dist/esm/Matches.js:38:39
    at Object.react_stack_bottom_frame (/home/siegfriedneto/projects/servicedeskn1/frontend/app/node_modules/react-dom/cjs/react-dom-client.development.js:25989:20)
    at runWithFiberInDEV (/home/siegfriedneto/projects/servicedeskn1/frontend/app/node_modules/react-dom/cjs/react-dom-client.development.js:874:13)
    at commitHookEffectListMount (/home/siegfriedneto/projects/servicedeskn1/frontend/app/node_modules/react-dom/cjs/react-dom-client.development.js:13249:29) undefined
Error: Not implemented: window.scrollTo
    at module.exports (/home/siegfriedneto/projects/servicedeskn1/frontend/app/node_modules/jsdom/lib/jsdom/browser/not-implemented.js:9:17)
    at /home/siegfriedneto/projects/servicedeskn1/frontend/app/node_modules/jsdom/lib/jsdom/browser/Window.js:960:7
    at Object.fn (file:///home/siegfriedneto/projects/servicedeskn1/frontend/app/node_modules/@tanstack/router-core/dist/esm/scroll-restoration.js:180:27)
    at RouterCore.emit (file:///home/siegfriedneto/projects/servicedeskn1/frontend/app/node_modules/@tanstack/router-core/dist/esm/router.js:178:14)
    at file:///home/siegfriedneto/projects/servicedeskn1/frontend/app/node_modules/@tanstack/react-router/dist/esm/Transitioner.js:46:25
    at settleOwner (file:///home/siegfriedneto/projects/servicedeskn1/frontend/app/node_modules/@tanstack/react-router/dist/esm/Transitioner.js:10:10)
    at file:///home/siegfriedneto/projects/servicedeskn1/frontend/app/node_modules/@tanstack/react-router/dist/esm/Matches.js:38:39
    at Object.react_stack_bottom_frame (/home/siegfriedneto/projects/servicedeskn1/frontend/app/node_modules/react-dom/cjs/react-dom-client.development.js:25989:20)
    at runWithFiberInDEV (/home/siegfriedneto/projects/servicedeskn1/frontend/app/node_modules/react-dom/cjs/react-dom-client.development.js:874:13)
    at commitHookEffectListMount (/home/siegfriedneto/projects/servicedeskn1/frontend/app/node_modules/react-dom/cjs/react-dom-client.development.js:13249:29) undefined
Error: Not implemented: window.scrollTo
    at module.exports (/home/siegfriedneto/projects/servicedeskn1/frontend/app/node_modules/jsdom/lib/jsdom/browser/not-implemented.js:9:17)
    at /home/siegfriedneto/projects/servicedeskn1/frontend/app/node_modules/jsdom/lib/jsdom/browser/Window.js:960:7
    at Object.fn (file:///home/siegfriedneto/projects/servicedeskn1/frontend/app/node_modules/@tanstack/router-core/dist/esm/scroll-restoration.js:180:27)
    at RouterCore.emit (file:///home/siegfriedneto/projects/servicedeskn1/frontend/app/node_modules/@tanstack/router-core/dist/esm/router.js:178:14)
    at file:///home/siegfriedneto/projects/servicedeskn1/frontend/app/node_modules/@tanstack/react-router/dist/esm/Transitioner.js:46:25
    at settleOwner (file:///home/siegfriedneto/projects/servicedeskn1/frontend/app/node_modules/@tanstack/react-router/dist/esm/Transitioner.js:10:10)
    at file:///home/siegfriedneto/projects/servicedeskn1/frontend/app/node_modules/@tanstack/react-router/dist/esm/Matches.js:38:39
    at Object.react_stack_bottom_frame (/home/siegfriedneto/projects/servicedeskn1/frontend/app/node_modules/react-dom/cjs/react-dom-client.development.js:25989:20)
    at runWithFiberInDEV (/home/siegfriedneto/projects/servicedeskn1/frontend/app/node_modules/react-dom/cjs/react-dom-client.development.js:874:13)
    at commitHookEffectListMount (/home/siegfriedneto/projects/servicedeskn1/frontend/app/node_modules/react-dom/cjs/react-dom-client.development.js:13249:29) undefined
Error: Not implemented: window.scrollTo
    at module.exports (/home/siegfriedneto/projects/servicedeskn1/frontend/app/node_modules/jsdom/lib/jsdom/browser/not-implemented.js:9:17)
    at /home/siegfriedneto/projects/servicedeskn1/frontend/app/node_modules/jsdom/lib/jsdom/browser/Window.js:960:7
    at Object.fn (file:///home/siegfriedneto/projects/servicedeskn1/frontend/app/node_modules/@tanstack/router-core/dist/esm/scroll-restoration.js:180:27)
    at RouterCore.emit (file:///home/siegfriedneto/projects/servicedeskn1/frontend/app/node_modules/@tanstack/router-core/dist/esm/router.js:178:14)
    at file:///home/siegfriedneto/projects/servicedeskn1/frontend/app/node_modules/@tanstack/router-core/dist/esm/load-client.js:943:46
    at Router.batch (file:///home/siegfriedneto/projects/servicedeskn1/frontend/app/node_modules/@tanstack/store/dist/esm/atom.js:39:5)
    at file:///home/siegfriedneto/projects/servicedeskn1/frontend/app/node_modules/@tanstack/router-core/dist/esm/load-client.js:936:10
    at runClientTransaction (file:///home/siegfriedneto/projects/servicedeskn1/frontend/app/node_modules/@tanstack/router-core/dist/esm/load-client.js:902:2)
    at loadClientRoute (file:///home/siegfriedneto/projects/servicedeskn1/frontend/app/node_modules/@tanstack/router-core/dist/esm/load-client.js:1034:2)
    at RouterCore.load (file:///home/siegfriedneto/projects/servicedeskn1/frontend/app/node_modules/@tanstack/router-core/dist/esm/router.js:489:4) undefined
Error: Not implemented: window.scrollTo
    at module.exports (/home/siegfriedneto/projects/servicedeskn1/frontend/app/node_modules/jsdom/lib/jsdom/browser/not-implemented.js:9:17)
    at /home/siegfriedneto/projects/servicedeskn1/frontend/app/node_modules/jsdom/lib/jsdom/browser/Window.js:960:7
    at Object.fn (file:///home/siegfriedneto/projects/servicedeskn1/frontend/app/node_modules/@tanstack/router-core/dist/esm/scroll-restoration.js:180:27)
    at RouterCore.emit (file:///home/siegfriedneto/projects/servicedeskn1/frontend/app/node_modules/@tanstack/router-core/dist/esm/router.js:178:14)
    at file:///home/siegfriedneto/projects/servicedeskn1/frontend/app/node_modules/@tanstack/react-router/dist/esm/Transitioner.js:46:25
    at settleOwner (file:///home/siegfriedneto/projects/servicedeskn1/frontend/app/node_modules/@tanstack/react-router/dist/esm/Transitioner.js:10:10)
    at file:///home/siegfriedneto/projects/servicedeskn1/frontend/app/node_modules/@tanstack/react-router/dist/esm/Matches.js:38:39
    at Object.react_stack_bottom_frame (/home/siegfriedneto/projects/servicedeskn1/frontend/app/node_modules/react-dom/cjs/react-dom-client.development.js:25989:20)
    at runWithFiberInDEV (/home/siegfriedneto/projects/servicedeskn1/frontend/app/node_modules/react-dom/cjs/react-dom-client.development.js:874:13)
    at commitHookEffectListMount (/home/siegfriedneto/projects/servicedeskn1/frontend/app/node_modules/react-dom/cjs/react-dom-client.development.js:13249:29) undefined
Error: Not implemented: window.scrollTo
    at module.exports (/home/siegfriedneto/projects/servicedeskn1/frontend/app/node_modules/jsdom/lib/jsdom/browser/not-implemented.js:9:17)
    at /home/siegfriedneto/projects/servicedeskn1/frontend/app/node_modules/jsdom/lib/jsdom/browser/Window.js:960:7
    at Object.fn (file:///home/siegfriedneto/projects/servicedeskn1/frontend/app/node_modules/@tanstack/router-core/dist/esm/scroll-restoration.js:180:27)
    at RouterCore.emit (file:///home/siegfriedneto/projects/servicedeskn1/frontend/app/node_modules/@tanstack/router-core/dist/esm/router.js:178:14)
    at file:///home/siegfriedneto/projects/servicedeskn1/frontend/app/node_modules/@tanstack/react-router/dist/esm/Transitioner.js:46:25
    at settleOwner (file:///home/siegfriedneto/projects/servicedeskn1/frontend/app/node_modules/@tanstack/react-router/dist/esm/Transitioner.js:10:10)
    at file:///home/siegfriedneto/projects/servicedeskn1/frontend/app/node_modules/@tanstack/react-router/dist/esm/Matches.js:38:39
    at Object.react_stack_bottom_frame (/home/siegfriedneto/projects/servicedeskn1/frontend/app/node_modules/react-dom/cjs/react-dom-client.development.js:25989:20)
    at runWithFiberInDEV (/home/siegfriedneto/projects/servicedeskn1/frontend/app/node_modules/react-dom/cjs/react-dom-client.development.js:874:13)
    at commitHookEffectListMount (/home/siegfriedneto/projects/servicedeskn1/frontend/app/node_modules/react-dom/cjs/react-dom-client.development.js:13249:29) undefined
Error: Not implemented: window.scrollTo
    at module.exports (/home/siegfriedneto/projects/servicedeskn1/frontend/app/node_modules/jsdom/lib/jsdom/browser/not-implemented.js:9:17)
    at /home/siegfriedneto/projects/servicedeskn1/frontend/app/node_modules/jsdom/lib/jsdom/browser/Window.js:960:7
    at Object.fn (file:///home/siegfriedneto/projects/servicedeskn1/frontend/app/node_modules/@tanstack/router-core/dist/esm/scroll-restoration.js:180:27)
    at RouterCore.emit (file:///home/siegfriedneto/projects/servicedeskn1/frontend/app/node_modules/@tanstack/router-core/dist/esm/router.js:178:14)
    at file:///home/siegfriedneto/projects/servicedeskn1/frontend/app/node_modules/@tanstack/react-router/dist/esm/Transitioner.js:46:25
    at settleOwner (file:///home/siegfriedneto/projects/servicedeskn1/frontend/app/node_modules/@tanstack/react-router/dist/esm/Transitioner.js:10:10)
    at file:///home/siegfriedneto/projects/servicedeskn1/frontend/app/node_modules/@tanstack/react-router/dist/esm/Matches.js:38:39
    at Object.react_stack_bottom_frame (/home/siegfriedneto/projects/servicedeskn1/frontend/app/node_modules/react-dom/cjs/react-dom-client.development.js:25989:20)
    at runWithFiberInDEV (/home/siegfriedneto/projects/servicedeskn1/frontend/app/node_modules/react-dom/cjs/react-dom-client.development.js:874:13)
    at commitHookEffectListMount (/home/siegfriedneto/projects/servicedeskn1/frontend/app/node_modules/react-dom/cjs/react-dom-client.development.js:13249:29) undefined
Error: Not implemented: window.scrollTo
    at module.exports (/home/siegfriedneto/projects/servicedeskn1/frontend/app/node_modules/jsdom/lib/jsdom/browser/not-implemented.js:9:17)
    at /home/siegfriedneto/projects/servicedeskn1/frontend/app/node_modules/jsdom/lib/jsdom/browser/Window.js:960:7
    at Object.fn (file:///home/siegfriedneto/projects/servicedeskn1/frontend/app/node_modules/@tanstack/router-core/dist/esm/scroll-restoration.js:180:27)
    at RouterCore.emit (file:///home/siegfriedneto/projects/servicedeskn1/frontend/app/node_modules/@tanstack/router-core/dist/esm/router.js:178:14)
    at file:///home/siegfriedneto/projects/servicedeskn1/frontend/app/node_modules/@tanstack/react-router/dist/esm/Transitioner.js:46:25
    at settleOwner (file:///home/siegfriedneto/projects/servicedeskn1/frontend/app/node_modules/@tanstack/react-router/dist/esm/Transitioner.js:10:10)
    at file:///home/siegfriedneto/projects/servicedeskn1/frontend/app/node_modules/@tanstack/react-router/dist/esm/Matches.js:38:39
    at Object.react_stack_bottom_frame (/home/siegfriedneto/projects/servicedeskn1/frontend/app/node_modules/react-dom/cjs/react-dom-client.development.js:25989:20)
    at runWithFiberInDEV (/home/siegfriedneto/projects/servicedeskn1/frontend/app/node_modules/react-dom/cjs/react-dom-client.development.js:874:13)
    at commitHookEffectListMount (/home/siegfriedneto/projects/servicedeskn1/frontend/app/node_modules/react-dom/cjs/react-dom-client.development.js:13249:29) undefined
Error: Not implemented: window.scrollTo
    at module.exports (/home/siegfriedneto/projects/servicedeskn1/frontend/app/node_modules/jsdom/lib/jsdom/browser/not-implemented.js:9:17)
    at /home/siegfriedneto/projects/servicedeskn1/frontend/app/node_modules/jsdom/lib/jsdom/browser/Window.js:960:7
    at Object.fn (file:///home/siegfriedneto/projects/servicedeskn1/frontend/app/node_modules/@tanstack/router-core/dist/esm/scroll-restoration.js:180:27)
    at RouterCore.emit (file:///home/siegfriedneto/projects/servicedeskn1/frontend/app/node_modules/@tanstack/router-core/dist/esm/router.js:178:14)
    at file:///home/siegfriedneto/projects/servicedeskn1/frontend/app/node_modules/@tanstack/react-router/dist/esm/Transitioner.js:46:25
    at settleOwner (file:///home/siegfriedneto/projects/servicedeskn1/frontend/app/node_modules/@tanstack/react-router/dist/esm/Transitioner.js:10:10)
    at file:///home/siegfriedneto/projects/servicedeskn1/frontend/app/node_modules/@tanstack/react-router/dist/esm/Matches.js:38:39
    at Object.react_stack_bottom_frame (/home/siegfriedneto/projects/servicedeskn1/frontend/app/node_modules/react-dom/cjs/react-dom-client.development.js:25989:20)
    at runWithFiberInDEV (/home/siegfriedneto/projects/servicedeskn1/frontend/app/node_modules/react-dom/cjs/react-dom-client.development.js:874:13)
    at commitHookEffectListMount (/home/siegfriedneto/projects/servicedeskn1/frontend/app/node_modules/react-dom/cjs/react-dom-client.development.js:13249:29) undefined
Error: Not implemented: window.scrollTo
    at module.exports (/home/siegfriedneto/projects/servicedeskn1/frontend/app/node_modules/jsdom/lib/jsdom/browser/not-implemented.js:9:17)
    at /home/siegfriedneto/projects/servicedeskn1/frontend/app/node_modules/jsdom/lib/jsdom/browser/Window.js:960:7
    at Object.fn (file:///home/siegfriedneto/projects/servicedeskn1/frontend/app/node_modules/@tanstack/router-core/dist/esm/scroll-restoration.js:180:27)
    at RouterCore.emit (file:///home/siegfriedneto/projects/servicedeskn1/frontend/app/node_modules/@tanstack/router-core/dist/esm/router.js:178:14)
    at file:///home/siegfriedneto/projects/servicedeskn1/frontend/app/node_modules/@tanstack/react-router/dist/esm/Transitioner.js:46:25
    at settleOwner (file:///home/siegfriedneto/projects/servicedeskn1/frontend/app/node_modules/@tanstack/react-router/dist/esm/Transitioner.js:10:10)
    at file:///home/siegfriedneto/projects/servicedeskn1/frontend/app/node_modules/@tanstack/react-router/dist/esm/Matches.js:38:39
    at Object.react_stack_bottom_frame (/home/siegfriedneto/projects/servicedeskn1/frontend/app/node_modules/react-dom/cjs/react-dom-client.development.js:25989:20)
    at runWithFiberInDEV (/home/siegfriedneto/projects/servicedeskn1/frontend/app/node_modules/react-dom/cjs/react-dom-client.development.js:874:13)
    at commitHookEffectListMount (/home/siegfriedneto/projects/servicedeskn1/frontend/app/node_modules/react-dom/cjs/react-dom-client.development.js:13249:29) undefined
Error: Not implemented: window.scrollTo
    at module.exports (/home/siegfriedneto/projects/servicedeskn1/frontend/app/node_modules/jsdom/lib/jsdom/browser/not-implemented.js:9:17)
    at /home/siegfriedneto/projects/servicedeskn1/frontend/app/node_modules/jsdom/lib/jsdom/browser/Window.js:960:7
    at Object.fn (file:///home/siegfriedneto/projects/servicedeskn1/frontend/app/node_modules/@tanstack/router-core/dist/esm/scroll-restoration.js:180:27)
    at RouterCore.emit (file:///home/siegfriedneto/projects/servicedeskn1/frontend/app/node_modules/@tanstack/router-core/dist/esm/router.js:178:14)
    at file:///home/siegfriedneto/projects/servicedeskn1/frontend/app/node_modules/@tanstack/react-router/dist/esm/Transitioner.js:46:25
    at settleOwner (file:///home/siegfriedneto/projects/servicedeskn1/frontend/app/node_modules/@tanstack/react-router/dist/esm/Transitioner.js:10:10)
    at file:///home/siegfriedneto/projects/servicedeskn1/frontend/app/node_modules/@tanstack/react-router/dist/esm/Matches.js:38:39
    at Object.react_stack_bottom_frame (/home/siegfriedneto/projects/servicedeskn1/frontend/app/node_modules/react-dom/cjs/react-dom-client.development.js:25989:20)
    at runWithFiberInDEV (/home/siegfriedneto/projects/servicedeskn1/frontend/app/node_modules/react-dom/cjs/react-dom-client.development.js:874:13)
    at commitHookEffectListMount (/home/siegfriedneto/projects/servicedeskn1/frontend/app/node_modules/react-dom/cjs/react-dom-client.development.js:13249:29) undefined
Error: Not implemented: window.scrollTo
    at module.exports (/home/siegfriedneto/projects/servicedeskn1/frontend/app/node_modules/jsdom/lib/jsdom/browser/not-implemented.js:9:17)
    at /home/siegfriedneto/projects/servicedeskn1/frontend/app/node_modules/jsdom/lib/jsdom/browser/Window.js:960:7
    at Object.fn (file:///home/siegfriedneto/projects/servicedeskn1/frontend/app/node_modules/@tanstack/router-core/dist/esm/scroll-restoration.js:180:27)
    at RouterCore.emit (file:///home/siegfriedneto/projects/servicedeskn1/frontend/app/node_modules/@tanstack/router-core/dist/esm/router.js:178:14)
    at file:///home/siegfriedneto/projects/servicedeskn1/frontend/app/node_modules/@tanstack/react-router/dist/esm/Transitioner.js:46:25
    at settleOwner (file:///home/siegfriedneto/projects/servicedeskn1/frontend/app/node_modules/@tanstack/react-router/dist/esm/Transitioner.js:10:10)
    at file:///home/siegfriedneto/projects/servicedeskn1/frontend/app/node_modules/@tanstack/react-router/dist/esm/Matches.js:38:39
    at Object.react_stack_bottom_frame (/home/siegfriedneto/projects/servicedeskn1/frontend/app/node_modules/react-dom/cjs/react-dom-client.development.js:25989:20)
    at runWithFiberInDEV (/home/siegfriedneto/projects/servicedeskn1/frontend/app/node_modules/react-dom/cjs/react-dom-client.development.js:874:13)
    at commitHookEffectListMount (/home/siegfriedneto/projects/servicedeskn1/frontend/app/node_modules/react-dom/cjs/react-dom-client.development.js:13249:29) undefined
Error: Not implemented: window.scrollTo
    at module.exports (/home/siegfriedneto/projects/servicedeskn1/frontend/app/node_modules/jsdom/lib/jsdom/browser/not-implemented.js:9:17)
    at /home/siegfriedneto/projects/servicedeskn1/frontend/app/node_modules/jsdom/lib/jsdom/browser/Window.js:960:7
    at Object.fn (file:///home/siegfriedneto/projects/servicedeskn1/frontend/app/node_modules/@tanstack/router-core/dist/esm/scroll-restoration.js:180:27)
    at RouterCore.emit (file:///home/siegfriedneto/projects/servicedeskn1/frontend/app/node_modules/@tanstack/router-core/dist/esm/router.js:178:14)
    at file:///home/siegfriedneto/projects/servicedeskn1/frontend/app/node_modules/@tanstack/react-router/dist/esm/Transitioner.js:46:25
    at settleOwner (file:///home/siegfriedneto/projects/servicedeskn1/frontend/app/node_modules/@tanstack/react-router/dist/esm/Transitioner.js:10:10)
    at file:///home/siegfriedneto/projects/servicedeskn1/frontend/app/node_modules/@tanstack/react-router/dist/esm/Matches.js:38:39
    at Object.react_stack_bottom_frame (/home/siegfriedneto/projects/servicedeskn1/frontend/app/node_modules/react-dom/cjs/react-dom-client.development.js:25989:20)
    at runWithFiberInDEV (/home/siegfriedneto/projects/servicedeskn1/frontend/app/node_modules/react-dom/cjs/react-dom-client.development.js:874:13)
    at commitHookEffectListMount (/home/siegfriedneto/projects/servicedeskn1/frontend/app/node_modules/react-dom/cjs/react-dom-client.development.js:13249:29) undefined
Error: Not implemented: window.scrollTo
    at module.exports (/home/siegfriedneto/projects/servicedeskn1/frontend/app/node_modules/jsdom/lib/jsdom/browser/not-implemented.js:9:17)
    at /home/siegfriedneto/projects/servicedeskn1/frontend/app/node_modules/jsdom/lib/jsdom/browser/Window.js:960:7
    at Object.fn (file:///home/siegfriedneto/projects/servicedeskn1/frontend/app/node_modules/@tanstack/router-core/dist/esm/scroll-restoration.js:180:27)
    at RouterCore.emit (file:///home/siegfriedneto/projects/servicedeskn1/frontend/app/node_modules/@tanstack/router-core/dist/esm/router.js:178:14)
    at file:///home/siegfriedneto/projects/servicedeskn1/frontend/app/node_modules/@tanstack/react-router/dist/esm/Transitioner.js:46:25
    at settleOwner (file:///home/siegfriedneto/projects/servicedeskn1/frontend/app/node_modules/@tanstack/react-router/dist/esm/Transitioner.js:10:10)
    at file:///home/siegfriedneto/projects/servicedeskn1/frontend/app/node_modules/@tanstack/react-router/dist/esm/Matches.js:38:39
    at Object.react_stack_bottom_frame (/home/siegfriedneto/projects/servicedeskn1/frontend/app/node_modules/react-dom/cjs/react-dom-client.development.js:25989:20)
    at runWithFiberInDEV (/home/siegfriedneto/projects/servicedeskn1/frontend/app/node_modules/react-dom/cjs/react-dom-client.development.js:874:13)
    at commitHookEffectListMount (/home/siegfriedneto/projects/servicedeskn1/frontend/app/node_modules/react-dom/cjs/react-dom-client.development.js:13249:29) undefined
Error: Not implemented: window.scrollTo
    at module.exports (/home/siegfriedneto/projects/servicedeskn1/frontend/app/node_modules/jsdom/lib/jsdom/browser/not-implemented.js:9:17)
    at /home/siegfriedneto/projects/servicedeskn1/frontend/app/node_modules/jsdom/lib/jsdom/browser/Window.js:960:7
    at Object.fn (file:///home/siegfriedneto/projects/servicedeskn1/frontend/app/node_modules/@tanstack/router-core/dist/esm/scroll-restoration.js:180:27)
    at RouterCore.emit (file:///home/siegfriedneto/projects/servicedeskn1/frontend/app/node_modules/@tanstack/router-core/dist/esm/router.js:178:14)
    at file:///home/siegfriedneto/projects/servicedeskn1/frontend/app/node_modules/@tanstack/react-router/dist/esm/Transitioner.js:46:25
    at settleOwner (file:///home/siegfriedneto/projects/servicedeskn1/frontend/app/node_modules/@tanstack/react-router/dist/esm/Transitioner.js:10:10)
    at file:///home/siegfriedneto/projects/servicedeskn1/frontend/app/node_modules/@tanstack/react-router/dist/esm/Matches.js:38:39
    at Object.react_stack_bottom_frame (/home/siegfriedneto/projects/servicedeskn1/frontend/app/node_modules/react-dom/cjs/react-dom-client.development.js:25989:20)
    at runWithFiberInDEV (/home/siegfriedneto/projects/servicedeskn1/frontend/app/node_modules/react-dom/cjs/react-dom-client.development.js:874:13)
    at commitHookEffectListMount (/home/siegfriedneto/projects/servicedeskn1/frontend/app/node_modules/react-dom/cjs/react-dom-client.development.js:13249:29) undefined
Error: Not implemented: window.scrollTo
    at module.exports (/home/siegfriedneto/projects/servicedeskn1/frontend/app/node_modules/jsdom/lib/jsdom/browser/not-implemented.js:9:17)
    at /home/siegfriedneto/projects/servicedeskn1/frontend/app/node_modules/jsdom/lib/jsdom/browser/Window.js:960:7
    at Object.fn (file:///home/siegfriedneto/projects/servicedeskn1/frontend/app/node_modules/@tanstack/router-core/dist/esm/scroll-restoration.js:180:27)
    at RouterCore.emit (file:///home/siegfriedneto/projects/servicedeskn1/frontend/app/node_modules/@tanstack/router-core/dist/esm/router.js:178:14)
    at file:///home/siegfriedneto/projects/servicedeskn1/frontend/app/node_modules/@tanstack/react-router/dist/esm/Transitioner.js:46:25
    at settleOwner (file:///home/siegfriedneto/projects/servicedeskn1/frontend/app/node_modules/@tanstack/react-router/dist/esm/Transitioner.js:10:10)
    at file:///home/siegfriedneto/projects/servicedeskn1/frontend/app/node_modules/@tanstack/react-router/dist/esm/Matches.js:38:39
    at Object.react_stack_bottom_frame (/home/siegfriedneto/projects/servicedeskn1/frontend/app/node_modules/react-dom/cjs/react-dom-client.development.js:25989:20)
    at runWithFiberInDEV (/home/siegfriedneto/projects/servicedeskn1/frontend/app/node_modules/react-dom/cjs/react-dom-client.development.js:874:13)
    at commitHookEffectListMount (/home/siegfriedneto/projects/servicedeskn1/frontend/app/node_modules/react-dom/cjs/react-dom-client.development.js:13249:29) undefined
Error: Not implemented: window.scrollTo
    at module.exports (/home/siegfriedneto/projects/servicedeskn1/frontend/app/node_modules/jsdom/lib/jsdom/browser/not-implemented.js:9:17)
    at /home/siegfriedneto/projects/servicedeskn1/frontend/app/node_modules/jsdom/lib/jsdom/browser/Window.js:960:7
    at Object.fn (file:///home/siegfriedneto/projects/servicedeskn1/frontend/app/node_modules/@tanstack/router-core/dist/esm/scroll-restoration.js:180:27)
    at RouterCore.emit (file:///home/siegfriedneto/projects/servicedeskn1/frontend/app/node_modules/@tanstack/router-core/dist/esm/router.js:178:14)
    at file:///home/siegfriedneto/projects/servicedeskn1/frontend/app/node_modules/@tanstack/react-router/dist/esm/Transitioner.js:46:25
    at settleOwner (file:///home/siegfriedneto/projects/servicedeskn1/frontend/app/node_modules/@tanstack/react-router/dist/esm/Transitioner.js:10:10)
    at file:///home/siegfriedneto/projects/servicedeskn1/frontend/app/node_modules/@tanstack/react-router/dist/esm/Matches.js:38:39
    at Object.react_stack_bottom_frame (/home/siegfriedneto/projects/servicedeskn1/frontend/app/node_modules/react-dom/cjs/react-dom-client.development.js:25989:20)
    at runWithFiberInDEV (/home/siegfriedneto/projects/servicedeskn1/frontend/app/node_modules/react-dom/cjs/react-dom-client.development.js:874:13)
    at commitHookEffectListMount (/home/siegfriedneto/projects/servicedeskn1/frontend/app/node_modules/react-dom/cjs/react-dom-client.development.js:13249:29) undefined
Error: Not implemented: window.scrollTo
    at module.exports (/home/siegfriedneto/projects/servicedeskn1/frontend/app/node_modules/jsdom/lib/jsdom/browser/not-implemented.js:9:17)
    at /home/siegfriedneto/projects/servicedeskn1/frontend/app/node_modules/jsdom/lib/jsdom/browser/Window.js:960:7
    at Object.fn (file:///home/siegfriedneto/projects/servicedeskn1/frontend/app/node_modules/@tanstack/router-core/dist/esm/scroll-restoration.js:180:27)
    at RouterCore.emit (file:///home/siegfriedneto/projects/servicedeskn1/frontend/app/node_modules/@tanstack/router-core/dist/esm/router.js:178:14)
    at file:///home/siegfriedneto/projects/servicedeskn1/frontend/app/node_modules/@tanstack/react-router/dist/esm/Transitioner.js:46:25
    at settleOwner (file:///home/siegfriedneto/projects/servicedeskn1/frontend/app/node_modules/@tanstack/react-router/dist/esm/Transitioner.js:10:10)
    at file:///home/siegfriedneto/projects/servicedeskn1/frontend/app/node_modules/@tanstack/react-router/dist/esm/Matches.js:38:39
    at Object.react_stack_bottom_frame (/home/siegfriedneto/projects/servicedeskn1/frontend/app/node_modules/react-dom/cjs/react-dom-client.development.js:25989:20)
    at runWithFiberInDEV (/home/siegfriedneto/projects/servicedeskn1/frontend/app/node_modules/react-dom/cjs/react-dom-client.development.js:874:13)
    at commitHookEffectListMount (/home/siegfriedneto/projects/servicedeskn1/frontend/app/node_modules/react-dom/cjs/react-dom-client.development.js:13249:29) undefined
Error: Not implemented: window.scrollTo
    at module.exports (/home/siegfriedneto/projects/servicedeskn1/frontend/app/node_modules/jsdom/lib/jsdom/browser/not-implemented.js:9:17)
    at /home/siegfriedneto/projects/servicedeskn1/frontend/app/node_modules/jsdom/lib/jsdom/browser/Window.js:960:7
    at Object.fn (file:///home/siegfriedneto/projects/servicedeskn1/frontend/app/node_modules/@tanstack/router-core/dist/esm/scroll-restoration.js:180:27)
    at RouterCore.emit (file:///home/siegfriedneto/projects/servicedeskn1/frontend/app/node_modules/@tanstack/router-core/dist/esm/router.js:178:14)
    at file:///home/siegfriedneto/projects/servicedeskn1/frontend/app/node_modules/@tanstack/react-router/dist/esm/Transitioner.js:46:25
    at settleOwner (file:///home/siegfriedneto/projects/servicedeskn1/frontend/app/node_modules/@tanstack/react-router/dist/esm/Transitioner.js:10:10)
    at file:///home/siegfriedneto/projects/servicedeskn1/frontend/app/node_modules/@tanstack/react-router/dist/esm/Matches.js:38:39
    at Object.react_stack_bottom_frame (/home/siegfriedneto/projects/servicedeskn1/frontend/app/node_modules/react-dom/cjs/react-dom-client.development.js:25989:20)
    at runWithFiberInDEV (/home/siegfriedneto/projects/servicedeskn1/frontend/app/node_modules/react-dom/cjs/react-dom-client.development.js:874:13)
    at commitHookEffectListMount (/home/siegfriedneto/projects/servicedeskn1/frontend/app/node_modules/react-dom/cjs/react-dom-client.development.js:13249:29) undefined
Error: Not implemented: window.scrollTo
    at module.exports (/home/siegfriedneto/projects/servicedeskn1/frontend/app/node_modules/jsdom/lib/jsdom/browser/not-implemented.js:9:17)
    at /home/siegfriedneto/projects/servicedeskn1/frontend/app/node_modules/jsdom/lib/jsdom/browser/Window.js:960:7
    at Object.fn (file:///home/siegfriedneto/projects/servicedeskn1/frontend/app/node_modules/@tanstack/router-core/dist/esm/scroll-restoration.js:180:27)
    at RouterCore.emit (file:///home/siegfriedneto/projects/servicedeskn1/frontend/app/node_modules/@tanstack/router-core/dist/esm/router.js:178:14)
    at file:///home/siegfriedneto/projects/servicedeskn1/frontend/app/node_modules/@tanstack/react-router/dist/esm/Transitioner.js:46:25
    at settleOwner (file:///home/siegfriedneto/projects/servicedeskn1/frontend/app/node_modules/@tanstack/react-router/dist/esm/Transitioner.js:10:10)
    at file:///home/siegfriedneto/projects/servicedeskn1/frontend/app/node_modules/@tanstack/react-router/dist/esm/Matches.js:38:39
    at Object.react_stack_bottom_frame (/home/siegfriedneto/projects/servicedeskn1/frontend/app/node_modules/react-dom/cjs/react-dom-client.development.js:25989:20)
    at runWithFiberInDEV (/home/siegfriedneto/projects/servicedeskn1/frontend/app/node_modules/react-dom/cjs/react-dom-client.development.js:874:13)
    at commitHookEffectListMount (/home/siegfriedneto/projects/servicedeskn1/frontend/app/node_modules/react-dom/cjs/react-dom-client.development.js:13249:29) undefined
Error: Not implemented: window.scrollTo
    at module.exports (/home/siegfriedneto/projects/servicedeskn1/frontend/app/node_modules/jsdom/lib/jsdom/browser/not-implemented.js:9:17)
    at /home/siegfriedneto/projects/servicedeskn1/frontend/app/node_modules/jsdom/lib/jsdom/browser/Window.js:960:7
    at Object.fn (file:///home/siegfriedneto/projects/servicedeskn1/frontend/app/node_modules/@tanstack/router-core/dist/esm/scroll-restoration.js:180:27)
    at RouterCore.emit (file:///home/siegfriedneto/projects/servicedeskn1/frontend/app/node_modules/@tanstack/router-core/dist/esm/router.js:178:14)
    at file:///home/siegfriedneto/projects/servicedeskn1/frontend/app/node_modules/@tanstack/react-router/dist/esm/Transitioner.js:46:25
    at settleOwner (file:///home/siegfriedneto/projects/servicedeskn1/frontend/app/node_modules/@tanstack/react-router/dist/esm/Transitioner.js:10:10)
    at file:///home/siegfriedneto/projects/servicedeskn1/frontend/app/node_modules/@tanstack/react-router/dist/esm/Matches.js:38:39
    at Object.react_stack_bottom_frame (/home/siegfriedneto/projects/servicedeskn1/frontend/app/node_modules/react-dom/cjs/react-dom-client.development.js:25989:20)
    at runWithFiberInDEV (/home/siegfriedneto/projects/servicedeskn1/frontend/app/node_modules/react-dom/cjs/react-dom-client.development.js:874:13)
    at commitHookEffectListMount (/home/siegfriedneto/projects/servicedeskn1/frontend/app/node_modules/react-dom/cjs/react-dom-client.development.js:13249:29) undefined
Error: Not implemented: window.scrollTo
    at module.exports (/home/siegfriedneto/projects/servicedeskn1/frontend/app/node_modules/jsdom/lib/jsdom/browser/not-implemented.js:9:17)
    at /home/siegfriedneto/projects/servicedeskn1/frontend/app/node_modules/jsdom/lib/jsdom/browser/Window.js:960:7
    at Object.fn (file:///home/siegfriedneto/projects/servicedeskn1/frontend/app/node_modules/@tanstack/router-core/dist/esm/scroll-restoration.js:180:27)
    at RouterCore.emit (file:///home/siegfriedneto/projects/servicedeskn1/frontend/app/node_modules/@tanstack/router-core/dist/esm/router.js:178:14)
    at file:///home/siegfriedneto/projects/servicedeskn1/frontend/app/node_modules/@tanstack/react-router/dist/esm/Transitioner.js:46:25
    at settleOwner (file:///home/siegfriedneto/projects/servicedeskn1/frontend/app/node_modules/@tanstack/react-router/dist/esm/Transitioner.js:10:10)
    at file:///home/siegfriedneto/projects/servicedeskn1/frontend/app/node_modules/@tanstack/react-router/dist/esm/Matches.js:38:39
    at Object.react_stack_bottom_frame (/home/siegfriedneto/projects/servicedeskn1/frontend/app/node_modules/react-dom/cjs/react-dom-client.development.js:25989:20)
    at runWithFiberInDEV (/home/siegfriedneto/projects/servicedeskn1/frontend/app/node_modules/react-dom/cjs/react-dom-client.development.js:874:13)
    at commitHookEffectListMount (/home/siegfriedneto/projects/servicedeskn1/frontend/app/node_modules/react-dom/cjs/react-dom-client.development.js:13249:29) undefined
Error: Not implemented: window.scrollTo
    at module.exports (/home/siegfriedneto/projects/servicedeskn1/frontend/app/node_modules/jsdom/lib/jsdom/browser/not-implemented.js:9:17)
    at /home/siegfriedneto/projects/servicedeskn1/frontend/app/node_modules/jsdom/lib/jsdom/browser/Window.js:960:7
    at Object.fn (file:///home/siegfriedneto/projects/servicedeskn1/frontend/app/node_modules/@tanstack/router-core/dist/esm/scroll-restoration.js:180:27)
    at RouterCore.emit (file:///home/siegfriedneto/projects/servicedeskn1/frontend/app/node_modules/@tanstack/router-core/dist/esm/router.js:178:14)
    at file:///home/siegfriedneto/projects/servicedeskn1/frontend/app/node_modules/@tanstack/react-router/dist/esm/Transitioner.js:46:25
    at settleOwner (file:///home/siegfriedneto/projects/servicedeskn1/frontend/app/node_modules/@tanstack/react-router/dist/esm/Transitioner.js:10:10)
    at file:///home/siegfriedneto/projects/servicedeskn1/frontend/app/node_modules/@tanstack/react-router/dist/esm/Matches.js:38:39
    at Object.react_stack_bottom_frame (/home/siegfriedneto/projects/servicedeskn1/frontend/app/node_modules/react-dom/cjs/react-dom-client.development.js:25989:20)
    at runWithFiberInDEV (/home/siegfriedneto/projects/servicedeskn1/frontend/app/node_modules/react-dom/cjs/react-dom-client.development.js:874:13)
    at commitHookEffectListMount (/home/siegfriedneto/projects/servicedeskn1/frontend/app/node_modules/react-dom/cjs/react-dom-client.development.js:13249:29) undefined
Error: Not implemented: window.scrollTo
    at module.exports (/home/siegfriedneto/projects/servicedeskn1/frontend/app/node_modules/jsdom/lib/jsdom/browser/not-implemented.js:9:17)
    at /home/siegfriedneto/projects/servicedeskn1/frontend/app/node_modules/jsdom/lib/jsdom/browser/Window.js:960:7
    at Object.fn (file:///home/siegfriedneto/projects/servicedeskn1/frontend/app/node_modules/@tanstack/router-core/dist/esm/scroll-restoration.js:180:27)
    at RouterCore.emit (file:///home/siegfriedneto/projects/servicedeskn1/frontend/app/node_modules/@tanstack/router-core/dist/esm/router.js:178:14)
    at file:///home/siegfriedneto/projects/servicedeskn1/frontend/app/node_modules/@tanstack/router-core/dist/esm/load-client.js:943:46
    at Router.batch (file:///home/siegfriedneto/projects/servicedeskn1/frontend/app/node_modules/@tanstack/store/dist/esm/atom.js:39:5)
    at file:///home/siegfriedneto/projects/servicedeskn1/frontend/app/node_modules/@tanstack/router-core/dist/esm/load-client.js:936:10
    at runNextTicks (node:internal/process/task_queues:64:5)
    at listOnTimeout (node:internal/timers:547:9)
    at processTimers (node:internal/timers:521:7) undefined
Error: Not implemented: window.scrollTo
    at module.exports (/home/siegfriedneto/projects/servicedeskn1/frontend/app/node_modules/jsdom/lib/jsdom/browser/not-implemented.js:9:17)
    at /home/siegfriedneto/projects/servicedeskn1/frontend/app/node_modules/jsdom/lib/jsdom/browser/Window.js:960:7
    at Object.fn (file:///home/siegfriedneto/projects/servicedeskn1/frontend/app/node_modules/@tanstack/router-core/dist/esm/scroll-restoration.js:180:27)
    at RouterCore.emit (file:///home/siegfriedneto/projects/servicedeskn1/frontend/app/node_modules/@tanstack/router-core/dist/esm/router.js:178:14)
    at file:///home/siegfriedneto/projects/servicedeskn1/frontend/app/node_modules/@tanstack/react-router/dist/esm/Transitioner.js:46:25
    at settleOwner (file:///home/siegfriedneto/projects/servicedeskn1/frontend/app/node_modules/@tanstack/react-router/dist/esm/Transitioner.js:10:10)
    at file:///home/siegfriedneto/projects/servicedeskn1/frontend/app/node_modules/@tanstack/react-router/dist/esm/Matches.js:38:39
    at Object.react_stack_bottom_frame (/home/siegfriedneto/projects/servicedeskn1/frontend/app/node_modules/react-dom/cjs/react-dom-client.development.js:25989:20)
    at runWithFiberInDEV (/home/siegfriedneto/projects/servicedeskn1/frontend/app/node_modules/react-dom/cjs/react-dom-client.development.js:874:13)
    at commitHookEffectListMount (/home/siegfriedneto/projects/servicedeskn1/frontend/app/node_modules/react-dom/cjs/react-dom-client.development.js:13249:29) undefined
Error: Not implemented: window.scrollTo
    at module.exports (/home/siegfriedneto/projects/servicedeskn1/frontend/app/node_modules/jsdom/lib/jsdom/browser/not-implemented.js:9:17)
    at /home/siegfriedneto/projects/servicedeskn1/frontend/app/node_modules/jsdom/lib/jsdom/browser/Window.js:960:7
    at Object.fn (file:///home/siegfriedneto/projects/servicedeskn1/frontend/app/node_modules/@tanstack/router-core/dist/esm/scroll-restoration.js:180:27)
    at RouterCore.emit (file:///home/siegfriedneto/projects/servicedeskn1/frontend/app/node_modules/@tanstack/router-core/dist/esm/router.js:178:14)
    at file:///home/siegfriedneto/projects/servicedeskn1/frontend/app/node_modules/@tanstack/react-router/dist/esm/Transitioner.js:46:25
    at settleOwner (file:///home/siegfriedneto/projects/servicedeskn1/frontend/app/node_modules/@tanstack/react-router/dist/esm/Transitioner.js:10:10)
    at file:///home/siegfriedneto/projects/servicedeskn1/frontend/app/node_modules/@tanstack/react-router/dist/esm/Matches.js:38:39
    at Object.react_stack_bottom_frame (/home/siegfriedneto/projects/servicedeskn1/frontend/app/node_modules/react-dom/cjs/react-dom-client.development.js:25989:20)
    at runWithFiberInDEV (/home/siegfriedneto/projects/servicedeskn1/frontend/app/node_modules/react-dom/cjs/react-dom-client.development.js:874:13)
    at commitHookEffectListMount (/home/siegfriedneto/projects/servicedeskn1/frontend/app/node_modules/react-dom/cjs/react-dom-client.development.js:13249:29) undefined
Error: Not implemented: window.scrollTo
    at module.exports (/home/siegfriedneto/projects/servicedeskn1/frontend/app/node_modules/jsdom/lib/jsdom/browser/not-implemented.js:9:17)
    at /home/siegfriedneto/projects/servicedeskn1/frontend/app/node_modules/jsdom/lib/jsdom/browser/Window.js:960:7
    at Object.fn (file:///home/siegfriedneto/projects/servicedeskn1/frontend/app/node_modules/@tanstack/router-core/dist/esm/scroll-restoration.js:180:27)
    at RouterCore.emit (file:///home/siegfriedneto/projects/servicedeskn1/frontend/app/node_modules/@tanstack/router-core/dist/esm/router.js:178:14)
    at file:///home/siegfriedneto/projects/servicedeskn1/frontend/app/node_modules/@tanstack/react-router/dist/esm/Transitioner.js:46:25
    at settleOwner (file:///home/siegfriedneto/projects/servicedeskn1/frontend/app/node_modules/@tanstack/react-router/dist/esm/Transitioner.js:10:10)
    at file:///home/siegfriedneto/projects/servicedeskn1/frontend/app/node_modules/@tanstack/react-router/dist/esm/Matches.js:38:39
    at Object.react_stack_bottom_frame (/home/siegfriedneto/projects/servicedeskn1/frontend/app/node_modules/react-dom/cjs/react-dom-client.development.js:25989:20)
    at runWithFiberInDEV (/home/siegfriedneto/projects/servicedeskn1/frontend/app/node_modules/react-dom/cjs/react-dom-client.development.js:874:13)
    at commitHookEffectListMount (/home/siegfriedneto/projects/servicedeskn1/frontend/app/node_modules/react-dom/cjs/react-dom-client.development.js:13249:29) undefined
Error: Not implemented: window.scrollTo
    at module.exports (/home/siegfriedneto/projects/servicedeskn1/frontend/app/node_modules/jsdom/lib/jsdom/browser/not-implemented.js:9:17)
    at /home/siegfriedneto/projects/servicedeskn1/frontend/app/node_modules/jsdom/lib/jsdom/browser/Window.js:960:7
    at Object.fn (file:///home/siegfriedneto/projects/servicedeskn1/frontend/app/node_modules/@tanstack/router-core/dist/esm/scroll-restoration.js:180:27)
    at RouterCore.emit (file:///home/siegfriedneto/projects/servicedeskn1/frontend/app/node_modules/@tanstack/router-core/dist/esm/router.js:178:14)
    at file:///home/siegfriedneto/projects/servicedeskn1/frontend/app/node_modules/@tanstack/router-core/dist/esm/load-client.js:943:46
    at Router.batch (file:///home/siegfriedneto/projects/servicedeskn1/frontend/app/node_modules/@tanstack/store/dist/esm/atom.js:39:5)
    at file:///home/siegfriedneto/projects/servicedeskn1/frontend/app/node_modules/@tanstack/router-core/dist/esm/load-client.js:936:10
    at runClientTransaction (file:///home/siegfriedneto/projects/servicedeskn1/frontend/app/node_modules/@tanstack/router-core/dist/esm/load-client.js:902:2)
    at loadClientRoute (file:///home/siegfriedneto/projects/servicedeskn1/frontend/app/node_modules/@tanstack/router-core/dist/esm/load-client.js:1034:2)
    at RouterCore.load (file:///home/siegfriedneto/projects/servicedeskn1/frontend/app/node_modules/@tanstack/router-core/dist/esm/router.js:489:4) undefined
Error: Not implemented: window.scrollTo
    at module.exports (/home/siegfriedneto/projects/servicedeskn1/frontend/app/node_modules/jsdom/lib/jsdom/browser/not-implemented.js:9:17)
    at /home/siegfriedneto/projects/servicedeskn1/frontend/app/node_modules/jsdom/lib/jsdom/browser/Window.js:960:7
    at Object.fn (file:///home/siegfriedneto/projects/servicedeskn1/frontend/app/node_modules/@tanstack/router-core/dist/esm/scroll-restoration.js:180:27)
    at RouterCore.emit (file:///home/siegfriedneto/projects/servicedeskn1/frontend/app/node_modules/@tanstack/router-core/dist/esm/router.js:178:14)
    at file:///home/siegfriedneto/projects/servicedeskn1/frontend/app/node_modules/@tanstack/react-router/dist/esm/Transitioner.js:46:25
    at settleOwner (file:///home/siegfriedneto/projects/servicedeskn1/frontend/app/node_modules/@tanstack/react-router/dist/esm/Transitioner.js:10:10)
    at file:///home/siegfriedneto/projects/servicedeskn1/frontend/app/node_modules/@tanstack/react-router/dist/esm/Matches.js:38:39
    at Object.react_stack_bottom_frame (/home/siegfriedneto/projects/servicedeskn1/frontend/app/node_modules/react-dom/cjs/react-dom-client.development.js:25989:20)
    at runWithFiberInDEV (/home/siegfriedneto/projects/servicedeskn1/frontend/app/node_modules/react-dom/cjs/react-dom-client.development.js:874:13)
    at commitHookEffectListMount (/home/siegfriedneto/projects/servicedeskn1/frontend/app/node_modules/react-dom/cjs/react-dom-client.development.js:13249:29) undefined
Error: Not implemented: window.scrollTo
    at module.exports (/home/siegfriedneto/projects/servicedeskn1/frontend/app/node_modules/jsdom/lib/jsdom/browser/not-implemented.js:9:17)
    at /home/siegfriedneto/projects/servicedeskn1/frontend/app/node_modules/jsdom/lib/jsdom/browser/Window.js:960:7
    at Object.fn (file:///home/siegfriedneto/projects/servicedeskn1/frontend/app/node_modules/@tanstack/router-core/dist/esm/scroll-restoration.js:180:27)
    at RouterCore.emit (file:///home/siegfriedneto/projects/servicedeskn1/frontend/app/node_modules/@tanstack/router-core/dist/esm/router.js:178:14)
    at file:///home/siegfriedneto/projects/servicedeskn1/frontend/app/node_modules/@tanstack/react-router/dist/esm/Transitioner.js:46:25
    at settleOwner (file:///home/siegfriedneto/projects/servicedeskn1/frontend/app/node_modules/@tanstack/react-router/dist/esm/Transitioner.js:10:10)
    at file:///home/siegfriedneto/projects/servicedeskn1/frontend/app/node_modules/@tanstack/react-router/dist/esm/Matches.js:38:39
    at Object.react_stack_bottom_frame (/home/siegfriedneto/projects/servicedeskn1/frontend/app/node_modules/react-dom/cjs/react-dom-client.development.js:25989:20)
    at runWithFiberInDEV (/home/siegfriedneto/projects/servicedeskn1/frontend/app/node_modules/react-dom/cjs/react-dom-client.development.js:874:13)
    at commitHookEffectListMount (/home/siegfriedneto/projects/servicedeskn1/frontend/app/node_modules/react-dom/cjs/react-dom-client.development.js:13249:29) undefined
Error: Not implemented: window.scrollTo
    at module.exports (/home/siegfriedneto/projects/servicedeskn1/frontend/app/node_modules/jsdom/lib/jsdom/browser/not-implemented.js:9:17)
    at /home/siegfriedneto/projects/servicedeskn1/frontend/app/node_modules/jsdom/lib/jsdom/browser/Window.js:960:7
    at Object.fn (file:///home/siegfriedneto/projects/servicedeskn1/frontend/app/node_modules/@tanstack/router-core/dist/esm/scroll-restoration.js:180:27)
    at RouterCore.emit (file:///home/siegfriedneto/projects/servicedeskn1/frontend/app/node_modules/@tanstack/router-core/dist/esm/router.js:178:14)
    at file:///home/siegfriedneto/projects/servicedeskn1/frontend/app/node_modules/@tanstack/react-router/dist/esm/Transitioner.js:46:25
    at settleOwner (file:///home/siegfriedneto/projects/servicedeskn1/frontend/app/node_modules/@tanstack/react-router/dist/esm/Transitioner.js:10:10)
    at file:///home/siegfriedneto/projects/servicedeskn1/frontend/app/node_modules/@tanstack/react-router/dist/esm/Matches.js:38:39
    at Object.react_stack_bottom_frame (/home/siegfriedneto/projects/servicedeskn1/frontend/app/node_modules/react-dom/cjs/react-dom-client.development.js:25989:20)
    at runWithFiberInDEV (/home/siegfriedneto/projects/servicedeskn1/frontend/app/node_modules/react-dom/cjs/react-dom-client.development.js:874:13)
    at commitHookEffectListMount (/home/siegfriedneto/projects/servicedeskn1/frontend/app/node_modules/react-dom/cjs/react-dom-client.development.js:13249:29) undefined
Error: Not implemented: window.scrollTo
    at module.exports (/home/siegfriedneto/projects/servicedeskn1/frontend/app/node_modules/jsdom/lib/jsdom/browser/not-implemented.js:9:17)
    at /home/siegfriedneto/projects/servicedeskn1/frontend/app/node_modules/jsdom/lib/jsdom/browser/Window.js:960:7
    at Object.fn (file:///home/siegfriedneto/projects/servicedeskn1/frontend/app/node_modules/@tanstack/router-core/dist/esm/scroll-restoration.js:180:27)
    at RouterCore.emit (file:///home/siegfriedneto/projects/servicedeskn1/frontend/app/node_modules/@tanstack/router-core/dist/esm/router.js:178:14)
    at file:///home/siegfriedneto/projects/servicedeskn1/frontend/app/node_modules/@tanstack/react-router/dist/esm/Transitioner.js:46:25
    at settleOwner (file:///home/siegfriedneto/projects/servicedeskn1/frontend/app/node_modules/@tanstack/react-router/dist/esm/Transitioner.js:10:10)
    at file:///home/siegfriedneto/projects/servicedeskn1/frontend/app/node_modules/@tanstack/react-router/dist/esm/Matches.js:38:39
    at Object.react_stack_bottom_frame (/home/siegfriedneto/projects/servicedeskn1/frontend/app/node_modules/react-dom/cjs/react-dom-client.development.js:25989:20)
    at runWithFiberInDEV (/home/siegfriedneto/projects/servicedeskn1/frontend/app/node_modules/react-dom/cjs/react-dom-client.development.js:874:13)
    at commitHookEffectListMount (/home/siegfriedneto/projects/servicedeskn1/frontend/app/node_modules/react-dom/cjs/react-dom-client.development.js:13249:29) undefined
Error: Not implemented: window.scrollTo
    at module.exports (/home/siegfriedneto/projects/servicedeskn1/frontend/app/node_modules/jsdom/lib/jsdom/browser/not-implemented.js:9:17)
    at /home/siegfriedneto/projects/servicedeskn1/frontend/app/node_modules/jsdom/lib/jsdom/browser/Window.js:960:7
    at Object.fn (file:///home/siegfriedneto/projects/servicedeskn1/frontend/app/node_modules/@tanstack/router-core/dist/esm/scroll-restoration.js:180:27)
    at RouterCore.emit (file:///home/siegfriedneto/projects/servicedeskn1/frontend/app/node_modules/@tanstack/router-core/dist/esm/router.js:178:14)
    at file:///home/siegfriedneto/projects/servicedeskn1/frontend/app/node_modules/@tanstack/react-router/dist/esm/Transitioner.js:46:25
    at settleOwner (file:///home/siegfriedneto/projects/servicedeskn1/frontend/app/node_modules/@tanstack/react-router/dist/esm/Transitioner.js:10:10)
    at file:///home/siegfriedneto/projects/servicedeskn1/frontend/app/node_modules/@tanstack/react-router/dist/esm/Matches.js:38:39
    at Object.react_stack_bottom_frame (/home/siegfriedneto/projects/servicedeskn1/frontend/app/node_modules/react-dom/cjs/react-dom-client.development.js:25989:20)
    at runWithFiberInDEV (/home/siegfriedneto/projects/servicedeskn1/frontend/app/node_modules/react-dom/cjs/react-dom-client.development.js:874:13)
    at commitHookEffectListMount (/home/siegfriedneto/projects/servicedeskn1/frontend/app/node_modules/react-dom/cjs/react-dom-client.development.js:13249:29) undefined
Error: Not implemented: window.scrollTo
    at module.exports (/home/siegfriedneto/projects/servicedeskn1/frontend/app/node_modules/jsdom/lib/jsdom/browser/not-implemented.js:9:17)
    at /home/siegfriedneto/projects/servicedeskn1/frontend/app/node_modules/jsdom/lib/jsdom/browser/Window.js:960:7
    at Object.fn (file:///home/siegfriedneto/projects/servicedeskn1/frontend/app/node_modules/@tanstack/router-core/dist/esm/scroll-restoration.js:180:27)
    at RouterCore.emit (file:///home/siegfriedneto/projects/servicedeskn1/frontend/app/node_modules/@tanstack/router-core/dist/esm/router.js:178:14)
    at file:///home/siegfriedneto/projects/servicedeskn1/frontend/app/node_modules/@tanstack/react-router/dist/esm/Transitioner.js:46:25
    at settleOwner (file:///home/siegfriedneto/projects/servicedeskn1/frontend/app/node_modules/@tanstack/react-router/dist/esm/Transitioner.js:10:10)
    at file:///home/siegfriedneto/projects/servicedeskn1/frontend/app/node_modules/@tanstack/react-router/dist/esm/Matches.js:38:39
    at Object.react_stack_bottom_frame (/home/siegfriedneto/projects/servicedeskn1/frontend/app/node_modules/react-dom/cjs/react-dom-client.development.js:25989:20)
    at runWithFiberInDEV (/home/siegfriedneto/projects/servicedeskn1/frontend/app/node_modules/react-dom/cjs/react-dom-client.development.js:874:13)
    at commitHookEffectListMount (/home/siegfriedneto/projects/servicedeskn1/frontend/app/node_modules/react-dom/cjs/react-dom-client.development.js:13249:29) undefined
Error: Not implemented: window.scrollTo
    at module.exports (/home/siegfriedneto/projects/servicedeskn1/frontend/app/node_modules/jsdom/lib/jsdom/browser/not-implemented.js:9:17)
    at /home/siegfriedneto/projects/servicedeskn1/frontend/app/node_modules/jsdom/lib/jsdom/browser/Window.js:960:7
    at Object.fn (file:///home/siegfriedneto/projects/servicedeskn1/frontend/app/node_modules/@tanstack/router-core/dist/esm/scroll-restoration.js:180:27)
    at RouterCore.emit (file:///home/siegfriedneto/projects/servicedeskn1/frontend/app/node_modules/@tanstack/router-core/dist/esm/router.js:178:14)
    at file:///home/siegfriedneto/projects/servicedeskn1/frontend/app/node_modules/@tanstack/react-router/dist/esm/Transitioner.js:46:25
    at settleOwner (file:///home/siegfriedneto/projects/servicedeskn1/frontend/app/node_modules/@tanstack/react-router/dist/esm/Transitioner.js:10:10)
    at file:///home/siegfriedneto/projects/servicedeskn1/frontend/app/node_modules/@tanstack/react-router/dist/esm/Matches.js:38:39
    at Object.react_stack_bottom_frame (/home/siegfriedneto/projects/servicedeskn1/frontend/app/node_modules/react-dom/cjs/react-dom-client.development.js:25989:20)
    at runWithFiberInDEV (/home/siegfriedneto/projects/servicedeskn1/frontend/app/node_modules/react-dom/cjs/react-dom-client.development.js:874:13)
    at commitHookEffectListMount (/home/siegfriedneto/projects/servicedeskn1/frontend/app/node_modules/react-dom/cjs/react-dom-client.development.js:13249:29) undefined
Error: Not implemented: window.scrollTo
    at module.exports (/home/siegfriedneto/projects/servicedeskn1/frontend/app/node_modules/jsdom/lib/jsdom/browser/not-implemented.js:9:17)
    at /home/siegfriedneto/projects/servicedeskn1/frontend/app/node_modules/jsdom/lib/jsdom/browser/Window.js:960:7
    at Object.fn (file:///home/siegfriedneto/projects/servicedeskn1/frontend/app/node_modules/@tanstack/router-core/dist/esm/scroll-restoration.js:180:27)
    at RouterCore.emit (file:///home/siegfriedneto/projects/servicedeskn1/frontend/app/node_modules/@tanstack/router-core/dist/esm/router.js:178:14)
    at file:///home/siegfriedneto/projects/servicedeskn1/frontend/app/node_modules/@tanstack/react-router/dist/esm/Transitioner.js:46:25
    at settleOwner (file:///home/siegfriedneto/projects/servicedeskn1/frontend/app/node_modules/@tanstack/react-router/dist/esm/Transitioner.js:10:10)
    at file:///home/siegfriedneto/projects/servicedeskn1/frontend/app/node_modules/@tanstack/react-router/dist/esm/Matches.js:38:39
    at Object.react_stack_bottom_frame (/home/siegfriedneto/projects/servicedeskn1/frontend/app/node_modules/react-dom/cjs/react-dom-client.development.js:25989:20)
    at runWithFiberInDEV (/home/siegfriedneto/projects/servicedeskn1/frontend/app/node_modules/react-dom/cjs/react-dom-client.development.js:874:13)
    at commitHookEffectListMount (/home/siegfriedneto/projects/servicedeskn1/frontend/app/node_modules/react-dom/cjs/react-dom-client.development.js:13249:29) undefined
Error: Not implemented: window.scrollTo
    at module.exports (/home/siegfriedneto/projects/servicedeskn1/frontend/app/node_modules/jsdom/lib/jsdom/browser/not-implemented.js:9:17)
    at /home/siegfriedneto/projects/servicedeskn1/frontend/app/node_modules/jsdom/lib/jsdom/browser/Window.js:960:7
    at Object.fn (file:///home/siegfriedneto/projects/servicedeskn1/frontend/app/node_modules/@tanstack/router-core/dist/esm/scroll-restoration.js:180:27)
    at RouterCore.emit (file:///home/siegfriedneto/projects/servicedeskn1/frontend/app/node_modules/@tanstack/router-core/dist/esm/router.js:178:14)
    at file:///home/siegfriedneto/projects/servicedeskn1/frontend/app/node_modules/@tanstack/react-router/dist/esm/Transitioner.js:46:25
    at settleOwner (file:///home/siegfriedneto/projects/servicedeskn1/frontend/app/node_modules/@tanstack/react-router/dist/esm/Transitioner.js:10:10)
    at file:///home/siegfriedneto/projects/servicedeskn1/frontend/app/node_modules/@tanstack/react-router/dist/esm/Matches.js:38:39
    at Object.react_stack_bottom_frame (/home/siegfriedneto/projects/servicedeskn1/frontend/app/node_modules/react-dom/cjs/react-dom-client.development.js:25989:20)
    at runWithFiberInDEV (/home/siegfriedneto/projects/servicedeskn1/frontend/app/node_modules/react-dom/cjs/react-dom-client.development.js:874:13)
    at commitHookEffectListMount (/home/siegfriedneto/projects/servicedeskn1/frontend/app/node_modules/react-dom/cjs/react-dom-client.development.js:13249:29) undefined
Error: Not implemented: window.scrollTo
    at module.exports (/home/siegfriedneto/projects/servicedeskn1/frontend/app/node_modules/jsdom/lib/jsdom/browser/not-implemented.js:9:17)
    at /home/siegfriedneto/projects/servicedeskn1/frontend/app/node_modules/jsdom/lib/jsdom/browser/Window.js:960:7
    at Object.fn (file:///home/siegfriedneto/projects/servicedeskn1/frontend/app/node_modules/@tanstack/router-core/dist/esm/scroll-restoration.js:180:27)
    at RouterCore.emit (file:///home/siegfriedneto/projects/servicedeskn1/frontend/app/node_modules/@tanstack/router-core/dist/esm/router.js:178:14)
    at file:///home/siegfriedneto/projects/servicedeskn1/frontend/app/node_modules/@tanstack/react-router/dist/esm/Transitioner.js:46:25
    at settleOwner (file:///home/siegfriedneto/projects/servicedeskn1/frontend/app/node_modules/@tanstack/react-router/dist/esm/Transitioner.js:10:10)
    at file:///home/siegfriedneto/projects/servicedeskn1/frontend/app/node_modules/@tanstack/react-router/dist/esm/Matches.js:38:39
    at Object.react_stack_bottom_frame (/home/siegfriedneto/projects/servicedeskn1/frontend/app/node_modules/react-dom/cjs/react-dom-client.development.js:25989:20)
    at runWithFiberInDEV (/home/siegfriedneto/projects/servicedeskn1/frontend/app/node_modules/react-dom/cjs/react-dom-client.development.js:874:13)
    at commitHookEffectListMount (/home/siegfriedneto/projects/servicedeskn1/frontend/app/node_modules/react-dom/cjs/react-dom-client.development.js:13249:29) undefined
Error: Not implemented: window.scrollTo
    at module.exports (/home/siegfriedneto/projects/servicedeskn1/frontend/app/node_modules/jsdom/lib/jsdom/browser/not-implemented.js:9:17)
    at /home/siegfriedneto/projects/servicedeskn1/frontend/app/node_modules/jsdom/lib/jsdom/browser/Window.js:960:7
    at Object.fn (file:///home/siegfriedneto/projects/servicedeskn1/frontend/app/node_modules/@tanstack/router-core/dist/esm/scroll-restoration.js:180:27)
    at RouterCore.emit (file:///home/siegfriedneto/projects/servicedeskn1/frontend/app/node_modules/@tanstack/router-core/dist/esm/router.js:178:14)
    at file:///home/siegfriedneto/projects/servicedeskn1/frontend/app/node_modules/@tanstack/react-router/dist/esm/Transitioner.js:46:25
    at settleOwner (file:///home/siegfriedneto/projects/servicedeskn1/frontend/app/node_modules/@tanstack/react-router/dist/esm/Transitioner.js:10:10)
    at file:///home/siegfriedneto/projects/servicedeskn1/frontend/app/node_modules/@tanstack/react-router/dist/esm/Matches.js:38:39
    at Object.react_stack_bottom_frame (/home/siegfriedneto/projects/servicedeskn1/frontend/app/node_modules/react-dom/cjs/react-dom-client.development.js:25989:20)
    at runWithFiberInDEV (/home/siegfriedneto/projects/servicedeskn1/frontend/app/node_modules/react-dom/cjs/react-dom-client.development.js:874:13)
    at commitHookEffectListMount (/home/siegfriedneto/projects/servicedeskn1/frontend/app/node_modules/react-dom/cjs/react-dom-client.development.js:13249:29) undefined
Error: Not implemented: window.scrollTo
    at module.exports (/home/siegfriedneto/projects/servicedeskn1/frontend/app/node_modules/jsdom/lib/jsdom/browser/not-implemented.js:9:17)
    at /home/siegfriedneto/projects/servicedeskn1/frontend/app/node_modules/jsdom/lib/jsdom/browser/Window.js:960:7
    at Object.fn (file:///home/siegfriedneto/projects/servicedeskn1/frontend/app/node_modules/@tanstack/router-core/dist/esm/scroll-restoration.js:180:27)
    at RouterCore.emit (file:///home/siegfriedneto/projects/servicedeskn1/frontend/app/node_modules/@tanstack/router-core/dist/esm/router.js:178:14)
    at file:///home/siegfriedneto/projects/servicedeskn1/frontend/app/node_modules/@tanstack/react-router/dist/esm/Transitioner.js:46:25
    at settleOwner (file:///home/siegfriedneto/projects/servicedeskn1/frontend/app/node_modules/@tanstack/react-router/dist/esm/Transitioner.js:10:10)
    at file:///home/siegfriedneto/projects/servicedeskn1/frontend/app/node_modules/@tanstack/react-router/dist/esm/Matches.js:38:39
    at Object.react_stack_bottom_frame (/home/siegfriedneto/projects/servicedeskn1/frontend/app/node_modules/react-dom/cjs/react-dom-client.development.js:25989:20)
    at runWithFiberInDEV (/home/siegfriedneto/projects/servicedeskn1/frontend/app/node_modules/react-dom/cjs/react-dom-client.development.js:874:13)
    at commitHookEffectListMount (/home/siegfriedneto/projects/servicedeskn1/frontend/app/node_modules/react-dom/cjs/react-dom-client.development.js:13249:29) undefined
Error: Not implemented: window.scrollTo
    at module.exports (/home/siegfriedneto/projects/servicedeskn1/frontend/app/node_modules/jsdom/lib/jsdom/browser/not-implemented.js:9:17)
    at /home/siegfriedneto/projects/servicedeskn1/frontend/app/node_modules/jsdom/lib/jsdom/browser/Window.js:960:7
    at Object.fn (file:///home/siegfriedneto/projects/servicedeskn1/frontend/app/node_modules/@tanstack/router-core/dist/esm/scroll-restoration.js:180:27)
    at RouterCore.emit (file:///home/siegfriedneto/projects/servicedeskn1/frontend/app/node_modules/@tanstack/router-core/dist/esm/router.js:178:14)
    at file:///home/siegfriedneto/projects/servicedeskn1/frontend/app/node_modules/@tanstack/react-router/dist/esm/Transitioner.js:46:25
    at settleOwner (file:///home/siegfriedneto/projects/servicedeskn1/frontend/app/node_modules/@tanstack/react-router/dist/esm/Transitioner.js:10:10)
    at file:///home/siegfriedneto/projects/servicedeskn1/frontend/app/node_modules/@tanstack/react-router/dist/esm/Matches.js:38:39
    at Object.react_stack_bottom_frame (/home/siegfriedneto/projects/servicedeskn1/frontend/app/node_modules/react-dom/cjs/react-dom-client.development.js:25989:20)
    at runWithFiberInDEV (/home/siegfriedneto/projects/servicedeskn1/frontend/app/node_modules/react-dom/cjs/react-dom-client.development.js:874:13)
    at commitHookEffectListMount (/home/siegfriedneto/projects/servicedeskn1/frontend/app/node_modules/react-dom/cjs/react-dom-client.development.js:13249:29) undefined
Error: Not implemented: window.scrollTo
    at module.exports (/home/siegfriedneto/projects/servicedeskn1/frontend/app/node_modules/jsdom/lib/jsdom/browser/not-implemented.js:9:17)
    at /home/siegfriedneto/projects/servicedeskn1/frontend/app/node_modules/jsdom/lib/jsdom/browser/Window.js:960:7
    at Object.fn (file:///home/siegfriedneto/projects/servicedeskn1/frontend/app/node_modules/@tanstack/router-core/dist/esm/scroll-restoration.js:180:27)
    at RouterCore.emit (file:///home/siegfriedneto/projects/servicedeskn1/frontend/app/node_modules/@tanstack/router-core/dist/esm/router.js:178:14)
    at file:///home/siegfriedneto/projects/servicedeskn1/frontend/app/node_modules/@tanstack/react-router/dist/esm/Transitioner.js:46:25
    at settleOwner (file:///home/siegfriedneto/projects/servicedeskn1/frontend/app/node_modules/@tanstack/react-router/dist/esm/Transitioner.js:10:10)
    at file:///home/siegfriedneto/projects/servicedeskn1/frontend/app/node_modules/@tanstack/react-router/dist/esm/Matches.js:38:39
    at Object.react_stack_bottom_frame (/home/siegfriedneto/projects/servicedeskn1/frontend/app/node_modules/react-dom/cjs/react-dom-client.development.js:25989:20)
    at runWithFiberInDEV (/home/siegfriedneto/projects/servicedeskn1/frontend/app/node_modules/react-dom/cjs/react-dom-client.development.js:874:13)
    at commitHookEffectListMount (/home/siegfriedneto/projects/servicedeskn1/frontend/app/node_modules/react-dom/cjs/react-dom-client.development.js:13249:29) undefined
Error: Not implemented: window.scrollTo
    at module.exports (/home/siegfriedneto/projects/servicedeskn1/frontend/app/node_modules/jsdom/lib/jsdom/browser/not-implemented.js:9:17)
    at /home/siegfriedneto/projects/servicedeskn1/frontend/app/node_modules/jsdom/lib/jsdom/browser/Window.js:960:7
    at Object.fn (file:///home/siegfriedneto/projects/servicedeskn1/frontend/app/node_modules/@tanstack/router-core/dist/esm/scroll-restoration.js:180:27)
    at RouterCore.emit (file:///home/siegfriedneto/projects/servicedeskn1/frontend/app/node_modules/@tanstack/router-core/dist/esm/router.js:178:14)
    at file:///home/siegfriedneto/projects/servicedeskn1/frontend/app/node_modules/@tanstack/react-router/dist/esm/Transitioner.js:46:25
    at settleOwner (file:///home/siegfriedneto/projects/servicedeskn1/frontend/app/node_modules/@tanstack/react-router/dist/esm/Transitioner.js:10:10)
    at file:///home/siegfriedneto/projects/servicedeskn1/frontend/app/node_modules/@tanstack/react-router/dist/esm/Matches.js:38:39
    at Object.react_stack_bottom_frame (/home/siegfriedneto/projects/servicedeskn1/frontend/app/node_modules/react-dom/cjs/react-dom-client.development.js:25989:20)
    at runWithFiberInDEV (/home/siegfriedneto/projects/servicedeskn1/frontend/app/node_modules/react-dom/cjs/react-dom-client.development.js:874:13)
    at commitHookEffectListMount (/home/siegfriedneto/projects/servicedeskn1/frontend/app/node_modules/react-dom/cjs/react-dom-client.development.js:13249:29) undefined
Error: Not implemented: window.scrollTo
    at module.exports (/home/siegfriedneto/projects/servicedeskn1/frontend/app/node_modules/jsdom/lib/jsdom/browser/not-implemented.js:9:17)
    at /home/siegfriedneto/projects/servicedeskn1/frontend/app/node_modules/jsdom/lib/jsdom/browser/Window.js:960:7
    at Object.fn (file:///home/siegfriedneto/projects/servicedeskn1/frontend/app/node_modules/@tanstack/router-core/dist/esm/scroll-restoration.js:180:27)
    at RouterCore.emit (file:///home/siegfriedneto/projects/servicedeskn1/frontend/app/node_modules/@tanstack/router-core/dist/esm/router.js:178:14)
    at file:///home/siegfriedneto/projects/servicedeskn1/frontend/app/node_modules/@tanstack/react-router/dist/esm/Transitioner.js:46:25
    at settleOwner (file:///home/siegfriedneto/projects/servicedeskn1/frontend/app/node_modules/@tanstack/react-router/dist/esm/Transitioner.js:10:10)
    at file:///home/siegfriedneto/projects/servicedeskn1/frontend/app/node_modules/@tanstack/react-router/dist/esm/Matches.js:38:39
    at Object.react_stack_bottom_frame (/home/siegfriedneto/projects/servicedeskn1/frontend/app/node_modules/react-dom/cjs/react-dom-client.development.js:25989:20)
    at runWithFiberInDEV (/home/siegfriedneto/projects/servicedeskn1/frontend/app/node_modules/react-dom/cjs/react-dom-client.development.js:874:13)
    at commitHookEffectListMount (/home/siegfriedneto/projects/servicedeskn1/frontend/app/node_modules/react-dom/cjs/react-dom-client.development.js:13249:29) undefined
Error: Not implemented: window.scrollTo
    at module.exports (/home/siegfriedneto/projects/servicedeskn1/frontend/app/node_modules/jsdom/lib/jsdom/browser/not-implemented.js:9:17)
    at /home/siegfriedneto/projects/servicedeskn1/frontend/app/node_modules/jsdom/lib/jsdom/browser/Window.js:960:7
    at Object.fn (file:///home/siegfriedneto/projects/servicedeskn1/frontend/app/node_modules/@tanstack/router-core/dist/esm/scroll-restoration.js:180:27)
    at RouterCore.emit (file:///home/siegfriedneto/projects/servicedeskn1/frontend/app/node_modules/@tanstack/router-core/dist/esm/router.js:178:14)
    at file:///home/siegfriedneto/projects/servicedeskn1/frontend/app/node_modules/@tanstack/react-router/dist/esm/Transitioner.js:46:25
    at settleOwner (file:///home/siegfriedneto/projects/servicedeskn1/frontend/app/node_modules/@tanstack/react-router/dist/esm/Transitioner.js:10:10)
    at file:///home/siegfriedneto/projects/servicedeskn1/frontend/app/node_modules/@tanstack/react-router/dist/esm/Matches.js:38:39
    at Object.react_stack_bottom_frame (/home/siegfriedneto/projects/servicedeskn1/frontend/app/node_modules/react-dom/cjs/react-dom-client.development.js:25989:20)
    at runWithFiberInDEV (/home/siegfriedneto/projects/servicedeskn1/frontend/app/node_modules/react-dom/cjs/react-dom-client.development.js:874:13)
    at commitHookEffectListMount (/home/siegfriedneto/projects/servicedeskn1/frontend/app/node_modules/react-dom/cjs/react-dom-client.development.js:13249:29) undefined
Error: Not implemented: window.scrollTo
    at module.exports (/home/siegfriedneto/projects/servicedeskn1/frontend/app/node_modules/jsdom/lib/jsdom/browser/not-implemented.js:9:17)
    at /home/siegfriedneto/projects/servicedeskn1/frontend/app/node_modules/jsdom/lib/jsdom/browser/Window.js:960:7
    at Object.fn (file:///home/siegfriedneto/projects/servicedeskn1/frontend/app/node_modules/@tanstack/router-core/dist/esm/scroll-restoration.js:180:27)
    at RouterCore.emit (file:///home/siegfriedneto/projects/servicedeskn1/frontend/app/node_modules/@tanstack/router-core/dist/esm/router.js:178:14)
    at file:///home/siegfriedneto/projects/servicedeskn1/frontend/app/node_modules/@tanstack/react-router/dist/esm/Transitioner.js:46:25
    at settleOwner (file:///home/siegfriedneto/projects/servicedeskn1/frontend/app/node_modules/@tanstack/react-router/dist/esm/Transitioner.js:10:10)
    at file:///home/siegfriedneto/projects/servicedeskn1/frontend/app/node_modules/@tanstack/react-router/dist/esm/Matches.js:38:39
    at Object.react_stack_bottom_frame (/home/siegfriedneto/projects/servicedeskn1/frontend/app/node_modules/react-dom/cjs/react-dom-client.development.js:25989:20)
    at runWithFiberInDEV (/home/siegfriedneto/projects/servicedeskn1/frontend/app/node_modules/react-dom/cjs/react-dom-client.development.js:874:13)
    at commitHookEffectListMount (/home/siegfriedneto/projects/servicedeskn1/frontend/app/node_modules/react-dom/cjs/react-dom-client.development.js:13249:29) undefined
Error: Not implemented: window.scrollTo
    at module.exports (/home/siegfriedneto/projects/servicedeskn1/frontend/app/node_modules/jsdom/lib/jsdom/browser/not-implemented.js:9:17)
    at /home/siegfriedneto/projects/servicedeskn1/frontend/app/node_modules/jsdom/lib/jsdom/browser/Window.js:960:7
    at Object.fn (file:///home/siegfriedneto/projects/servicedeskn1/frontend/app/node_modules/@tanstack/router-core/dist/esm/scroll-restoration.js:180:27)
    at RouterCore.emit (file:///home/siegfriedneto/projects/servicedeskn1/frontend/app/node_modules/@tanstack/router-core/dist/esm/router.js:178:14)
    at file:///home/siegfriedneto/projects/servicedeskn1/frontend/app/node_modules/@tanstack/react-router/dist/esm/Transitioner.js:46:25
    at settleOwner (file:///home/siegfriedneto/projects/servicedeskn1/frontend/app/node_modules/@tanstack/react-router/dist/esm/Transitioner.js:10:10)
    at file:///home/siegfriedneto/projects/servicedeskn1/frontend/app/node_modules/@tanstack/react-router/dist/esm/Matches.js:38:39
    at Object.react_stack_bottom_frame (/home/siegfriedneto/projects/servicedeskn1/frontend/app/node_modules/react-dom/cjs/react-dom-client.development.js:25989:20)
    at runWithFiberInDEV (/home/siegfriedneto/projects/servicedeskn1/frontend/app/node_modules/react-dom/cjs/react-dom-client.development.js:874:13)
    at commitHookEffectListMount (/home/siegfriedneto/projects/servicedeskn1/frontend/app/node_modules/react-dom/cjs/react-dom-client.development.js:13249:29) undefined
Error: Not implemented: window.scrollTo
    at module.exports (/home/siegfriedneto/projects/servicedeskn1/frontend/app/node_modules/jsdom/lib/jsdom/browser/not-implemented.js:9:17)
    at /home/siegfriedneto/projects/servicedeskn1/frontend/app/node_modules/jsdom/lib/jsdom/browser/Window.js:960:7
    at Object.fn (file:///home/siegfriedneto/projects/servicedeskn1/frontend/app/node_modules/@tanstack/router-core/dist/esm/scroll-restoration.js:180:27)
    at RouterCore.emit (file:///home/siegfriedneto/projects/servicedeskn1/frontend/app/node_modules/@tanstack/router-core/dist/esm/router.js:178:14)
    at file:///home/siegfriedneto/projects/servicedeskn1/frontend/app/node_modules/@tanstack/react-router/dist/esm/Transitioner.js:46:25
    at settleOwner (file:///home/siegfriedneto/projects/servicedeskn1/frontend/app/node_modules/@tanstack/react-router/dist/esm/Transitioner.js:10:10)
    at file:///home/siegfriedneto/projects/servicedeskn1/frontend/app/node_modules/@tanstack/react-router/dist/esm/Matches.js:38:39
    at Object.react_stack_bottom_frame (/home/siegfriedneto/projects/servicedeskn1/frontend/app/node_modules/react-dom/cjs/react-dom-client.development.js:25989:20)
    at runWithFiberInDEV (/home/siegfriedneto/projects/servicedeskn1/frontend/app/node_modules/react-dom/cjs/react-dom-client.development.js:874:13)
    at commitHookEffectListMount (/home/siegfriedneto/projects/servicedeskn1/frontend/app/node_modules/react-dom/cjs/react-dom-client.development.js:13249:29) undefined
Error: Not implemented: window.scrollTo
    at module.exports (/home/siegfriedneto/projects/servicedeskn1/frontend/app/node_modules/jsdom/lib/jsdom/browser/not-implemented.js:9:17)
    at /home/siegfriedneto/projects/servicedeskn1/frontend/app/node_modules/jsdom/lib/jsdom/browser/Window.js:960:7
    at Object.fn (file:///home/siegfriedneto/projects/servicedeskn1/frontend/app/node_modules/@tanstack/router-core/dist/esm/scroll-restoration.js:180:27)
    at RouterCore.emit (file:///home/siegfriedneto/projects/servicedeskn1/frontend/app/node_modules/@tanstack/router-core/dist/esm/router.js:178:14)
    at file:///home/siegfriedneto/projects/servicedeskn1/frontend/app/node_modules/@tanstack/router-core/dist/esm/load-client.js:943:46
    at Router.batch (file:///home/siegfriedneto/projects/servicedeskn1/frontend/app/node_modules/@tanstack/store/dist/esm/atom.js:39:5)
    at file:///home/siegfriedneto/projects/servicedeskn1/frontend/app/node_modules/@tanstack/router-core/dist/esm/load-client.js:936:10
    at runClientTransaction (file:///home/siegfriedneto/projects/servicedeskn1/frontend/app/node_modules/@tanstack/router-core/dist/esm/load-client.js:902:2)
    at loadClientRoute (file:///home/siegfriedneto/projects/servicedeskn1/frontend/app/node_modules/@tanstack/router-core/dist/esm/load-client.js:1034:2)
    at RouterCore.load (file:///home/siegfriedneto/projects/servicedeskn1/frontend/app/node_modules/@tanstack/router-core/dist/esm/router.js:489:4) undefined
Error: Not implemented: window.scrollTo
    at module.exports (/home/siegfriedneto/projects/servicedeskn1/frontend/app/node_modules/jsdom/lib/jsdom/browser/not-implemented.js:9:17)
    at /home/siegfriedneto/projects/servicedeskn1/frontend/app/node_modules/jsdom/lib/jsdom/browser/Window.js:960:7
    at Object.fn (file:///home/siegfriedneto/projects/servicedeskn1/frontend/app/node_modules/@tanstack/router-core/dist/esm/scroll-restoration.js:180:27)
    at RouterCore.emit (file:///home/siegfriedneto/projects/servicedeskn1/frontend/app/node_modules/@tanstack/router-core/dist/esm/router.js:178:14)
    at file:///home/siegfriedneto/projects/servicedeskn1/frontend/app/node_modules/@tanstack/react-router/dist/esm/Transitioner.js:46:25
    at settleOwner (file:///home/siegfriedneto/projects/servicedeskn1/frontend/app/node_modules/@tanstack/react-router/dist/esm/Transitioner.js:10:10)
    at file:///home/siegfriedneto/projects/servicedeskn1/frontend/app/node_modules/@tanstack/react-router/dist/esm/Matches.js:38:39
    at Object.react_stack_bottom_frame (/home/siegfriedneto/projects/servicedeskn1/frontend/app/node_modules/react-dom/cjs/react-dom-client.development.js:25989:20)
    at runWithFiberInDEV (/home/siegfriedneto/projects/servicedeskn1/frontend/app/node_modules/react-dom/cjs/react-dom-client.development.js:874:13)
    at commitHookEffectListMount (/home/siegfriedneto/projects/servicedeskn1/frontend/app/node_modules/react-dom/cjs/react-dom-client.development.js:13249:29) undefined
Error: Not implemented: window.scrollTo
    at module.exports (/home/siegfriedneto/projects/servicedeskn1/frontend/app/node_modules/jsdom/lib/jsdom/browser/not-implemented.js:9:17)
    at /home/siegfriedneto/projects/servicedeskn1/frontend/app/node_modules/jsdom/lib/jsdom/browser/Window.js:960:7
    at Object.fn (file:///home/siegfriedneto/projects/servicedeskn1/frontend/app/node_modules/@tanstack/router-core/dist/esm/scroll-restoration.js:180:27)
    at RouterCore.emit (file:///home/siegfriedneto/projects/servicedeskn1/frontend/app/node_modules/@tanstack/router-core/dist/esm/router.js:178:14)
    at file:///home/siegfriedneto/projects/servicedeskn1/frontend/app/node_modules/@tanstack/react-router/dist/esm/Transitioner.js:46:25
    at settleOwner (file:///home/siegfriedneto/projects/servicedeskn1/frontend/app/node_modules/@tanstack/react-router/dist/esm/Transitioner.js:10:10)
    at file:///home/siegfriedneto/projects/servicedeskn1/frontend/app/node_modules/@tanstack/react-router/dist/esm/Matches.js:38:39
    at Object.react_stack_bottom_frame (/home/siegfriedneto/projects/servicedeskn1/frontend/app/node_modules/react-dom/cjs/react-dom-client.development.js:25989:20)
    at runWithFiberInDEV (/home/siegfriedneto/projects/servicedeskn1/frontend/app/node_modules/react-dom/cjs/react-dom-client.development.js:874:13)
    at commitHookEffectListMount (/home/siegfriedneto/projects/servicedeskn1/frontend/app/node_modules/react-dom/cjs/react-dom-client.development.js:13249:29) undefined
Error: Not implemented: window.scrollTo
    at module.exports (/home/siegfriedneto/projects/servicedeskn1/frontend/app/node_modules/jsdom/lib/jsdom/browser/not-implemented.js:9:17)
    at /home/siegfriedneto/projects/servicedeskn1/frontend/app/node_modules/jsdom/lib/jsdom/browser/Window.js:960:7
    at Object.fn (file:///home/siegfriedneto/projects/servicedeskn1/frontend/app/node_modules/@tanstack/router-core/dist/esm/scroll-restoration.js:180:27)
    at RouterCore.emit (file:///home/siegfriedneto/projects/servicedeskn1/frontend/app/node_modules/@tanstack/router-core/dist/esm/router.js:178:14)
    at file:///home/siegfriedneto/projects/servicedeskn1/frontend/app/node_modules/@tanstack/react-router/dist/esm/Transitioner.js:46:25
    at settleOwner (file:///home/siegfriedneto/projects/servicedeskn1/frontend/app/node_modules/@tanstack/react-router/dist/esm/Transitioner.js:10:10)
    at file:///home/siegfriedneto/projects/servicedeskn1/frontend/app/node_modules/@tanstack/react-router/dist/esm/Matches.js:38:39
    at Object.react_stack_bottom_frame (/home/siegfriedneto/projects/servicedeskn1/frontend/app/node_modules/react-dom/cjs/react-dom-client.development.js:25989:20)
    at runWithFiberInDEV (/home/siegfriedneto/projects/servicedeskn1/frontend/app/node_modules/react-dom/cjs/react-dom-client.development.js:874:13)
    at commitHookEffectListMount (/home/siegfriedneto/projects/servicedeskn1/frontend/app/node_modules/react-dom/cjs/react-dom-client.development.js:13249:29) undefined
Error: Not implemented: window.scrollTo
    at module.exports (/home/siegfriedneto/projects/servicedeskn1/frontend/app/node_modules/jsdom/lib/jsdom/browser/not-implemented.js:9:17)
    at /home/siegfriedneto/projects/servicedeskn1/frontend/app/node_modules/jsdom/lib/jsdom/browser/Window.js:960:7
    at Object.fn (file:///home/siegfriedneto/projects/servicedeskn1/frontend/app/node_modules/@tanstack/router-core/dist/esm/scroll-restoration.js:180:27)
    at RouterCore.emit (file:///home/siegfriedneto/projects/servicedeskn1/frontend/app/node_modules/@tanstack/router-core/dist/esm/router.js:178:14)
    at file:///home/siegfriedneto/projects/servicedeskn1/frontend/app/node_modules/@tanstack/react-router/dist/esm/Transitioner.js:46:25
    at settleOwner (file:///home/siegfriedneto/projects/servicedeskn1/frontend/app/node_modules/@tanstack/react-router/dist/esm/Transitioner.js:10:10)
    at file:///home/siegfriedneto/projects/servicedeskn1/frontend/app/node_modules/@tanstack/react-router/dist/esm/Matches.js:38:39
    at Object.react_stack_bottom_frame (/home/siegfriedneto/projects/servicedeskn1/frontend/app/node_modules/react-dom/cjs/react-dom-client.development.js:25989:20)
    at runWithFiberInDEV (/home/siegfriedneto/projects/servicedeskn1/frontend/app/node_modules/react-dom/cjs/react-dom-client.development.js:874:13)
    at commitHookEffectListMount (/home/siegfriedneto/projects/servicedeskn1/frontend/app/node_modules/react-dom/cjs/react-dom-client.development.js:13249:29) undefined
Error: Not implemented: window.scrollTo
    at module.exports (/home/siegfriedneto/projects/servicedeskn1/frontend/app/node_modules/jsdom/lib/jsdom/browser/not-implemented.js:9:17)
    at /home/siegfriedneto/projects/servicedeskn1/frontend/app/node_modules/jsdom/lib/jsdom/browser/Window.js:960:7
    at Object.fn (file:///home/siegfriedneto/projects/servicedeskn1/frontend/app/node_modules/@tanstack/router-core/dist/esm/scroll-restoration.js:180:27)
    at RouterCore.emit (file:///home/siegfriedneto/projects/servicedeskn1/frontend/app/node_modules/@tanstack/router-core/dist/esm/router.js:178:14)
    at file:///home/siegfriedneto/projects/servicedeskn1/frontend/app/node_modules/@tanstack/react-router/dist/esm/Transitioner.js:46:25
    at settleOwner (file:///home/siegfriedneto/projects/servicedeskn1/frontend/app/node_modules/@tanstack/react-router/dist/esm/Transitioner.js:10:10)
    at file:///home/siegfriedneto/projects/servicedeskn1/frontend/app/node_modules/@tanstack/react-router/dist/esm/Matches.js:38:39
    at Object.react_stack_bottom_frame (/home/siegfriedneto/projects/servicedeskn1/frontend/app/node_modules/react-dom/cjs/react-dom-client.development.js:25989:20)
    at runWithFiberInDEV (/home/siegfriedneto/projects/servicedeskn1/frontend/app/node_modules/react-dom/cjs/react-dom-client.development.js:874:13)
    at commitHookEffectListMount (/home/siegfriedneto/projects/servicedeskn1/frontend/app/node_modules/react-dom/cjs/react-dom-client.development.js:13249:29) undefined
Error: Not implemented: window.scrollTo
    at module.exports (/home/siegfriedneto/projects/servicedeskn1/frontend/app/node_modules/jsdom/lib/jsdom/browser/not-implemented.js:9:17)
    at /home/siegfriedneto/projects/servicedeskn1/frontend/app/node_modules/jsdom/lib/jsdom/browser/Window.js:960:7
    at Object.fn (file:///home/siegfriedneto/projects/servicedeskn1/frontend/app/node_modules/@tanstack/router-core/dist/esm/scroll-restoration.js:180:27)
    at RouterCore.emit (file:///home/siegfriedneto/projects/servicedeskn1/frontend/app/node_modules/@tanstack/router-core/dist/esm/router.js:178:14)
    at file:///home/siegfriedneto/projects/servicedeskn1/frontend/app/node_modules/@tanstack/react-router/dist/esm/Transitioner.js:46:25
    at settleOwner (file:///home/siegfriedneto/projects/servicedeskn1/frontend/app/node_modules/@tanstack/react-router/dist/esm/Transitioner.js:10:10)
    at file:///home/siegfriedneto/projects/servicedeskn1/frontend/app/node_modules/@tanstack/react-router/dist/esm/Matches.js:38:39
    at Object.react_stack_bottom_frame (/home/siegfriedneto/projects/servicedeskn1/frontend/app/node_modules/react-dom/cjs/react-dom-client.development.js:25989:20)
    at runWithFiberInDEV (/home/siegfriedneto/projects/servicedeskn1/frontend/app/node_modules/react-dom/cjs/react-dom-client.development.js:874:13)
    at commitHookEffectListMount (/home/siegfriedneto/projects/servicedeskn1/frontend/app/node_modules/react-dom/cjs/react-dom-client.development.js:13249:29) undefined
Error: Not implemented: window.scrollTo
    at module.exports (/home/siegfriedneto/projects/servicedeskn1/frontend/app/node_modules/jsdom/lib/jsdom/browser/not-implemented.js:9:17)
    at /home/siegfriedneto/projects/servicedeskn1/frontend/app/node_modules/jsdom/lib/jsdom/browser/Window.js:960:7
    at Object.fn (file:///home/siegfriedneto/projects/servicedeskn1/frontend/app/node_modules/@tanstack/router-core/dist/esm/scroll-restoration.js:180:27)
    at RouterCore.emit (file:///home/siegfriedneto/projects/servicedeskn1/frontend/app/node_modules/@tanstack/router-core/dist/esm/router.js:178:14)
    at file:///home/siegfriedneto/projects/servicedeskn1/frontend/app/node_modules/@tanstack/react-router/dist/esm/Transitioner.js:46:25
    at settleOwner (file:///home/siegfriedneto/projects/servicedeskn1/frontend/app/node_modules/@tanstack/react-router/dist/esm/Transitioner.js:10:10)
    at file:///home/siegfriedneto/projects/servicedeskn1/frontend/app/node_modules/@tanstack/react-router/dist/esm/Matches.js:38:39
    at Object.react_stack_bottom_frame (/home/siegfriedneto/projects/servicedeskn1/frontend/app/node_modules/react-dom/cjs/react-dom-client.development.js:25989:20)
    at runWithFiberInDEV (/home/siegfriedneto/projects/servicedeskn1/frontend/app/node_modules/react-dom/cjs/react-dom-client.development.js:874:13)
    at commitHookEffectListMount (/home/siegfriedneto/projects/servicedeskn1/frontend/app/node_modules/react-dom/cjs/react-dom-client.development.js:13249:29) undefined
Error: Not implemented: window.scrollTo
    at module.exports (/home/siegfriedneto/projects/servicedeskn1/frontend/app/node_modules/jsdom/lib/jsdom/browser/not-implemented.js:9:17)
    at /home/siegfriedneto/projects/servicedeskn1/frontend/app/node_modules/jsdom/lib/jsdom/browser/Window.js:960:7
    at Object.fn (file:///home/siegfriedneto/projects/servicedeskn1/frontend/app/node_modules/@tanstack/router-core/dist/esm/scroll-restoration.js:180:27)
    at RouterCore.emit (file:///home/siegfriedneto/projects/servicedeskn1/frontend/app/node_modules/@tanstack/router-core/dist/esm/router.js:178:14)
    at file:///home/siegfriedneto/projects/servicedeskn1/frontend/app/node_modules/@tanstack/react-router/dist/esm/Transitioner.js:46:25
    at settleOwner (file:///home/siegfriedneto/projects/servicedeskn1/frontend/app/node_modules/@tanstack/react-router/dist/esm/Transitioner.js:10:10)
    at file:///home/siegfriedneto/projects/servicedeskn1/frontend/app/node_modules/@tanstack/react-router/dist/esm/Matches.js:38:39
    at Object.react_stack_bottom_frame (/home/siegfriedneto/projects/servicedeskn1/frontend/app/node_modules/react-dom/cjs/react-dom-client.development.js:25989:20)
    at runWithFiberInDEV (/home/siegfriedneto/projects/servicedeskn1/frontend/app/node_modules/react-dom/cjs/react-dom-client.development.js:874:13)
    at commitHookEffectListMount (/home/siegfriedneto/projects/servicedeskn1/frontend/app/node_modules/react-dom/cjs/react-dom-client.development.js:13249:29) undefined
Error: Not implemented: window.scrollTo
    at module.exports (/home/siegfriedneto/projects/servicedeskn1/frontend/app/node_modules/jsdom/lib/jsdom/browser/not-implemented.js:9:17)
    at /home/siegfriedneto/projects/servicedeskn1/frontend/app/node_modules/jsdom/lib/jsdom/browser/Window.js:960:7
    at Object.fn (file:///home/siegfriedneto/projects/servicedeskn1/frontend/app/node_modules/@tanstack/router-core/dist/esm/scroll-restoration.js:180:27)
    at RouterCore.emit (file:///home/siegfriedneto/projects/servicedeskn1/frontend/app/node_modules/@tanstack/router-core/dist/esm/router.js:178:14)
    at file:///home/siegfriedneto/projects/servicedeskn1/frontend/app/node_modules/@tanstack/react-router/dist/esm/Transitioner.js:46:25
    at settleOwner (file:///home/siegfriedneto/projects/servicedeskn1/frontend/app/node_modules/@tanstack/react-router/dist/esm/Transitioner.js:10:10)
    at file:///home/siegfriedneto/projects/servicedeskn1/frontend/app/node_modules/@tanstack/react-router/dist/esm/Matches.js:38:39
    at Object.react_stack_bottom_frame (/home/siegfriedneto/projects/servicedeskn1/frontend/app/node_modules/react-dom/cjs/react-dom-client.development.js:25989:20)
    at runWithFiberInDEV (/home/siegfriedneto/projects/servicedeskn1/frontend/app/node_modules/react-dom/cjs/react-dom-client.development.js:874:13)
    at commitHookEffectListMount (/home/siegfriedneto/projects/servicedeskn1/frontend/app/node_modules/react-dom/cjs/react-dom-client.development.js:13249:29) undefined
Error: Not implemented: window.scrollTo
    at module.exports (/home/siegfriedneto/projects/servicedeskn1/frontend/app/node_modules/jsdom/lib/jsdom/browser/not-implemented.js:9:17)
    at /home/siegfriedneto/projects/servicedeskn1/frontend/app/node_modules/jsdom/lib/jsdom/browser/Window.js:960:7
    at Object.fn (file:///home/siegfriedneto/projects/servicedeskn1/frontend/app/node_modules/@tanstack/router-core/dist/esm/scroll-restoration.js:180:27)
    at RouterCore.emit (file:///home/siegfriedneto/projects/servicedeskn1/frontend/app/node_modules/@tanstack/router-core/dist/esm/router.js:178:14)
    at file:///home/siegfriedneto/projects/servicedeskn1/frontend/app/node_modules/@tanstack/router-core/dist/esm/load-client.js:943:46
    at Router.batch (file:///home/siegfriedneto/projects/servicedeskn1/frontend/app/node_modules/@tanstack/store/dist/esm/atom.js:39:5)
    at file:///home/siegfriedneto/projects/servicedeskn1/frontend/app/node_modules/@tanstack/router-core/dist/esm/load-client.js:936:10
    at runClientTransaction (file:///home/siegfriedneto/projects/servicedeskn1/frontend/app/node_modules/@tanstack/router-core/dist/esm/load-client.js:902:2)
    at loadClientRoute (file:///home/siegfriedneto/projects/servicedeskn1/frontend/app/node_modules/@tanstack/router-core/dist/esm/load-client.js:1034:2)
    at RouterCore.load (file:///home/siegfriedneto/projects/servicedeskn1/frontend/app/node_modules/@tanstack/router-core/dist/esm/router.js:489:4) undefined
Error: Not implemented: window.scrollTo
    at module.exports (/home/siegfriedneto/projects/servicedeskn1/frontend/app/node_modules/jsdom/lib/jsdom/browser/not-implemented.js:9:17)
    at /home/siegfriedneto/projects/servicedeskn1/frontend/app/node_modules/jsdom/lib/jsdom/browser/Window.js:960:7
    at Object.fn (file:///home/siegfriedneto/projects/servicedeskn1/frontend/app/node_modules/@tanstack/router-core/dist/esm/scroll-restoration.js:180:27)
    at RouterCore.emit (file:///home/siegfriedneto/projects/servicedeskn1/frontend/app/node_modules/@tanstack/router-core/dist/esm/router.js:178:14)
    at file:///home/siegfriedneto/projects/servicedeskn1/frontend/app/node_modules/@tanstack/react-router/dist/esm/Transitioner.js:46:25
    at settleOwner (file:///home/siegfriedneto/projects/servicedeskn1/frontend/app/node_modules/@tanstack/react-router/dist/esm/Transitioner.js:10:10)
    at file:///home/siegfriedneto/projects/servicedeskn1/frontend/app/node_modules/@tanstack/react-router/dist/esm/Matches.js:38:39
    at Object.react_stack_bottom_frame (/home/siegfriedneto/projects/servicedeskn1/frontend/app/node_modules/react-dom/cjs/react-dom-client.development.js:25989:20)
    at runWithFiberInDEV (/home/siegfriedneto/projects/servicedeskn1/frontend/app/node_modules/react-dom/cjs/react-dom-client.development.js:874:13)
    at commitHookEffectListMount (/home/siegfriedneto/projects/servicedeskn1/frontend/app/node_modules/react-dom/cjs/react-dom-client.development.js:13249:29) undefined
Error: Not implemented: window.scrollTo
    at module.exports (/home/siegfriedneto/projects/servicedeskn1/frontend/app/node_modules/jsdom/lib/jsdom/browser/not-implemented.js:9:17)
    at /home/siegfriedneto/projects/servicedeskn1/frontend/app/node_modules/jsdom/lib/jsdom/browser/Window.js:960:7
    at Object.fn (file:///home/siegfriedneto/projects/servicedeskn1/frontend/app/node_modules/@tanstack/router-core/dist/esm/scroll-restoration.js:180:27)
    at RouterCore.emit (file:///home/siegfriedneto/projects/servicedeskn1/frontend/app/node_modules/@tanstack/router-core/dist/esm/router.js:178:14)
    at file:///home/siegfriedneto/projects/servicedeskn1/frontend/app/node_modules/@tanstack/react-router/dist/esm/Transitioner.js:46:25
    at settleOwner (file:///home/siegfriedneto/projects/servicedeskn1/frontend/app/node_modules/@tanstack/react-router/dist/esm/Transitioner.js:10:10)
    at file:///home/siegfriedneto/projects/servicedeskn1/frontend/app/node_modules/@tanstack/react-router/dist/esm/Matches.js:38:39
    at Object.react_stack_bottom_frame (/home/siegfriedneto/projects/servicedeskn1/frontend/app/node_modules/react-dom/cjs/react-dom-client.development.js:25989:20)
    at runWithFiberInDEV (/home/siegfriedneto/projects/servicedeskn1/frontend/app/node_modules/react-dom/cjs/react-dom-client.development.js:874:13)
    at commitHookEffectListMount (/home/siegfriedneto/projects/servicedeskn1/frontend/app/node_modules/react-dom/cjs/react-dom-client.development.js:13249:29) undefined
Error: Not implemented: window.scrollTo
    at module.exports (/home/siegfriedneto/projects/servicedeskn1/frontend/app/node_modules/jsdom/lib/jsdom/browser/not-implemented.js:9:17)
    at /home/siegfriedneto/projects/servicedeskn1/frontend/app/node_modules/jsdom/lib/jsdom/browser/Window.js:960:7
    at Object.fn (file:///home/siegfriedneto/projects/servicedeskn1/frontend/app/node_modules/@tanstack/router-core/dist/esm/scroll-restoration.js:180:27)
    at RouterCore.emit (file:///home/siegfriedneto/projects/servicedeskn1/frontend/app/node_modules/@tanstack/router-core/dist/esm/router.js:178:14)
    at file:///home/siegfriedneto/projects/servicedeskn1/frontend/app/node_modules/@tanstack/react-router/dist/esm/Transitioner.js:46:25
    at settleOwner (file:///home/siegfriedneto/projects/servicedeskn1/frontend/app/node_modules/@tanstack/react-router/dist/esm/Transitioner.js:10:10)
    at file:///home/siegfriedneto/projects/servicedeskn1/frontend/app/node_modules/@tanstack/react-router/dist/esm/Matches.js:38:39
    at Object.react_stack_bottom_frame (/home/siegfriedneto/projects/servicedeskn1/frontend/app/node_modules/react-dom/cjs/react-dom-client.development.js:25989:20)
    at runWithFiberInDEV (/home/siegfriedneto/projects/servicedeskn1/frontend/app/node_modules/react-dom/cjs/react-dom-client.development.js:874:13)
    at commitHookEffectListMount (/home/siegfriedneto/projects/servicedeskn1/frontend/app/node_modules/react-dom/cjs/react-dom-client.development.js:13249:29) undefined
Error: Not implemented: window.scrollTo
    at module.exports (/home/siegfriedneto/projects/servicedeskn1/frontend/app/node_modules/jsdom/lib/jsdom/browser/not-implemented.js:9:17)
    at /home/siegfriedneto/projects/servicedeskn1/frontend/app/node_modules/jsdom/lib/jsdom/browser/Window.js:960:7
    at Object.fn (file:///home/siegfriedneto/projects/servicedeskn1/frontend/app/node_modules/@tanstack/router-core/dist/esm/scroll-restoration.js:180:27)
    at RouterCore.emit (file:///home/siegfriedneto/projects/servicedeskn1/frontend/app/node_modules/@tanstack/router-core/dist/esm/router.js:178:14)
    at file:///home/siegfriedneto/projects/servicedeskn1/frontend/app/node_modules/@tanstack/react-router/dist/esm/Transitioner.js:46:25
    at settleOwner (file:///home/siegfriedneto/projects/servicedeskn1/frontend/app/node_modules/@tanstack/react-router/dist/esm/Transitioner.js:10:10)
    at file:///home/siegfriedneto/projects/servicedeskn1/frontend/app/node_modules/@tanstack/react-router/dist/esm/Matches.js:38:39
    at Object.react_stack_bottom_frame (/home/siegfriedneto/projects/servicedeskn1/frontend/app/node_modules/react-dom/cjs/react-dom-client.development.js:25989:20)
    at runWithFiberInDEV (/home/siegfriedneto/projects/servicedeskn1/frontend/app/node_modules/react-dom/cjs/react-dom-client.development.js:874:13)
    at commitHookEffectListMount (/home/siegfriedneto/projects/servicedeskn1/frontend/app/node_modules/react-dom/cjs/react-dom-client.development.js:13249:29) undefined
Error: Not implemented: window.scrollTo
    at module.exports (/home/siegfriedneto/projects/servicedeskn1/frontend/app/node_modules/jsdom/lib/jsdom/browser/not-implemented.js:9:17)
    at /home/siegfriedneto/projects/servicedeskn1/frontend/app/node_modules/jsdom/lib/jsdom/browser/Window.js:960:7
    at Object.fn (file:///home/siegfriedneto/projects/servicedeskn1/frontend/app/node_modules/@tanstack/router-core/dist/esm/scroll-restoration.js:180:27)
    at RouterCore.emit (file:///home/siegfriedneto/projects/servicedeskn1/frontend/app/node_modules/@tanstack/router-core/dist/esm/router.js:178:14)
    at file:///home/siegfriedneto/projects/servicedeskn1/frontend/app/node_modules/@tanstack/react-router/dist/esm/Transitioner.js:46:25
    at settleOwner (file:///home/siegfriedneto/projects/servicedeskn1/frontend/app/node_modules/@tanstack/react-router/dist/esm/Transitioner.js:10:10)
    at file:///home/siegfriedneto/projects/servicedeskn1/frontend/app/node_modules/@tanstack/react-router/dist/esm/Matches.js:38:39
    at Object.react_stack_bottom_frame (/home/siegfriedneto/projects/servicedeskn1/frontend/app/node_modules/react-dom/cjs/react-dom-client.development.js:25989:20)
    at runWithFiberInDEV (/home/siegfriedneto/projects/servicedeskn1/frontend/app/node_modules/react-dom/cjs/react-dom-client.development.js:874:13)
    at commitHookEffectListMount (/home/siegfriedneto/projects/servicedeskn1/frontend/app/node_modules/react-dom/cjs/react-dom-client.development.js:13249:29) undefined
Error: Not implemented: window.scrollTo
    at module.exports (/home/siegfriedneto/projects/servicedeskn1/frontend/app/node_modules/jsdom/lib/jsdom/browser/not-implemented.js:9:17)
    at /home/siegfriedneto/projects/servicedeskn1/frontend/app/node_modules/jsdom/lib/jsdom/browser/Window.js:960:7
    at Object.fn (file:///home/siegfriedneto/projects/servicedeskn1/frontend/app/node_modules/@tanstack/router-core/dist/esm/scroll-restoration.js:180:27)
    at RouterCore.emit (file:///home/siegfriedneto/projects/servicedeskn1/frontend/app/node_modules/@tanstack/router-core/dist/esm/router.js:178:14)
    at file:///home/siegfriedneto/projects/servicedeskn1/frontend/app/node_modules/@tanstack/router-core/dist/esm/load-client.js:943:46
    at Router.batch (file:///home/siegfriedneto/projects/servicedeskn1/frontend/app/node_modules/@tanstack/store/dist/esm/atom.js:39:5)
    at file:///home/siegfriedneto/projects/servicedeskn1/frontend/app/node_modules/@tanstack/router-core/dist/esm/load-client.js:936:10
    at runClientTransaction (file:///home/siegfriedneto/projects/servicedeskn1/frontend/app/node_modules/@tanstack/router-core/dist/esm/load-client.js:902:2)
    at loadClientRoute (file:///home/siegfriedneto/projects/servicedeskn1/frontend/app/node_modules/@tanstack/router-core/dist/esm/load-client.js:1034:2)
    at RouterCore.load (file:///home/siegfriedneto/projects/servicedeskn1/frontend/app/node_modules/@tanstack/router-core/dist/esm/router.js:489:4) undefined
Error: Not implemented: window.scrollTo
    at module.exports (/home/siegfriedneto/projects/servicedeskn1/frontend/app/node_modules/jsdom/lib/jsdom/browser/not-implemented.js:9:17)
    at /home/siegfriedneto/projects/servicedeskn1/frontend/app/node_modules/jsdom/lib/jsdom/browser/Window.js:960:7
    at Object.fn (file:///home/siegfriedneto/projects/servicedeskn1/frontend/app/node_modules/@tanstack/router-core/dist/esm/scroll-restoration.js:180:27)
    at RouterCore.emit (file:///home/siegfriedneto/projects/servicedeskn1/frontend/app/node_modules/@tanstack/router-core/dist/esm/router.js:178:14)
    at file:///home/siegfriedneto/projects/servicedeskn1/frontend/app/node_modules/@tanstack/react-router/dist/esm/Transitioner.js:46:25
    at settleOwner (file:///home/siegfriedneto/projects/servicedeskn1/frontend/app/node_modules/@tanstack/react-router/dist/esm/Transitioner.js:10:10)
    at file:///home/siegfriedneto/projects/servicedeskn1/frontend/app/node_modules/@tanstack/react-router/dist/esm/Matches.js:38:39
    at Object.react_stack_bottom_frame (/home/siegfriedneto/projects/servicedeskn1/frontend/app/node_modules/react-dom/cjs/react-dom-client.development.js:25989:20)
    at runWithFiberInDEV (/home/siegfriedneto/projects/servicedeskn1/frontend/app/node_modules/react-dom/cjs/react-dom-client.development.js:874:13)
    at commitHookEffectListMount (/home/siegfriedneto/projects/servicedeskn1/frontend/app/node_modules/react-dom/cjs/react-dom-client.development.js:13249:29) undefined
Error: Not implemented: window.scrollTo
    at module.exports (/home/siegfriedneto/projects/servicedeskn1/frontend/app/node_modules/jsdom/lib/jsdom/browser/not-implemented.js:9:17)
    at /home/siegfriedneto/projects/servicedeskn1/frontend/app/node_modules/jsdom/lib/jsdom/browser/Window.js:960:7
    at Object.fn (file:///home/siegfriedneto/projects/servicedeskn1/frontend/app/node_modules/@tanstack/router-core/dist/esm/scroll-restoration.js:180:27)
    at RouterCore.emit (file:///home/siegfriedneto/projects/servicedeskn1/frontend/app/node_modules/@tanstack/router-core/dist/esm/router.js:178:14)
    at file:///home/siegfriedneto/projects/servicedeskn1/frontend/app/node_modules/@tanstack/react-router/dist/esm/Transitioner.js:46:25
    at settleOwner (file:///home/siegfriedneto/projects/servicedeskn1/frontend/app/node_modules/@tanstack/react-router/dist/esm/Transitioner.js:10:10)
    at file:///home/siegfriedneto/projects/servicedeskn1/frontend/app/node_modules/@tanstack/react-router/dist/esm/Matches.js:38:39
    at Object.react_stack_bottom_frame (/home/siegfriedneto/projects/servicedeskn1/frontend/app/node_modules/react-dom/cjs/react-dom-client.development.js:25989:20)
    at runWithFiberInDEV (/home/siegfriedneto/projects/servicedeskn1/frontend/app/node_modules/react-dom/cjs/react-dom-client.development.js:874:13)
    at commitHookEffectListMount (/home/siegfriedneto/projects/servicedeskn1/frontend/app/node_modules/react-dom/cjs/react-dom-client.development.js:13249:29) undefined
Error: Not implemented: window.scrollTo
    at module.exports (/home/siegfriedneto/projects/servicedeskn1/frontend/app/node_modules/jsdom/lib/jsdom/browser/not-implemented.js:9:17)
    at /home/siegfriedneto/projects/servicedeskn1/frontend/app/node_modules/jsdom/lib/jsdom/browser/Window.js:960:7
    at Object.fn (file:///home/siegfriedneto/projects/servicedeskn1/frontend/app/node_modules/@tanstack/router-core/dist/esm/scroll-restoration.js:180:27)
    at RouterCore.emit (file:///home/siegfriedneto/projects/servicedeskn1/frontend/app/node_modules/@tanstack/router-core/dist/esm/router.js:178:14)
    at file:///home/siegfriedneto/projects/servicedeskn1/frontend/app/node_modules/@tanstack/react-router/dist/esm/Transitioner.js:46:25
    at settleOwner (file:///home/siegfriedneto/projects/servicedeskn1/frontend/app/node_modules/@tanstack/react-router/dist/esm/Transitioner.js:10:10)
    at file:///home/siegfriedneto/projects/servicedeskn1/frontend/app/node_modules/@tanstack/react-router/dist/esm/Matches.js:38:39
    at Object.react_stack_bottom_frame (/home/siegfriedneto/projects/servicedeskn1/frontend/app/node_modules/react-dom/cjs/react-dom-client.development.js:25989:20)
    at runWithFiberInDEV (/home/siegfriedneto/projects/servicedeskn1/frontend/app/node_modules/react-dom/cjs/react-dom-client.development.js:874:13)
    at commitHookEffectListMount (/home/siegfriedneto/projects/servicedeskn1/frontend/app/node_modules/react-dom/cjs/react-dom-client.development.js:13249:29) undefined
Error: Not implemented: window.scrollTo
    at module.exports (/home/siegfriedneto/projects/servicedeskn1/frontend/app/node_modules/jsdom/lib/jsdom/browser/not-implemented.js:9:17)
    at /home/siegfriedneto/projects/servicedeskn1/frontend/app/node_modules/jsdom/lib/jsdom/browser/Window.js:960:7
    at Object.fn (file:///home/siegfriedneto/projects/servicedeskn1/frontend/app/node_modules/@tanstack/router-core/dist/esm/scroll-restoration.js:180:27)
    at RouterCore.emit (file:///home/siegfriedneto/projects/servicedeskn1/frontend/app/node_modules/@tanstack/router-core/dist/esm/router.js:178:14)
    at file:///home/siegfriedneto/projects/servicedeskn1/frontend/app/node_modules/@tanstack/react-router/dist/esm/Transitioner.js:46:25
    at settleOwner (file:///home/siegfriedneto/projects/servicedeskn1/frontend/app/node_modules/@tanstack/react-router/dist/esm/Transitioner.js:10:10)
    at file:///home/siegfriedneto/projects/servicedeskn1/frontend/app/node_modules/@tanstack/react-router/dist/esm/Matches.js:38:39
    at Object.react_stack_bottom_frame (/home/siegfriedneto/projects/servicedeskn1/frontend/app/node_modules/react-dom/cjs/react-dom-client.development.js:25989:20)
    at runWithFiberInDEV (/home/siegfriedneto/projects/servicedeskn1/frontend/app/node_modules/react-dom/cjs/react-dom-client.development.js:874:13)
    at commitHookEffectListMount (/home/siegfriedneto/projects/servicedeskn1/frontend/app/node_modules/react-dom/cjs/react-dom-client.development.js:13249:29) undefined
Error: Not implemented: window.scrollTo
    at module.exports (/home/siegfriedneto/projects/servicedeskn1/frontend/app/node_modules/jsdom/lib/jsdom/browser/not-implemented.js:9:17)
    at /home/siegfriedneto/projects/servicedeskn1/frontend/app/node_modules/jsdom/lib/jsdom/browser/Window.js:960:7
    at Object.fn (file:///home/siegfriedneto/projects/servicedeskn1/frontend/app/node_modules/@tanstack/router-core/dist/esm/scroll-restoration.js:180:27)
    at RouterCore.emit (file:///home/siegfriedneto/projects/servicedeskn1/frontend/app/node_modules/@tanstack/router-core/dist/esm/router.js:178:14)
    at file:///home/siegfriedneto/projects/servicedeskn1/frontend/app/node_modules/@tanstack/react-router/dist/esm/Transitioner.js:46:25
    at settleOwner (file:///home/siegfriedneto/projects/servicedeskn1/frontend/app/node_modules/@tanstack/react-router/dist/esm/Transitioner.js:10:10)
    at file:///home/siegfriedneto/projects/servicedeskn1/frontend/app/node_modules/@tanstack/react-router/dist/esm/Matches.js:38:39
    at Object.react_stack_bottom_frame (/home/siegfriedneto/projects/servicedeskn1/frontend/app/node_modules/react-dom/cjs/react-dom-client.development.js:25989:20)
    at runWithFiberInDEV (/home/siegfriedneto/projects/servicedeskn1/frontend/app/node_modules/react-dom/cjs/react-dom-client.development.js:874:13)
    at commitHookEffectListMount (/home/siegfriedneto/projects/servicedeskn1/frontend/app/node_modules/react-dom/cjs/react-dom-client.development.js:13249:29) undefined
Error: Not implemented: window.scrollTo
    at module.exports (/home/siegfriedneto/projects/servicedeskn1/frontend/app/node_modules/jsdom/lib/jsdom/browser/not-implemented.js:9:17)
    at /home/siegfriedneto/projects/servicedeskn1/frontend/app/node_modules/jsdom/lib/jsdom/browser/Window.js:960:7
    at Object.fn (file:///home/siegfriedneto/projects/servicedeskn1/frontend/app/node_modules/@tanstack/router-core/dist/esm/scroll-restoration.js:180:27)
    at RouterCore.emit (file:///home/siegfriedneto/projects/servicedeskn1/frontend/app/node_modules/@tanstack/router-core/dist/esm/router.js:178:14)
    at file:///home/siegfriedneto/projects/servicedeskn1/frontend/app/node_modules/@tanstack/react-router/dist/esm/Transitioner.js:46:25
    at settleOwner (file:///home/siegfriedneto/projects/servicedeskn1/frontend/app/node_modules/@tanstack/react-router/dist/esm/Transitioner.js:10:10)
    at file:///home/siegfriedneto/projects/servicedeskn1/frontend/app/node_modules/@tanstack/react-router/dist/esm/Matches.js:38:39
    at Object.react_stack_bottom_frame (/home/siegfriedneto/projects/servicedeskn1/frontend/app/node_modules/react-dom/cjs/react-dom-client.development.js:25989:20)
    at runWithFiberInDEV (/home/siegfriedneto/projects/servicedeskn1/frontend/app/node_modules/react-dom/cjs/react-dom-client.development.js:874:13)
    at commitHookEffectListMount (/home/siegfriedneto/projects/servicedeskn1/frontend/app/node_modules/react-dom/cjs/react-dom-client.development.js:13249:29) undefined
Error: Not implemented: window.scrollTo
    at module.exports (/home/siegfriedneto/projects/servicedeskn1/frontend/app/node_modules/jsdom/lib/jsdom/browser/not-implemented.js:9:17)
    at /home/siegfriedneto/projects/servicedeskn1/frontend/app/node_modules/jsdom/lib/jsdom/browser/Window.js:960:7
    at Object.fn (file:///home/siegfriedneto/projects/servicedeskn1/frontend/app/node_modules/@tanstack/router-core/dist/esm/scroll-restoration.js:180:27)
    at RouterCore.emit (file:///home/siegfriedneto/projects/servicedeskn1/frontend/app/node_modules/@tanstack/router-core/dist/esm/router.js:178:14)
    at file:///home/siegfriedneto/projects/servicedeskn1/frontend/app/node_modules/@tanstack/react-router/dist/esm/Transitioner.js:46:25
    at settleOwner (file:///home/siegfriedneto/projects/servicedeskn1/frontend/app/node_modules/@tanstack/react-router/dist/esm/Transitioner.js:10:10)
    at file:///home/siegfriedneto/projects/servicedeskn1/frontend/app/node_modules/@tanstack/react-router/dist/esm/Matches.js:38:39
    at Object.react_stack_bottom_frame (/home/siegfriedneto/projects/servicedeskn1/frontend/app/node_modules/react-dom/cjs/react-dom-client.development.js:25989:20)
    at runWithFiberInDEV (/home/siegfriedneto/projects/servicedeskn1/frontend/app/node_modules/react-dom/cjs/react-dom-client.development.js:874:13)
    at commitHookEffectListMount (/home/siegfriedneto/projects/servicedeskn1/frontend/app/node_modules/react-dom/cjs/react-dom-client.development.js:13249:29) undefined
Error: Not implemented: window.scrollTo
    at module.exports (/home/siegfriedneto/projects/servicedeskn1/frontend/app/node_modules/jsdom/lib/jsdom/browser/not-implemented.js:9:17)
    at /home/siegfriedneto/projects/servicedeskn1/frontend/app/node_modules/jsdom/lib/jsdom/browser/Window.js:960:7
    at Object.fn (file:///home/siegfriedneto/projects/servicedeskn1/frontend/app/node_modules/@tanstack/router-core/dist/esm/scroll-restoration.js:180:27)
    at RouterCore.emit (file:///home/siegfriedneto/projects/servicedeskn1/frontend/app/node_modules/@tanstack/router-core/dist/esm/router.js:178:14)
    at file:///home/siegfriedneto/projects/servicedeskn1/frontend/app/node_modules/@tanstack/react-router/dist/esm/Transitioner.js:46:25
    at settleOwner (file:///home/siegfriedneto/projects/servicedeskn1/frontend/app/node_modules/@tanstack/react-router/dist/esm/Transitioner.js:10:10)
    at file:///home/siegfriedneto/projects/servicedeskn1/frontend/app/node_modules/@tanstack/react-router/dist/esm/Matches.js:38:39
    at Object.react_stack_bottom_frame (/home/siegfriedneto/projects/servicedeskn1/frontend/app/node_modules/react-dom/cjs/react-dom-client.development.js:25989:20)
    at runWithFiberInDEV (/home/siegfriedneto/projects/servicedeskn1/frontend/app/node_modules/react-dom/cjs/react-dom-client.development.js:874:13)
    at commitHookEffectListMount (/home/siegfriedneto/projects/servicedeskn1/frontend/app/node_modules/react-dom/cjs/react-dom-client.development.js:13249:29) undefined
Error: Not implemented: window.scrollTo
    at module.exports (/home/siegfriedneto/projects/servicedeskn1/frontend/app/node_modules/jsdom/lib/jsdom/browser/not-implemented.js:9:17)
    at /home/siegfriedneto/projects/servicedeskn1/frontend/app/node_modules/jsdom/lib/jsdom/browser/Window.js:960:7
    at Object.fn (file:///home/siegfriedneto/projects/servicedeskn1/frontend/app/node_modules/@tanstack/router-core/dist/esm/scroll-restoration.js:180:27)
    at RouterCore.emit (file:///home/siegfriedneto/projects/servicedeskn1/frontend/app/node_modules/@tanstack/router-core/dist/esm/router.js:178:14)
    at file:///home/siegfriedneto/projects/servicedeskn1/frontend/app/node_modules/@tanstack/react-router/dist/esm/Transitioner.js:46:25
    at settleOwner (file:///home/siegfriedneto/projects/servicedeskn1/frontend/app/node_modules/@tanstack/react-router/dist/esm/Transitioner.js:10:10)
    at file:///home/siegfriedneto/projects/servicedeskn1/frontend/app/node_modules/@tanstack/react-router/dist/esm/Matches.js:38:39
    at Object.react_stack_bottom_frame (/home/siegfriedneto/projects/servicedeskn1/frontend/app/node_modules/react-dom/cjs/react-dom-client.development.js:25989:20)
    at runWithFiberInDEV (/home/siegfriedneto/projects/servicedeskn1/frontend/app/node_modules/react-dom/cjs/react-dom-client.development.js:874:13)
    at commitHookEffectListMount (/home/siegfriedneto/projects/servicedeskn1/frontend/app/node_modules/react-dom/cjs/react-dom-client.development.js:13249:29) undefined
Error: Not implemented: window.scrollTo
    at module.exports (/home/siegfriedneto/projects/servicedeskn1/frontend/app/node_modules/jsdom/lib/jsdom/browser/not-implemented.js:9:17)
    at /home/siegfriedneto/projects/servicedeskn1/frontend/app/node_modules/jsdom/lib/jsdom/browser/Window.js:960:7
    at Object.fn (file:///home/siegfriedneto/projects/servicedeskn1/frontend/app/node_modules/@tanstack/router-core/dist/esm/scroll-restoration.js:180:27)
    at RouterCore.emit (file:///home/siegfriedneto/projects/servicedeskn1/frontend/app/node_modules/@tanstack/router-core/dist/esm/router.js:178:14)
    at file:///home/siegfriedneto/projects/servicedeskn1/frontend/app/node_modules/@tanstack/react-router/dist/esm/Transitioner.js:46:25
    at settleOwner (file:///home/siegfriedneto/projects/servicedeskn1/frontend/app/node_modules/@tanstack/react-router/dist/esm/Transitioner.js:10:10)
    at file:///home/siegfriedneto/projects/servicedeskn1/frontend/app/node_modules/@tanstack/react-router/dist/esm/Matches.js:38:39
    at Object.react_stack_bottom_frame (/home/siegfriedneto/projects/servicedeskn1/frontend/app/node_modules/react-dom/cjs/react-dom-client.development.js:25989:20)
    at runWithFiberInDEV (/home/siegfriedneto/projects/servicedeskn1/frontend/app/node_modules/react-dom/cjs/react-dom-client.development.js:874:13)
    at commitHookEffectListMount (/home/siegfriedneto/projects/servicedeskn1/frontend/app/node_modules/react-dom/cjs/react-dom-client.development.js:13249:29) undefined
Error: Not implemented: window.scrollTo
    at module.exports (/home/siegfriedneto/projects/servicedeskn1/frontend/app/node_modules/jsdom/lib/jsdom/browser/not-implemented.js:9:17)
    at /home/siegfriedneto/projects/servicedeskn1/frontend/app/node_modules/jsdom/lib/jsdom/browser/Window.js:960:7
    at Object.fn (file:///home/siegfriedneto/projects/servicedeskn1/frontend/app/node_modules/@tanstack/router-core/dist/esm/scroll-restoration.js:180:27)
    at RouterCore.emit (file:///home/siegfriedneto/projects/servicedeskn1/frontend/app/node_modules/@tanstack/router-core/dist/esm/router.js:178:14)
    at file:///home/siegfriedneto/projects/servicedeskn1/frontend/app/node_modules/@tanstack/react-router/dist/esm/Transitioner.js:46:25
    at settleOwner (file:///home/siegfriedneto/projects/servicedeskn1/frontend/app/node_modules/@tanstack/react-router/dist/esm/Transitioner.js:10:10)
    at file:///home/siegfriedneto/projects/servicedeskn1/frontend/app/node_modules/@tanstack/react-router/dist/esm/Matches.js:38:39
    at Object.react_stack_bottom_frame (/home/siegfriedneto/projects/servicedeskn1/frontend/app/node_modules/react-dom/cjs/react-dom-client.development.js:25989:20)
    at runWithFiberInDEV (/home/siegfriedneto/projects/servicedeskn1/frontend/app/node_modules/react-dom/cjs/react-dom-client.development.js:874:13)
    at commitHookEffectListMount (/home/siegfriedneto/projects/servicedeskn1/frontend/app/node_modules/react-dom/cjs/react-dom-client.development.js:13249:29) undefined
Error: Not implemented: window.scrollTo
    at module.exports (/home/siegfriedneto/projects/servicedeskn1/frontend/app/node_modules/jsdom/lib/jsdom/browser/not-implemented.js:9:17)
    at /home/siegfriedneto/projects/servicedeskn1/frontend/app/node_modules/jsdom/lib/jsdom/browser/Window.js:960:7
    at Object.fn (file:///home/siegfriedneto/projects/servicedeskn1/frontend/app/node_modules/@tanstack/router-core/dist/esm/scroll-restoration.js:180:27)
    at RouterCore.emit (file:///home/siegfriedneto/projects/servicedeskn1/frontend/app/node_modules/@tanstack/router-core/dist/esm/router.js:178:14)
    at file:///home/siegfriedneto/projects/servicedeskn1/frontend/app/node_modules/@tanstack/react-router/dist/esm/Transitioner.js:46:25
    at settleOwner (file:///home/siegfriedneto/projects/servicedeskn1/frontend/app/node_modules/@tanstack/react-router/dist/esm/Transitioner.js:10:10)
    at file:///home/siegfriedneto/projects/servicedeskn1/frontend/app/node_modules/@tanstack/react-router/dist/esm/Matches.js:38:39
    at Object.react_stack_bottom_frame (/home/siegfriedneto/projects/servicedeskn1/frontend/app/node_modules/react-dom/cjs/react-dom-client.development.js:25989:20)
    at runWithFiberInDEV (/home/siegfriedneto/projects/servicedeskn1/frontend/app/node_modules/react-dom/cjs/react-dom-client.development.js:874:13)
    at commitHookEffectListMount (/home/siegfriedneto/projects/servicedeskn1/frontend/app/node_modules/react-dom/cjs/react-dom-client.development.js:13249:29) undefined
Error: Not implemented: window.scrollTo
    at module.exports (/home/siegfriedneto/projects/servicedeskn1/frontend/app/node_modules/jsdom/lib/jsdom/browser/not-implemented.js:9:17)
    at /home/siegfriedneto/projects/servicedeskn1/frontend/app/node_modules/jsdom/lib/jsdom/browser/Window.js:960:7
    at Object.fn (file:///home/siegfriedneto/projects/servicedeskn1/frontend/app/node_modules/@tanstack/router-core/dist/esm/scroll-restoration.js:180:27)
    at RouterCore.emit (file:///home/siegfriedneto/projects/servicedeskn1/frontend/app/node_modules/@tanstack/router-core/dist/esm/router.js:178:14)
    at file:///home/siegfriedneto/projects/servicedeskn1/frontend/app/node_modules/@tanstack/react-router/dist/esm/Transitioner.js:46:25
    at settleOwner (file:///home/siegfriedneto/projects/servicedeskn1/frontend/app/node_modules/@tanstack/react-router/dist/esm/Transitioner.js:10:10)
    at file:///home/siegfriedneto/projects/servicedeskn1/frontend/app/node_modules/@tanstack/react-router/dist/esm/Matches.js:38:39
    at Object.react_stack_bottom_frame (/home/siegfriedneto/projects/servicedeskn1/frontend/app/node_modules/react-dom/cjs/react-dom-client.development.js:25989:20)
    at runWithFiberInDEV (/home/siegfriedneto/projects/servicedeskn1/frontend/app/node_modules/react-dom/cjs/react-dom-client.development.js:874:13)
    at commitHookEffectListMount (/home/siegfriedneto/projects/servicedeskn1/frontend/app/node_modules/react-dom/cjs/react-dom-client.development.js:13249:29) undefined
Error: Not implemented: window.scrollTo
    at module.exports (/home/siegfriedneto/projects/servicedeskn1/frontend/app/node_modules/jsdom/lib/jsdom/browser/not-implemented.js:9:17)
    at /home/siegfriedneto/projects/servicedeskn1/frontend/app/node_modules/jsdom/lib/jsdom/browser/Window.js:960:7
    at Object.fn (file:///home/siegfriedneto/projects/servicedeskn1/frontend/app/node_modules/@tanstack/router-core/dist/esm/scroll-restoration.js:180:27)
    at RouterCore.emit (file:///home/siegfriedneto/projects/servicedeskn1/frontend/app/node_modules/@tanstack/router-core/dist/esm/router.js:178:14)
    at file:///home/siegfriedneto/projects/servicedeskn1/frontend/app/node_modules/@tanstack/react-router/dist/esm/Transitioner.js:46:25
    at settleOwner (file:///home/siegfriedneto/projects/servicedeskn1/frontend/app/node_modules/@tanstack/react-router/dist/esm/Transitioner.js:10:10)
    at file:///home/siegfriedneto/projects/servicedeskn1/frontend/app/node_modules/@tanstack/react-router/dist/esm/Matches.js:38:39
    at Object.react_stack_bottom_frame (/home/siegfriedneto/projects/servicedeskn1/frontend/app/node_modules/react-dom/cjs/react-dom-client.development.js:25989:20)
    at runWithFiberInDEV (/home/siegfriedneto/projects/servicedeskn1/frontend/app/node_modules/react-dom/cjs/react-dom-client.development.js:874:13)
    at commitHookEffectListMount (/home/siegfriedneto/projects/servicedeskn1/frontend/app/node_modules/react-dom/cjs/react-dom-client.development.js:13249:29) undefined
Error: Not implemented: window.scrollTo
    at module.exports (/home/siegfriedneto/projects/servicedeskn1/frontend/app/node_modules/jsdom/lib/jsdom/browser/not-implemented.js:9:17)
    at /home/siegfriedneto/projects/servicedeskn1/frontend/app/node_modules/jsdom/lib/jsdom/browser/Window.js:960:7
    at Object.fn (file:///home/siegfriedneto/projects/servicedeskn1/frontend/app/node_modules/@tanstack/router-core/dist/esm/scroll-restoration.js:180:27)
    at RouterCore.emit (file:///home/siegfriedneto/projects/servicedeskn1/frontend/app/node_modules/@tanstack/router-core/dist/esm/router.js:178:14)
    at file:///home/siegfriedneto/projects/servicedeskn1/frontend/app/node_modules/@tanstack/react-router/dist/esm/Transitioner.js:46:25
    at settleOwner (file:///home/siegfriedneto/projects/servicedeskn1/frontend/app/node_modules/@tanstack/react-router/dist/esm/Transitioner.js:10:10)
    at file:///home/siegfriedneto/projects/servicedeskn1/frontend/app/node_modules/@tanstack/react-router/dist/esm/Matches.js:38:39
    at Object.react_stack_bottom_frame (/home/siegfriedneto/projects/servicedeskn1/frontend/app/node_modules/react-dom/cjs/react-dom-client.development.js:25989:20)
    at runWithFiberInDEV (/home/siegfriedneto/projects/servicedeskn1/frontend/app/node_modules/react-dom/cjs/react-dom-client.development.js:874:13)
    at commitHookEffectListMount (/home/siegfriedneto/projects/servicedeskn1/frontend/app/node_modules/react-dom/cjs/react-dom-client.development.js:13249:29) undefined
Error: Not implemented: window.scrollTo
    at module.exports (/home/siegfriedneto/projects/servicedeskn1/frontend/app/node_modules/jsdom/lib/jsdom/browser/not-implemented.js:9:17)
    at /home/siegfriedneto/projects/servicedeskn1/frontend/app/node_modules/jsdom/lib/jsdom/browser/Window.js:960:7
    at Object.fn (file:///home/siegfriedneto/projects/servicedeskn1/frontend/app/node_modules/@tanstack/router-core/dist/esm/scroll-restoration.js:180:27)
    at RouterCore.emit (file:///home/siegfriedneto/projects/servicedeskn1/frontend/app/node_modules/@tanstack/router-core/dist/esm/router.js:178:14)
    at file:///home/siegfriedneto/projects/servicedeskn1/frontend/app/node_modules/@tanstack/router-core/dist/esm/load-client.js:943:46
    at Router.batch (file:///home/siegfriedneto/projects/servicedeskn1/frontend/app/node_modules/@tanstack/store/dist/esm/atom.js:39:5)
    at file:///home/siegfriedneto/projects/servicedeskn1/frontend/app/node_modules/@tanstack/router-core/dist/esm/load-client.js:936:10
    at runClientTransaction (file:///home/siegfriedneto/projects/servicedeskn1/frontend/app/node_modules/@tanstack/router-core/dist/esm/load-client.js:902:2)
    at loadClientRoute (file:///home/siegfriedneto/projects/servicedeskn1/frontend/app/node_modules/@tanstack/router-core/dist/esm/load-client.js:1034:2)
    at RouterCore.load (file:///home/siegfriedneto/projects/servicedeskn1/frontend/app/node_modules/@tanstack/router-core/dist/esm/router.js:489:4) undefined
Error: Not implemented: window.scrollTo
    at module.exports (/home/siegfriedneto/projects/servicedeskn1/frontend/app/node_modules/jsdom/lib/jsdom/browser/not-implemented.js:9:17)
    at /home/siegfriedneto/projects/servicedeskn1/frontend/app/node_modules/jsdom/lib/jsdom/browser/Window.js:960:7
    at Object.fn (file:///home/siegfriedneto/projects/servicedeskn1/frontend/app/node_modules/@tanstack/router-core/dist/esm/scroll-restoration.js:180:27)
    at RouterCore.emit (file:///home/siegfriedneto/projects/servicedeskn1/frontend/app/node_modules/@tanstack/router-core/dist/esm/router.js:178:14)
    at file:///home/siegfriedneto/projects/servicedeskn1/frontend/app/node_modules/@tanstack/react-router/dist/esm/Transitioner.js:46:25
    at settleOwner (file:///home/siegfriedneto/projects/servicedeskn1/frontend/app/node_modules/@tanstack/react-router/dist/esm/Transitioner.js:10:10)
    at file:///home/siegfriedneto/projects/servicedeskn1/frontend/app/node_modules/@tanstack/react-router/dist/esm/Matches.js:38:39
    at Object.react_stack_bottom_frame (/home/siegfriedneto/projects/servicedeskn1/frontend/app/node_modules/react-dom/cjs/react-dom-client.development.js:25989:20)
    at runWithFiberInDEV (/home/siegfriedneto/projects/servicedeskn1/frontend/app/node_modules/react-dom/cjs/react-dom-client.development.js:874:13)
    at commitHookEffectListMount (/home/siegfriedneto/projects/servicedeskn1/frontend/app/node_modules/react-dom/cjs/react-dom-client.development.js:13249:29) undefined
Error: Not implemented: window.scrollTo
    at module.exports (/home/siegfriedneto/projects/servicedeskn1/frontend/app/node_modules/jsdom/lib/jsdom/browser/not-implemented.js:9:17)
    at /home/siegfriedneto/projects/servicedeskn1/frontend/app/node_modules/jsdom/lib/jsdom/browser/Window.js:960:7
    at Object.fn (file:///home/siegfriedneto/projects/servicedeskn1/frontend/app/node_modules/@tanstack/router-core/dist/esm/scroll-restoration.js:180:27)
    at RouterCore.emit (file:///home/siegfriedneto/projects/servicedeskn1/frontend/app/node_modules/@tanstack/router-core/dist/esm/router.js:178:14)
    at file:///home/siegfriedneto/projects/servicedeskn1/frontend/app/node_modules/@tanstack/react-router/dist/esm/Transitioner.js:46:25
    at settleOwner (file:///home/siegfriedneto/projects/servicedeskn1/frontend/app/node_modules/@tanstack/react-router/dist/esm/Transitioner.js:10:10)
    at file:///home/siegfriedneto/projects/servicedeskn1/frontend/app/node_modules/@tanstack/react-router/dist/esm/Matches.js:38:39
    at Object.react_stack_bottom_frame (/home/siegfriedneto/projects/servicedeskn1/frontend/app/node_modules/react-dom/cjs/react-dom-client.development.js:25989:20)
    at runWithFiberInDEV (/home/siegfriedneto/projects/servicedeskn1/frontend/app/node_modules/react-dom/cjs/react-dom-client.development.js:874:13)
    at commitHookEffectListMount (/home/siegfriedneto/projects/servicedeskn1/frontend/app/node_modules/react-dom/cjs/react-dom-client.development.js:13249:29) undefined
Error: Not implemented: window.scrollTo
    at module.exports (/home/siegfriedneto/projects/servicedeskn1/frontend/app/node_modules/jsdom/lib/jsdom/browser/not-implemented.js:9:17)
    at /home/siegfriedneto/projects/servicedeskn1/frontend/app/node_modules/jsdom/lib/jsdom/browser/Window.js:960:7
    at Object.fn (file:///home/siegfriedneto/projects/servicedeskn1/frontend/app/node_modules/@tanstack/router-core/dist/esm/scroll-restoration.js:180:27)
    at RouterCore.emit (file:///home/siegfriedneto/projects/servicedeskn1/frontend/app/node_modules/@tanstack/router-core/dist/esm/router.js:178:14)
    at file:///home/siegfriedneto/projects/servicedeskn1/frontend/app/node_modules/@tanstack/react-router/dist/esm/Transitioner.js:46:25
    at settleOwner (file:///home/siegfriedneto/projects/servicedeskn1/frontend/app/node_modules/@tanstack/react-router/dist/esm/Transitioner.js:10:10)
    at file:///home/siegfriedneto/projects/servicedeskn1/frontend/app/node_modules/@tanstack/react-router/dist/esm/Matches.js:38:39
    at Object.react_stack_bottom_frame (/home/siegfriedneto/projects/servicedeskn1/frontend/app/node_modules/react-dom/cjs/react-dom-client.development.js:25989:20)
    at runWithFiberInDEV (/home/siegfriedneto/projects/servicedeskn1/frontend/app/node_modules/react-dom/cjs/react-dom-client.development.js:874:13)
    at commitHookEffectListMount (/home/siegfriedneto/projects/servicedeskn1/frontend/app/node_modules/react-dom/cjs/react-dom-client.development.js:13249:29) undefined
Error: Not implemented: window.scrollTo
    at module.exports (/home/siegfriedneto/projects/servicedeskn1/frontend/app/node_modules/jsdom/lib/jsdom/browser/not-implemented.js:9:17)
    at /home/siegfriedneto/projects/servicedeskn1/frontend/app/node_modules/jsdom/lib/jsdom/browser/Window.js:960:7
    at Object.fn (file:///home/siegfriedneto/projects/servicedeskn1/frontend/app/node_modules/@tanstack/router-core/dist/esm/scroll-restoration.js:180:27)
    at RouterCore.emit (file:///home/siegfriedneto/projects/servicedeskn1/frontend/app/node_modules/@tanstack/router-core/dist/esm/router.js:178:14)
    at file:///home/siegfriedneto/projects/servicedeskn1/frontend/app/node_modules/@tanstack/react-router/dist/esm/Transitioner.js:46:25
    at settleOwner (file:///home/siegfriedneto/projects/servicedeskn1/frontend/app/node_modules/@tanstack/react-router/dist/esm/Transitioner.js:10:10)
    at file:///home/siegfriedneto/projects/servicedeskn1/frontend/app/node_modules/@tanstack/react-router/dist/esm/Matches.js:38:39
    at Object.react_stack_bottom_frame (/home/siegfriedneto/projects/servicedeskn1/frontend/app/node_modules/react-dom/cjs/react-dom-client.development.js:25989:20)
    at runWithFiberInDEV (/home/siegfriedneto/projects/servicedeskn1/frontend/app/node_modules/react-dom/cjs/react-dom-client.development.js:874:13)
    at commitHookEffectListMount (/home/siegfriedneto/projects/servicedeskn1/frontend/app/node_modules/react-dom/cjs/react-dom-client.development.js:13249:29) undefined
Error: Not implemented: window.scrollTo
    at module.exports (/home/siegfriedneto/projects/servicedeskn1/frontend/app/node_modules/jsdom/lib/jsdom/browser/not-implemented.js:9:17)
    at /home/siegfriedneto/projects/servicedeskn1/frontend/app/node_modules/jsdom/lib/jsdom/browser/Window.js:960:7
    at Object.fn (file:///home/siegfriedneto/projects/servicedeskn1/frontend/app/node_modules/@tanstack/router-core/dist/esm/scroll-restoration.js:180:27)
    at RouterCore.emit (file:///home/siegfriedneto/projects/servicedeskn1/frontend/app/node_modules/@tanstack/router-core/dist/esm/router.js:178:14)
    at file:///home/siegfriedneto/projects/servicedeskn1/frontend/app/node_modules/@tanstack/react-router/dist/esm/Transitioner.js:46:25
    at settleOwner (file:///home/siegfriedneto/projects/servicedeskn1/frontend/app/node_modules/@tanstack/react-router/dist/esm/Transitioner.js:10:10)
    at file:///home/siegfriedneto/projects/servicedeskn1/frontend/app/node_modules/@tanstack/react-router/dist/esm/Matches.js:38:39
    at Object.react_stack_bottom_frame (/home/siegfriedneto/projects/servicedeskn1/frontend/app/node_modules/react-dom/cjs/react-dom-client.development.js:25989:20)
    at runWithFiberInDEV (/home/siegfriedneto/projects/servicedeskn1/frontend/app/node_modules/react-dom/cjs/react-dom-client.development.js:874:13)
    at commitHookEffectListMount (/home/siegfriedneto/projects/servicedeskn1/frontend/app/node_modules/react-dom/cjs/react-dom-client.development.js:13249:29) undefined
Error: Not implemented: window.scrollTo
    at module.exports (/home/siegfriedneto/projects/servicedeskn1/frontend/app/node_modules/jsdom/lib/jsdom/browser/not-implemented.js:9:17)
    at /home/siegfriedneto/projects/servicedeskn1/frontend/app/node_modules/jsdom/lib/jsdom/browser/Window.js:960:7
    at Object.fn (file:///home/siegfriedneto/projects/servicedeskn1/frontend/app/node_modules/@tanstack/router-core/dist/esm/scroll-restoration.js:180:27)
    at RouterCore.emit (file:///home/siegfriedneto/projects/servicedeskn1/frontend/app/node_modules/@tanstack/router-core/dist/esm/router.js:178:14)
    at file:///home/siegfriedneto/projects/servicedeskn1/frontend/app/node_modules/@tanstack/react-router/dist/esm/Transitioner.js:46:25
    at settleOwner (file:///home/siegfriedneto/projects/servicedeskn1/frontend/app/node_modules/@tanstack/react-router/dist/esm/Transitioner.js:10:10)
    at file:///home/siegfriedneto/projects/servicedeskn1/frontend/app/node_modules/@tanstack/react-router/dist/esm/Matches.js:38:39
    at Object.react_stack_bottom_frame (/home/siegfriedneto/projects/servicedeskn1/frontend/app/node_modules/react-dom/cjs/react-dom-client.development.js:25989:20)
    at runWithFiberInDEV (/home/siegfriedneto/projects/servicedeskn1/frontend/app/node_modules/react-dom/cjs/react-dom-client.development.js:874:13)
    at commitHookEffectListMount (/home/siegfriedneto/projects/servicedeskn1/frontend/app/node_modules/react-dom/cjs/react-dom-client.development.js:13249:29) undefined
Error: Not implemented: window.scrollTo
    at module.exports (/home/siegfriedneto/projects/servicedeskn1/frontend/app/node_modules/jsdom/lib/jsdom/browser/not-implemented.js:9:17)
    at /home/siegfriedneto/projects/servicedeskn1/frontend/app/node_modules/jsdom/lib/jsdom/browser/Window.js:960:7
    at Object.fn (file:///home/siegfriedneto/projects/servicedeskn1/frontend/app/node_modules/@tanstack/router-core/dist/esm/scroll-restoration.js:180:27)
    at RouterCore.emit (file:///home/siegfriedneto/projects/servicedeskn1/frontend/app/node_modules/@tanstack/router-core/dist/esm/router.js:178:14)
    at file:///home/siegfriedneto/projects/servicedeskn1/frontend/app/node_modules/@tanstack/react-router/dist/esm/Transitioner.js:46:25
    at settleOwner (file:///home/siegfriedneto/projects/servicedeskn1/frontend/app/node_modules/@tanstack/react-router/dist/esm/Transitioner.js:10:10)
    at file:///home/siegfriedneto/projects/servicedeskn1/frontend/app/node_modules/@tanstack/react-router/dist/esm/Matches.js:38:39
    at Object.react_stack_bottom_frame (/home/siegfriedneto/projects/servicedeskn1/frontend/app/node_modules/react-dom/cjs/react-dom-client.development.js:25989:20)
    at runWithFiberInDEV (/home/siegfriedneto/projects/servicedeskn1/frontend/app/node_modules/react-dom/cjs/react-dom-client.development.js:874:13)
    at commitHookEffectListMount (/home/siegfriedneto/projects/servicedeskn1/frontend/app/node_modules/react-dom/cjs/react-dom-client.development.js:13249:29) undefined
Error: Not implemented: window.scrollTo
    at module.exports (/home/siegfriedneto/projects/servicedeskn1/frontend/app/node_modules/jsdom/lib/jsdom/browser/not-implemented.js:9:17)
    at /home/siegfriedneto/projects/servicedeskn1/frontend/app/node_modules/jsdom/lib/jsdom/browser/Window.js:960:7
    at Object.fn (file:///home/siegfriedneto/projects/servicedeskn1/frontend/app/node_modules/@tanstack/router-core/dist/esm/scroll-restoration.js:180:27)
    at RouterCore.emit (file:///home/siegfriedneto/projects/servicedeskn1/frontend/app/node_modules/@tanstack/router-core/dist/esm/router.js:178:14)
    at file:///home/siegfriedneto/projects/servicedeskn1/frontend/app/node_modules/@tanstack/react-router/dist/esm/Transitioner.js:46:25
    at settleOwner (file:///home/siegfriedneto/projects/servicedeskn1/frontend/app/node_modules/@tanstack/react-router/dist/esm/Transitioner.js:10:10)
    at file:///home/siegfriedneto/projects/servicedeskn1/frontend/app/node_modules/@tanstack/react-router/dist/esm/Matches.js:38:39
    at Object.react_stack_bottom_frame (/home/siegfriedneto/projects/servicedeskn1/frontend/app/node_modules/react-dom/cjs/react-dom-client.development.js:25989:20)
    at runWithFiberInDEV (/home/siegfriedneto/projects/servicedeskn1/frontend/app/node_modules/react-dom/cjs/react-dom-client.development.js:874:13)
    at commitHookEffectListMount (/home/siegfriedneto/projects/servicedeskn1/frontend/app/node_modules/react-dom/cjs/react-dom-client.development.js:13249:29) undefined
Error: Not implemented: window.scrollTo
    at module.exports (/home/siegfriedneto/projects/servicedeskn1/frontend/app/node_modules/jsdom/lib/jsdom/browser/not-implemented.js:9:17)
    at /home/siegfriedneto/projects/servicedeskn1/frontend/app/node_modules/jsdom/lib/jsdom/browser/Window.js:960:7
    at Object.fn (file:///home/siegfriedneto/projects/servicedeskn1/frontend/app/node_modules/@tanstack/router-core/dist/esm/scroll-restoration.js:180:27)
    at RouterCore.emit (file:///home/siegfriedneto/projects/servicedeskn1/frontend/app/node_modules/@tanstack/router-core/dist/esm/router.js:178:14)
    at file:///home/siegfriedneto/projects/servicedeskn1/frontend/app/node_modules/@tanstack/react-router/dist/esm/Transitioner.js:46:25
    at settleOwner (file:///home/siegfriedneto/projects/servicedeskn1/frontend/app/node_modules/@tanstack/react-router/dist/esm/Transitioner.js:10:10)
    at file:///home/siegfriedneto/projects/servicedeskn1/frontend/app/node_modules/@tanstack/react-router/dist/esm/Matches.js:38:39
    at Object.react_stack_bottom_frame (/home/siegfriedneto/projects/servicedeskn1/frontend/app/node_modules/react-dom/cjs/react-dom-client.development.js:25989:20)
    at runWithFiberInDEV (/home/siegfriedneto/projects/servicedeskn1/frontend/app/node_modules/react-dom/cjs/react-dom-client.development.js:874:13)
    at commitHookEffectListMount (/home/siegfriedneto/projects/servicedeskn1/frontend/app/node_modules/react-dom/cjs/react-dom-client.development.js:13249:29) undefined
Error: Not implemented: window.scrollTo
    at module.exports (/home/siegfriedneto/projects/servicedeskn1/frontend/app/node_modules/jsdom/lib/jsdom/browser/not-implemented.js:9:17)
    at /home/siegfriedneto/projects/servicedeskn1/frontend/app/node_modules/jsdom/lib/jsdom/browser/Window.js:960:7
    at Object.fn (file:///home/siegfriedneto/projects/servicedeskn1/frontend/app/node_modules/@tanstack/router-core/dist/esm/scroll-restoration.js:180:27)
    at RouterCore.emit (file:///home/siegfriedneto/projects/servicedeskn1/frontend/app/node_modules/@tanstack/router-core/dist/esm/router.js:178:14)
    at file:///home/siegfriedneto/projects/servicedeskn1/frontend/app/node_modules/@tanstack/react-router/dist/esm/Transitioner.js:46:25
    at settleOwner (file:///home/siegfriedneto/projects/servicedeskn1/frontend/app/node_modules/@tanstack/react-router/dist/esm/Transitioner.js:10:10)
    at file:///home/siegfriedneto/projects/servicedeskn1/frontend/app/node_modules/@tanstack/react-router/dist/esm/Matches.js:38:39
    at Object.react_stack_bottom_frame (/home/siegfriedneto/projects/servicedeskn1/frontend/app/node_modules/react-dom/cjs/react-dom-client.development.js:25989:20)
    at runWithFiberInDEV (/home/siegfriedneto/projects/servicedeskn1/frontend/app/node_modules/react-dom/cjs/react-dom-client.development.js:874:13)
    at commitHookEffectListMount (/home/siegfriedneto/projects/servicedeskn1/frontend/app/node_modules/react-dom/cjs/react-dom-client.development.js:13249:29) undefined
Error: Not implemented: window.scrollTo
    at module.exports (/home/siegfriedneto/projects/servicedeskn1/frontend/app/node_modules/jsdom/lib/jsdom/browser/not-implemented.js:9:17)
    at /home/siegfriedneto/projects/servicedeskn1/frontend/app/node_modules/jsdom/lib/jsdom/browser/Window.js:960:7
    at Object.fn (file:///home/siegfriedneto/projects/servicedeskn1/frontend/app/node_modules/@tanstack/router-core/dist/esm/scroll-restoration.js:180:27)
    at RouterCore.emit (file:///home/siegfriedneto/projects/servicedeskn1/frontend/app/node_modules/@tanstack/router-core/dist/esm/router.js:178:14)
    at file:///home/siegfriedneto/projects/servicedeskn1/frontend/app/node_modules/@tanstack/react-router/dist/esm/Transitioner.js:46:25
    at settleOwner (file:///home/siegfriedneto/projects/servicedeskn1/frontend/app/node_modules/@tanstack/react-router/dist/esm/Transitioner.js:10:10)
    at file:///home/siegfriedneto/projects/servicedeskn1/frontend/app/node_modules/@tanstack/react-router/dist/esm/Matches.js:38:39
    at Object.react_stack_bottom_frame (/home/siegfriedneto/projects/servicedeskn1/frontend/app/node_modules/react-dom/cjs/react-dom-client.development.js:25989:20)
    at runWithFiberInDEV (/home/siegfriedneto/projects/servicedeskn1/frontend/app/node_modules/react-dom/cjs/react-dom-client.development.js:874:13)
    at commitHookEffectListMount (/home/siegfriedneto/projects/servicedeskn1/frontend/app/node_modules/react-dom/cjs/react-dom-client.development.js:13249:29) undefined
Error: Not implemented: window.scrollTo
    at module.exports (/home/siegfriedneto/projects/servicedeskn1/frontend/app/node_modules/jsdom/lib/jsdom/browser/not-implemented.js:9:17)
    at /home/siegfriedneto/projects/servicedeskn1/frontend/app/node_modules/jsdom/lib/jsdom/browser/Window.js:960:7
    at Object.fn (file:///home/siegfriedneto/projects/servicedeskn1/frontend/app/node_modules/@tanstack/router-core/dist/esm/scroll-restoration.js:180:27)
    at RouterCore.emit (file:///home/siegfriedneto/projects/servicedeskn1/frontend/app/node_modules/@tanstack/router-core/dist/esm/router.js:178:14)
    at file:///home/siegfriedneto/projects/servicedeskn1/frontend/app/node_modules/@tanstack/react-router/dist/esm/Transitioner.js:46:25
    at settleOwner (file:///home/siegfriedneto/projects/servicedeskn1/frontend/app/node_modules/@tanstack/react-router/dist/esm/Transitioner.js:10:10)
    at file:///home/siegfriedneto/projects/servicedeskn1/frontend/app/node_modules/@tanstack/react-router/dist/esm/Matches.js:38:39
    at Object.react_stack_bottom_frame (/home/siegfriedneto/projects/servicedeskn1/frontend/app/node_modules/react-dom/cjs/react-dom-client.development.js:25989:20)
    at runWithFiberInDEV (/home/siegfriedneto/projects/servicedeskn1/frontend/app/node_modules/react-dom/cjs/react-dom-client.development.js:874:13)
    at commitHookEffectListMount (/home/siegfriedneto/projects/servicedeskn1/frontend/app/node_modules/react-dom/cjs/react-dom-client.development.js:13249:29) undefined
Error: Not implemented: window.scrollTo
    at module.exports (/home/siegfriedneto/projects/servicedeskn1/frontend/app/node_modules/jsdom/lib/jsdom/browser/not-implemented.js:9:17)
    at /home/siegfriedneto/projects/servicedeskn1/frontend/app/node_modules/jsdom/lib/jsdom/browser/Window.js:960:7
    at Object.fn (file:///home/siegfriedneto/projects/servicedeskn1/frontend/app/node_modules/@tanstack/router-core/dist/esm/scroll-restoration.js:180:27)
    at RouterCore.emit (file:///home/siegfriedneto/projects/servicedeskn1/frontend/app/node_modules/@tanstack/router-core/dist/esm/router.js:178:14)
    at file:///home/siegfriedneto/projects/servicedeskn1/frontend/app/node_modules/@tanstack/react-router/dist/esm/Transitioner.js:46:25
    at settleOwner (file:///home/siegfriedneto/projects/servicedeskn1/frontend/app/node_modules/@tanstack/react-router/dist/esm/Transitioner.js:10:10)
    at file:///home/siegfriedneto/projects/servicedeskn1/frontend/app/node_modules/@tanstack/react-router/dist/esm/Matches.js:38:39
    at Object.react_stack_bottom_frame (/home/siegfriedneto/projects/servicedeskn1/frontend/app/node_modules/react-dom/cjs/react-dom-client.development.js:25989:20)
    at runWithFiberInDEV (/home/siegfriedneto/projects/servicedeskn1/frontend/app/node_modules/react-dom/cjs/react-dom-client.development.js:874:13)
    at commitHookEffectListMount (/home/siegfriedneto/projects/servicedeskn1/frontend/app/node_modules/react-dom/cjs/react-dom-client.development.js:13249:29) undefined
Error: Not implemented: window.scrollTo
    at module.exports (/home/siegfriedneto/projects/servicedeskn1/frontend/app/node_modules/jsdom/lib/jsdom/browser/not-implemented.js:9:17)
    at /home/siegfriedneto/projects/servicedeskn1/frontend/app/node_modules/jsdom/lib/jsdom/browser/Window.js:960:7
    at Object.fn (file:///home/siegfriedneto/projects/servicedeskn1/frontend/app/node_modules/@tanstack/router-core/dist/esm/scroll-restoration.js:180:27)
    at RouterCore.emit (file:///home/siegfriedneto/projects/servicedeskn1/frontend/app/node_modules/@tanstack/router-core/dist/esm/router.js:178:14)
    at file:///home/siegfriedneto/projects/servicedeskn1/frontend/app/node_modules/@tanstack/react-router/dist/esm/Transitioner.js:46:25
    at settleOwner (file:///home/siegfriedneto/projects/servicedeskn1/frontend/app/node_modules/@tanstack/react-router/dist/esm/Transitioner.js:10:10)
    at file:///home/siegfriedneto/projects/servicedeskn1/frontend/app/node_modules/@tanstack/react-router/dist/esm/Matches.js:38:39
    at Object.react_stack_bottom_frame (/home/siegfriedneto/projects/servicedeskn1/frontend/app/node_modules/react-dom/cjs/react-dom-client.development.js:25989:20)
    at runWithFiberInDEV (/home/siegfriedneto/projects/servicedeskn1/frontend/app/node_modules/react-dom/cjs/react-dom-client.development.js:874:13)
    at commitHookEffectListMount (/home/siegfriedneto/projects/servicedeskn1/frontend/app/node_modules/react-dom/cjs/react-dom-client.development.js:13249:29) undefined
Error: Not implemented: window.scrollTo
    at module.exports (/home/siegfriedneto/projects/servicedeskn1/frontend/app/node_modules/jsdom/lib/jsdom/browser/not-implemented.js:9:17)
    at /home/siegfriedneto/projects/servicedeskn1/frontend/app/node_modules/jsdom/lib/jsdom/browser/Window.js:960:7
    at Object.fn (file:///home/siegfriedneto/projects/servicedeskn1/frontend/app/node_modules/@tanstack/router-core/dist/esm/scroll-restoration.js:180:27)
    at RouterCore.emit (file:///home/siegfriedneto/projects/servicedeskn1/frontend/app/node_modules/@tanstack/router-core/dist/esm/router.js:178:14)
    at file:///home/siegfriedneto/projects/servicedeskn1/frontend/app/node_modules/@tanstack/react-router/dist/esm/Transitioner.js:46:25
    at settleOwner (file:///home/siegfriedneto/projects/servicedeskn1/frontend/app/node_modules/@tanstack/react-router/dist/esm/Transitioner.js:10:10)
    at file:///home/siegfriedneto/projects/servicedeskn1/frontend/app/node_modules/@tanstack/react-router/dist/esm/Matches.js:38:39
    at Object.react_stack_bottom_frame (/home/siegfriedneto/projects/servicedeskn1/frontend/app/node_modules/react-dom/cjs/react-dom-client.development.js:25989:20)
    at runWithFiberInDEV (/home/siegfriedneto/projects/servicedeskn1/frontend/app/node_modules/react-dom/cjs/react-dom-client.development.js:874:13)
    at commitHookEffectListMount (/home/siegfriedneto/projects/servicedeskn1/frontend/app/node_modules/react-dom/cjs/react-dom-client.development.js:13249:29) undefined
Error: Not implemented: window.scrollTo
    at module.exports (/home/siegfriedneto/projects/servicedeskn1/frontend/app/node_modules/jsdom/lib/jsdom/browser/not-implemented.js:9:17)
    at /home/siegfriedneto/projects/servicedeskn1/frontend/app/node_modules/jsdom/lib/jsdom/browser/Window.js:960:7
    at Object.fn (file:///home/siegfriedneto/projects/servicedeskn1/frontend/app/node_modules/@tanstack/router-core/dist/esm/scroll-restoration.js:180:27)
    at RouterCore.emit (file:///home/siegfriedneto/projects/servicedeskn1/frontend/app/node_modules/@tanstack/router-core/dist/esm/router.js:178:14)
    at file:///home/siegfriedneto/projects/servicedeskn1/frontend/app/node_modules/@tanstack/react-router/dist/esm/Transitioner.js:46:25
    at settleOwner (file:///home/siegfriedneto/projects/servicedeskn1/frontend/app/node_modules/@tanstack/react-router/dist/esm/Transitioner.js:10:10)
    at file:///home/siegfriedneto/projects/servicedeskn1/frontend/app/node_modules/@tanstack/react-router/dist/esm/Matches.js:38:39
    at Object.react_stack_bottom_frame (/home/siegfriedneto/projects/servicedeskn1/frontend/app/node_modules/react-dom/cjs/react-dom-client.development.js:25989:20)
    at runWithFiberInDEV (/home/siegfriedneto/projects/servicedeskn1/frontend/app/node_modules/react-dom/cjs/react-dom-client.development.js:874:13)
    at commitHookEffectListMount (/home/siegfriedneto/projects/servicedeskn1/frontend/app/node_modules/react-dom/cjs/react-dom-client.development.js:13249:29) undefined
Error: Not implemented: window.scrollTo
    at module.exports (/home/siegfriedneto/projects/servicedeskn1/frontend/app/node_modules/jsdom/lib/jsdom/browser/not-implemented.js:9:17)
    at /home/siegfriedneto/projects/servicedeskn1/frontend/app/node_modules/jsdom/lib/jsdom/browser/Window.js:960:7
    at Object.fn (file:///home/siegfriedneto/projects/servicedeskn1/frontend/app/node_modules/@tanstack/router-core/dist/esm/scroll-restoration.js:180:27)
    at RouterCore.emit (file:///home/siegfriedneto/projects/servicedeskn1/frontend/app/node_modules/@tanstack/router-core/dist/esm/router.js:178:14)
    at file:///home/siegfriedneto/projects/servicedeskn1/frontend/app/node_modules/@tanstack/react-router/dist/esm/Transitioner.js:46:25
    at settleOwner (file:///home/siegfriedneto/projects/servicedeskn1/frontend/app/node_modules/@tanstack/react-router/dist/esm/Transitioner.js:10:10)
    at file:///home/siegfriedneto/projects/servicedeskn1/frontend/app/node_modules/@tanstack/react-router/dist/esm/Matches.js:38:39
    at Object.react_stack_bottom_frame (/home/siegfriedneto/projects/servicedeskn1/frontend/app/node_modules/react-dom/cjs/react-dom-client.development.js:25989:20)
    at runWithFiberInDEV (/home/siegfriedneto/projects/servicedeskn1/frontend/app/node_modules/react-dom/cjs/react-dom-client.development.js:874:13)
    at commitHookEffectListMount (/home/siegfriedneto/projects/servicedeskn1/frontend/app/node_modules/react-dom/cjs/react-dom-client.development.js:13249:29) undefined
Error: Not implemented: window.scrollTo
    at module.exports (/home/siegfriedneto/projects/servicedeskn1/frontend/app/node_modules/jsdom/lib/jsdom/browser/not-implemented.js:9:17)
    at /home/siegfriedneto/projects/servicedeskn1/frontend/app/node_modules/jsdom/lib/jsdom/browser/Window.js:960:7
    at Object.fn (file:///home/siegfriedneto/projects/servicedeskn1/frontend/app/node_modules/@tanstack/router-core/dist/esm/scroll-restoration.js:180:27)
    at RouterCore.emit (file:///home/siegfriedneto/projects/servicedeskn1/frontend/app/node_modules/@tanstack/router-core/dist/esm/router.js:178:14)
    at file:///home/siegfriedneto/projects/servicedeskn1/frontend/app/node_modules/@tanstack/react-router/dist/esm/Transitioner.js:46:25
    at settleOwner (file:///home/siegfriedneto/projects/servicedeskn1/frontend/app/node_modules/@tanstack/react-router/dist/esm/Transitioner.js:10:10)
    at file:///home/siegfriedneto/projects/servicedeskn1/frontend/app/node_modules/@tanstack/react-router/dist/esm/Matches.js:38:39
    at Object.react_stack_bottom_frame (/home/siegfriedneto/projects/servicedeskn1/frontend/app/node_modules/react-dom/cjs/react-dom-client.development.js:25989:20)
    at runWithFiberInDEV (/home/siegfriedneto/projects/servicedeskn1/frontend/app/node_modules/react-dom/cjs/react-dom-client.development.js:874:13)
    at commitHookEffectListMount (/home/siegfriedneto/projects/servicedeskn1/frontend/app/node_modules/react-dom/cjs/react-dom-client.development.js:13249:29) undefined
Error: Not implemented: window.scrollTo
    at module.exports (/home/siegfriedneto/projects/servicedeskn1/frontend/app/node_modules/jsdom/lib/jsdom/browser/not-implemented.js:9:17)
    at /home/siegfriedneto/projects/servicedeskn1/frontend/app/node_modules/jsdom/lib/jsdom/browser/Window.js:960:7
    at Object.fn (file:///home/siegfriedneto/projects/servicedeskn1/frontend/app/node_modules/@tanstack/router-core/dist/esm/scroll-restoration.js:180:27)
    at RouterCore.emit (file:///home/siegfriedneto/projects/servicedeskn1/frontend/app/node_modules/@tanstack/router-core/dist/esm/router.js:178:14)
    at file:///home/siegfriedneto/projects/servicedeskn1/frontend/app/node_modules/@tanstack/react-router/dist/esm/Transitioner.js:46:25
    at settleOwner (file:///home/siegfriedneto/projects/servicedeskn1/frontend/app/node_modules/@tanstack/react-router/dist/esm/Transitioner.js:10:10)
    at file:///home/siegfriedneto/projects/servicedeskn1/frontend/app/node_modules/@tanstack/react-router/dist/esm/Matches.js:38:39
    at Object.react_stack_bottom_frame (/home/siegfriedneto/projects/servicedeskn1/frontend/app/node_modules/react-dom/cjs/react-dom-client.development.js:25989:20)
    at runWithFiberInDEV (/home/siegfriedneto/projects/servicedeskn1/frontend/app/node_modules/react-dom/cjs/react-dom-client.development.js:874:13)
    at commitHookEffectListMount (/home/siegfriedneto/projects/servicedeskn1/frontend/app/node_modules/react-dom/cjs/react-dom-client.development.js:13249:29) undefined
Error: Not implemented: window.scrollTo
    at module.exports (/home/siegfriedneto/projects/servicedeskn1/frontend/app/node_modules/jsdom/lib/jsdom/browser/not-implemented.js:9:17)
    at /home/siegfriedneto/projects/servicedeskn1/frontend/app/node_modules/jsdom/lib/jsdom/browser/Window.js:960:7
    at Object.fn (file:///home/siegfriedneto/projects/servicedeskn1/frontend/app/node_modules/@tanstack/router-core/dist/esm/scroll-restoration.js:180:27)
    at RouterCore.emit (file:///home/siegfriedneto/projects/servicedeskn1/frontend/app/node_modules/@tanstack/router-core/dist/esm/router.js:178:14)
    at file:///home/siegfriedneto/projects/servicedeskn1/frontend/app/node_modules/@tanstack/react-router/dist/esm/Transitioner.js:46:25
    at settleOwner (file:///home/siegfriedneto/projects/servicedeskn1/frontend/app/node_modules/@tanstack/react-router/dist/esm/Transitioner.js:10:10)
    at file:///home/siegfriedneto/projects/servicedeskn1/frontend/app/node_modules/@tanstack/react-router/dist/esm/Matches.js:38:39
    at Object.react_stack_bottom_frame (/home/siegfriedneto/projects/servicedeskn1/frontend/app/node_modules/react-dom/cjs/react-dom-client.development.js:25989:20)
    at runWithFiberInDEV (/home/siegfriedneto/projects/servicedeskn1/frontend/app/node_modules/react-dom/cjs/react-dom-client.development.js:874:13)
    at commitHookEffectListMount (/home/siegfriedneto/projects/servicedeskn1/frontend/app/node_modules/react-dom/cjs/react-dom-client.development.js:13249:29) undefined
Error: Not implemented: window.scrollTo
    at module.exports (/home/siegfriedneto/projects/servicedeskn1/frontend/app/node_modules/jsdom/lib/jsdom/browser/not-implemented.js:9:17)
    at /home/siegfriedneto/projects/servicedeskn1/frontend/app/node_modules/jsdom/lib/jsdom/browser/Window.js:960:7
    at Object.fn (file:///home/siegfriedneto/projects/servicedeskn1/frontend/app/node_modules/@tanstack/router-core/dist/esm/scroll-restoration.js:180:27)
    at RouterCore.emit (file:///home/siegfriedneto/projects/servicedeskn1/frontend/app/node_modules/@tanstack/router-core/dist/esm/router.js:178:14)
    at file:///home/siegfriedneto/projects/servicedeskn1/frontend/app/node_modules/@tanstack/react-router/dist/esm/Transitioner.js:46:25
    at settleOwner (file:///home/siegfriedneto/projects/servicedeskn1/frontend/app/node_modules/@tanstack/react-router/dist/esm/Transitioner.js:10:10)
    at file:///home/siegfriedneto/projects/servicedeskn1/frontend/app/node_modules/@tanstack/react-router/dist/esm/Matches.js:38:39
    at Object.react_stack_bottom_frame (/home/siegfriedneto/projects/servicedeskn1/frontend/app/node_modules/react-dom/cjs/react-dom-client.development.js:25989:20)
    at runWithFiberInDEV (/home/siegfriedneto/projects/servicedeskn1/frontend/app/node_modules/react-dom/cjs/react-dom-client.development.js:874:13)
    at commitHookEffectListMount (/home/siegfriedneto/projects/servicedeskn1/frontend/app/node_modules/react-dom/cjs/react-dom-client.development.js:13249:29) undefined
Error: Not implemented: window.scrollTo
    at module.exports (/home/siegfriedneto/projects/servicedeskn1/frontend/app/node_modules/jsdom/lib/jsdom/browser/not-implemented.js:9:17)
    at /home/siegfriedneto/projects/servicedeskn1/frontend/app/node_modules/jsdom/lib/jsdom/browser/Window.js:960:7
    at Object.fn (file:///home/siegfriedneto/projects/servicedeskn1/frontend/app/node_modules/@tanstack/router-core/dist/esm/scroll-restoration.js:180:27)
    at RouterCore.emit (file:///home/siegfriedneto/projects/servicedeskn1/frontend/app/node_modules/@tanstack/router-core/dist/esm/router.js:178:14)
    at file:///home/siegfriedneto/projects/servicedeskn1/frontend/app/node_modules/@tanstack/react-router/dist/esm/Transitioner.js:46:25
    at settleOwner (file:///home/siegfriedneto/projects/servicedeskn1/frontend/app/node_modules/@tanstack/react-router/dist/esm/Transitioner.js:10:10)
    at file:///home/siegfriedneto/projects/servicedeskn1/frontend/app/node_modules/@tanstack/react-router/dist/esm/Matches.js:38:39
    at Object.react_stack_bottom_frame (/home/siegfriedneto/projects/servicedeskn1/frontend/app/node_modules/react-dom/cjs/react-dom-client.development.js:25989:20)
    at runWithFiberInDEV (/home/siegfriedneto/projects/servicedeskn1/frontend/app/node_modules/react-dom/cjs/react-dom-client.development.js:874:13)
    at commitHookEffectListMount (/home/siegfriedneto/projects/servicedeskn1/frontend/app/node_modules/react-dom/cjs/react-dom-client.development.js:13249:29) undefined
Error: Not implemented: window.scrollTo
    at module.exports (/home/siegfriedneto/projects/servicedeskn1/frontend/app/node_modules/jsdom/lib/jsdom/browser/not-implemented.js:9:17)
    at /home/siegfriedneto/projects/servicedeskn1/frontend/app/node_modules/jsdom/lib/jsdom/browser/Window.js:960:7
    at Object.fn (file:///home/siegfriedneto/projects/servicedeskn1/frontend/app/node_modules/@tanstack/router-core/dist/esm/scroll-restoration.js:180:27)
    at RouterCore.emit (file:///home/siegfriedneto/projects/servicedeskn1/frontend/app/node_modules/@tanstack/router-core/dist/esm/router.js:178:14)
    at file:///home/siegfriedneto/projects/servicedeskn1/frontend/app/node_modules/@tanstack/react-router/dist/esm/Transitioner.js:46:25
    at settleOwner (file:///home/siegfriedneto/projects/servicedeskn1/frontend/app/node_modules/@tanstack/react-router/dist/esm/Transitioner.js:10:10)
    at file:///home/siegfriedneto/projects/servicedeskn1/frontend/app/node_modules/@tanstack/react-router/dist/esm/Matches.js:38:39
    at Object.react_stack_bottom_frame (/home/siegfriedneto/projects/servicedeskn1/frontend/app/node_modules/react-dom/cjs/react-dom-client.development.js:25989:20)
    at runWithFiberInDEV (/home/siegfriedneto/projects/servicedeskn1/frontend/app/node_modules/react-dom/cjs/react-dom-client.development.js:874:13)
    at commitHookEffectListMount (/home/siegfriedneto/projects/servicedeskn1/frontend/app/node_modules/react-dom/cjs/react-dom-client.development.js:13249:29) undefined
Error: Not implemented: window.scrollTo
    at module.exports (/home/siegfriedneto/projects/servicedeskn1/frontend/app/node_modules/jsdom/lib/jsdom/browser/not-implemented.js:9:17)
    at /home/siegfriedneto/projects/servicedeskn1/frontend/app/node_modules/jsdom/lib/jsdom/browser/Window.js:960:7
    at Object.fn (file:///home/siegfriedneto/projects/servicedeskn1/frontend/app/node_modules/@tanstack/router-core/dist/esm/scroll-restoration.js:180:27)
    at RouterCore.emit (file:///home/siegfriedneto/projects/servicedeskn1/frontend/app/node_modules/@tanstack/router-core/dist/esm/router.js:178:14)
    at file:///home/siegfriedneto/projects/servicedeskn1/frontend/app/node_modules/@tanstack/react-router/dist/esm/Transitioner.js:46:25
    at settleOwner (file:///home/siegfriedneto/projects/servicedeskn1/frontend/app/node_modules/@tanstack/react-router/dist/esm/Transitioner.js:10:10)
    at file:///home/siegfriedneto/projects/servicedeskn1/frontend/app/node_modules/@tanstack/react-router/dist/esm/Matches.js:38:39
    at Object.react_stack_bottom_frame (/home/siegfriedneto/projects/servicedeskn1/frontend/app/node_modules/react-dom/cjs/react-dom-client.development.js:25989:20)
    at runWithFiberInDEV (/home/siegfriedneto/projects/servicedeskn1/frontend/app/node_modules/react-dom/cjs/react-dom-client.development.js:874:13)
    at commitHookEffectListMount (/home/siegfriedneto/projects/servicedeskn1/frontend/app/node_modules/react-dom/cjs/react-dom-client.development.js:13249:29) undefined
Error: Not implemented: window.scrollTo
    at module.exports (/home/siegfriedneto/projects/servicedeskn1/frontend/app/node_modules/jsdom/lib/jsdom/browser/not-implemented.js:9:17)
    at /home/siegfriedneto/projects/servicedeskn1/frontend/app/node_modules/jsdom/lib/jsdom/browser/Window.js:960:7
    at Object.fn (file:///home/siegfriedneto/projects/servicedeskn1/frontend/app/node_modules/@tanstack/router-core/dist/esm/scroll-restoration.js:180:27)
    at RouterCore.emit (file:///home/siegfriedneto/projects/servicedeskn1/frontend/app/node_modules/@tanstack/router-core/dist/esm/router.js:178:14)
    at file:///home/siegfriedneto/projects/servicedeskn1/frontend/app/node_modules/@tanstack/react-router/dist/esm/Transitioner.js:46:25
    at settleOwner (file:///home/siegfriedneto/projects/servicedeskn1/frontend/app/node_modules/@tanstack/react-router/dist/esm/Transitioner.js:10:10)
    at file:///home/siegfriedneto/projects/servicedeskn1/frontend/app/node_modules/@tanstack/react-router/dist/esm/Matches.js:38:39
    at Object.react_stack_bottom_frame (/home/siegfriedneto/projects/servicedeskn1/frontend/app/node_modules/react-dom/cjs/react-dom-client.development.js:25989:20)
    at runWithFiberInDEV (/home/siegfriedneto/projects/servicedeskn1/frontend/app/node_modules/react-dom/cjs/react-dom-client.development.js:874:13)
    at commitHookEffectListMount (/home/siegfriedneto/projects/servicedeskn1/frontend/app/node_modules/react-dom/cjs/react-dom-client.development.js:13249:29) undefined
Error: Not implemented: window.scrollTo
    at module.exports (/home/siegfriedneto/projects/servicedeskn1/frontend/app/node_modules/jsdom/lib/jsdom/browser/not-implemented.js:9:17)
    at /home/siegfriedneto/projects/servicedeskn1/frontend/app/node_modules/jsdom/lib/jsdom/browser/Window.js:960:7
    at Object.fn (file:///home/siegfriedneto/projects/servicedeskn1/frontend/app/node_modules/@tanstack/router-core/dist/esm/scroll-restoration.js:180:27)
    at RouterCore.emit (file:///home/siegfriedneto/projects/servicedeskn1/frontend/app/node_modules/@tanstack/router-core/dist/esm/router.js:178:14)
    at file:///home/siegfriedneto/projects/servicedeskn1/frontend/app/node_modules/@tanstack/react-router/dist/esm/Transitioner.js:46:25
    at settleOwner (file:///home/siegfriedneto/projects/servicedeskn1/frontend/app/node_modules/@tanstack/react-router/dist/esm/Transitioner.js:10:10)
    at file:///home/siegfriedneto/projects/servicedeskn1/frontend/app/node_modules/@tanstack/react-router/dist/esm/Matches.js:38:39
    at Object.react_stack_bottom_frame (/home/siegfriedneto/projects/servicedeskn1/frontend/app/node_modules/react-dom/cjs/react-dom-client.development.js:25989:20)
    at runWithFiberInDEV (/home/siegfriedneto/projects/servicedeskn1/frontend/app/node_modules/react-dom/cjs/react-dom-client.development.js:874:13)
    at commitHookEffectListMount (/home/siegfriedneto/projects/servicedeskn1/frontend/app/node_modules/react-dom/cjs/react-dom-client.development.js:13249:29) undefined
Error: Not implemented: window.scrollTo
    at module.exports (/home/siegfriedneto/projects/servicedeskn1/frontend/app/node_modules/jsdom/lib/jsdom/browser/not-implemented.js:9:17)
    at /home/siegfriedneto/projects/servicedeskn1/frontend/app/node_modules/jsdom/lib/jsdom/browser/Window.js:960:7
    at Object.fn (file:///home/siegfriedneto/projects/servicedeskn1/frontend/app/node_modules/@tanstack/router-core/dist/esm/scroll-restoration.js:180:27)
    at RouterCore.emit (file:///home/siegfriedneto/projects/servicedeskn1/frontend/app/node_modules/@tanstack/router-core/dist/esm/router.js:178:14)
    at file:///home/siegfriedneto/projects/servicedeskn1/frontend/app/node_modules/@tanstack/react-router/dist/esm/Transitioner.js:46:25
    at settleOwner (file:///home/siegfriedneto/projects/servicedeskn1/frontend/app/node_modules/@tanstack/react-router/dist/esm/Transitioner.js:10:10)
    at file:///home/siegfriedneto/projects/servicedeskn1/frontend/app/node_modules/@tanstack/react-router/dist/esm/Matches.js:38:39
    at Object.react_stack_bottom_frame (/home/siegfriedneto/projects/servicedeskn1/frontend/app/node_modules/react-dom/cjs/react-dom-client.development.js:25989:20)
    at runWithFiberInDEV (/home/siegfriedneto/projects/servicedeskn1/frontend/app/node_modules/react-dom/cjs/react-dom-client.development.js:874:13)
    at commitHookEffectListMount (/home/siegfriedneto/projects/servicedeskn1/frontend/app/node_modules/react-dom/cjs/react-dom-client.development.js:13249:29) undefined
Error: Not implemented: window.scrollTo
    at module.exports (/home/siegfriedneto/projects/servicedeskn1/frontend/app/node_modules/jsdom/lib/jsdom/browser/not-implemented.js:9:17)
    at /home/siegfriedneto/projects/servicedeskn1/frontend/app/node_modules/jsdom/lib/jsdom/browser/Window.js:960:7
    at Object.fn (file:///home/siegfriedneto/projects/servicedeskn1/frontend/app/node_modules/@tanstack/router-core/dist/esm/scroll-restoration.js:180:27)
    at RouterCore.emit (file:///home/siegfriedneto/projects/servicedeskn1/frontend/app/node_modules/@tanstack/router-core/dist/esm/router.js:178:14)
    at file:///home/siegfriedneto/projects/servicedeskn1/frontend/app/node_modules/@tanstack/react-router/dist/esm/Transitioner.js:46:25
    at settleOwner (file:///home/siegfriedneto/projects/servicedeskn1/frontend/app/node_modules/@tanstack/react-router/dist/esm/Transitioner.js:10:10)
    at file:///home/siegfriedneto/projects/servicedeskn1/frontend/app/node_modules/@tanstack/react-router/dist/esm/Matches.js:38:39
    at Object.react_stack_bottom_frame (/home/siegfriedneto/projects/servicedeskn1/frontend/app/node_modules/react-dom/cjs/react-dom-client.development.js:25989:20)
    at runWithFiberInDEV (/home/siegfriedneto/projects/servicedeskn1/frontend/app/node_modules/react-dom/cjs/react-dom-client.development.js:874:13)
    at commitHookEffectListMount (/home/siegfriedneto/projects/servicedeskn1/frontend/app/node_modules/react-dom/cjs/react-dom-client.development.js:13249:29) undefined
Error: Not implemented: window.scrollTo
    at module.exports (/home/siegfriedneto/projects/servicedeskn1/frontend/app/node_modules/jsdom/lib/jsdom/browser/not-implemented.js:9:17)
    at /home/siegfriedneto/projects/servicedeskn1/frontend/app/node_modules/jsdom/lib/jsdom/browser/Window.js:960:7
    at Object.fn (file:///home/siegfriedneto/projects/servicedeskn1/frontend/app/node_modules/@tanstack/router-core/dist/esm/scroll-restoration.js:180:27)
    at RouterCore.emit (file:///home/siegfriedneto/projects/servicedeskn1/frontend/app/node_modules/@tanstack/router-core/dist/esm/router.js:178:14)
    at file:///home/siegfriedneto/projects/servicedeskn1/frontend/app/node_modules/@tanstack/react-router/dist/esm/Transitioner.js:46:25
    at settleOwner (file:///home/siegfriedneto/projects/servicedeskn1/frontend/app/node_modules/@tanstack/react-router/dist/esm/Transitioner.js:10:10)
    at file:///home/siegfriedneto/projects/servicedeskn1/frontend/app/node_modules/@tanstack/react-router/dist/esm/Matches.js:38:39
    at Object.react_stack_bottom_frame (/home/siegfriedneto/projects/servicedeskn1/frontend/app/node_modules/react-dom/cjs/react-dom-client.development.js:25989:20)
    at runWithFiberInDEV (/home/siegfriedneto/projects/servicedeskn1/frontend/app/node_modules/react-dom/cjs/react-dom-client.development.js:874:13)
    at commitHookEffectListMount (/home/siegfriedneto/projects/servicedeskn1/frontend/app/node_modules/react-dom/cjs/react-dom-client.development.js:13249:29) undefined
Error: Not implemented: window.scrollTo
    at module.exports (/home/siegfriedneto/projects/servicedeskn1/frontend/app/node_modules/jsdom/lib/jsdom/browser/not-implemented.js:9:17)
    at /home/siegfriedneto/projects/servicedeskn1/frontend/app/node_modules/jsdom/lib/jsdom/browser/Window.js:960:7
    at Object.fn (file:///home/siegfriedneto/projects/servicedeskn1/frontend/app/node_modules/@tanstack/router-core/dist/esm/scroll-restoration.js:180:27)
    at RouterCore.emit (file:///home/siegfriedneto/projects/servicedeskn1/frontend/app/node_modules/@tanstack/router-core/dist/esm/router.js:178:14)
    at file:///home/siegfriedneto/projects/servicedeskn1/frontend/app/node_modules/@tanstack/react-router/dist/esm/Transitioner.js:46:25
    at settleOwner (file:///home/siegfriedneto/projects/servicedeskn1/frontend/app/node_modules/@tanstack/react-router/dist/esm/Transitioner.js:10:10)
    at file:///home/siegfriedneto/projects/servicedeskn1/frontend/app/node_modules/@tanstack/react-router/dist/esm/Matches.js:38:39
    at Object.react_stack_bottom_frame (/home/siegfriedneto/projects/servicedeskn1/frontend/app/node_modules/react-dom/cjs/react-dom-client.development.js:25989:20)
    at runWithFiberInDEV (/home/siegfriedneto/projects/servicedeskn1/frontend/app/node_modules/react-dom/cjs/react-dom-client.development.js:874:13)
    at commitHookEffectListMount (/home/siegfriedneto/projects/servicedeskn1/frontend/app/node_modules/react-dom/cjs/react-dom-client.development.js:13249:29) undefined
Error: Not implemented: window.scrollTo
    at module.exports (/home/siegfriedneto/projects/servicedeskn1/frontend/app/node_modules/jsdom/lib/jsdom/browser/not-implemented.js:9:17)
    at /home/siegfriedneto/projects/servicedeskn1/frontend/app/node_modules/jsdom/lib/jsdom/browser/Window.js:960:7
    at Object.fn (file:///home/siegfriedneto/projects/servicedeskn1/frontend/app/node_modules/@tanstack/router-core/dist/esm/scroll-restoration.js:180:27)
    at RouterCore.emit (file:///home/siegfriedneto/projects/servicedeskn1/frontend/app/node_modules/@tanstack/router-core/dist/esm/router.js:178:14)
    at file:///home/siegfriedneto/projects/servicedeskn1/frontend/app/node_modules/@tanstack/router-core/dist/esm/load-client.js:943:46
    at Router.batch (file:///home/siegfriedneto/projects/servicedeskn1/frontend/app/node_modules/@tanstack/store/dist/esm/atom.js:39:5)
    at file:///home/siegfriedneto/projects/servicedeskn1/frontend/app/node_modules/@tanstack/router-core/dist/esm/load-client.js:936:10
    at runNextTicks (node:internal/process/task_queues:64:5)
    at listOnTimeout (node:internal/timers:547:9)
    at processTimers (node:internal/timers:521:7) undefined
Error: Not implemented: window.scrollTo
    at module.exports (/home/siegfriedneto/projects/servicedeskn1/frontend/app/node_modules/jsdom/lib/jsdom/browser/not-implemented.js:9:17)
    at /home/siegfriedneto/projects/servicedeskn1/frontend/app/node_modules/jsdom/lib/jsdom/browser/Window.js:960:7
    at Object.fn (file:///home/siegfriedneto/projects/servicedeskn1/frontend/app/node_modules/@tanstack/router-core/dist/esm/scroll-restoration.js:180:27)
    at RouterCore.emit (file:///home/siegfriedneto/projects/servicedeskn1/frontend/app/node_modules/@tanstack/router-core/dist/esm/router.js:178:14)
    at file:///home/siegfriedneto/projects/servicedeskn1/frontend/app/node_modules/@tanstack/react-router/dist/esm/Transitioner.js:46:25
    at settleOwner (file:///home/siegfriedneto/projects/servicedeskn1/frontend/app/node_modules/@tanstack/react-router/dist/esm/Transitioner.js:10:10)
    at file:///home/siegfriedneto/projects/servicedeskn1/frontend/app/node_modules/@tanstack/react-router/dist/esm/Matches.js:38:39
    at Object.react_stack_bottom_frame (/home/siegfriedneto/projects/servicedeskn1/frontend/app/node_modules/react-dom/cjs/react-dom-client.development.js:25989:20)
    at runWithFiberInDEV (/home/siegfriedneto/projects/servicedeskn1/frontend/app/node_modules/react-dom/cjs/react-dom-client.development.js:874:13)
    at commitHookEffectListMount (/home/siegfriedneto/projects/servicedeskn1/frontend/app/node_modules/react-dom/cjs/react-dom-client.development.js:13249:29) undefined
Error: Not implemented: window.scrollTo
    at module.exports (/home/siegfriedneto/projects/servicedeskn1/frontend/app/node_modules/jsdom/lib/jsdom/browser/not-implemented.js:9:17)
    at /home/siegfriedneto/projects/servicedeskn1/frontend/app/node_modules/jsdom/lib/jsdom/browser/Window.js:960:7
    at Object.fn (file:///home/siegfriedneto/projects/servicedeskn1/frontend/app/node_modules/@tanstack/router-core/dist/esm/scroll-restoration.js:180:27)
    at RouterCore.emit (file:///home/siegfriedneto/projects/servicedeskn1/frontend/app/node_modules/@tanstack/router-core/dist/esm/router.js:178:14)
    at file:///home/siegfriedneto/projects/servicedeskn1/frontend/app/node_modules/@tanstack/react-router/dist/esm/Transitioner.js:46:25
    at settleOwner (file:///home/siegfriedneto/projects/servicedeskn1/frontend/app/node_modules/@tanstack/react-router/dist/esm/Transitioner.js:10:10)
    at file:///home/siegfriedneto/projects/servicedeskn1/frontend/app/node_modules/@tanstack/react-router/dist/esm/Matches.js:38:39
    at Object.react_stack_bottom_frame (/home/siegfriedneto/projects/servicedeskn1/frontend/app/node_modules/react-dom/cjs/react-dom-client.development.js:25989:20)
    at runWithFiberInDEV (/home/siegfriedneto/projects/servicedeskn1/frontend/app/node_modules/react-dom/cjs/react-dom-client.development.js:874:13)
    at commitHookEffectListMount (/home/siegfriedneto/projects/servicedeskn1/frontend/app/node_modules/react-dom/cjs/react-dom-client.development.js:13249:29) undefined
Error: Not implemented: window.scrollTo
    at module.exports (/home/siegfriedneto/projects/servicedeskn1/frontend/app/node_modules/jsdom/lib/jsdom/browser/not-implemented.js:9:17)
    at /home/siegfriedneto/projects/servicedeskn1/frontend/app/node_modules/jsdom/lib/jsdom/browser/Window.js:960:7
    at Object.fn (file:///home/siegfriedneto/projects/servicedeskn1/frontend/app/node_modules/@tanstack/router-core/dist/esm/scroll-restoration.js:180:27)
    at RouterCore.emit (file:///home/siegfriedneto/projects/servicedeskn1/frontend/app/node_modules/@tanstack/router-core/dist/esm/router.js:178:14)
    at file:///home/siegfriedneto/projects/servicedeskn1/frontend/app/node_modules/@tanstack/react-router/dist/esm/Transitioner.js:46:25
    at settleOwner (file:///home/siegfriedneto/projects/servicedeskn1/frontend/app/node_modules/@tanstack/react-router/dist/esm/Transitioner.js:10:10)
    at file:///home/siegfriedneto/projects/servicedeskn1/frontend/app/node_modules/@tanstack/react-router/dist/esm/Matches.js:38:39
    at Object.react_stack_bottom_frame (/home/siegfriedneto/projects/servicedeskn1/frontend/app/node_modules/react-dom/cjs/react-dom-client.development.js:25989:20)
    at runWithFiberInDEV (/home/siegfriedneto/projects/servicedeskn1/frontend/app/node_modules/react-dom/cjs/react-dom-client.development.js:874:13)
    at commitHookEffectListMount (/home/siegfriedneto/projects/servicedeskn1/frontend/app/node_modules/react-dom/cjs/react-dom-client.development.js:13249:29) undefined
Error: Not implemented: window.scrollTo
    at module.exports (/home/siegfriedneto/projects/servicedeskn1/frontend/app/node_modules/jsdom/lib/jsdom/browser/not-implemented.js:9:17)
    at /home/siegfriedneto/projects/servicedeskn1/frontend/app/node_modules/jsdom/lib/jsdom/browser/Window.js:960:7
    at Object.fn (file:///home/siegfriedneto/projects/servicedeskn1/frontend/app/node_modules/@tanstack/router-core/dist/esm/scroll-restoration.js:180:27)
    at RouterCore.emit (file:///home/siegfriedneto/projects/servicedeskn1/frontend/app/node_modules/@tanstack/router-core/dist/esm/router.js:178:14)
    at file:///home/siegfriedneto/projects/servicedeskn1/frontend/app/node_modules/@tanstack/react-router/dist/esm/Transitioner.js:46:25
    at settleOwner (file:///home/siegfriedneto/projects/servicedeskn1/frontend/app/node_modules/@tanstack/react-router/dist/esm/Transitioner.js:10:10)
    at file:///home/siegfriedneto/projects/servicedeskn1/frontend/app/node_modules/@tanstack/react-router/dist/esm/Matches.js:38:39
    at Object.react_stack_bottom_frame (/home/siegfriedneto/projects/servicedeskn1/frontend/app/node_modules/react-dom/cjs/react-dom-client.development.js:25989:20)
    at runWithFiberInDEV (/home/siegfriedneto/projects/servicedeskn1/frontend/app/node_modules/react-dom/cjs/react-dom-client.development.js:874:13)
    at commitHookEffectListMount (/home/siegfriedneto/projects/servicedeskn1/frontend/app/node_modules/react-dom/cjs/react-dom-client.development.js:13249:29) undefined
Error: Not implemented: window.scrollTo
    at module.exports (/home/siegfriedneto/projects/servicedeskn1/frontend/app/node_modules/jsdom/lib/jsdom/browser/not-implemented.js:9:17)
    at /home/siegfriedneto/projects/servicedeskn1/frontend/app/node_modules/jsdom/lib/jsdom/browser/Window.js:960:7
    at Object.fn (file:///home/siegfriedneto/projects/servicedeskn1/frontend/app/node_modules/@tanstack/router-core/dist/esm/scroll-restoration.js:180:27)
    at RouterCore.emit (file:///home/siegfriedneto/projects/servicedeskn1/frontend/app/node_modules/@tanstack/router-core/dist/esm/router.js:178:14)
    at file:///home/siegfriedneto/projects/servicedeskn1/frontend/app/node_modules/@tanstack/react-router/dist/esm/Transitioner.js:46:25
    at settleOwner (file:///home/siegfriedneto/projects/servicedeskn1/frontend/app/node_modules/@tanstack/react-router/dist/esm/Transitioner.js:10:10)
    at file:///home/siegfriedneto/projects/servicedeskn1/frontend/app/node_modules/@tanstack/react-router/dist/esm/Matches.js:38:39
    at Object.react_stack_bottom_frame (/home/siegfriedneto/projects/servicedeskn1/frontend/app/node_modules/react-dom/cjs/react-dom-client.development.js:25989:20)
    at runWithFiberInDEV (/home/siegfriedneto/projects/servicedeskn1/frontend/app/node_modules/react-dom/cjs/react-dom-client.development.js:874:13)
    at commitHookEffectListMount (/home/siegfriedneto/projects/servicedeskn1/frontend/app/node_modules/react-dom/cjs/react-dom-client.development.js:13249:29) undefined
Error: Not implemented: window.scrollTo
    at module.exports (/home/siegfriedneto/projects/servicedeskn1/frontend/app/node_modules/jsdom/lib/jsdom/browser/not-implemented.js:9:17)
    at /home/siegfriedneto/projects/servicedeskn1/frontend/app/node_modules/jsdom/lib/jsdom/browser/Window.js:960:7
    at Object.fn (file:///home/siegfriedneto/projects/servicedeskn1/frontend/app/node_modules/@tanstack/router-core/dist/esm/scroll-restoration.js:180:27)
    at RouterCore.emit (file:///home/siegfriedneto/projects/servicedeskn1/frontend/app/node_modules/@tanstack/router-core/dist/esm/router.js:178:14)
    at file:///home/siegfriedneto/projects/servicedeskn1/frontend/app/node_modules/@tanstack/react-router/dist/esm/Transitioner.js:46:25
    at settleOwner (file:///home/siegfriedneto/projects/servicedeskn1/frontend/app/node_modules/@tanstack/react-router/dist/esm/Transitioner.js:10:10)
    at file:///home/siegfriedneto/projects/servicedeskn1/frontend/app/node_modules/@tanstack/react-router/dist/esm/Matches.js:38:39
    at Object.react_stack_bottom_frame (/home/siegfriedneto/projects/servicedeskn1/frontend/app/node_modules/react-dom/cjs/react-dom-client.development.js:25989:20)
    at runWithFiberInDEV (/home/siegfriedneto/projects/servicedeskn1/frontend/app/node_modules/react-dom/cjs/react-dom-client.development.js:874:13)
    at commitHookEffectListMount (/home/siegfriedneto/projects/servicedeskn1/frontend/app/node_modules/react-dom/cjs/react-dom-client.development.js:13249:29) undefined
Error: Not implemented: window.scrollTo
    at module.exports (/home/siegfriedneto/projects/servicedeskn1/frontend/app/node_modules/jsdom/lib/jsdom/browser/not-implemented.js:9:17)
    at /home/siegfriedneto/projects/servicedeskn1/frontend/app/node_modules/jsdom/lib/jsdom/browser/Window.js:960:7
    at Object.fn (file:///home/siegfriedneto/projects/servicedeskn1/frontend/app/node_modules/@tanstack/router-core/dist/esm/scroll-restoration.js:180:27)
    at RouterCore.emit (file:///home/siegfriedneto/projects/servicedeskn1/frontend/app/node_modules/@tanstack/router-core/dist/esm/router.js:178:14)
    at file:///home/siegfriedneto/projects/servicedeskn1/frontend/app/node_modules/@tanstack/react-router/dist/esm/Transitioner.js:46:25
    at settleOwner (file:///home/siegfriedneto/projects/servicedeskn1/frontend/app/node_modules/@tanstack/react-router/dist/esm/Transitioner.js:10:10)
    at file:///home/siegfriedneto/projects/servicedeskn1/frontend/app/node_modules/@tanstack/react-router/dist/esm/Matches.js:38:39
    at Object.react_stack_bottom_frame (/home/siegfriedneto/projects/servicedeskn1/frontend/app/node_modules/react-dom/cjs/react-dom-client.development.js:25989:20)
    at runWithFiberInDEV (/home/siegfriedneto/projects/servicedeskn1/frontend/app/node_modules/react-dom/cjs/react-dom-client.development.js:874:13)
    at commitHookEffectListMount (/home/siegfriedneto/projects/servicedeskn1/frontend/app/node_modules/react-dom/cjs/react-dom-client.development.js:13249:29) undefined
Error: Not implemented: window.scrollTo
    at module.exports (/home/siegfriedneto/projects/servicedeskn1/frontend/app/node_modules/jsdom/lib/jsdom/browser/not-implemented.js:9:17)
    at /home/siegfriedneto/projects/servicedeskn1/frontend/app/node_modules/jsdom/lib/jsdom/browser/Window.js:960:7
    at Object.fn (file:///home/siegfriedneto/projects/servicedeskn1/frontend/app/node_modules/@tanstack/router-core/dist/esm/scroll-restoration.js:180:27)
    at RouterCore.emit (file:///home/siegfriedneto/projects/servicedeskn1/frontend/app/node_modules/@tanstack/router-core/dist/esm/router.js:178:14)
    at file:///home/siegfriedneto/projects/servicedeskn1/frontend/app/node_modules/@tanstack/react-router/dist/esm/Transitioner.js:46:25
    at settleOwner (file:///home/siegfriedneto/projects/servicedeskn1/frontend/app/node_modules/@tanstack/react-router/dist/esm/Transitioner.js:10:10)
    at file:///home/siegfriedneto/projects/servicedeskn1/frontend/app/node_modules/@tanstack/react-router/dist/esm/Matches.js:38:39
    at Object.react_stack_bottom_frame (/home/siegfriedneto/projects/servicedeskn1/frontend/app/node_modules/react-dom/cjs/react-dom-client.development.js:25989:20)
    at runWithFiberInDEV (/home/siegfriedneto/projects/servicedeskn1/frontend/app/node_modules/react-dom/cjs/react-dom-client.development.js:874:13)
    at commitHookEffectListMount (/home/siegfriedneto/projects/servicedeskn1/frontend/app/node_modules/react-dom/cjs/react-dom-client.development.js:13249:29) undefined
Error: Not implemented: window.scrollTo
    at module.exports (/home/siegfriedneto/projects/servicedeskn1/frontend/app/node_modules/jsdom/lib/jsdom/browser/not-implemented.js:9:17)
    at /home/siegfriedneto/projects/servicedeskn1/frontend/app/node_modules/jsdom/lib/jsdom/browser/Window.js:960:7
    at Object.fn (file:///home/siegfriedneto/projects/servicedeskn1/frontend/app/node_modules/@tanstack/router-core/dist/esm/scroll-restoration.js:180:27)
    at RouterCore.emit (file:///home/siegfriedneto/projects/servicedeskn1/frontend/app/node_modules/@tanstack/router-core/dist/esm/router.js:178:14)
    at file:///home/siegfriedneto/projects/servicedeskn1/frontend/app/node_modules/@tanstack/react-router/dist/esm/Transitioner.js:46:25
    at settleOwner (file:///home/siegfriedneto/projects/servicedeskn1/frontend/app/node_modules/@tanstack/react-router/dist/esm/Transitioner.js:10:10)
    at file:///home/siegfriedneto/projects/servicedeskn1/frontend/app/node_modules/@tanstack/react-router/dist/esm/Matches.js:38:39
    at Object.react_stack_bottom_frame (/home/siegfriedneto/projects/servicedeskn1/frontend/app/node_modules/react-dom/cjs/react-dom-client.development.js:25989:20)
    at runWithFiberInDEV (/home/siegfriedneto/projects/servicedeskn1/frontend/app/node_modules/react-dom/cjs/react-dom-client.development.js:874:13)
    at commitHookEffectListMount (/home/siegfriedneto/projects/servicedeskn1/frontend/app/node_modules/react-dom/cjs/react-dom-client.development.js:13249:29) undefined
Error: Not implemented: window.scrollTo
    at module.exports (/home/siegfriedneto/projects/servicedeskn1/frontend/app/node_modules/jsdom/lib/jsdom/browser/not-implemented.js:9:17)
    at /home/siegfriedneto/projects/servicedeskn1/frontend/app/node_modules/jsdom/lib/jsdom/browser/Window.js:960:7
    at Object.fn (file:///home/siegfriedneto/projects/servicedeskn1/frontend/app/node_modules/@tanstack/router-core/dist/esm/scroll-restoration.js:180:27)
    at RouterCore.emit (file:///home/siegfriedneto/projects/servicedeskn1/frontend/app/node_modules/@tanstack/router-core/dist/esm/router.js:178:14)
    at file:///home/siegfriedneto/projects/servicedeskn1/frontend/app/node_modules/@tanstack/react-router/dist/esm/Transitioner.js:46:25
    at settleOwner (file:///home/siegfriedneto/projects/servicedeskn1/frontend/app/node_modules/@tanstack/react-router/dist/esm/Transitioner.js:10:10)
    at file:///home/siegfriedneto/projects/servicedeskn1/frontend/app/node_modules/@tanstack/react-router/dist/esm/Matches.js:38:39
    at Object.react_stack_bottom_frame (/home/siegfriedneto/projects/servicedeskn1/frontend/app/node_modules/react-dom/cjs/react-dom-client.development.js:25989:20)
    at runWithFiberInDEV (/home/siegfriedneto/projects/servicedeskn1/frontend/app/node_modules/react-dom/cjs/react-dom-client.development.js:874:13)
    at commitHookEffectListMount (/home/siegfriedneto/projects/servicedeskn1/frontend/app/node_modules/react-dom/cjs/react-dom-client.development.js:13249:29) undefined
Error: Not implemented: window.scrollTo
    at module.exports (/home/siegfriedneto/projects/servicedeskn1/frontend/app/node_modules/jsdom/lib/jsdom/browser/not-implemented.js:9:17)
    at /home/siegfriedneto/projects/servicedeskn1/frontend/app/node_modules/jsdom/lib/jsdom/browser/Window.js:960:7
    at Object.fn (file:///home/siegfriedneto/projects/servicedeskn1/frontend/app/node_modules/@tanstack/router-core/dist/esm/scroll-restoration.js:180:27)
    at RouterCore.emit (file:///home/siegfriedneto/projects/servicedeskn1/frontend/app/node_modules/@tanstack/router-core/dist/esm/router.js:178:14)
    at file:///home/siegfriedneto/projects/servicedeskn1/frontend/app/node_modules/@tanstack/react-router/dist/esm/Transitioner.js:46:25
    at settleOwner (file:///home/siegfriedneto/projects/servicedeskn1/frontend/app/node_modules/@tanstack/react-router/dist/esm/Transitioner.js:10:10)
    at file:///home/siegfriedneto/projects/servicedeskn1/frontend/app/node_modules/@tanstack/react-router/dist/esm/Matches.js:38:39
    at Object.react_stack_bottom_frame (/home/siegfriedneto/projects/servicedeskn1/frontend/app/node_modules/react-dom/cjs/react-dom-client.development.js:25989:20)
    at runWithFiberInDEV (/home/siegfriedneto/projects/servicedeskn1/frontend/app/node_modules/react-dom/cjs/react-dom-client.development.js:874:13)
    at commitHookEffectListMount (/home/siegfriedneto/projects/servicedeskn1/frontend/app/node_modules/react-dom/cjs/react-dom-client.development.js:13249:29) undefined
Error: Not implemented: window.scrollTo
    at module.exports (/home/siegfriedneto/projects/servicedeskn1/frontend/app/node_modules/jsdom/lib/jsdom/browser/not-implemented.js:9:17)
    at /home/siegfriedneto/projects/servicedeskn1/frontend/app/node_modules/jsdom/lib/jsdom/browser/Window.js:960:7
    at Object.fn (file:///home/siegfriedneto/projects/servicedeskn1/frontend/app/node_modules/@tanstack/router-core/dist/esm/scroll-restoration.js:180:27)
    at RouterCore.emit (file:///home/siegfriedneto/projects/servicedeskn1/frontend/app/node_modules/@tanstack/router-core/dist/esm/router.js:178:14)
    at file:///home/siegfriedneto/projects/servicedeskn1/frontend/app/node_modules/@tanstack/react-router/dist/esm/Transitioner.js:46:25
    at settleOwner (file:///home/siegfriedneto/projects/servicedeskn1/frontend/app/node_modules/@tanstack/react-router/dist/esm/Transitioner.js:10:10)
    at file:///home/siegfriedneto/projects/servicedeskn1/frontend/app/node_modules/@tanstack/react-router/dist/esm/Matches.js:38:39
    at Object.react_stack_bottom_frame (/home/siegfriedneto/projects/servicedeskn1/frontend/app/node_modules/react-dom/cjs/react-dom-client.development.js:25989:20)
    at runWithFiberInDEV (/home/siegfriedneto/projects/servicedeskn1/frontend/app/node_modules/react-dom/cjs/react-dom-client.development.js:874:13)
    at commitHookEffectListMount (/home/siegfriedneto/projects/servicedeskn1/frontend/app/node_modules/react-dom/cjs/react-dom-client.development.js:13249:29) undefined
Error: Not implemented: window.scrollTo
    at module.exports (/home/siegfriedneto/projects/servicedeskn1/frontend/app/node_modules/jsdom/lib/jsdom/browser/not-implemented.js:9:17)
    at /home/siegfriedneto/projects/servicedeskn1/frontend/app/node_modules/jsdom/lib/jsdom/browser/Window.js:960:7
    at Object.fn (file:///home/siegfriedneto/projects/servicedeskn1/frontend/app/node_modules/@tanstack/router-core/dist/esm/scroll-restoration.js:180:27)
    at RouterCore.emit (file:///home/siegfriedneto/projects/servicedeskn1/frontend/app/node_modules/@tanstack/router-core/dist/esm/router.js:178:14)
    at file:///home/siegfriedneto/projects/servicedeskn1/frontend/app/node_modules/@tanstack/react-router/dist/esm/Transitioner.js:46:25
    at settleOwner (file:///home/siegfriedneto/projects/servicedeskn1/frontend/app/node_modules/@tanstack/react-router/dist/esm/Transitioner.js:10:10)
    at file:///home/siegfriedneto/projects/servicedeskn1/frontend/app/node_modules/@tanstack/react-router/dist/esm/Matches.js:38:39
    at Object.react_stack_bottom_frame (/home/siegfriedneto/projects/servicedeskn1/frontend/app/node_modules/react-dom/cjs/react-dom-client.development.js:25989:20)
    at runWithFiberInDEV (/home/siegfriedneto/projects/servicedeskn1/frontend/app/node_modules/react-dom/cjs/react-dom-client.development.js:874:13)
    at commitHookEffectListMount (/home/siegfriedneto/projects/servicedeskn1/frontend/app/node_modules/react-dom/cjs/react-dom-client.development.js:13249:29) undefined
Error: Not implemented: window.scrollTo
    at module.exports (/home/siegfriedneto/projects/servicedeskn1/frontend/app/node_modules/jsdom/lib/jsdom/browser/not-implemented.js:9:17)
    at /home/siegfriedneto/projects/servicedeskn1/frontend/app/node_modules/jsdom/lib/jsdom/browser/Window.js:960:7
    at Object.fn (file:///home/siegfriedneto/projects/servicedeskn1/frontend/app/node_modules/@tanstack/router-core/dist/esm/scroll-restoration.js:180:27)
    at RouterCore.emit (file:///home/siegfriedneto/projects/servicedeskn1/frontend/app/node_modules/@tanstack/router-core/dist/esm/router.js:178:14)
    at file:///home/siegfriedneto/projects/servicedeskn1/frontend/app/node_modules/@tanstack/react-router/dist/esm/Transitioner.js:46:25
    at settleOwner (file:///home/siegfriedneto/projects/servicedeskn1/frontend/app/node_modules/@tanstack/react-router/dist/esm/Transitioner.js:10:10)
    at file:///home/siegfriedneto/projects/servicedeskn1/frontend/app/node_modules/@tanstack/react-router/dist/esm/Matches.js:38:39
    at Object.react_stack_bottom_frame (/home/siegfriedneto/projects/servicedeskn1/frontend/app/node_modules/react-dom/cjs/react-dom-client.development.js:25989:20)
    at runWithFiberInDEV (/home/siegfriedneto/projects/servicedeskn1/frontend/app/node_modules/react-dom/cjs/react-dom-client.development.js:874:13)
    at commitHookEffectListMount (/home/siegfriedneto/projects/servicedeskn1/frontend/app/node_modules/react-dom/cjs/react-dom-client.development.js:13249:29) undefined
Error: Not implemented: window.scrollTo
    at module.exports (/home/siegfriedneto/projects/servicedeskn1/frontend/app/node_modules/jsdom/lib/jsdom/browser/not-implemented.js:9:17)
    at /home/siegfriedneto/projects/servicedeskn1/frontend/app/node_modules/jsdom/lib/jsdom/browser/Window.js:960:7
    at Object.fn (file:///home/siegfriedneto/projects/servicedeskn1/frontend/app/node_modules/@tanstack/router-core/dist/esm/scroll-restoration.js:180:27)
    at RouterCore.emit (file:///home/siegfriedneto/projects/servicedeskn1/frontend/app/node_modules/@tanstack/router-core/dist/esm/router.js:178:14)
    at file:///home/siegfriedneto/projects/servicedeskn1/frontend/app/node_modules/@tanstack/react-router/dist/esm/Transitioner.js:46:25
    at settleOwner (file:///home/siegfriedneto/projects/servicedeskn1/frontend/app/node_modules/@tanstack/react-router/dist/esm/Transitioner.js:10:10)
    at file:///home/siegfriedneto/projects/servicedeskn1/frontend/app/node_modules/@tanstack/react-router/dist/esm/Matches.js:38:39
    at Object.react_stack_bottom_frame (/home/siegfriedneto/projects/servicedeskn1/frontend/app/node_modules/react-dom/cjs/react-dom-client.development.js:25989:20)
    at runWithFiberInDEV (/home/siegfriedneto/projects/servicedeskn1/frontend/app/node_modules/react-dom/cjs/react-dom-client.development.js:874:13)
    at commitHookEffectListMount (/home/siegfriedneto/projects/servicedeskn1/frontend/app/node_modules/react-dom/cjs/react-dom-client.development.js:13249:29) undefined
Error: Not implemented: window.scrollTo
    at module.exports (/home/siegfriedneto/projects/servicedeskn1/frontend/app/node_modules/jsdom/lib/jsdom/browser/not-implemented.js:9:17)
    at /home/siegfriedneto/projects/servicedeskn1/frontend/app/node_modules/jsdom/lib/jsdom/browser/Window.js:960:7
    at Object.fn (file:///home/siegfriedneto/projects/servicedeskn1/frontend/app/node_modules/@tanstack/router-core/dist/esm/scroll-restoration.js:180:27)
    at RouterCore.emit (file:///home/siegfriedneto/projects/servicedeskn1/frontend/app/node_modules/@tanstack/router-core/dist/esm/router.js:178:14)
    at file:///home/siegfriedneto/projects/servicedeskn1/frontend/app/node_modules/@tanstack/react-router/dist/esm/Transitioner.js:46:25
    at settleOwner (file:///home/siegfriedneto/projects/servicedeskn1/frontend/app/node_modules/@tanstack/react-router/dist/esm/Transitioner.js:10:10)
    at file:///home/siegfriedneto/projects/servicedeskn1/frontend/app/node_modules/@tanstack/react-router/dist/esm/Matches.js:38:39
    at Object.react_stack_bottom_frame (/home/siegfriedneto/projects/servicedeskn1/frontend/app/node_modules/react-dom/cjs/react-dom-client.development.js:25989:20)
    at runWithFiberInDEV (/home/siegfriedneto/projects/servicedeskn1/frontend/app/node_modules/react-dom/cjs/react-dom-client.development.js:874:13)
    at commitHookEffectListMount (/home/siegfriedneto/projects/servicedeskn1/frontend/app/node_modules/react-dom/cjs/react-dom-client.development.js:13249:29) undefined
Error: Not implemented: window.scrollTo
    at module.exports (/home/siegfriedneto/projects/servicedeskn1/frontend/app/node_modules/jsdom/lib/jsdom/browser/not-implemented.js:9:17)
    at /home/siegfriedneto/projects/servicedeskn1/frontend/app/node_modules/jsdom/lib/jsdom/browser/Window.js:960:7
    at Object.fn (file:///home/siegfriedneto/projects/servicedeskn1/frontend/app/node_modules/@tanstack/router-core/dist/esm/scroll-restoration.js:180:27)
    at RouterCore.emit (file:///home/siegfriedneto/projects/servicedeskn1/frontend/app/node_modules/@tanstack/router-core/dist/esm/router.js:178:14)
    at file:///home/siegfriedneto/projects/servicedeskn1/frontend/app/node_modules/@tanstack/react-router/dist/esm/Transitioner.js:46:25
    at settleOwner (file:///home/siegfriedneto/projects/servicedeskn1/frontend/app/node_modules/@tanstack/react-router/dist/esm/Transitioner.js:10:10)
    at file:///home/siegfriedneto/projects/servicedeskn1/frontend/app/node_modules/@tanstack/react-router/dist/esm/Matches.js:38:39
    at Object.react_stack_bottom_frame (/home/siegfriedneto/projects/servicedeskn1/frontend/app/node_modules/react-dom/cjs/react-dom-client.development.js:25989:20)
    at runWithFiberInDEV (/home/siegfriedneto/projects/servicedeskn1/frontend/app/node_modules/react-dom/cjs/react-dom-client.development.js:874:13)
    at commitHookEffectListMount (/home/siegfriedneto/projects/servicedeskn1/frontend/app/node_modules/react-dom/cjs/react-dom-client.development.js:13249:29) undefined
Error: Not implemented: window.scrollTo
    at module.exports (/home/siegfriedneto/projects/servicedeskn1/frontend/app/node_modules/jsdom/lib/jsdom/browser/not-implemented.js:9:17)
    at /home/siegfriedneto/projects/servicedeskn1/frontend/app/node_modules/jsdom/lib/jsdom/browser/Window.js:960:7
    at Object.fn (file:///home/siegfriedneto/projects/servicedeskn1/frontend/app/node_modules/@tanstack/router-core/dist/esm/scroll-restoration.js:180:27)
    at RouterCore.emit (file:///home/siegfriedneto/projects/servicedeskn1/frontend/app/node_modules/@tanstack/router-core/dist/esm/router.js:178:14)
    at file:///home/siegfriedneto/projects/servicedeskn1/frontend/app/node_modules/@tanstack/react-router/dist/esm/Transitioner.js:46:25
    at settleOwner (file:///home/siegfriedneto/projects/servicedeskn1/frontend/app/node_modules/@tanstack/react-router/dist/esm/Transitioner.js:10:10)
    at file:///home/siegfriedneto/projects/servicedeskn1/frontend/app/node_modules/@tanstack/react-router/dist/esm/Matches.js:38:39
    at Object.react_stack_bottom_frame (/home/siegfriedneto/projects/servicedeskn1/frontend/app/node_modules/react-dom/cjs/react-dom-client.development.js:25989:20)
    at runWithFiberInDEV (/home/siegfriedneto/projects/servicedeskn1/frontend/app/node_modules/react-dom/cjs/react-dom-client.development.js:874:13)
    at commitHookEffectListMount (/home/siegfriedneto/projects/servicedeskn1/frontend/app/node_modules/react-dom/cjs/react-dom-client.development.js:13249:29) undefined
Error: Not implemented: window.scrollTo
    at module.exports (/home/siegfriedneto/projects/servicedeskn1/frontend/app/node_modules/jsdom/lib/jsdom/browser/not-implemented.js:9:17)
    at /home/siegfriedneto/projects/servicedeskn1/frontend/app/node_modules/jsdom/lib/jsdom/browser/Window.js:960:7
    at Object.fn (file:///home/siegfriedneto/projects/servicedeskn1/frontend/app/node_modules/@tanstack/router-core/dist/esm/scroll-restoration.js:180:27)
    at RouterCore.emit (file:///home/siegfriedneto/projects/servicedeskn1/frontend/app/node_modules/@tanstack/router-core/dist/esm/router.js:178:14)
    at file:///home/siegfriedneto/projects/servicedeskn1/frontend/app/node_modules/@tanstack/react-router/dist/esm/Transitioner.js:46:25
    at settleOwner (file:///home/siegfriedneto/projects/servicedeskn1/frontend/app/node_modules/@tanstack/react-router/dist/esm/Transitioner.js:10:10)
    at file:///home/siegfriedneto/projects/servicedeskn1/frontend/app/node_modules/@tanstack/react-router/dist/esm/Matches.js:38:39
    at Object.react_stack_bottom_frame (/home/siegfriedneto/projects/servicedeskn1/frontend/app/node_modules/react-dom/cjs/react-dom-client.development.js:25989:20)
    at runWithFiberInDEV (/home/siegfriedneto/projects/servicedeskn1/frontend/app/node_modules/react-dom/cjs/react-dom-client.development.js:874:13)
    at commitHookEffectListMount (/home/siegfriedneto/projects/servicedeskn1/frontend/app/node_modules/react-dom/cjs/react-dom-client.development.js:13249:29) undefined
Error: Not implemented: window.scrollTo
    at module.exports (/home/siegfriedneto/projects/servicedeskn1/frontend/app/node_modules/jsdom/lib/jsdom/browser/not-implemented.js:9:17)
    at /home/siegfriedneto/projects/servicedeskn1/frontend/app/node_modules/jsdom/lib/jsdom/browser/Window.js:960:7
    at Object.fn (file:///home/siegfriedneto/projects/servicedeskn1/frontend/app/node_modules/@tanstack/router-core/dist/esm/scroll-restoration.js:180:27)
    at RouterCore.emit (file:///home/siegfriedneto/projects/servicedeskn1/frontend/app/node_modules/@tanstack/router-core/dist/esm/router.js:178:14)
    at file:///home/siegfriedneto/projects/servicedeskn1/frontend/app/node_modules/@tanstack/react-router/dist/esm/Transitioner.js:46:25
    at settleOwner (file:///home/siegfriedneto/projects/servicedeskn1/frontend/app/node_modules/@tanstack/react-router/dist/esm/Transitioner.js:10:10)
    at file:///home/siegfriedneto/projects/servicedeskn1/frontend/app/node_modules/@tanstack/react-router/dist/esm/Matches.js:38:39
    at Object.react_stack_bottom_frame (/home/siegfriedneto/projects/servicedeskn1/frontend/app/node_modules/react-dom/cjs/react-dom-client.development.js:25989:20)
    at runWithFiberInDEV (/home/siegfriedneto/projects/servicedeskn1/frontend/app/node_modules/react-dom/cjs/react-dom-client.development.js:874:13)
    at commitHookEffectListMount (/home/siegfriedneto/projects/servicedeskn1/frontend/app/node_modules/react-dom/cjs/react-dom-client.development.js:13249:29) undefined
Error: Not implemented: window.scrollTo
    at module.exports (/home/siegfriedneto/projects/servicedeskn1/frontend/app/node_modules/jsdom/lib/jsdom/browser/not-implemented.js:9:17)
    at /home/siegfriedneto/projects/servicedeskn1/frontend/app/node_modules/jsdom/lib/jsdom/browser/Window.js:960:7
    at Object.fn (file:///home/siegfriedneto/projects/servicedeskn1/frontend/app/node_modules/@tanstack/router-core/dist/esm/scroll-restoration.js:180:27)
    at RouterCore.emit (file:///home/siegfriedneto/projects/servicedeskn1/frontend/app/node_modules/@tanstack/router-core/dist/esm/router.js:178:14)
    at file:///home/siegfriedneto/projects/servicedeskn1/frontend/app/node_modules/@tanstack/react-router/dist/esm/Transitioner.js:46:25
    at settleOwner (file:///home/siegfriedneto/projects/servicedeskn1/frontend/app/node_modules/@tanstack/react-router/dist/esm/Transitioner.js:10:10)
    at file:///home/siegfriedneto/projects/servicedeskn1/frontend/app/node_modules/@tanstack/react-router/dist/esm/Matches.js:38:39
    at Object.react_stack_bottom_frame (/home/siegfriedneto/projects/servicedeskn1/frontend/app/node_modules/react-dom/cjs/react-dom-client.development.js:25989:20)
    at runWithFiberInDEV (/home/siegfriedneto/projects/servicedeskn1/frontend/app/node_modules/react-dom/cjs/react-dom-client.development.js:874:13)
    at commitHookEffectListMount (/home/siegfriedneto/projects/servicedeskn1/frontend/app/node_modules/react-dom/cjs/react-dom-client.development.js:13249:29) undefined
Error: Not implemented: window.scrollTo
    at module.exports (/home/siegfriedneto/projects/servicedeskn1/frontend/app/node_modules/jsdom/lib/jsdom/browser/not-implemented.js:9:17)
    at /home/siegfriedneto/projects/servicedeskn1/frontend/app/node_modules/jsdom/lib/jsdom/browser/Window.js:960:7
    at Object.fn (file:///home/siegfriedneto/projects/servicedeskn1/frontend/app/node_modules/@tanstack/router-core/dist/esm/scroll-restoration.js:180:27)
    at RouterCore.emit (file:///home/siegfriedneto/projects/servicedeskn1/frontend/app/node_modules/@tanstack/router-core/dist/esm/router.js:178:14)
    at file:///home/siegfriedneto/projects/servicedeskn1/frontend/app/node_modules/@tanstack/react-router/dist/esm/Transitioner.js:46:25
    at settleOwner (file:///home/siegfriedneto/projects/servicedeskn1/frontend/app/node_modules/@tanstack/react-router/dist/esm/Transitioner.js:10:10)
    at file:///home/siegfriedneto/projects/servicedeskn1/frontend/app/node_modules/@tanstack/react-router/dist/esm/Matches.js:38:39
    at Object.react_stack_bottom_frame (/home/siegfriedneto/projects/servicedeskn1/frontend/app/node_modules/react-dom/cjs/react-dom-client.development.js:25989:20)
    at runWithFiberInDEV (/home/siegfriedneto/projects/servicedeskn1/frontend/app/node_modules/react-dom/cjs/react-dom-client.development.js:874:13)
    at commitHookEffectListMount (/home/siegfriedneto/projects/servicedeskn1/frontend/app/node_modules/react-dom/cjs/react-dom-client.development.js:13249:29) undefined
Error: Not implemented: window.scrollTo
    at module.exports (/home/siegfriedneto/projects/servicedeskn1/frontend/app/node_modules/jsdom/lib/jsdom/browser/not-implemented.js:9:17)
    at /home/siegfriedneto/projects/servicedeskn1/frontend/app/node_modules/jsdom/lib/jsdom/browser/Window.js:960:7
    at Object.fn (file:///home/siegfriedneto/projects/servicedeskn1/frontend/app/node_modules/@tanstack/router-core/dist/esm/scroll-restoration.js:180:27)
    at RouterCore.emit (file:///home/siegfriedneto/projects/servicedeskn1/frontend/app/node_modules/@tanstack/router-core/dist/esm/router.js:178:14)
    at file:///home/siegfriedneto/projects/servicedeskn1/frontend/app/node_modules/@tanstack/react-router/dist/esm/Transitioner.js:46:25
    at settleOwner (file:///home/siegfriedneto/projects/servicedeskn1/frontend/app/node_modules/@tanstack/react-router/dist/esm/Transitioner.js:10:10)
    at file:///home/siegfriedneto/projects/servicedeskn1/frontend/app/node_modules/@tanstack/react-router/dist/esm/Matches.js:38:39
    at Object.react_stack_bottom_frame (/home/siegfriedneto/projects/servicedeskn1/frontend/app/node_modules/react-dom/cjs/react-dom-client.development.js:25989:20)
    at runWithFiberInDEV (/home/siegfriedneto/projects/servicedeskn1/frontend/app/node_modules/react-dom/cjs/react-dom-client.development.js:874:13)
    at commitHookEffectListMount (/home/siegfriedneto/projects/servicedeskn1/frontend/app/node_modules/react-dom/cjs/react-dom-client.development.js:13249:29) undefined
Error: Not implemented: window.scrollTo
    at module.exports (/home/siegfriedneto/projects/servicedeskn1/frontend/app/node_modules/jsdom/lib/jsdom/browser/not-implemented.js:9:17)
    at /home/siegfriedneto/projects/servicedeskn1/frontend/app/node_modules/jsdom/lib/jsdom/browser/Window.js:960:7
    at Object.fn (file:///home/siegfriedneto/projects/servicedeskn1/frontend/app/node_modules/@tanstack/router-core/dist/esm/scroll-restoration.js:180:27)
    at RouterCore.emit (file:///home/siegfriedneto/projects/servicedeskn1/frontend/app/node_modules/@tanstack/router-core/dist/esm/router.js:178:14)
    at file:///home/siegfriedneto/projects/servicedeskn1/frontend/app/node_modules/@tanstack/react-router/dist/esm/Transitioner.js:46:25
    at settleOwner (file:///home/siegfriedneto/projects/servicedeskn1/frontend/app/node_modules/@tanstack/react-router/dist/esm/Transitioner.js:10:10)
    at file:///home/siegfriedneto/projects/servicedeskn1/frontend/app/node_modules/@tanstack/react-router/dist/esm/Matches.js:38:39
    at Object.react_stack_bottom_frame (/home/siegfriedneto/projects/servicedeskn1/frontend/app/node_modules/react-dom/cjs/react-dom-client.development.js:25989:20)
    at runWithFiberInDEV (/home/siegfriedneto/projects/servicedeskn1/frontend/app/node_modules/react-dom/cjs/react-dom-client.development.js:874:13)
    at commitHookEffectListMount (/home/siegfriedneto/projects/servicedeskn1/frontend/app/node_modules/react-dom/cjs/react-dom-client.development.js:13249:29) undefined
Error: Not implemented: window.scrollTo
    at module.exports (/home/siegfriedneto/projects/servicedeskn1/frontend/app/node_modules/jsdom/lib/jsdom/browser/not-implemented.js:9:17)
    at /home/siegfriedneto/projects/servicedeskn1/frontend/app/node_modules/jsdom/lib/jsdom/browser/Window.js:960:7
    at Object.fn (file:///home/siegfriedneto/projects/servicedeskn1/frontend/app/node_modules/@tanstack/router-core/dist/esm/scroll-restoration.js:180:27)
    at RouterCore.emit (file:///home/siegfriedneto/projects/servicedeskn1/frontend/app/node_modules/@tanstack/router-core/dist/esm/router.js:178:14)
    at file:///home/siegfriedneto/projects/servicedeskn1/frontend/app/node_modules/@tanstack/react-router/dist/esm/Transitioner.js:46:25
    at settleOwner (file:///home/siegfriedneto/projects/servicedeskn1/frontend/app/node_modules/@tanstack/react-router/dist/esm/Transitioner.js:10:10)
    at file:///home/siegfriedneto/projects/servicedeskn1/frontend/app/node_modules/@tanstack/react-router/dist/esm/Matches.js:38:39
    at Object.react_stack_bottom_frame (/home/siegfriedneto/projects/servicedeskn1/frontend/app/node_modules/react-dom/cjs/react-dom-client.development.js:25989:20)
    at runWithFiberInDEV (/home/siegfriedneto/projects/servicedeskn1/frontend/app/node_modules/react-dom/cjs/react-dom-client.development.js:874:13)
    at commitHookEffectListMount (/home/siegfriedneto/projects/servicedeskn1/frontend/app/node_modules/react-dom/cjs/react-dom-client.development.js:13249:29) undefined
Error: Not implemented: window.scrollTo
    at module.exports (/home/siegfriedneto/projects/servicedeskn1/frontend/app/node_modules/jsdom/lib/jsdom/browser/not-implemented.js:9:17)
    at /home/siegfriedneto/projects/servicedeskn1/frontend/app/node_modules/jsdom/lib/jsdom/browser/Window.js:960:7
    at Object.fn (file:///home/siegfriedneto/projects/servicedeskn1/frontend/app/node_modules/@tanstack/router-core/dist/esm/scroll-restoration.js:180:27)
    at RouterCore.emit (file:///home/siegfriedneto/projects/servicedeskn1/frontend/app/node_modules/@tanstack/router-core/dist/esm/router.js:178:14)
    at file:///home/siegfriedneto/projects/servicedeskn1/frontend/app/node_modules/@tanstack/react-router/dist/esm/Transitioner.js:46:25
    at settleOwner (file:///home/siegfriedneto/projects/servicedeskn1/frontend/app/node_modules/@tanstack/react-router/dist/esm/Transitioner.js:10:10)
    at file:///home/siegfriedneto/projects/servicedeskn1/frontend/app/node_modules/@tanstack/react-router/dist/esm/Matches.js:38:39
    at Object.react_stack_bottom_frame (/home/siegfriedneto/projects/servicedeskn1/frontend/app/node_modules/react-dom/cjs/react-dom-client.development.js:25989:20)
    at runWithFiberInDEV (/home/siegfriedneto/projects/servicedeskn1/frontend/app/node_modules/react-dom/cjs/react-dom-client.development.js:874:13)
    at commitHookEffectListMount (/home/siegfriedneto/projects/servicedeskn1/frontend/app/node_modules/react-dom/cjs/react-dom-client.development.js:13249:29) undefined
Error: Not implemented: window.scrollTo
    at module.exports (/home/siegfriedneto/projects/servicedeskn1/frontend/app/node_modules/jsdom/lib/jsdom/browser/not-implemented.js:9:17)
    at /home/siegfriedneto/projects/servicedeskn1/frontend/app/node_modules/jsdom/lib/jsdom/browser/Window.js:960:7
    at Object.fn (file:///home/siegfriedneto/projects/servicedeskn1/frontend/app/node_modules/@tanstack/router-core/dist/esm/scroll-restoration.js:180:27)
    at RouterCore.emit (file:///home/siegfriedneto/projects/servicedeskn1/frontend/app/node_modules/@tanstack/router-core/dist/esm/router.js:178:14)
    at file:///home/siegfriedneto/projects/servicedeskn1/frontend/app/node_modules/@tanstack/react-router/dist/esm/Transitioner.js:46:25
    at settleOwner (file:///home/siegfriedneto/projects/servicedeskn1/frontend/app/node_modules/@tanstack/react-router/dist/esm/Transitioner.js:10:10)
    at file:///home/siegfriedneto/projects/servicedeskn1/frontend/app/node_modules/@tanstack/react-router/dist/esm/Matches.js:38:39
    at Object.react_stack_bottom_frame (/home/siegfriedneto/projects/servicedeskn1/frontend/app/node_modules/react-dom/cjs/react-dom-client.development.js:25989:20)
    at runWithFiberInDEV (/home/siegfriedneto/projects/servicedeskn1/frontend/app/node_modules/react-dom/cjs/react-dom-client.development.js:874:13)
    at commitHookEffectListMount (/home/siegfriedneto/projects/servicedeskn1/frontend/app/node_modules/react-dom/cjs/react-dom-client.development.js:13249:29) undefined
Error: Not implemented: window.scrollTo
    at module.exports (/home/siegfriedneto/projects/servicedeskn1/frontend/app/node_modules/jsdom/lib/jsdom/browser/not-implemented.js:9:17)
    at /home/siegfriedneto/projects/servicedeskn1/frontend/app/node_modules/jsdom/lib/jsdom/browser/Window.js:960:7
    at Object.fn (file:///home/siegfriedneto/projects/servicedeskn1/frontend/app/node_modules/@tanstack/router-core/dist/esm/scroll-restoration.js:180:27)
    at RouterCore.emit (file:///home/siegfriedneto/projects/servicedeskn1/frontend/app/node_modules/@tanstack/router-core/dist/esm/router.js:178:14)
    at file:///home/siegfriedneto/projects/servicedeskn1/frontend/app/node_modules/@tanstack/react-router/dist/esm/Transitioner.js:46:25
    at settleOwner (file:///home/siegfriedneto/projects/servicedeskn1/frontend/app/node_modules/@tanstack/react-router/dist/esm/Transitioner.js:10:10)
    at file:///home/siegfriedneto/projects/servicedeskn1/frontend/app/node_modules/@tanstack/react-router/dist/esm/Matches.js:38:39
    at Object.react_stack_bottom_frame (/home/siegfriedneto/projects/servicedeskn1/frontend/app/node_modules/react-dom/cjs/react-dom-client.development.js:25989:20)
    at runWithFiberInDEV (/home/siegfriedneto/projects/servicedeskn1/frontend/app/node_modules/react-dom/cjs/react-dom-client.development.js:874:13)
    at commitHookEffectListMount (/home/siegfriedneto/projects/servicedeskn1/frontend/app/node_modules/react-dom/cjs/react-dom-client.development.js:13249:29) undefined
Error: Not implemented: window.scrollTo
    at module.exports (/home/siegfriedneto/projects/servicedeskn1/frontend/app/node_modules/jsdom/lib/jsdom/browser/not-implemented.js:9:17)
    at /home/siegfriedneto/projects/servicedeskn1/frontend/app/node_modules/jsdom/lib/jsdom/browser/Window.js:960:7
    at Object.fn (file:///home/siegfriedneto/projects/servicedeskn1/frontend/app/node_modules/@tanstack/router-core/dist/esm/scroll-restoration.js:180:27)
    at RouterCore.emit (file:///home/siegfriedneto/projects/servicedeskn1/frontend/app/node_modules/@tanstack/router-core/dist/esm/router.js:178:14)
    at file:///home/siegfriedneto/projects/servicedeskn1/frontend/app/node_modules/@tanstack/react-router/dist/esm/Transitioner.js:46:25
    at settleOwner (file:///home/siegfriedneto/projects/servicedeskn1/frontend/app/node_modules/@tanstack/react-router/dist/esm/Transitioner.js:10:10)
    at file:///home/siegfriedneto/projects/servicedeskn1/frontend/app/node_modules/@tanstack/react-router/dist/esm/Matches.js:38:39
    at Object.react_stack_bottom_frame (/home/siegfriedneto/projects/servicedeskn1/frontend/app/node_modules/react-dom/cjs/react-dom-client.development.js:25989:20)
    at runWithFiberInDEV (/home/siegfriedneto/projects/servicedeskn1/frontend/app/node_modules/react-dom/cjs/react-dom-client.development.js:874:13)
    at commitHookEffectListMount (/home/siegfriedneto/projects/servicedeskn1/frontend/app/node_modules/react-dom/cjs/react-dom-client.development.js:13249:29) undefined
Error: Not implemented: window.scrollTo
    at module.exports (/home/siegfriedneto/projects/servicedeskn1/frontend/app/node_modules/jsdom/lib/jsdom/browser/not-implemented.js:9:17)
    at /home/siegfriedneto/projects/servicedeskn1/frontend/app/node_modules/jsdom/lib/jsdom/browser/Window.js:960:7
    at Object.fn (file:///home/siegfriedneto/projects/servicedeskn1/frontend/app/node_modules/@tanstack/router-core/dist/esm/scroll-restoration.js:180:27)
    at RouterCore.emit (file:///home/siegfriedneto/projects/servicedeskn1/frontend/app/node_modules/@tanstack/router-core/dist/esm/router.js:178:14)
    at file:///home/siegfriedneto/projects/servicedeskn1/frontend/app/node_modules/@tanstack/react-router/dist/esm/Transitioner.js:46:25
    at settleOwner (file:///home/siegfriedneto/projects/servicedeskn1/frontend/app/node_modules/@tanstack/react-router/dist/esm/Transitioner.js:10:10)
    at file:///home/siegfriedneto/projects/servicedeskn1/frontend/app/node_modules/@tanstack/react-router/dist/esm/Matches.js:38:39
    at Object.react_stack_bottom_frame (/home/siegfriedneto/projects/servicedeskn1/frontend/app/node_modules/react-dom/cjs/react-dom-client.development.js:25989:20)
    at runWithFiberInDEV (/home/siegfriedneto/projects/servicedeskn1/frontend/app/node_modules/react-dom/cjs/react-dom-client.development.js:874:13)
    at commitHookEffectListMount (/home/siegfriedneto/projects/servicedeskn1/frontend/app/node_modules/react-dom/cjs/react-dom-client.development.js:13249:29) undefined
Error: Not implemented: window.scrollTo
    at module.exports (/home/siegfriedneto/projects/servicedeskn1/frontend/app/node_modules/jsdom/lib/jsdom/browser/not-implemented.js:9:17)
    at /home/siegfriedneto/projects/servicedeskn1/frontend/app/node_modules/jsdom/lib/jsdom/browser/Window.js:960:7
    at Object.fn (file:///home/siegfriedneto/projects/servicedeskn1/frontend/app/node_modules/@tanstack/router-core/dist/esm/scroll-restoration.js:180:27)
    at RouterCore.emit (file:///home/siegfriedneto/projects/servicedeskn1/frontend/app/node_modules/@tanstack/router-core/dist/esm/router.js:178:14)
    at file:///home/siegfriedneto/projects/servicedeskn1/frontend/app/node_modules/@tanstack/react-router/dist/esm/Transitioner.js:46:25
    at settleOwner (file:///home/siegfriedneto/projects/servicedeskn1/frontend/app/node_modules/@tanstack/react-router/dist/esm/Transitioner.js:10:10)
    at file:///home/siegfriedneto/projects/servicedeskn1/frontend/app/node_modules/@tanstack/react-router/dist/esm/Matches.js:38:39
    at Object.react_stack_bottom_frame (/home/siegfriedneto/projects/servicedeskn1/frontend/app/node_modules/react-dom/cjs/react-dom-client.development.js:25989:20)
    at runWithFiberInDEV (/home/siegfriedneto/projects/servicedeskn1/frontend/app/node_modules/react-dom/cjs/react-dom-client.development.js:874:13)
    at commitHookEffectListMount (/home/siegfriedneto/projects/servicedeskn1/frontend/app/node_modules/react-dom/cjs/react-dom-client.development.js:13249:29) undefined
Error: Not implemented: window.scrollTo
    at module.exports (/home/siegfriedneto/projects/servicedeskn1/frontend/app/node_modules/jsdom/lib/jsdom/browser/not-implemented.js:9:17)
    at /home/siegfriedneto/projects/servicedeskn1/frontend/app/node_modules/jsdom/lib/jsdom/browser/Window.js:960:7
    at Object.fn (file:///home/siegfriedneto/projects/servicedeskn1/frontend/app/node_modules/@tanstack/router-core/dist/esm/scroll-restoration.js:180:27)
    at RouterCore.emit (file:///home/siegfriedneto/projects/servicedeskn1/frontend/app/node_modules/@tanstack/router-core/dist/esm/router.js:178:14)
    at file:///home/siegfriedneto/projects/servicedeskn1/frontend/app/node_modules/@tanstack/react-router/dist/esm/Transitioner.js:46:25
    at settleOwner (file:///home/siegfriedneto/projects/servicedeskn1/frontend/app/node_modules/@tanstack/react-router/dist/esm/Transitioner.js:10:10)
    at file:///home/siegfriedneto/projects/servicedeskn1/frontend/app/node_modules/@tanstack/react-router/dist/esm/Matches.js:38:39
    at Object.react_stack_bottom_frame (/home/siegfriedneto/projects/servicedeskn1/frontend/app/node_modules/react-dom/cjs/react-dom-client.development.js:25989:20)
    at runWithFiberInDEV (/home/siegfriedneto/projects/servicedeskn1/frontend/app/node_modules/react-dom/cjs/react-dom-client.development.js:874:13)
    at commitHookEffectListMount (/home/siegfriedneto/projects/servicedeskn1/frontend/app/node_modules/react-dom/cjs/react-dom-client.development.js:13249:29) undefined
Error: Not implemented: window.scrollTo
    at module.exports (/home/siegfriedneto/projects/servicedeskn1/frontend/app/node_modules/jsdom/lib/jsdom/browser/not-implemented.js:9:17)
    at /home/siegfriedneto/projects/servicedeskn1/frontend/app/node_modules/jsdom/lib/jsdom/browser/Window.js:960:7
    at Object.fn (file:///home/siegfriedneto/projects/servicedeskn1/frontend/app/node_modules/@tanstack/router-core/dist/esm/scroll-restoration.js:180:27)
    at RouterCore.emit (file:///home/siegfriedneto/projects/servicedeskn1/frontend/app/node_modules/@tanstack/router-core/dist/esm/router.js:178:14)
    at file:///home/siegfriedneto/projects/servicedeskn1/frontend/app/node_modules/@tanstack/react-router/dist/esm/Transitioner.js:46:25
    at settleOwner (file:///home/siegfriedneto/projects/servicedeskn1/frontend/app/node_modules/@tanstack/react-router/dist/esm/Transitioner.js:10:10)
    at file:///home/siegfriedneto/projects/servicedeskn1/frontend/app/node_modules/@tanstack/react-router/dist/esm/Matches.js:38:39
    at Object.react_stack_bottom_frame (/home/siegfriedneto/projects/servicedeskn1/frontend/app/node_modules/react-dom/cjs/react-dom-client.development.js:25989:20)
    at runWithFiberInDEV (/home/siegfriedneto/projects/servicedeskn1/frontend/app/node_modules/react-dom/cjs/react-dom-client.development.js:874:13)
    at commitHookEffectListMount (/home/siegfriedneto/projects/servicedeskn1/frontend/app/node_modules/react-dom/cjs/react-dom-client.development.js:13249:29) undefined
Error: Not implemented: window.scrollTo
    at module.exports (/home/siegfriedneto/projects/servicedeskn1/frontend/app/node_modules/jsdom/lib/jsdom/browser/not-implemented.js:9:17)
    at /home/siegfriedneto/projects/servicedeskn1/frontend/app/node_modules/jsdom/lib/jsdom/browser/Window.js:960:7
    at Object.fn (file:///home/siegfriedneto/projects/servicedeskn1/frontend/app/node_modules/@tanstack/router-core/dist/esm/scroll-restoration.js:180:27)
    at RouterCore.emit (file:///home/siegfriedneto/projects/servicedeskn1/frontend/app/node_modules/@tanstack/router-core/dist/esm/router.js:178:14)
    at file:///home/siegfriedneto/projects/servicedeskn1/frontend/app/node_modules/@tanstack/react-router/dist/esm/Transitioner.js:46:25
    at settleOwner (file:///home/siegfriedneto/projects/servicedeskn1/frontend/app/node_modules/@tanstack/react-router/dist/esm/Transitioner.js:10:10)
    at file:///home/siegfriedneto/projects/servicedeskn1/frontend/app/node_modules/@tanstack/react-router/dist/esm/Matches.js:38:39
    at Object.react_stack_bottom_frame (/home/siegfriedneto/projects/servicedeskn1/frontend/app/node_modules/react-dom/cjs/react-dom-client.development.js:25989:20)
    at runWithFiberInDEV (/home/siegfriedneto/projects/servicedeskn1/frontend/app/node_modules/react-dom/cjs/react-dom-client.development.js:874:13)
    at commitHookEffectListMount (/home/siegfriedneto/projects/servicedeskn1/frontend/app/node_modules/react-dom/cjs/react-dom-client.development.js:13249:29) undefined
Error: Not implemented: window.scrollTo
    at module.exports (/home/siegfriedneto/projects/servicedeskn1/frontend/app/node_modules/jsdom/lib/jsdom/browser/not-implemented.js:9:17)
    at /home/siegfriedneto/projects/servicedeskn1/frontend/app/node_modules/jsdom/lib/jsdom/browser/Window.js:960:7
    at Object.fn (file:///home/siegfriedneto/projects/servicedeskn1/frontend/app/node_modules/@tanstack/router-core/dist/esm/scroll-restoration.js:180:27)
    at RouterCore.emit (file:///home/siegfriedneto/projects/servicedeskn1/frontend/app/node_modules/@tanstack/router-core/dist/esm/router.js:178:14)
    at file:///home/siegfriedneto/projects/servicedeskn1/frontend/app/node_modules/@tanstack/react-router/dist/esm/Transitioner.js:46:25
    at settleOwner (file:///home/siegfriedneto/projects/servicedeskn1/frontend/app/node_modules/@tanstack/react-router/dist/esm/Transitioner.js:10:10)
    at file:///home/siegfriedneto/projects/servicedeskn1/frontend/app/node_modules/@tanstack/react-router/dist/esm/Matches.js:38:39
    at Object.react_stack_bottom_frame (/home/siegfriedneto/projects/servicedeskn1/frontend/app/node_modules/react-dom/cjs/react-dom-client.development.js:25989:20)
    at runWithFiberInDEV (/home/siegfriedneto/projects/servicedeskn1/frontend/app/node_modules/react-dom/cjs/react-dom-client.development.js:874:13)
    at commitHookEffectListMount (/home/siegfriedneto/projects/servicedeskn1/frontend/app/node_modules/react-dom/cjs/react-dom-client.development.js:13249:29) undefined
Error: Not implemented: window.scrollTo
    at module.exports (/home/siegfriedneto/projects/servicedeskn1/frontend/app/node_modules/jsdom/lib/jsdom/browser/not-implemented.js:9:17)
    at /home/siegfriedneto/projects/servicedeskn1/frontend/app/node_modules/jsdom/lib/jsdom/browser/Window.js:960:7
    at Object.fn (file:///home/siegfriedneto/projects/servicedeskn1/frontend/app/node_modules/@tanstack/router-core/dist/esm/scroll-restoration.js:180:27)
    at RouterCore.emit (file:///home/siegfriedneto/projects/servicedeskn1/frontend/app/node_modules/@tanstack/router-core/dist/esm/router.js:178:14)
    at file:///home/siegfriedneto/projects/servicedeskn1/frontend/app/node_modules/@tanstack/react-router/dist/esm/Transitioner.js:46:25
    at settleOwner (file:///home/siegfriedneto/projects/servicedeskn1/frontend/app/node_modules/@tanstack/react-router/dist/esm/Transitioner.js:10:10)
    at file:///home/siegfriedneto/projects/servicedeskn1/frontend/app/node_modules/@tanstack/react-router/dist/esm/Matches.js:38:39
    at Object.react_stack_bottom_frame (/home/siegfriedneto/projects/servicedeskn1/frontend/app/node_modules/react-dom/cjs/react-dom-client.development.js:25989:20)
    at runWithFiberInDEV (/home/siegfriedneto/projects/servicedeskn1/frontend/app/node_modules/react-dom/cjs/react-dom-client.development.js:874:13)
    at commitHookEffectListMount (/home/siegfriedneto/projects/servicedeskn1/frontend/app/node_modules/react-dom/cjs/react-dom-client.development.js:13249:29) undefined
Error: Not implemented: window.scrollTo
    at module.exports (/home/siegfriedneto/projects/servicedeskn1/frontend/app/node_modules/jsdom/lib/jsdom/browser/not-implemented.js:9:17)
    at /home/siegfriedneto/projects/servicedeskn1/frontend/app/node_modules/jsdom/lib/jsdom/browser/Window.js:960:7
    at Object.fn (file:///home/siegfriedneto/projects/servicedeskn1/frontend/app/node_modules/@tanstack/router-core/dist/esm/scroll-restoration.js:180:27)
    at RouterCore.emit (file:///home/siegfriedneto/projects/servicedeskn1/frontend/app/node_modules/@tanstack/router-core/dist/esm/router.js:178:14)
    at file:///home/siegfriedneto/projects/servicedeskn1/frontend/app/node_modules/@tanstack/react-router/dist/esm/Transitioner.js:46:25
    at settleOwner (file:///home/siegfriedneto/projects/servicedeskn1/frontend/app/node_modules/@tanstack/react-router/dist/esm/Transitioner.js:10:10)
    at file:///home/siegfriedneto/projects/servicedeskn1/frontend/app/node_modules/@tanstack/react-router/dist/esm/Matches.js:38:39
    at Object.react_stack_bottom_frame (/home/siegfriedneto/projects/servicedeskn1/frontend/app/node_modules/react-dom/cjs/react-dom-client.development.js:25989:20)
    at runWithFiberInDEV (/home/siegfriedneto/projects/servicedeskn1/frontend/app/node_modules/react-dom/cjs/react-dom-client.development.js:874:13)
    at commitHookEffectListMount (/home/siegfriedneto/projects/servicedeskn1/frontend/app/node_modules/react-dom/cjs/react-dom-client.development.js:13249:29) undefined
Error: Not implemented: window.scrollTo
    at module.exports (/home/siegfriedneto/projects/servicedeskn1/frontend/app/node_modules/jsdom/lib/jsdom/browser/not-implemented.js:9:17)
    at /home/siegfriedneto/projects/servicedeskn1/frontend/app/node_modules/jsdom/lib/jsdom/browser/Window.js:960:7
    at Object.fn (file:///home/siegfriedneto/projects/servicedeskn1/frontend/app/node_modules/@tanstack/router-core/dist/esm/scroll-restoration.js:180:27)
    at RouterCore.emit (file:///home/siegfriedneto/projects/servicedeskn1/frontend/app/node_modules/@tanstack/router-core/dist/esm/router.js:178:14)
    at file:///home/siegfriedneto/projects/servicedeskn1/frontend/app/node_modules/@tanstack/react-router/dist/esm/Transitioner.js:46:25
    at settleOwner (file:///home/siegfriedneto/projects/servicedeskn1/frontend/app/node_modules/@tanstack/react-router/dist/esm/Transitioner.js:10:10)
    at file:///home/siegfriedneto/projects/servicedeskn1/frontend/app/node_modules/@tanstack/react-router/dist/esm/Matches.js:38:39
    at Object.react_stack_bottom_frame (/home/siegfriedneto/projects/servicedeskn1/frontend/app/node_modules/react-dom/cjs/react-dom-client.development.js:25989:20)
    at runWithFiberInDEV (/home/siegfriedneto/projects/servicedeskn1/frontend/app/node_modules/react-dom/cjs/react-dom-client.development.js:874:13)
    at commitHookEffectListMount (/home/siegfriedneto/projects/servicedeskn1/frontend/app/node_modules/react-dom/cjs/react-dom-client.development.js:13249:29) undefined
Error: Not implemented: window.scrollTo
    at module.exports (/home/siegfriedneto/projects/servicedeskn1/frontend/app/node_modules/jsdom/lib/jsdom/browser/not-implemented.js:9:17)
    at /home/siegfriedneto/projects/servicedeskn1/frontend/app/node_modules/jsdom/lib/jsdom/browser/Window.js:960:7
    at Object.fn (file:///home/siegfriedneto/projects/servicedeskn1/frontend/app/node_modules/@tanstack/router-core/dist/esm/scroll-restoration.js:180:27)
    at RouterCore.emit (file:///home/siegfriedneto/projects/servicedeskn1/frontend/app/node_modules/@tanstack/router-core/dist/esm/router.js:178:14)
    at file:///home/siegfriedneto/projects/servicedeskn1/frontend/app/node_modules/@tanstack/react-router/dist/esm/Transitioner.js:46:25
    at settleOwner (file:///home/siegfriedneto/projects/servicedeskn1/frontend/app/node_modules/@tanstack/react-router/dist/esm/Transitioner.js:10:10)
    at file:///home/siegfriedneto/projects/servicedeskn1/frontend/app/node_modules/@tanstack/react-router/dist/esm/Matches.js:38:39
    at Object.react_stack_bottom_frame (/home/siegfriedneto/projects/servicedeskn1/frontend/app/node_modules/react-dom/cjs/react-dom-client.development.js:25989:20)
    at runWithFiberInDEV (/home/siegfriedneto/projects/servicedeskn1/frontend/app/node_modules/react-dom/cjs/react-dom-client.development.js:874:13)
    at commitHookEffectListMount (/home/siegfriedneto/projects/servicedeskn1/frontend/app/node_modules/react-dom/cjs/react-dom-client.development.js:13249:29) undefined
Error: Not implemented: window.scrollTo
    at module.exports (/home/siegfriedneto/projects/servicedeskn1/frontend/app/node_modules/jsdom/lib/jsdom/browser/not-implemented.js:9:17)
    at /home/siegfriedneto/projects/servicedeskn1/frontend/app/node_modules/jsdom/lib/jsdom/browser/Window.js:960:7
    at Object.fn (file:///home/siegfriedneto/projects/servicedeskn1/frontend/app/node_modules/@tanstack/router-core/dist/esm/scroll-restoration.js:180:27)
    at RouterCore.emit (file:///home/siegfriedneto/projects/servicedeskn1/frontend/app/node_modules/@tanstack/router-core/dist/esm/router.js:178:14)
    at file:///home/siegfriedneto/projects/servicedeskn1/frontend/app/node_modules/@tanstack/react-router/dist/esm/Transitioner.js:46:25
    at settleOwner (file:///home/siegfriedneto/projects/servicedeskn1/frontend/app/node_modules/@tanstack/react-router/dist/esm/Transitioner.js:10:10)
    at file:///home/siegfriedneto/projects/servicedeskn1/frontend/app/node_modules/@tanstack/react-router/dist/esm/Matches.js:38:39
    at Object.react_stack_bottom_frame (/home/siegfriedneto/projects/servicedeskn1/frontend/app/node_modules/react-dom/cjs/react-dom-client.development.js:25989:20)
    at runWithFiberInDEV (/home/siegfriedneto/projects/servicedeskn1/frontend/app/node_modules/react-dom/cjs/react-dom-client.development.js:874:13)
    at commitHookEffectListMount (/home/siegfriedneto/projects/servicedeskn1/frontend/app/node_modules/react-dom/cjs/react-dom-client.development.js:13249:29) undefined
 ❯ src/routes/new-case-draft-screen-seed.spec.ts (6 tests | 2 failed) 1142ms
     × pre-populates title, when_to_use, subject, fallback outcome/referral and consolidation register from the case's own latest released version, read via GET /v1/cases/{slug}/versions/{version} 398ms
     × leaves the form blank with the subject pre-set from the glossary and shows first-version copy when the case's version history holds no released version 64ms
Error: Not implemented: window.scrollTo
    at module.exports (/home/siegfriedneto/projects/servicedeskn1/frontend/app/node_modules/jsdom/lib/jsdom/browser/not-implemented.js:9:17)
    at /home/siegfriedneto/projects/servicedeskn1/frontend/app/node_modules/jsdom/lib/jsdom/browser/Window.js:960:7
    at Object.fn (file:///home/siegfriedneto/projects/servicedeskn1/frontend/app/node_modules/@tanstack/router-core/dist/esm/scroll-restoration.js:180:27)
    at RouterCore.emit (file:///home/siegfriedneto/projects/servicedeskn1/frontend/app/node_modules/@tanstack/router-core/dist/esm/router.js:178:14)
    at file:///home/siegfriedneto/projects/servicedeskn1/frontend/app/node_modules/@tanstack/react-router/dist/esm/Transitioner.js:46:25
    at settleOwner (file:///home/siegfriedneto/projects/servicedeskn1/frontend/app/node_modules/@tanstack/react-router/dist/esm/Transitioner.js:10:10)
    at file:///home/siegfriedneto/projects/servicedeskn1/frontend/app/node_modules/@tanstack/react-router/dist/esm/Matches.js:38:39
    at Object.react_stack_bottom_frame (/home/siegfriedneto/projects/servicedeskn1/frontend/app/node_modules/react-dom/cjs/react-dom-client.development.js:25989:20)
    at runWithFiberInDEV (/home/siegfriedneto/projects/servicedeskn1/frontend/app/node_modules/react-dom/cjs/react-dom-client.development.js:874:13)
    at commitHookEffectListMount (/home/siegfriedneto/projects/servicedeskn1/frontend/app/node_modules/react-dom/cjs/react-dom-client.development.js:13249:29) undefined
Error: Not implemented: window.scrollTo
    at module.exports (/home/siegfriedneto/projects/servicedeskn1/frontend/app/node_modules/jsdom/lib/jsdom/browser/not-implemented.js:9:17)
    at /home/siegfriedneto/projects/servicedeskn1/frontend/app/node_modules/jsdom/lib/jsdom/browser/Window.js:960:7
    at Object.fn (file:///home/siegfriedneto/projects/servicedeskn1/frontend/app/node_modules/@tanstack/router-core/dist/esm/scroll-restoration.js:180:27)
    at RouterCore.emit (file:///home/siegfriedneto/projects/servicedeskn1/frontend/app/node_modules/@tanstack/router-core/dist/esm/router.js:178:14)
    at file:///home/siegfriedneto/projects/servicedeskn1/frontend/app/node_modules/@tanstack/react-router/dist/esm/Transitioner.js:46:25
    at settleOwner (file:///home/siegfriedneto/projects/servicedeskn1/frontend/app/node_modules/@tanstack/react-router/dist/esm/Transitioner.js:10:10)
    at file:///home/siegfriedneto/projects/servicedeskn1/frontend/app/node_modules/@tanstack/react-router/dist/esm/Matches.js:38:39
    at Object.react_stack_bottom_frame (/home/siegfriedneto/projects/servicedeskn1/frontend/app/node_modules/react-dom/cjs/react-dom-client.development.js:25989:20)
    at runWithFiberInDEV (/home/siegfriedneto/projects/servicedeskn1/frontend/app/node_modules/react-dom/cjs/react-dom-client.development.js:874:13)
    at commitHookEffectListMount (/home/siegfriedneto/projects/servicedeskn1/frontend/app/node_modules/react-dom/cjs/react-dom-client.development.js:13249:29) undefined
Error: Not implemented: window.scrollTo
    at module.exports (/home/siegfriedneto/projects/servicedeskn1/frontend/app/node_modules/jsdom/lib/jsdom/browser/not-implemented.js:9:17)
    at /home/siegfriedneto/projects/servicedeskn1/frontend/app/node_modules/jsdom/lib/jsdom/browser/Window.js:960:7
    at Object.fn (file:///home/siegfriedneto/projects/servicedeskn1/frontend/app/node_modules/@tanstack/router-core/dist/esm/scroll-restoration.js:180:27)
    at RouterCore.emit (file:///home/siegfriedneto/projects/servicedeskn1/frontend/app/node_modules/@tanstack/router-core/dist/esm/router.js:178:14)
    at file:///home/siegfriedneto/projects/servicedeskn1/frontend/app/node_modules/@tanstack/react-router/dist/esm/Transitioner.js:46:25
    at settleOwner (file:///home/siegfriedneto/projects/servicedeskn1/frontend/app/node_modules/@tanstack/react-router/dist/esm/Transitioner.js:10:10)
    at file:///home/siegfriedneto/projects/servicedeskn1/frontend/app/node_modules/@tanstack/react-router/dist/esm/Matches.js:38:39
    at Object.react_stack_bottom_frame (/home/siegfriedneto/projects/servicedeskn1/frontend/app/node_modules/react-dom/cjs/react-dom-client.development.js:25989:20)
    at runWithFiberInDEV (/home/siegfriedneto/projects/servicedeskn1/frontend/app/node_modules/react-dom/cjs/react-dom-client.development.js:874:13)
    at commitHookEffectListMount (/home/siegfriedneto/projects/servicedeskn1/frontend/app/node_modules/react-dom/cjs/react-dom-client.development.js:13249:29) undefined
Error: Not implemented: window.scrollTo
    at module.exports (/home/siegfriedneto/projects/servicedeskn1/frontend/app/node_modules/jsdom/lib/jsdom/browser/not-implemented.js:9:17)
    at /home/siegfriedneto/projects/servicedeskn1/frontend/app/node_modules/jsdom/lib/jsdom/browser/Window.js:960:7
    at Object.fn (file:///home/siegfriedneto/projects/servicedeskn1/frontend/app/node_modules/@tanstack/router-core/dist/esm/scroll-restoration.js:180:27)
    at RouterCore.emit (file:///home/siegfriedneto/projects/servicedeskn1/frontend/app/node_modules/@tanstack/router-core/dist/esm/router.js:178:14)
    at file:///home/siegfriedneto/projects/servicedeskn1/frontend/app/node_modules/@tanstack/react-router/dist/esm/Transitioner.js:46:25
    at settleOwner (file:///home/siegfriedneto/projects/servicedeskn1/frontend/app/node_modules/@tanstack/react-router/dist/esm/Transitioner.js:10:10)
    at file:///home/siegfriedneto/projects/servicedeskn1/frontend/app/node_modules/@tanstack/react-router/dist/esm/Matches.js:38:39
    at Object.react_stack_bottom_frame (/home/siegfriedneto/projects/servicedeskn1/frontend/app/node_modules/react-dom/cjs/react-dom-client.development.js:25989:20)
    at runWithFiberInDEV (/home/siegfriedneto/projects/servicedeskn1/frontend/app/node_modules/react-dom/cjs/react-dom-client.development.js:874:13)
    at commitHookEffectListMount (/home/siegfriedneto/projects/servicedeskn1/frontend/app/node_modules/react-dom/cjs/react-dom-client.development.js:13249:29) undefined
Error: Not implemented: window.scrollTo
    at module.exports (/home/siegfriedneto/projects/servicedeskn1/frontend/app/node_modules/jsdom/lib/jsdom/browser/not-implemented.js:9:17)
    at /home/siegfriedneto/projects/servicedeskn1/frontend/app/node_modules/jsdom/lib/jsdom/browser/Window.js:960:7
    at Object.fn (file:///home/siegfriedneto/projects/servicedeskn1/frontend/app/node_modules/@tanstack/router-core/dist/esm/scroll-restoration.js:180:27)
    at RouterCore.emit (file:///home/siegfriedneto/projects/servicedeskn1/frontend/app/node_modules/@tanstack/router-core/dist/esm/router.js:178:14)
    at file:///home/siegfriedneto/projects/servicedeskn1/frontend/app/node_modules/@tanstack/react-router/dist/esm/Transitioner.js:46:25
    at settleOwner (file:///home/siegfriedneto/projects/servicedeskn1/frontend/app/node_modules/@tanstack/react-router/dist/esm/Transitioner.js:10:10)
    at file:///home/siegfriedneto/projects/servicedeskn1/frontend/app/node_modules/@tanstack/react-router/dist/esm/Matches.js:38:39
    at Object.react_stack_bottom_frame (/home/siegfriedneto/projects/servicedeskn1/frontend/app/node_modules/react-dom/cjs/react-dom-client.development.js:25989:20)
    at runWithFiberInDEV (/home/siegfriedneto/projects/servicedeskn1/frontend/app/node_modules/react-dom/cjs/react-dom-client.development.js:874:13)
    at commitHookEffectListMount (/home/siegfriedneto/projects/servicedeskn1/frontend/app/node_modules/react-dom/cjs/react-dom-client.development.js:13249:29) undefined
Error: Not implemented: window.scrollTo
    at module.exports (/home/siegfriedneto/projects/servicedeskn1/frontend/app/node_modules/jsdom/lib/jsdom/browser/not-implemented.js:9:17)
    at /home/siegfriedneto/projects/servicedeskn1/frontend/app/node_modules/jsdom/lib/jsdom/browser/Window.js:960:7
    at Object.fn (file:///home/siegfriedneto/projects/servicedeskn1/frontend/app/node_modules/@tanstack/router-core/dist/esm/scroll-restoration.js:180:27)
    at RouterCore.emit (file:///home/siegfriedneto/projects/servicedeskn1/frontend/app/node_modules/@tanstack/router-core/dist/esm/router.js:178:14)
    at file:///home/siegfriedneto/projects/servicedeskn1/frontend/app/node_modules/@tanstack/react-router/dist/esm/Transitioner.js:46:25
    at settleOwner (file:///home/siegfriedneto/projects/servicedeskn1/frontend/app/node_modules/@tanstack/react-router/dist/esm/Transitioner.js:10:10)
    at file:///home/siegfriedneto/projects/servicedeskn1/frontend/app/node_modules/@tanstack/react-router/dist/esm/Matches.js:38:39
    at Object.react_stack_bottom_frame (/home/siegfriedneto/projects/servicedeskn1/frontend/app/node_modules/react-dom/cjs/react-dom-client.development.js:25989:20)
    at runWithFiberInDEV (/home/siegfriedneto/projects/servicedeskn1/frontend/app/node_modules/react-dom/cjs/react-dom-client.development.js:874:13)
    at commitHookEffectListMount (/home/siegfriedneto/projects/servicedeskn1/frontend/app/node_modules/react-dom/cjs/react-dom-client.development.js:13249:29) undefined
Error: Not implemented: window.scrollTo
    at module.exports (/home/siegfriedneto/projects/servicedeskn1/frontend/app/node_modules/jsdom/lib/jsdom/browser/not-implemented.js:9:17)
    at /home/siegfriedneto/projects/servicedeskn1/frontend/app/node_modules/jsdom/lib/jsdom/browser/Window.js:960:7
    at Object.fn (file:///home/siegfriedneto/projects/servicedeskn1/frontend/app/node_modules/@tanstack/router-core/dist/esm/scroll-restoration.js:180:27)
    at RouterCore.emit (file:///home/siegfriedneto/projects/servicedeskn1/frontend/app/node_modules/@tanstack/router-core/dist/esm/router.js:178:14)
    at file:///home/siegfriedneto/projects/servicedeskn1/frontend/app/node_modules/@tanstack/react-router/dist/esm/Transitioner.js:46:25
    at settleOwner (file:///home/siegfriedneto/projects/servicedeskn1/frontend/app/node_modules/@tanstack/react-router/dist/esm/Transitioner.js:10:10)
    at file:///home/siegfriedneto/projects/servicedeskn1/frontend/app/node_modules/@tanstack/react-router/dist/esm/Matches.js:38:39
    at Object.react_stack_bottom_frame (/home/siegfriedneto/projects/servicedeskn1/frontend/app/node_modules/react-dom/cjs/react-dom-client.development.js:25989:20)
    at runWithFiberInDEV (/home/siegfriedneto/projects/servicedeskn1/frontend/app/node_modules/react-dom/cjs/react-dom-client.development.js:874:13)
    at commitHookEffectListMount (/home/siegfriedneto/projects/servicedeskn1/frontend/app/node_modules/react-dom/cjs/react-dom-client.development.js:13249:29) undefined
Error: Not implemented: window.scrollTo
    at module.exports (/home/siegfriedneto/projects/servicedeskn1/frontend/app/node_modules/jsdom/lib/jsdom/browser/not-implemented.js:9:17)
    at /home/siegfriedneto/projects/servicedeskn1/frontend/app/node_modules/jsdom/lib/jsdom/browser/Window.js:960:7
    at Object.fn (file:///home/siegfriedneto/projects/servicedeskn1/frontend/app/node_modules/@tanstack/router-core/dist/esm/scroll-restoration.js:180:27)
    at RouterCore.emit (file:///home/siegfriedneto/projects/servicedeskn1/frontend/app/node_modules/@tanstack/router-core/dist/esm/router.js:178:14)
    at file:///home/siegfriedneto/projects/servicedeskn1/frontend/app/node_modules/@tanstack/react-router/dist/esm/Transitioner.js:46:25
    at settleOwner (file:///home/siegfriedneto/projects/servicedeskn1/frontend/app/node_modules/@tanstack/react-router/dist/esm/Transitioner.js:10:10)
    at file:///home/siegfriedneto/projects/servicedeskn1/frontend/app/node_modules/@tanstack/react-router/dist/esm/Matches.js:38:39
    at Object.react_stack_bottom_frame (/home/siegfriedneto/projects/servicedeskn1/frontend/app/node_modules/react-dom/cjs/react-dom-client.development.js:25989:20)
    at runWithFiberInDEV (/home/siegfriedneto/projects/servicedeskn1/frontend/app/node_modules/react-dom/cjs/react-dom-client.development.js:874:13)
    at commitHookEffectListMount (/home/siegfriedneto/projects/servicedeskn1/frontend/app/node_modules/react-dom/cjs/react-dom-client.development.js:13249:29) undefined
Error: Not implemented: window.scrollTo
    at module.exports (/home/siegfriedneto/projects/servicedeskn1/frontend/app/node_modules/jsdom/lib/jsdom/browser/not-implemented.js:9:17)
    at /home/siegfriedneto/projects/servicedeskn1/frontend/app/node_modules/jsdom/lib/jsdom/browser/Window.js:960:7
    at Object.fn (file:///home/siegfriedneto/projects/servicedeskn1/frontend/app/node_modules/@tanstack/router-core/dist/esm/scroll-restoration.js:180:27)
    at RouterCore.emit (file:///home/siegfriedneto/projects/servicedeskn1/frontend/app/node_modules/@tanstack/router-core/dist/esm/router.js:178:14)
    at file:///home/siegfriedneto/projects/servicedeskn1/frontend/app/node_modules/@tanstack/react-router/dist/esm/Transitioner.js:46:25
    at settleOwner (file:///home/siegfriedneto/projects/servicedeskn1/frontend/app/node_modules/@tanstack/react-router/dist/esm/Transitioner.js:10:10)
    at file:///home/siegfriedneto/projects/servicedeskn1/frontend/app/node_modules/@tanstack/react-router/dist/esm/Matches.js:38:39
    at Object.react_stack_bottom_frame (/home/siegfriedneto/projects/servicedeskn1/frontend/app/node_modules/react-dom/cjs/react-dom-client.development.js:25989:20)
    at runWithFiberInDEV (/home/siegfriedneto/projects/servicedeskn1/frontend/app/node_modules/react-dom/cjs/react-dom-client.development.js:874:13)
    at commitHookEffectListMount (/home/siegfriedneto/projects/servicedeskn1/frontend/app/node_modules/react-dom/cjs/react-dom-client.development.js:13249:29) undefined
Error: Not implemented: window.scrollTo
    at module.exports (/home/siegfriedneto/projects/servicedeskn1/frontend/app/node_modules/jsdom/lib/jsdom/browser/not-implemented.js:9:17)
    at /home/siegfriedneto/projects/servicedeskn1/frontend/app/node_modules/jsdom/lib/jsdom/browser/Window.js:960:7
    at Object.fn (file:///home/siegfriedneto/projects/servicedeskn1/frontend/app/node_modules/@tanstack/router-core/dist/esm/scroll-restoration.js:180:27)
    at RouterCore.emit (file:///home/siegfriedneto/projects/servicedeskn1/frontend/app/node_modules/@tanstack/router-core/dist/esm/router.js:178:14)
    at file:///home/siegfriedneto/projects/servicedeskn1/frontend/app/node_modules/@tanstack/react-router/dist/esm/Transitioner.js:46:25
    at settleOwner (file:///home/siegfriedneto/projects/servicedeskn1/frontend/app/node_modules/@tanstack/react-router/dist/esm/Transitioner.js:10:10)
    at file:///home/siegfriedneto/projects/servicedeskn1/frontend/app/node_modules/@tanstack/react-router/dist/esm/Matches.js:38:39
    at Object.react_stack_bottom_frame (/home/siegfriedneto/projects/servicedeskn1/frontend/app/node_modules/react-dom/cjs/react-dom-client.development.js:25989:20)
    at runWithFiberInDEV (/home/siegfriedneto/projects/servicedeskn1/frontend/app/node_modules/react-dom/cjs/react-dom-client.development.js:874:13)
    at commitHookEffectListMount (/home/siegfriedneto/projects/servicedeskn1/frontend/app/node_modules/react-dom/cjs/react-dom-client.development.js:13249:29) undefined
Error: Not implemented: window.scrollTo
    at module.exports (/home/siegfriedneto/projects/servicedeskn1/frontend/app/node_modules/jsdom/lib/jsdom/browser/not-implemented.js:9:17)
    at /home/siegfriedneto/projects/servicedeskn1/frontend/app/node_modules/jsdom/lib/jsdom/browser/Window.js:960:7
    at Object.fn (file:///home/siegfriedneto/projects/servicedeskn1/frontend/app/node_modules/@tanstack/router-core/dist/esm/scroll-restoration.js:180:27)
    at RouterCore.emit (file:///home/siegfriedneto/projects/servicedeskn1/frontend/app/node_modules/@tanstack/router-core/dist/esm/router.js:178:14)
    at file:///home/siegfriedneto/projects/servicedeskn1/frontend/app/node_modules/@tanstack/react-router/dist/esm/Transitioner.js:46:25
    at settleOwner (file:///home/siegfriedneto/projects/servicedeskn1/frontend/app/node_modules/@tanstack/react-router/dist/esm/Transitioner.js:10:10)
    at file:///home/siegfriedneto/projects/servicedeskn1/frontend/app/node_modules/@tanstack/react-router/dist/esm/Matches.js:38:39
    at Object.react_stack_bottom_frame (/home/siegfriedneto/projects/servicedeskn1/frontend/app/node_modules/react-dom/cjs/react-dom-client.development.js:25989:20)
    at runWithFiberInDEV (/home/siegfriedneto/projects/servicedeskn1/frontend/app/node_modules/react-dom/cjs/react-dom-client.development.js:874:13)
    at commitHookEffectListMount (/home/siegfriedneto/projects/servicedeskn1/frontend/app/node_modules/react-dom/cjs/react-dom-client.development.js:13249:29) undefined
Error: Not implemented: window.scrollTo
    at module.exports (/home/siegfriedneto/projects/servicedeskn1/frontend/app/node_modules/jsdom/lib/jsdom/browser/not-implemented.js:9:17)
    at /home/siegfriedneto/projects/servicedeskn1/frontend/app/node_modules/jsdom/lib/jsdom/browser/Window.js:960:7
    at Object.fn (file:///home/siegfriedneto/projects/servicedeskn1/frontend/app/node_modules/@tanstack/router-core/dist/esm/scroll-restoration.js:180:27)
    at RouterCore.emit (file:///home/siegfriedneto/projects/servicedeskn1/frontend/app/node_modules/@tanstack/router-core/dist/esm/router.js:178:14)
    at file:///home/siegfriedneto/projects/servicedeskn1/frontend/app/node_modules/@tanstack/react-router/dist/esm/Transitioner.js:46:25
    at settleOwner (file:///home/siegfriedneto/projects/servicedeskn1/frontend/app/node_modules/@tanstack/react-router/dist/esm/Transitioner.js:10:10)
    at file:///home/siegfriedneto/projects/servicedeskn1/frontend/app/node_modules/@tanstack/react-router/dist/esm/Matches.js:38:39
    at Object.react_stack_bottom_frame (/home/siegfriedneto/projects/servicedeskn1/frontend/app/node_modules/react-dom/cjs/react-dom-client.development.js:25989:20)
    at runWithFiberInDEV (/home/siegfriedneto/projects/servicedeskn1/frontend/app/node_modules/react-dom/cjs/react-dom-client.development.js:874:13)
    at commitHookEffectListMount (/home/siegfriedneto/projects/servicedeskn1/frontend/app/node_modules/react-dom/cjs/react-dom-client.development.js:13249:29) undefined
Error: Not implemented: window.scrollTo
    at module.exports (/home/siegfriedneto/projects/servicedeskn1/frontend/app/node_modules/jsdom/lib/jsdom/browser/not-implemented.js:9:17)
    at /home/siegfriedneto/projects/servicedeskn1/frontend/app/node_modules/jsdom/lib/jsdom/browser/Window.js:960:7
    at Object.fn (file:///home/siegfriedneto/projects/servicedeskn1/frontend/app/node_modules/@tanstack/router-core/dist/esm/scroll-restoration.js:180:27)
    at RouterCore.emit (file:///home/siegfriedneto/projects/servicedeskn1/frontend/app/node_modules/@tanstack/router-core/dist/esm/router.js:178:14)
    at file:///home/siegfriedneto/projects/servicedeskn1/frontend/app/node_modules/@tanstack/react-router/dist/esm/Transitioner.js:46:25
    at settleOwner (file:///home/siegfriedneto/projects/servicedeskn1/frontend/app/node_modules/@tanstack/react-router/dist/esm/Transitioner.js:10:10)
    at file:///home/siegfriedneto/projects/servicedeskn1/frontend/app/node_modules/@tanstack/react-router/dist/esm/Matches.js:38:39
    at Object.react_stack_bottom_frame (/home/siegfriedneto/projects/servicedeskn1/frontend/app/node_modules/react-dom/cjs/react-dom-client.development.js:25989:20)
    at runWithFiberInDEV (/home/siegfriedneto/projects/servicedeskn1/frontend/app/node_modules/react-dom/cjs/react-dom-client.development.js:874:13)
    at commitHookEffectListMount (/home/siegfriedneto/projects/servicedeskn1/frontend/app/node_modules/react-dom/cjs/react-dom-client.development.js:13249:29) undefined
Error: Not implemented: window.scrollTo
    at module.exports (/home/siegfriedneto/projects/servicedeskn1/frontend/app/node_modules/jsdom/lib/jsdom/browser/not-implemented.js:9:17)
    at /home/siegfriedneto/projects/servicedeskn1/frontend/app/node_modules/jsdom/lib/jsdom/browser/Window.js:960:7
    at Object.fn (file:///home/siegfriedneto/projects/servicedeskn1/frontend/app/node_modules/@tanstack/router-core/dist/esm/scroll-restoration.js:180:27)
    at RouterCore.emit (file:///home/siegfriedneto/projects/servicedeskn1/frontend/app/node_modules/@tanstack/router-core/dist/esm/router.js:178:14)
    at file:///home/siegfriedneto/projects/servicedeskn1/frontend/app/node_modules/@tanstack/react-router/dist/esm/Transitioner.js:46:25
    at settleOwner (file:///home/siegfriedneto/projects/servicedeskn1/frontend/app/node_modules/@tanstack/react-router/dist/esm/Transitioner.js:10:10)
    at file:///home/siegfriedneto/projects/servicedeskn1/frontend/app/node_modules/@tanstack/react-router/dist/esm/Matches.js:38:39
    at Object.react_stack_bottom_frame (/home/siegfriedneto/projects/servicedeskn1/frontend/app/node_modules/react-dom/cjs/react-dom-client.development.js:25989:20)
    at runWithFiberInDEV (/home/siegfriedneto/projects/servicedeskn1/frontend/app/node_modules/react-dom/cjs/react-dom-client.development.js:874:13)
    at commitHookEffectListMount (/home/siegfriedneto/projects/servicedeskn1/frontend/app/node_modules/react-dom/cjs/react-dom-client.development.js:13249:29) undefined
Error: Not implemented: window.scrollTo
    at module.exports (/home/siegfriedneto/projects/servicedeskn1/frontend/app/node_modules/jsdom/lib/jsdom/browser/not-implemented.js:9:17)
    at /home/siegfriedneto/projects/servicedeskn1/frontend/app/node_modules/jsdom/lib/jsdom/browser/Window.js:960:7
    at Object.fn (file:///home/siegfriedneto/projects/servicedeskn1/frontend/app/node_modules/@tanstack/router-core/dist/esm/scroll-restoration.js:180:27)
    at RouterCore.emit (file:///home/siegfriedneto/projects/servicedeskn1/frontend/app/node_modules/@tanstack/router-core/dist/esm/router.js:178:14)
    at file:///home/siegfriedneto/projects/servicedeskn1/frontend/app/node_modules/@tanstack/react-router/dist/esm/Transitioner.js:46:25
    at settleOwner (file:///home/siegfriedneto/projects/servicedeskn1/frontend/app/node_modules/@tanstack/react-router/dist/esm/Transitioner.js:10:10)
    at file:///home/siegfriedneto/projects/servicedeskn1/frontend/app/node_modules/@tanstack/react-router/dist/esm/Matches.js:38:39
    at Object.react_stack_bottom_frame (/home/siegfriedneto/projects/servicedeskn1/frontend/app/node_modules/react-dom/cjs/react-dom-client.development.js:25989:20)
    at runWithFiberInDEV (/home/siegfriedneto/projects/servicedeskn1/frontend/app/node_modules/react-dom/cjs/react-dom-client.development.js:874:13)
    at commitHookEffectListMount (/home/siegfriedneto/projects/servicedeskn1/frontend/app/node_modules/react-dom/cjs/react-dom-client.development.js:13249:29) undefined
Error: Not implemented: window.scrollTo
    at module.exports (/home/siegfriedneto/projects/servicedeskn1/frontend/app/node_modules/jsdom/lib/jsdom/browser/not-implemented.js:9:17)
    at /home/siegfriedneto/projects/servicedeskn1/frontend/app/node_modules/jsdom/lib/jsdom/browser/Window.js:960:7
    at Object.fn (file:///home/siegfriedneto/projects/servicedeskn1/frontend/app/node_modules/@tanstack/router-core/dist/esm/scroll-restoration.js:180:27)
    at RouterCore.emit (file:///home/siegfriedneto/projects/servicedeskn1/frontend/app/node_modules/@tanstack/router-core/dist/esm/router.js:178:14)
    at file:///home/siegfriedneto/projects/servicedeskn1/frontend/app/node_modules/@tanstack/react-router/dist/esm/Transitioner.js:46:25
    at settleOwner (file:///home/siegfriedneto/projects/servicedeskn1/frontend/app/node_modules/@tanstack/react-router/dist/esm/Transitioner.js:10:10)
    at file:///home/siegfriedneto/projects/servicedeskn1/frontend/app/node_modules/@tanstack/react-router/dist/esm/Matches.js:38:39
    at Object.react_stack_bottom_frame (/home/siegfriedneto/projects/servicedeskn1/frontend/app/node_modules/react-dom/cjs/react-dom-client.development.js:25989:20)
    at runWithFiberInDEV (/home/siegfriedneto/projects/servicedeskn1/frontend/app/node_modules/react-dom/cjs/react-dom-client.development.js:874:13)
    at commitHookEffectListMount (/home/siegfriedneto/projects/servicedeskn1/frontend/app/node_modules/react-dom/cjs/react-dom-client.development.js:13249:29) undefined
Error: Not implemented: window.scrollTo
    at module.exports (/home/siegfriedneto/projects/servicedeskn1/frontend/app/node_modules/jsdom/lib/jsdom/browser/not-implemented.js:9:17)
    at /home/siegfriedneto/projects/servicedeskn1/frontend/app/node_modules/jsdom/lib/jsdom/browser/Window.js:960:7
    at Object.fn (file:///home/siegfriedneto/projects/servicedeskn1/frontend/app/node_modules/@tanstack/router-core/dist/esm/scroll-restoration.js:180:27)
    at RouterCore.emit (file:///home/siegfriedneto/projects/servicedeskn1/frontend/app/node_modules/@tanstack/router-core/dist/esm/router.js:178:14)
    at file:///home/siegfriedneto/projects/servicedeskn1/frontend/app/node_modules/@tanstack/react-router/dist/esm/Transitioner.js:46:25
    at settleOwner (file:///home/siegfriedneto/projects/servicedeskn1/frontend/app/node_modules/@tanstack/react-router/dist/esm/Transitioner.js:10:10)
    at file:///home/siegfriedneto/projects/servicedeskn1/frontend/app/node_modules/@tanstack/react-router/dist/esm/Matches.js:38:39
    at Object.react_stack_bottom_frame (/home/siegfriedneto/projects/servicedeskn1/frontend/app/node_modules/react-dom/cjs/react-dom-client.development.js:25989:20)
    at runWithFiberInDEV (/home/siegfriedneto/projects/servicedeskn1/frontend/app/node_modules/react-dom/cjs/react-dom-client.development.js:874:13)
    at commitHookEffectListMount (/home/siegfriedneto/projects/servicedeskn1/frontend/app/node_modules/react-dom/cjs/react-dom-client.development.js:13249:29) undefined
Error: Not implemented: window.scrollTo
    at module.exports (/home/siegfriedneto/projects/servicedeskn1/frontend/app/node_modules/jsdom/lib/jsdom/browser/not-implemented.js:9:17)
    at /home/siegfriedneto/projects/servicedeskn1/frontend/app/node_modules/jsdom/lib/jsdom/browser/Window.js:960:7
    at Object.fn (file:///home/siegfriedneto/projects/servicedeskn1/frontend/app/node_modules/@tanstack/router-core/dist/esm/scroll-restoration.js:180:27)
    at RouterCore.emit (file:///home/siegfriedneto/projects/servicedeskn1/frontend/app/node_modules/@tanstack/router-core/dist/esm/router.js:178:14)
    at file:///home/siegfriedneto/projects/servicedeskn1/frontend/app/node_modules/@tanstack/react-router/dist/esm/Transitioner.js:46:25
    at settleOwner (file:///home/siegfriedneto/projects/servicedeskn1/frontend/app/node_modules/@tanstack/react-router/dist/esm/Transitioner.js:10:10)
    at file:///home/siegfriedneto/projects/servicedeskn1/frontend/app/node_modules/@tanstack/react-router/dist/esm/Matches.js:38:39
    at Object.react_stack_bottom_frame (/home/siegfriedneto/projects/servicedeskn1/frontend/app/node_modules/react-dom/cjs/react-dom-client.development.js:25989:20)
    at runWithFiberInDEV (/home/siegfriedneto/projects/servicedeskn1/frontend/app/node_modules/react-dom/cjs/react-dom-client.development.js:874:13)
    at commitHookEffectListMount (/home/siegfriedneto/projects/servicedeskn1/frontend/app/node_modules/react-dom/cjs/react-dom-client.development.js:13249:29) undefined
Error: Not implemented: window.scrollTo
    at module.exports (/home/siegfriedneto/projects/servicedeskn1/frontend/app/node_modules/jsdom/lib/jsdom/browser/not-implemented.js:9:17)
    at /home/siegfriedneto/projects/servicedeskn1/frontend/app/node_modules/jsdom/lib/jsdom/browser/Window.js:960:7
    at Object.fn (file:///home/siegfriedneto/projects/servicedeskn1/frontend/app/node_modules/@tanstack/router-core/dist/esm/scroll-restoration.js:180:27)
    at RouterCore.emit (file:///home/siegfriedneto/projects/servicedeskn1/frontend/app/node_modules/@tanstack/router-core/dist/esm/router.js:178:14)
    at file:///home/siegfriedneto/projects/servicedeskn1/frontend/app/node_modules/@tanstack/react-router/dist/esm/Transitioner.js:46:25
    at settleOwner (file:///home/siegfriedneto/projects/servicedeskn1/frontend/app/node_modules/@tanstack/react-router/dist/esm/Transitioner.js:10:10)
    at file:///home/siegfriedneto/projects/servicedeskn1/frontend/app/node_modules/@tanstack/react-router/dist/esm/Matches.js:38:39
    at Object.react_stack_bottom_frame (/home/siegfriedneto/projects/servicedeskn1/frontend/app/node_modules/react-dom/cjs/react-dom-client.development.js:25989:20)
    at runWithFiberInDEV (/home/siegfriedneto/projects/servicedeskn1/frontend/app/node_modules/react-dom/cjs/react-dom-client.development.js:874:13)
    at commitHookEffectListMount (/home/siegfriedneto/projects/servicedeskn1/frontend/app/node_modules/react-dom/cjs/react-dom-client.development.js:13249:29) undefined
Error: Not implemented: window.scrollTo
    at module.exports (/home/siegfriedneto/projects/servicedeskn1/frontend/app/node_modules/jsdom/lib/jsdom/browser/not-implemented.js:9:17)
    at /home/siegfriedneto/projects/servicedeskn1/frontend/app/node_modules/jsdom/lib/jsdom/browser/Window.js:960:7
    at Object.fn (file:///home/siegfriedneto/projects/servicedeskn1/frontend/app/node_modules/@tanstack/router-core/dist/esm/scroll-restoration.js:180:27)
    at RouterCore.emit (file:///home/siegfriedneto/projects/servicedeskn1/frontend/app/node_modules/@tanstack/router-core/dist/esm/router.js:178:14)
    at file:///home/siegfriedneto/projects/servicedeskn1/frontend/app/node_modules/@tanstack/react-router/dist/esm/Transitioner.js:46:25
    at settleOwner (file:///home/siegfriedneto/projects/servicedeskn1/frontend/app/node_modules/@tanstack/react-router/dist/esm/Transitioner.js:10:10)
    at file:///home/siegfriedneto/projects/servicedeskn1/frontend/app/node_modules/@tanstack/react-router/dist/esm/Matches.js:38:39
    at Object.react_stack_bottom_frame (/home/siegfriedneto/projects/servicedeskn1/frontend/app/node_modules/react-dom/cjs/react-dom-client.development.js:25989:20)
    at runWithFiberInDEV (/home/siegfriedneto/projects/servicedeskn1/frontend/app/node_modules/react-dom/cjs/react-dom-client.development.js:874:13)
    at commitHookEffectListMount (/home/siegfriedneto/projects/servicedeskn1/frontend/app/node_modules/react-dom/cjs/react-dom-client.development.js:13249:29) undefined
Error: Not implemented: window.scrollTo
    at module.exports (/home/siegfriedneto/projects/servicedeskn1/frontend/app/node_modules/jsdom/lib/jsdom/browser/not-implemented.js:9:17)
    at /home/siegfriedneto/projects/servicedeskn1/frontend/app/node_modules/jsdom/lib/jsdom/browser/Window.js:960:7
    at Object.fn (file:///home/siegfriedneto/projects/servicedeskn1/frontend/app/node_modules/@tanstack/router-core/dist/esm/scroll-restoration.js:180:27)
    at RouterCore.emit (file:///home/siegfriedneto/projects/servicedeskn1/frontend/app/node_modules/@tanstack/router-core/dist/esm/router.js:178:14)
    at file:///home/siegfriedneto/projects/servicedeskn1/frontend/app/node_modules/@tanstack/react-router/dist/esm/Transitioner.js:46:25
    at settleOwner (file:///home/siegfriedneto/projects/servicedeskn1/frontend/app/node_modules/@tanstack/react-router/dist/esm/Transitioner.js:10:10)
    at file:///home/siegfriedneto/projects/servicedeskn1/frontend/app/node_modules/@tanstack/react-router/dist/esm/Matches.js:38:39
    at Object.react_stack_bottom_frame (/home/siegfriedneto/projects/servicedeskn1/frontend/app/node_modules/react-dom/cjs/react-dom-client.development.js:25989:20)
    at runWithFiberInDEV (/home/siegfriedneto/projects/servicedeskn1/frontend/app/node_modules/react-dom/cjs/react-dom-client.development.js:874:13)
    at commitHookEffectListMount (/home/siegfriedneto/projects/servicedeskn1/frontend/app/node_modules/react-dom/cjs/react-dom-client.development.js:13249:29) undefined
Error: Not implemented: window.scrollTo
    at module.exports (/home/siegfriedneto/projects/servicedeskn1/frontend/app/node_modules/jsdom/lib/jsdom/browser/not-implemented.js:9:17)
    at /home/siegfriedneto/projects/servicedeskn1/frontend/app/node_modules/jsdom/lib/jsdom/browser/Window.js:960:7
    at Object.fn (file:///home/siegfriedneto/projects/servicedeskn1/frontend/app/node_modules/@tanstack/router-core/dist/esm/scroll-restoration.js:180:27)
    at RouterCore.emit (file:///home/siegfriedneto/projects/servicedeskn1/frontend/app/node_modules/@tanstack/router-core/dist/esm/router.js:178:14)
    at file:///home/siegfriedneto/projects/servicedeskn1/frontend/app/node_modules/@tanstack/react-router/dist/esm/Transitioner.js:46:25
    at settleOwner (file:///home/siegfriedneto/projects/servicedeskn1/frontend/app/node_modules/@tanstack/react-router/dist/esm/Transitioner.js:10:10)
    at file:///home/siegfriedneto/projects/servicedeskn1/frontend/app/node_modules/@tanstack/react-router/dist/esm/Matches.js:38:39
    at Object.react_stack_bottom_frame (/home/siegfriedneto/projects/servicedeskn1/frontend/app/node_modules/react-dom/cjs/react-dom-client.development.js:25989:20)
    at runWithFiberInDEV (/home/siegfriedneto/projects/servicedeskn1/frontend/app/node_modules/react-dom/cjs/react-dom-client.development.js:874:13)
    at commitHookEffectListMount (/home/siegfriedneto/projects/servicedeskn1/frontend/app/node_modules/react-dom/cjs/react-dom-client.development.js:13249:29) undefined
Error: Not implemented: window.scrollTo
    at module.exports (/home/siegfriedneto/projects/servicedeskn1/frontend/app/node_modules/jsdom/lib/jsdom/browser/not-implemented.js:9:17)
    at /home/siegfriedneto/projects/servicedeskn1/frontend/app/node_modules/jsdom/lib/jsdom/browser/Window.js:960:7
    at Object.fn (file:///home/siegfriedneto/projects/servicedeskn1/frontend/app/node_modules/@tanstack/router-core/dist/esm/scroll-restoration.js:180:27)
    at RouterCore.emit (file:///home/siegfriedneto/projects/servicedeskn1/frontend/app/node_modules/@tanstack/router-core/dist/esm/router.js:178:14)
    at file:///home/siegfriedneto/projects/servicedeskn1/frontend/app/node_modules/@tanstack/react-router/dist/esm/Transitioner.js:46:25
    at settleOwner (file:///home/siegfriedneto/projects/servicedeskn1/frontend/app/node_modules/@tanstack/react-router/dist/esm/Transitioner.js:10:10)
    at file:///home/siegfriedneto/projects/servicedeskn1/frontend/app/node_modules/@tanstack/react-router/dist/esm/Matches.js:38:39
    at Object.react_stack_bottom_frame (/home/siegfriedneto/projects/servicedeskn1/frontend/app/node_modules/react-dom/cjs/react-dom-client.development.js:25989:20)
    at runWithFiberInDEV (/home/siegfriedneto/projects/servicedeskn1/frontend/app/node_modules/react-dom/cjs/react-dom-client.development.js:874:13)
    at commitHookEffectListMount (/home/siegfriedneto/projects/servicedeskn1/frontend/app/node_modules/react-dom/cjs/react-dom-client.development.js:13249:29) undefined
Error: Not implemented: window.scrollTo
    at module.exports (/home/siegfriedneto/projects/servicedeskn1/frontend/app/node_modules/jsdom/lib/jsdom/browser/not-implemented.js:9:17)
    at /home/siegfriedneto/projects/servicedeskn1/frontend/app/node_modules/jsdom/lib/jsdom/browser/Window.js:960:7
    at Object.fn (file:///home/siegfriedneto/projects/servicedeskn1/frontend/app/node_modules/@tanstack/router-core/dist/esm/scroll-restoration.js:180:27)
    at RouterCore.emit (file:///home/siegfriedneto/projects/servicedeskn1/frontend/app/node_modules/@tanstack/router-core/dist/esm/router.js:178:14)
    at file:///home/siegfriedneto/projects/servicedeskn1/frontend/app/node_modules/@tanstack/react-router/dist/esm/Transitioner.js:46:25
    at settleOwner (file:///home/siegfriedneto/projects/servicedeskn1/frontend/app/node_modules/@tanstack/react-router/dist/esm/Transitioner.js:10:10)
    at file:///home/siegfriedneto/projects/servicedeskn1/frontend/app/node_modules/@tanstack/react-router/dist/esm/Matches.js:38:39
    at Object.react_stack_bottom_frame (/home/siegfriedneto/projects/servicedeskn1/frontend/app/node_modules/react-dom/cjs/react-dom-client.development.js:25989:20)
    at runWithFiberInDEV (/home/siegfriedneto/projects/servicedeskn1/frontend/app/node_modules/react-dom/cjs/react-dom-client.development.js:874:13)
    at commitHookEffectListMount (/home/siegfriedneto/projects/servicedeskn1/frontend/app/node_modules/react-dom/cjs/react-dom-client.development.js:13249:29) undefined
Error: Not implemented: window.scrollTo
    at module.exports (/home/siegfriedneto/projects/servicedeskn1/frontend/app/node_modules/jsdom/lib/jsdom/browser/not-implemented.js:9:17)
    at /home/siegfriedneto/projects/servicedeskn1/frontend/app/node_modules/jsdom/lib/jsdom/browser/Window.js:960:7
    at Object.fn (file:///home/siegfriedneto/projects/servicedeskn1/frontend/app/node_modules/@tanstack/router-core/dist/esm/scroll-restoration.js:180:27)
    at RouterCore.emit (file:///home/siegfriedneto/projects/servicedeskn1/frontend/app/node_modules/@tanstack/router-core/dist/esm/router.js:178:14)
    at file:///home/siegfriedneto/projects/servicedeskn1/frontend/app/node_modules/@tanstack/react-router/dist/esm/Transitioner.js:46:25
    at settleOwner (file:///home/siegfriedneto/projects/servicedeskn1/frontend/app/node_modules/@tanstack/react-router/dist/esm/Transitioner.js:10:10)
    at file:///home/siegfriedneto/projects/servicedeskn1/frontend/app/node_modules/@tanstack/react-router/dist/esm/Matches.js:38:39
    at Object.react_stack_bottom_frame (/home/siegfriedneto/projects/servicedeskn1/frontend/app/node_modules/react-dom/cjs/react-dom-client.development.js:25989:20)
    at runWithFiberInDEV (/home/siegfriedneto/projects/servicedeskn1/frontend/app/node_modules/react-dom/cjs/react-dom-client.development.js:874:13)
    at commitHookEffectListMount (/home/siegfriedneto/projects/servicedeskn1/frontend/app/node_modules/react-dom/cjs/react-dom-client.development.js:13249:29) undefined
Error: Not implemented: window.scrollTo
    at module.exports (/home/siegfriedneto/projects/servicedeskn1/frontend/app/node_modules/jsdom/lib/jsdom/browser/not-implemented.js:9:17)
    at /home/siegfriedneto/projects/servicedeskn1/frontend/app/node_modules/jsdom/lib/jsdom/browser/Window.js:960:7
    at Object.fn (file:///home/siegfriedneto/projects/servicedeskn1/frontend/app/node_modules/@tanstack/router-core/dist/esm/scroll-restoration.js:180:27)
    at RouterCore.emit (file:///home/siegfriedneto/projects/servicedeskn1/frontend/app/node_modules/@tanstack/router-core/dist/esm/router.js:178:14)
    at file:///home/siegfriedneto/projects/servicedeskn1/frontend/app/node_modules/@tanstack/router-core/dist/esm/load-client.js:943:46
    at Router.batch (file:///home/siegfriedneto/projects/servicedeskn1/frontend/app/node_modules/@tanstack/store/dist/esm/atom.js:39:5)
    at file:///home/siegfriedneto/projects/servicedeskn1/frontend/app/node_modules/@tanstack/router-core/dist/esm/load-client.js:936:10
    at runClientTransaction (file:///home/siegfriedneto/projects/servicedeskn1/frontend/app/node_modules/@tanstack/router-core/dist/esm/load-client.js:902:2)
    at loadClientRoute (file:///home/siegfriedneto/projects/servicedeskn1/frontend/app/node_modules/@tanstack/router-core/dist/esm/load-client.js:1034:2)
    at RouterCore.load (file:///home/siegfriedneto/projects/servicedeskn1/frontend/app/node_modules/@tanstack/router-core/dist/esm/router.js:489:4) undefined
Error: Not implemented: window.scrollTo
    at module.exports (/home/siegfriedneto/projects/servicedeskn1/frontend/app/node_modules/jsdom/lib/jsdom/browser/not-implemented.js:9:17)
    at /home/siegfriedneto/projects/servicedeskn1/frontend/app/node_modules/jsdom/lib/jsdom/browser/Window.js:960:7
    at Object.fn (file:///home/siegfriedneto/projects/servicedeskn1/frontend/app/node_modules/@tanstack/router-core/dist/esm/scroll-restoration.js:180:27)
    at RouterCore.emit (file:///home/siegfriedneto/projects/servicedeskn1/frontend/app/node_modules/@tanstack/router-core/dist/esm/router.js:178:14)
    at file:///home/siegfriedneto/projects/servicedeskn1/frontend/app/node_modules/@tanstack/react-router/dist/esm/Transitioner.js:46:25
    at settleOwner (file:///home/siegfriedneto/projects/servicedeskn1/frontend/app/node_modules/@tanstack/react-router/dist/esm/Transitioner.js:10:10)
    at file:///home/siegfriedneto/projects/servicedeskn1/frontend/app/node_modules/@tanstack/react-router/dist/esm/Matches.js:38:39
    at Object.react_stack_bottom_frame (/home/siegfriedneto/projects/servicedeskn1/frontend/app/node_modules/react-dom/cjs/react-dom-client.development.js:25989:20)
    at runWithFiberInDEV (/home/siegfriedneto/projects/servicedeskn1/frontend/app/node_modules/react-dom/cjs/react-dom-client.development.js:874:13)
    at commitHookEffectListMount (/home/siegfriedneto/projects/servicedeskn1/frontend/app/node_modules/react-dom/cjs/react-dom-client.development.js:13249:29) undefined
Error: Not implemented: window.scrollTo
    at module.exports (/home/siegfriedneto/projects/servicedeskn1/frontend/app/node_modules/jsdom/lib/jsdom/browser/not-implemented.js:9:17)
    at /home/siegfriedneto/projects/servicedeskn1/frontend/app/node_modules/jsdom/lib/jsdom/browser/Window.js:960:7
    at Object.fn (file:///home/siegfriedneto/projects/servicedeskn1/frontend/app/node_modules/@tanstack/router-core/dist/esm/scroll-restoration.js:180:27)
    at RouterCore.emit (file:///home/siegfriedneto/projects/servicedeskn1/frontend/app/node_modules/@tanstack/router-core/dist/esm/router.js:178:14)
    at file:///home/siegfriedneto/projects/servicedeskn1/frontend/app/node_modules/@tanstack/react-router/dist/esm/Transitioner.js:46:25
    at settleOwner (file:///home/siegfriedneto/projects/servicedeskn1/frontend/app/node_modules/@tanstack/react-router/dist/esm/Transitioner.js:10:10)
    at file:///home/siegfriedneto/projects/servicedeskn1/frontend/app/node_modules/@tanstack/react-router/dist/esm/Matches.js:38:39
    at Object.react_stack_bottom_frame (/home/siegfriedneto/projects/servicedeskn1/frontend/app/node_modules/react-dom/cjs/react-dom-client.development.js:25989:20)
    at runWithFiberInDEV (/home/siegfriedneto/projects/servicedeskn1/frontend/app/node_modules/react-dom/cjs/react-dom-client.development.js:874:13)
    at commitHookEffectListMount (/home/siegfriedneto/projects/servicedeskn1/frontend/app/node_modules/react-dom/cjs/react-dom-client.development.js:13249:29) undefined
Error: Not implemented: window.scrollTo
    at module.exports (/home/siegfriedneto/projects/servicedeskn1/frontend/app/node_modules/jsdom/lib/jsdom/browser/not-implemented.js:9:17)
    at /home/siegfriedneto/projects/servicedeskn1/frontend/app/node_modules/jsdom/lib/jsdom/browser/Window.js:960:7
    at Object.fn (file:///home/siegfriedneto/projects/servicedeskn1/frontend/app/node_modules/@tanstack/router-core/dist/esm/scroll-restoration.js:180:27)
    at RouterCore.emit (file:///home/siegfriedneto/projects/servicedeskn1/frontend/app/node_modules/@tanstack/router-core/dist/esm/router.js:178:14)
    at file:///home/siegfriedneto/projects/servicedeskn1/frontend/app/node_modules/@tanstack/react-router/dist/esm/Transitioner.js:46:25
    at settleOwner (file:///home/siegfriedneto/projects/servicedeskn1/frontend/app/node_modules/@tanstack/react-router/dist/esm/Transitioner.js:10:10)
    at file:///home/siegfriedneto/projects/servicedeskn1/frontend/app/node_modules/@tanstack/react-router/dist/esm/Matches.js:38:39
    at Object.react_stack_bottom_frame (/home/siegfriedneto/projects/servicedeskn1/frontend/app/node_modules/react-dom/cjs/react-dom-client.development.js:25989:20)
    at runWithFiberInDEV (/home/siegfriedneto/projects/servicedeskn1/frontend/app/node_modules/react-dom/cjs/react-dom-client.development.js:874:13)
    at commitHookEffectListMount (/home/siegfriedneto/projects/servicedeskn1/frontend/app/node_modules/react-dom/cjs/react-dom-client.development.js:13249:29) undefined
Error: Not implemented: window.scrollTo
    at module.exports (/home/siegfriedneto/projects/servicedeskn1/frontend/app/node_modules/jsdom/lib/jsdom/browser/not-implemented.js:9:17)
    at /home/siegfriedneto/projects/servicedeskn1/frontend/app/node_modules/jsdom/lib/jsdom/browser/Window.js:960:7
    at Object.fn (file:///home/siegfriedneto/projects/servicedeskn1/frontend/app/node_modules/@tanstack/router-core/dist/esm/scroll-restoration.js:180:27)
    at RouterCore.emit (file:///home/siegfriedneto/projects/servicedeskn1/frontend/app/node_modules/@tanstack/router-core/dist/esm/router.js:178:14)
    at file:///home/siegfriedneto/projects/servicedeskn1/frontend/app/node_modules/@tanstack/react-router/dist/esm/Transitioner.js:46:25
    at settleOwner (file:///home/siegfriedneto/projects/servicedeskn1/frontend/app/node_modules/@tanstack/react-router/dist/esm/Transitioner.js:10:10)
    at file:///home/siegfriedneto/projects/servicedeskn1/frontend/app/node_modules/@tanstack/react-router/dist/esm/Matches.js:38:39
    at Object.react_stack_bottom_frame (/home/siegfriedneto/projects/servicedeskn1/frontend/app/node_modules/react-dom/cjs/react-dom-client.development.js:25989:20)
    at runWithFiberInDEV (/home/siegfriedneto/projects/servicedeskn1/frontend/app/node_modules/react-dom/cjs/react-dom-client.development.js:874:13)
    at commitHookEffectListMount (/home/siegfriedneto/projects/servicedeskn1/frontend/app/node_modules/react-dom/cjs/react-dom-client.development.js:13249:29) undefined
Error: Not implemented: window.scrollTo
    at module.exports (/home/siegfriedneto/projects/servicedeskn1/frontend/app/node_modules/jsdom/lib/jsdom/browser/not-implemented.js:9:17)
    at /home/siegfriedneto/projects/servicedeskn1/frontend/app/node_modules/jsdom/lib/jsdom/browser/Window.js:960:7
    at Object.fn (file:///home/siegfriedneto/projects/servicedeskn1/frontend/app/node_modules/@tanstack/router-core/dist/esm/scroll-restoration.js:180:27)
    at RouterCore.emit (file:///home/siegfriedneto/projects/servicedeskn1/frontend/app/node_modules/@tanstack/router-core/dist/esm/router.js:178:14)
    at file:///home/siegfriedneto/projects/servicedeskn1/frontend/app/node_modules/@tanstack/react-router/dist/esm/Transitioner.js:46:25
    at settleOwner (file:///home/siegfriedneto/projects/servicedeskn1/frontend/app/node_modules/@tanstack/react-router/dist/esm/Transitioner.js:10:10)
    at file:///home/siegfriedneto/projects/servicedeskn1/frontend/app/node_modules/@tanstack/react-router/dist/esm/Matches.js:38:39
    at Object.react_stack_bottom_frame (/home/siegfriedneto/projects/servicedeskn1/frontend/app/node_modules/react-dom/cjs/react-dom-client.development.js:25989:20)
    at runWithFiberInDEV (/home/siegfriedneto/projects/servicedeskn1/frontend/app/node_modules/react-dom/cjs/react-dom-client.development.js:874:13)
    at commitHookEffectListMount (/home/siegfriedneto/projects/servicedeskn1/frontend/app/node_modules/react-dom/cjs/react-dom-client.development.js:13249:29) undefined
Error: Not implemented: window.scrollTo
    at module.exports (/home/siegfriedneto/projects/servicedeskn1/frontend/app/node_modules/jsdom/lib/jsdom/browser/not-implemented.js:9:17)
    at /home/siegfriedneto/projects/servicedeskn1/frontend/app/node_modules/jsdom/lib/jsdom/browser/Window.js:960:7
    at Object.fn (file:///home/siegfriedneto/projects/servicedeskn1/frontend/app/node_modules/@tanstack/router-core/dist/esm/scroll-restoration.js:180:27)
    at RouterCore.emit (file:///home/siegfriedneto/projects/servicedeskn1/frontend/app/node_modules/@tanstack/router-core/dist/esm/router.js:178:14)
    at file:///home/siegfriedneto/projects/servicedeskn1/frontend/app/node_modules/@tanstack/react-router/dist/esm/Transitioner.js:46:25
    at settleOwner (file:///home/siegfriedneto/projects/servicedeskn1/frontend/app/node_modules/@tanstack/react-router/dist/esm/Transitioner.js:10:10)
    at file:///home/siegfriedneto/projects/servicedeskn1/frontend/app/node_modules/@tanstack/react-router/dist/esm/Matches.js:38:39
    at Object.react_stack_bottom_frame (/home/siegfriedneto/projects/servicedeskn1/frontend/app/node_modules/react-dom/cjs/react-dom-client.development.js:25989:20)
    at runWithFiberInDEV (/home/siegfriedneto/projects/servicedeskn1/frontend/app/node_modules/react-dom/cjs/react-dom-client.development.js:874:13)
    at commitHookEffectListMount (/home/siegfriedneto/projects/servicedeskn1/frontend/app/node_modules/react-dom/cjs/react-dom-client.development.js:13249:29) undefined
Error: Not implemented: window.scrollTo
    at module.exports (/home/siegfriedneto/projects/servicedeskn1/frontend/app/node_modules/jsdom/lib/jsdom/browser/not-implemented.js:9:17)
    at /home/siegfriedneto/projects/servicedeskn1/frontend/app/node_modules/jsdom/lib/jsdom/browser/Window.js:960:7
    at Object.fn (file:///home/siegfriedneto/projects/servicedeskn1/frontend/app/node_modules/@tanstack/router-core/dist/esm/scroll-restoration.js:180:27)
    at RouterCore.emit (file:///home/siegfriedneto/projects/servicedeskn1/frontend/app/node_modules/@tanstack/router-core/dist/esm/router.js:178:14)
    at file:///home/siegfriedneto/projects/servicedeskn1/frontend/app/node_modules/@tanstack/react-router/dist/esm/Transitioner.js:46:25
    at settleOwner (file:///home/siegfriedneto/projects/servicedeskn1/frontend/app/node_modules/@tanstack/react-router/dist/esm/Transitioner.js:10:10)
    at file:///home/siegfriedneto/projects/servicedeskn1/frontend/app/node_modules/@tanstack/react-router/dist/esm/Matches.js:38:39
    at Object.react_stack_bottom_frame (/home/siegfriedneto/projects/servicedeskn1/frontend/app/node_modules/react-dom/cjs/react-dom-client.development.js:25989:20)
    at runWithFiberInDEV (/home/siegfriedneto/projects/servicedeskn1/frontend/app/node_modules/react-dom/cjs/react-dom-client.development.js:874:13)
    at commitHookEffectListMount (/home/siegfriedneto/projects/servicedeskn1/frontend/app/node_modules/react-dom/cjs/react-dom-client.development.js:13249:29) undefined
Error: Not implemented: window.scrollTo
    at module.exports (/home/siegfriedneto/projects/servicedeskn1/frontend/app/node_modules/jsdom/lib/jsdom/browser/not-implemented.js:9:17)
    at /home/siegfriedneto/projects/servicedeskn1/frontend/app/node_modules/jsdom/lib/jsdom/browser/Window.js:960:7
    at Object.fn (file:///home/siegfriedneto/projects/servicedeskn1/frontend/app/node_modules/@tanstack/router-core/dist/esm/scroll-restoration.js:180:27)
    at RouterCore.emit (file:///home/siegfriedneto/projects/servicedeskn1/frontend/app/node_modules/@tanstack/router-core/dist/esm/router.js:178:14)
    at file:///home/siegfriedneto/projects/servicedeskn1/frontend/app/node_modules/@tanstack/router-core/dist/esm/load-client.js:943:46
    at Router.batch (file:///home/siegfriedneto/projects/servicedeskn1/frontend/app/node_modules/@tanstack/store/dist/esm/atom.js:39:5)
    at file:///home/siegfriedneto/projects/servicedeskn1/frontend/app/node_modules/@tanstack/router-core/dist/esm/load-client.js:936:10
    at runClientTransaction (file:///home/siegfriedneto/projects/servicedeskn1/frontend/app/node_modules/@tanstack/router-core/dist/esm/load-client.js:902:2)
    at loadClientRoute (file:///home/siegfriedneto/projects/servicedeskn1/frontend/app/node_modules/@tanstack/router-core/dist/esm/load-client.js:1034:2)
    at RouterCore.load (file:///home/siegfriedneto/projects/servicedeskn1/frontend/app/node_modules/@tanstack/router-core/dist/esm/router.js:489:4) undefined
Error: Not implemented: window.scrollTo
    at module.exports (/home/siegfriedneto/projects/servicedeskn1/frontend/app/node_modules/jsdom/lib/jsdom/browser/not-implemented.js:9:17)
    at /home/siegfriedneto/projects/servicedeskn1/frontend/app/node_modules/jsdom/lib/jsdom/browser/Window.js:960:7
    at Object.fn (file:///home/siegfriedneto/projects/servicedeskn1/frontend/app/node_modules/@tanstack/router-core/dist/esm/scroll-restoration.js:180:27)
    at RouterCore.emit (file:///home/siegfriedneto/projects/servicedeskn1/frontend/app/node_modules/@tanstack/router-core/dist/esm/router.js:178:14)
    at file:///home/siegfriedneto/projects/servicedeskn1/frontend/app/node_modules/@tanstack/react-router/dist/esm/Transitioner.js:46:25
    at settleOwner (file:///home/siegfriedneto/projects/servicedeskn1/frontend/app/node_modules/@tanstack/react-router/dist/esm/Transitioner.js:10:10)
    at file:///home/siegfriedneto/projects/servicedeskn1/frontend/app/node_modules/@tanstack/react-router/dist/esm/Matches.js:38:39
    at Object.react_stack_bottom_frame (/home/siegfriedneto/projects/servicedeskn1/frontend/app/node_modules/react-dom/cjs/react-dom-client.development.js:25989:20)
    at runWithFiberInDEV (/home/siegfriedneto/projects/servicedeskn1/frontend/app/node_modules/react-dom/cjs/react-dom-client.development.js:874:13)
    at commitHookEffectListMount (/home/siegfriedneto/projects/servicedeskn1/frontend/app/node_modules/react-dom/cjs/react-dom-client.development.js:13249:29) undefined
Error: Not implemented: window.scrollTo
    at module.exports (/home/siegfriedneto/projects/servicedeskn1/frontend/app/node_modules/jsdom/lib/jsdom/browser/not-implemented.js:9:17)
    at /home/siegfriedneto/projects/servicedeskn1/frontend/app/node_modules/jsdom/lib/jsdom/browser/Window.js:960:7
    at Object.fn (file:///home/siegfriedneto/projects/servicedeskn1/frontend/app/node_modules/@tanstack/router-core/dist/esm/scroll-restoration.js:180:27)
    at RouterCore.emit (file:///home/siegfriedneto/projects/servicedeskn1/frontend/app/node_modules/@tanstack/router-core/dist/esm/router.js:178:14)
    at file:///home/siegfriedneto/projects/servicedeskn1/frontend/app/node_modules/@tanstack/react-router/dist/esm/Transitioner.js:46:25
    at settleOwner (file:///home/siegfriedneto/projects/servicedeskn1/frontend/app/node_modules/@tanstack/react-router/dist/esm/Transitioner.js:10:10)
    at file:///home/siegfriedneto/projects/servicedeskn1/frontend/app/node_modules/@tanstack/react-router/dist/esm/Matches.js:38:39
    at Object.react_stack_bottom_frame (/home/siegfriedneto/projects/servicedeskn1/frontend/app/node_modules/react-dom/cjs/react-dom-client.development.js:25989:20)
    at runWithFiberInDEV (/home/siegfriedneto/projects/servicedeskn1/frontend/app/node_modules/react-dom/cjs/react-dom-client.development.js:874:13)
    at commitHookEffectListMount (/home/siegfriedneto/projects/servicedeskn1/frontend/app/node_modules/react-dom/cjs/react-dom-client.development.js:13249:29) undefined
Error: Not implemented: window.scrollTo
    at module.exports (/home/siegfriedneto/projects/servicedeskn1/frontend/app/node_modules/jsdom/lib/jsdom/browser/not-implemented.js:9:17)
    at /home/siegfriedneto/projects/servicedeskn1/frontend/app/node_modules/jsdom/lib/jsdom/browser/Window.js:960:7
    at Object.fn (file:///home/siegfriedneto/projects/servicedeskn1/frontend/app/node_modules/@tanstack/router-core/dist/esm/scroll-restoration.js:180:27)
    at RouterCore.emit (file:///home/siegfriedneto/projects/servicedeskn1/frontend/app/node_modules/@tanstack/router-core/dist/esm/router.js:178:14)
    at file:///home/siegfriedneto/projects/servicedeskn1/frontend/app/node_modules/@tanstack/react-router/dist/esm/Transitioner.js:46:25
    at settleOwner (file:///home/siegfriedneto/projects/servicedeskn1/frontend/app/node_modules/@tanstack/react-router/dist/esm/Transitioner.js:10:10)
    at file:///home/siegfriedneto/projects/servicedeskn1/frontend/app/node_modules/@tanstack/react-router/dist/esm/Matches.js:38:39
    at Object.react_stack_bottom_frame (/home/siegfriedneto/projects/servicedeskn1/frontend/app/node_modules/react-dom/cjs/react-dom-client.development.js:25989:20)
    at runWithFiberInDEV (/home/siegfriedneto/projects/servicedeskn1/frontend/app/node_modules/react-dom/cjs/react-dom-client.development.js:874:13)
    at commitHookEffectListMount (/home/siegfriedneto/projects/servicedeskn1/frontend/app/node_modules/react-dom/cjs/react-dom-client.development.js:13249:29) undefined
Error: Not implemented: window.scrollTo
    at module.exports (/home/siegfriedneto/projects/servicedeskn1/frontend/app/node_modules/jsdom/lib/jsdom/browser/not-implemented.js:9:17)
    at /home/siegfriedneto/projects/servicedeskn1/frontend/app/node_modules/jsdom/lib/jsdom/browser/Window.js:960:7
    at Object.fn (file:///home/siegfriedneto/projects/servicedeskn1/frontend/app/node_modules/@tanstack/router-core/dist/esm/scroll-restoration.js:180:27)
    at RouterCore.emit (file:///home/siegfriedneto/projects/servicedeskn1/frontend/app/node_modules/@tanstack/router-core/dist/esm/router.js:178:14)
    at file:///home/siegfriedneto/projects/servicedeskn1/frontend/app/node_modules/@tanstack/react-router/dist/esm/Transitioner.js:46:25
    at settleOwner (file:///home/siegfriedneto/projects/servicedeskn1/frontend/app/node_modules/@tanstack/react-router/dist/esm/Transitioner.js:10:10)
    at file:///home/siegfriedneto/projects/servicedeskn1/frontend/app/node_modules/@tanstack/react-router/dist/esm/Matches.js:38:39
    at Object.react_stack_bottom_frame (/home/siegfriedneto/projects/servicedeskn1/frontend/app/node_modules/react-dom/cjs/react-dom-client.development.js:25989:20)
    at runWithFiberInDEV (/home/siegfriedneto/projects/servicedeskn1/frontend/app/node_modules/react-dom/cjs/react-dom-client.development.js:874:13)
    at commitHookEffectListMount (/home/siegfriedneto/projects/servicedeskn1/frontend/app/node_modules/react-dom/cjs/react-dom-client.development.js:13249:29) undefined
Error: Not implemented: window.scrollTo
    at module.exports (/home/siegfriedneto/projects/servicedeskn1/frontend/app/node_modules/jsdom/lib/jsdom/browser/not-implemented.js:9:17)
    at /home/siegfriedneto/projects/servicedeskn1/frontend/app/node_modules/jsdom/lib/jsdom/browser/Window.js:960:7
    at Object.fn (file:///home/siegfriedneto/projects/servicedeskn1/frontend/app/node_modules/@tanstack/router-core/dist/esm/scroll-restoration.js:180:27)
    at RouterCore.emit (file:///home/siegfriedneto/projects/servicedeskn1/frontend/app/node_modules/@tanstack/router-core/dist/esm/router.js:178:14)
    at file:///home/siegfriedneto/projects/servicedeskn1/frontend/app/node_modules/@tanstack/react-router/dist/esm/Transitioner.js:46:25
    at settleOwner (file:///home/siegfriedneto/projects/servicedeskn1/frontend/app/node_modules/@tanstack/react-router/dist/esm/Transitioner.js:10:10)
    at file:///home/siegfriedneto/projects/servicedeskn1/frontend/app/node_modules/@tanstack/react-router/dist/esm/Matches.js:38:39
    at Object.react_stack_bottom_frame (/home/siegfriedneto/projects/servicedeskn1/frontend/app/node_modules/react-dom/cjs/react-dom-client.development.js:25989:20)
    at runWithFiberInDEV (/home/siegfriedneto/projects/servicedeskn1/frontend/app/node_modules/react-dom/cjs/react-dom-client.development.js:874:13)
    at commitHookEffectListMount (/home/siegfriedneto/projects/servicedeskn1/frontend/app/node_modules/react-dom/cjs/react-dom-client.development.js:13249:29) undefined
Error: Not implemented: window.scrollTo
    at module.exports (/home/siegfriedneto/projects/servicedeskn1/frontend/app/node_modules/jsdom/lib/jsdom/browser/not-implemented.js:9:17)
    at /home/siegfriedneto/projects/servicedeskn1/frontend/app/node_modules/jsdom/lib/jsdom/browser/Window.js:960:7
    at Object.fn (file:///home/siegfriedneto/projects/servicedeskn1/frontend/app/node_modules/@tanstack/router-core/dist/esm/scroll-restoration.js:180:27)
    at RouterCore.emit (file:///home/siegfriedneto/projects/servicedeskn1/frontend/app/node_modules/@tanstack/router-core/dist/esm/router.js:178:14)
    at file:///home/siegfriedneto/projects/servicedeskn1/frontend/app/node_modules/@tanstack/react-router/dist/esm/Transitioner.js:46:25
    at settleOwner (file:///home/siegfriedneto/projects/servicedeskn1/frontend/app/node_modules/@tanstack/react-router/dist/esm/Transitioner.js:10:10)
    at file:///home/siegfriedneto/projects/servicedeskn1/frontend/app/node_modules/@tanstack/react-router/dist/esm/Matches.js:38:39
    at Object.react_stack_bottom_frame (/home/siegfriedneto/projects/servicedeskn1/frontend/app/node_modules/react-dom/cjs/react-dom-client.development.js:25989:20)
    at runWithFiberInDEV (/home/siegfriedneto/projects/servicedeskn1/frontend/app/node_modules/react-dom/cjs/react-dom-client.development.js:874:13)
    at commitHookEffectListMount (/home/siegfriedneto/projects/servicedeskn1/frontend/app/node_modules/react-dom/cjs/react-dom-client.development.js:13249:29) undefined
Error: Not implemented: window.scrollTo
    at module.exports (/home/siegfriedneto/projects/servicedeskn1/frontend/app/node_modules/jsdom/lib/jsdom/browser/not-implemented.js:9:17)
    at /home/siegfriedneto/projects/servicedeskn1/frontend/app/node_modules/jsdom/lib/jsdom/browser/Window.js:960:7
    at Object.fn (file:///home/siegfriedneto/projects/servicedeskn1/frontend/app/node_modules/@tanstack/router-core/dist/esm/scroll-restoration.js:180:27)
    at RouterCore.emit (file:///home/siegfriedneto/projects/servicedeskn1/frontend/app/node_modules/@tanstack/router-core/dist/esm/router.js:178:14)
    at file:///home/siegfriedneto/projects/servicedeskn1/frontend/app/node_modules/@tanstack/router-core/dist/esm/load-client.js:943:46
    at Router.batch (file:///home/siegfriedneto/projects/servicedeskn1/frontend/app/node_modules/@tanstack/store/dist/esm/atom.js:39:5)
    at file:///home/siegfriedneto/projects/servicedeskn1/frontend/app/node_modules/@tanstack/router-core/dist/esm/load-client.js:936:10
    at runClientTransaction (file:///home/siegfriedneto/projects/servicedeskn1/frontend/app/node_modules/@tanstack/router-core/dist/esm/load-client.js:902:2)
    at loadClientRoute (file:///home/siegfriedneto/projects/servicedeskn1/frontend/app/node_modules/@tanstack/router-core/dist/esm/load-client.js:1034:2)
    at RouterCore.load (file:///home/siegfriedneto/projects/servicedeskn1/frontend/app/node_modules/@tanstack/router-core/dist/esm/router.js:489:4) undefined
Error: Not implemented: window.scrollTo
    at module.exports (/home/siegfriedneto/projects/servicedeskn1/frontend/app/node_modules/jsdom/lib/jsdom/browser/not-implemented.js:9:17)
    at /home/siegfriedneto/projects/servicedeskn1/frontend/app/node_modules/jsdom/lib/jsdom/browser/Window.js:960:7
    at Object.fn (file:///home/siegfriedneto/projects/servicedeskn1/frontend/app/node_modules/@tanstack/router-core/dist/esm/scroll-restoration.js:180:27)
    at RouterCore.emit (file:///home/siegfriedneto/projects/servicedeskn1/frontend/app/node_modules/@tanstack/router-core/dist/esm/router.js:178:14)
    at file:///home/siegfriedneto/projects/servicedeskn1/frontend/app/node_modules/@tanstack/router-core/dist/esm/load-client.js:943:46
    at Router.batch (file:///home/siegfriedneto/projects/servicedeskn1/frontend/app/node_modules/@tanstack/store/dist/esm/atom.js:39:5)
    at file:///home/siegfriedneto/projects/servicedeskn1/frontend/app/node_modules/@tanstack/router-core/dist/esm/load-client.js:936:10
    at runClientTransaction (file:///home/siegfriedneto/projects/servicedeskn1/frontend/app/node_modules/@tanstack/router-core/dist/esm/load-client.js:902:2)
    at loadClientRoute (file:///home/siegfriedneto/projects/servicedeskn1/frontend/app/node_modules/@tanstack/router-core/dist/esm/load-client.js:1034:2)
    at RouterCore.load (file:///home/siegfriedneto/projects/servicedeskn1/frontend/app/node_modules/@tanstack/router-core/dist/esm/router.js:489:4) undefined
Error: Not implemented: window.scrollTo
    at module.exports (/home/siegfriedneto/projects/servicedeskn1/frontend/app/node_modules/jsdom/lib/jsdom/browser/not-implemented.js:9:17)
    at /home/siegfriedneto/projects/servicedeskn1/frontend/app/node_modules/jsdom/lib/jsdom/browser/Window.js:960:7
    at Object.fn (file:///home/siegfriedneto/projects/servicedeskn1/frontend/app/node_modules/@tanstack/router-core/dist/esm/scroll-restoration.js:180:27)
    at RouterCore.emit (file:///home/siegfriedneto/projects/servicedeskn1/frontend/app/node_modules/@tanstack/router-core/dist/esm/router.js:178:14)
    at file:///home/siegfriedneto/projects/servicedeskn1/frontend/app/node_modules/@tanstack/react-router/dist/esm/Transitioner.js:46:25
    at settleOwner (file:///home/siegfriedneto/projects/servicedeskn1/frontend/app/node_modules/@tanstack/react-router/dist/esm/Transitioner.js:10:10)
    at file:///home/siegfriedneto/projects/servicedeskn1/frontend/app/node_modules/@tanstack/react-router/dist/esm/Matches.js:38:39
    at Object.react_stack_bottom_frame (/home/siegfriedneto/projects/servicedeskn1/frontend/app/node_modules/react-dom/cjs/react-dom-client.development.js:25989:20)
    at runWithFiberInDEV (/home/siegfriedneto/projects/servicedeskn1/frontend/app/node_modules/react-dom/cjs/react-dom-client.development.js:874:13)
    at commitHookEffectListMount (/home/siegfriedneto/projects/servicedeskn1/frontend/app/node_modules/react-dom/cjs/react-dom-client.development.js:13249:29) undefined
Error: Not implemented: window.scrollTo
    at module.exports (/home/siegfriedneto/projects/servicedeskn1/frontend/app/node_modules/jsdom/lib/jsdom/browser/not-implemented.js:9:17)
    at /home/siegfriedneto/projects/servicedeskn1/frontend/app/node_modules/jsdom/lib/jsdom/browser/Window.js:960:7
    at Object.fn (file:///home/siegfriedneto/projects/servicedeskn1/frontend/app/node_modules/@tanstack/router-core/dist/esm/scroll-restoration.js:180:27)
    at RouterCore.emit (file:///home/siegfriedneto/projects/servicedeskn1/frontend/app/node_modules/@tanstack/router-core/dist/esm/router.js:178:14)
    at file:///home/siegfriedneto/projects/servicedeskn1/frontend/app/node_modules/@tanstack/react-router/dist/esm/Transitioner.js:46:25
    at settleOwner (file:///home/siegfriedneto/projects/servicedeskn1/frontend/app/node_modules/@tanstack/react-router/dist/esm/Transitioner.js:10:10)
    at file:///home/siegfriedneto/projects/servicedeskn1/frontend/app/node_modules/@tanstack/react-router/dist/esm/Matches.js:38:39
    at Object.react_stack_bottom_frame (/home/siegfriedneto/projects/servicedeskn1/frontend/app/node_modules/react-dom/cjs/react-dom-client.development.js:25989:20)
    at runWithFiberInDEV (/home/siegfriedneto/projects/servicedeskn1/frontend/app/node_modules/react-dom/cjs/react-dom-client.development.js:874:13)
    at commitHookEffectListMount (/home/siegfriedneto/projects/servicedeskn1/frontend/app/node_modules/react-dom/cjs/react-dom-client.development.js:13249:29) undefined
Error: Not implemented: window.scrollTo
    at module.exports (/home/siegfriedneto/projects/servicedeskn1/frontend/app/node_modules/jsdom/lib/jsdom/browser/not-implemented.js:9:17)
    at /home/siegfriedneto/projects/servicedeskn1/frontend/app/node_modules/jsdom/lib/jsdom/browser/Window.js:960:7
    at Object.fn (file:///home/siegfriedneto/projects/servicedeskn1/frontend/app/node_modules/@tanstack/router-core/dist/esm/scroll-restoration.js:180:27)
    at RouterCore.emit (file:///home/siegfriedneto/projects/servicedeskn1/frontend/app/node_modules/@tanstack/router-core/dist/esm/router.js:178:14)
    at file:///home/siegfriedneto/projects/servicedeskn1/frontend/app/node_modules/@tanstack/react-router/dist/esm/Transitioner.js:46:25
    at settleOwner (file:///home/siegfriedneto/projects/servicedeskn1/frontend/app/node_modules/@tanstack/react-router/dist/esm/Transitioner.js:10:10)
    at file:///home/siegfriedneto/projects/servicedeskn1/frontend/app/node_modules/@tanstack/react-router/dist/esm/Matches.js:38:39
    at Object.react_stack_bottom_frame (/home/siegfriedneto/projects/servicedeskn1/frontend/app/node_modules/react-dom/cjs/react-dom-client.development.js:25989:20)
    at runWithFiberInDEV (/home/siegfriedneto/projects/servicedeskn1/frontend/app/node_modules/react-dom/cjs/react-dom-client.development.js:874:13)
    at commitHookEffectListMount (/home/siegfriedneto/projects/servicedeskn1/frontend/app/node_modules/react-dom/cjs/react-dom-client.development.js:13249:29) undefined
Error: Not implemented: window.scrollTo
    at module.exports (/home/siegfriedneto/projects/servicedeskn1/frontend/app/node_modules/jsdom/lib/jsdom/browser/not-implemented.js:9:17)
    at /home/siegfriedneto/projects/servicedeskn1/frontend/app/node_modules/jsdom/lib/jsdom/browser/Window.js:960:7
    at Object.fn (file:///home/siegfriedneto/projects/servicedeskn1/frontend/app/node_modules/@tanstack/router-core/dist/esm/scroll-restoration.js:180:27)
    at RouterCore.emit (file:///home/siegfriedneto/projects/servicedeskn1/frontend/app/node_modules/@tanstack/router-core/dist/esm/router.js:178:14)
    at file:///home/siegfriedneto/projects/servicedeskn1/frontend/app/node_modules/@tanstack/router-core/dist/esm/load-client.js:943:46
    at Router.batch (file:///home/siegfriedneto/projects/servicedeskn1/frontend/app/node_modules/@tanstack/store/dist/esm/atom.js:39:5)
    at file:///home/siegfriedneto/projects/servicedeskn1/frontend/app/node_modules/@tanstack/router-core/dist/esm/load-client.js:936:10
    at runClientTransaction (file:///home/siegfriedneto/projects/servicedeskn1/frontend/app/node_modules/@tanstack/router-core/dist/esm/load-client.js:902:2)
    at loadClientRoute (file:///home/siegfriedneto/projects/servicedeskn1/frontend/app/node_modules/@tanstack/router-core/dist/esm/load-client.js:1034:2)
    at RouterCore.load (file:///home/siegfriedneto/projects/servicedeskn1/frontend/app/node_modules/@tanstack/router-core/dist/esm/router.js:489:4) undefined
Error: Not implemented: window.scrollTo
    at module.exports (/home/siegfriedneto/projects/servicedeskn1/frontend/app/node_modules/jsdom/lib/jsdom/browser/not-implemented.js:9:17)
    at /home/siegfriedneto/projects/servicedeskn1/frontend/app/node_modules/jsdom/lib/jsdom/browser/Window.js:960:7
    at Object.fn (file:///home/siegfriedneto/projects/servicedeskn1/frontend/app/node_modules/@tanstack/router-core/dist/esm/scroll-restoration.js:180:27)
    at RouterCore.emit (file:///home/siegfriedneto/projects/servicedeskn1/frontend/app/node_modules/@tanstack/router-core/dist/esm/router.js:178:14)
    at file:///home/siegfriedneto/projects/servicedeskn1/frontend/app/node_modules/@tanstack/react-router/dist/esm/Transitioner.js:46:25
    at settleOwner (file:///home/siegfriedneto/projects/servicedeskn1/frontend/app/node_modules/@tanstack/react-router/dist/esm/Transitioner.js:10:10)
    at file:///home/siegfriedneto/projects/servicedeskn1/frontend/app/node_modules/@tanstack/react-router/dist/esm/Matches.js:38:39
    at Object.react_stack_bottom_frame (/home/siegfriedneto/projects/servicedeskn1/frontend/app/node_modules/react-dom/cjs/react-dom-client.development.js:25989:20)
    at runWithFiberInDEV (/home/siegfriedneto/projects/servicedeskn1/frontend/app/node_modules/react-dom/cjs/react-dom-client.development.js:874:13)
    at commitHookEffectListMount (/home/siegfriedneto/projects/servicedeskn1/frontend/app/node_modules/react-dom/cjs/react-dom-client.development.js:13249:29) undefined
Error: Not implemented: window.scrollTo
    at module.exports (/home/siegfriedneto/projects/servicedeskn1/frontend/app/node_modules/jsdom/lib/jsdom/browser/not-implemented.js:9:17)
    at /home/siegfriedneto/projects/servicedeskn1/frontend/app/node_modules/jsdom/lib/jsdom/browser/Window.js:960:7
    at Object.fn (file:///home/siegfriedneto/projects/servicedeskn1/frontend/app/node_modules/@tanstack/router-core/dist/esm/scroll-restoration.js:180:27)
    at RouterCore.emit (file:///home/siegfriedneto/projects/servicedeskn1/frontend/app/node_modules/@tanstack/router-core/dist/esm/router.js:178:14)
    at file:///home/siegfriedneto/projects/servicedeskn1/frontend/app/node_modules/@tanstack/react-router/dist/esm/Transitioner.js:46:25
    at settleOwner (file:///home/siegfriedneto/projects/servicedeskn1/frontend/app/node_modules/@tanstack/react-router/dist/esm/Transitioner.js:10:10)
    at file:///home/siegfriedneto/projects/servicedeskn1/frontend/app/node_modules/@tanstack/react-router/dist/esm/Matches.js:38:39
    at Object.react_stack_bottom_frame (/home/siegfriedneto/projects/servicedeskn1/frontend/app/node_modules/react-dom/cjs/react-dom-client.development.js:25989:20)
    at runWithFiberInDEV (/home/siegfriedneto/projects/servicedeskn1/frontend/app/node_modules/react-dom/cjs/react-dom-client.development.js:874:13)
    at commitHookEffectListMount (/home/siegfriedneto/projects/servicedeskn1/frontend/app/node_modules/react-dom/cjs/react-dom-client.development.js:13249:29) undefined
Error: Not implemented: window.scrollTo
    at module.exports (/home/siegfriedneto/projects/servicedeskn1/frontend/app/node_modules/jsdom/lib/jsdom/browser/not-implemented.js:9:17)
    at /home/siegfriedneto/projects/servicedeskn1/frontend/app/node_modules/jsdom/lib/jsdom/browser/Window.js:960:7
    at Object.fn (file:///home/siegfriedneto/projects/servicedeskn1/frontend/app/node_modules/@tanstack/router-core/dist/esm/scroll-restoration.js:180:27)
    at RouterCore.emit (file:///home/siegfriedneto/projects/servicedeskn1/frontend/app/node_modules/@tanstack/router-core/dist/esm/router.js:178:14)
    at file:///home/siegfriedneto/projects/servicedeskn1/frontend/app/node_modules/@tanstack/router-core/dist/esm/load-client.js:943:46
    at Router.batch (file:///home/siegfriedneto/projects/servicedeskn1/frontend/app/node_modules/@tanstack/store/dist/esm/atom.js:39:5)
    at file:///home/siegfriedneto/projects/servicedeskn1/frontend/app/node_modules/@tanstack/router-core/dist/esm/load-client.js:936:10
    at runClientTransaction (file:///home/siegfriedneto/projects/servicedeskn1/frontend/app/node_modules/@tanstack/router-core/dist/esm/load-client.js:902:2)
    at loadClientRoute (file:///home/siegfriedneto/projects/servicedeskn1/frontend/app/node_modules/@tanstack/router-core/dist/esm/load-client.js:1034:2)
    at RouterCore.load (file:///home/siegfriedneto/projects/servicedeskn1/frontend/app/node_modules/@tanstack/router-core/dist/esm/router.js:489:4) undefined
Error: Not implemented: window.scrollTo
    at module.exports (/home/siegfriedneto/projects/servicedeskn1/frontend/app/node_modules/jsdom/lib/jsdom/browser/not-implemented.js:9:17)
    at /home/siegfriedneto/projects/servicedeskn1/frontend/app/node_modules/jsdom/lib/jsdom/browser/Window.js:960:7
    at Object.fn (file:///home/siegfriedneto/projects/servicedeskn1/frontend/app/node_modules/@tanstack/router-core/dist/esm/scroll-restoration.js:180:27)
    at RouterCore.emit (file:///home/siegfriedneto/projects/servicedeskn1/frontend/app/node_modules/@tanstack/router-core/dist/esm/router.js:178:14)
    at file:///home/siegfriedneto/projects/servicedeskn1/frontend/app/node_modules/@tanstack/react-router/dist/esm/Transitioner.js:46:25
    at settleOwner (file:///home/siegfriedneto/projects/servicedeskn1/frontend/app/node_modules/@tanstack/react-router/dist/esm/Transitioner.js:10:10)
    at file:///home/siegfriedneto/projects/servicedeskn1/frontend/app/node_modules/@tanstack/react-router/dist/esm/Matches.js:38:39
    at Object.react_stack_bottom_frame (/home/siegfriedneto/projects/servicedeskn1/frontend/app/node_modules/react-dom/cjs/react-dom-client.development.js:25989:20)
    at runWithFiberInDEV (/home/siegfriedneto/projects/servicedeskn1/frontend/app/node_modules/react-dom/cjs/react-dom-client.development.js:874:13)
    at commitHookEffectListMount (/home/siegfriedneto/projects/servicedeskn1/frontend/app/node_modules/react-dom/cjs/react-dom-client.development.js:13249:29) undefined
Error: Not implemented: window.scrollTo
    at module.exports (/home/siegfriedneto/projects/servicedeskn1/frontend/app/node_modules/jsdom/lib/jsdom/browser/not-implemented.js:9:17)
    at /home/siegfriedneto/projects/servicedeskn1/frontend/app/node_modules/jsdom/lib/jsdom/browser/Window.js:960:7
    at Object.fn (file:///home/siegfriedneto/projects/servicedeskn1/frontend/app/node_modules/@tanstack/router-core/dist/esm/scroll-restoration.js:180:27)
    at RouterCore.emit (file:///home/siegfriedneto/projects/servicedeskn1/frontend/app/node_modules/@tanstack/router-core/dist/esm/router.js:178:14)
    at file:///home/siegfriedneto/projects/servicedeskn1/frontend/app/node_modules/@tanstack/react-router/dist/esm/Transitioner.js:46:25
    at settleOwner (file:///home/siegfriedneto/projects/servicedeskn1/frontend/app/node_modules/@tanstack/react-router/dist/esm/Transitioner.js:10:10)
    at file:///home/siegfriedneto/projects/servicedeskn1/frontend/app/node_modules/@tanstack/react-router/dist/esm/Matches.js:38:39
    at Object.react_stack_bottom_frame (/home/siegfriedneto/projects/servicedeskn1/frontend/app/node_modules/react-dom/cjs/react-dom-client.development.js:25989:20)
    at runWithFiberInDEV (/home/siegfriedneto/projects/servicedeskn1/frontend/app/node_modules/react-dom/cjs/react-dom-client.development.js:874:13)
    at commitHookEffectListMount (/home/siegfriedneto/projects/servicedeskn1/frontend/app/node_modules/react-dom/cjs/react-dom-client.development.js:13249:29) undefined
Error: Not implemented: window.scrollTo
    at module.exports (/home/siegfriedneto/projects/servicedeskn1/frontend/app/node_modules/jsdom/lib/jsdom/browser/not-implemented.js:9:17)
    at /home/siegfriedneto/projects/servicedeskn1/frontend/app/node_modules/jsdom/lib/jsdom/browser/Window.js:960:7
    at Object.fn (file:///home/siegfriedneto/projects/servicedeskn1/frontend/app/node_modules/@tanstack/router-core/dist/esm/scroll-restoration.js:180:27)
    at RouterCore.emit (file:///home/siegfriedneto/projects/servicedeskn1/frontend/app/node_modules/@tanstack/router-core/dist/esm/router.js:178:14)
    at file:///home/siegfriedneto/projects/servicedeskn1/frontend/app/node_modules/@tanstack/react-router/dist/esm/Transitioner.js:46:25
    at settleOwner (file:///home/siegfriedneto/projects/servicedeskn1/frontend/app/node_modules/@tanstack/react-router/dist/esm/Transitioner.js:10:10)
    at file:///home/siegfriedneto/projects/servicedeskn1/frontend/app/node_modules/@tanstack/react-router/dist/esm/Matches.js:38:39
    at Object.react_stack_bottom_frame (/home/siegfriedneto/projects/servicedeskn1/frontend/app/node_modules/react-dom/cjs/react-dom-client.development.js:25989:20)
    at runWithFiberInDEV (/home/siegfriedneto/projects/servicedeskn1/frontend/app/node_modules/react-dom/cjs/react-dom-client.development.js:874:13)
    at commitHookEffectListMount (/home/siegfriedneto/projects/servicedeskn1/frontend/app/node_modules/react-dom/cjs/react-dom-client.development.js:13249:29) undefined
Error: Not implemented: window.scrollTo
    at module.exports (/home/siegfriedneto/projects/servicedeskn1/frontend/app/node_modules/jsdom/lib/jsdom/browser/not-implemented.js:9:17)
    at /home/siegfriedneto/projects/servicedeskn1/frontend/app/node_modules/jsdom/lib/jsdom/browser/Window.js:960:7
    at Object.fn (file:///home/siegfriedneto/projects/servicedeskn1/frontend/app/node_modules/@tanstack/router-core/dist/esm/scroll-restoration.js:180:27)
    at RouterCore.emit (file:///home/siegfriedneto/projects/servicedeskn1/frontend/app/node_modules/@tanstack/router-core/dist/esm/router.js:178:14)
    at file:///home/siegfriedneto/projects/servicedeskn1/frontend/app/node_modules/@tanstack/router-core/dist/esm/load-client.js:943:46
    at Router.batch (file:///home/siegfriedneto/projects/servicedeskn1/frontend/app/node_modules/@tanstack/store/dist/esm/atom.js:39:5)
    at file:///home/siegfriedneto/projects/servicedeskn1/frontend/app/node_modules/@tanstack/router-core/dist/esm/load-client.js:936:10
    at runClientTransaction (file:///home/siegfriedneto/projects/servicedeskn1/frontend/app/node_modules/@tanstack/router-core/dist/esm/load-client.js:902:2)
    at loadClientRoute (file:///home/siegfriedneto/projects/servicedeskn1/frontend/app/node_modules/@tanstack/router-core/dist/esm/load-client.js:1034:2)
    at RouterCore.load (file:///home/siegfriedneto/projects/servicedeskn1/frontend/app/node_modules/@tanstack/router-core/dist/esm/router.js:489:4) undefined
Error: Not implemented: window.scrollTo
    at module.exports (/home/siegfriedneto/projects/servicedeskn1/frontend/app/node_modules/jsdom/lib/jsdom/browser/not-implemented.js:9:17)
    at /home/siegfriedneto/projects/servicedeskn1/frontend/app/node_modules/jsdom/lib/jsdom/browser/Window.js:960:7
    at Object.fn (file:///home/siegfriedneto/projects/servicedeskn1/frontend/app/node_modules/@tanstack/router-core/dist/esm/scroll-restoration.js:180:27)
    at RouterCore.emit (file:///home/siegfriedneto/projects/servicedeskn1/frontend/app/node_modules/@tanstack/router-core/dist/esm/router.js:178:14)
    at file:///home/siegfriedneto/projects/servicedeskn1/frontend/app/node_modules/@tanstack/react-router/dist/esm/Transitioner.js:46:25
    at settleOwner (file:///home/siegfriedneto/projects/servicedeskn1/frontend/app/node_modules/@tanstack/react-router/dist/esm/Transitioner.js:10:10)
    at file:///home/siegfriedneto/projects/servicedeskn1/frontend/app/node_modules/@tanstack/react-router/dist/esm/Matches.js:38:39
    at Object.react_stack_bottom_frame (/home/siegfriedneto/projects/servicedeskn1/frontend/app/node_modules/react-dom/cjs/react-dom-client.development.js:25989:20)
    at runWithFiberInDEV (/home/siegfriedneto/projects/servicedeskn1/frontend/app/node_modules/react-dom/cjs/react-dom-client.development.js:874:13)
    at commitHookEffectListMount (/home/siegfriedneto/projects/servicedeskn1/frontend/app/node_modules/react-dom/cjs/react-dom-client.development.js:13249:29) undefined
Error: Not implemented: window.scrollTo
    at module.exports (/home/siegfriedneto/projects/servicedeskn1/frontend/app/node_modules/jsdom/lib/jsdom/browser/not-implemented.js:9:17)
    at /home/siegfriedneto/projects/servicedeskn1/frontend/app/node_modules/jsdom/lib/jsdom/browser/Window.js:960:7
    at Object.fn (file:///home/siegfriedneto/projects/servicedeskn1/frontend/app/node_modules/@tanstack/router-core/dist/esm/scroll-restoration.js:180:27)
    at RouterCore.emit (file:///home/siegfriedneto/projects/servicedeskn1/frontend/app/node_modules/@tanstack/router-core/dist/esm/router.js:178:14)
    at file:///home/siegfriedneto/projects/servicedeskn1/frontend/app/node_modules/@tanstack/router-core/dist/esm/load-client.js:943:46
    at Router.batch (file:///home/siegfriedneto/projects/servicedeskn1/frontend/app/node_modules/@tanstack/store/dist/esm/atom.js:39:5)
    at file:///home/siegfriedneto/projects/servicedeskn1/frontend/app/node_modules/@tanstack/router-core/dist/esm/load-client.js:936:10
    at runClientTransaction (file:///home/siegfriedneto/projects/servicedeskn1/frontend/app/node_modules/@tanstack/router-core/dist/esm/load-client.js:902:2)
    at loadClientRoute (file:///home/siegfriedneto/projects/servicedeskn1/frontend/app/node_modules/@tanstack/router-core/dist/esm/load-client.js:1034:2)
    at RouterCore.load (file:///home/siegfriedneto/projects/servicedeskn1/frontend/app/node_modules/@tanstack/router-core/dist/esm/router.js:489:4) undefined
Error: Not implemented: window.scrollTo
    at module.exports (/home/siegfriedneto/projects/servicedeskn1/frontend/app/node_modules/jsdom/lib/jsdom/browser/not-implemented.js:9:17)
    at /home/siegfriedneto/projects/servicedeskn1/frontend/app/node_modules/jsdom/lib/jsdom/browser/Window.js:960:7
    at Object.fn (file:///home/siegfriedneto/projects/servicedeskn1/frontend/app/node_modules/@tanstack/router-core/dist/esm/scroll-restoration.js:180:27)
    at RouterCore.emit (file:///home/siegfriedneto/projects/servicedeskn1/frontend/app/node_modules/@tanstack/router-core/dist/esm/router.js:178:14)
    at file:///home/siegfriedneto/projects/servicedeskn1/frontend/app/node_modules/@tanstack/react-router/dist/esm/Transitioner.js:46:25
    at settleOwner (file:///home/siegfriedneto/projects/servicedeskn1/frontend/app/node_modules/@tanstack/react-router/dist/esm/Transitioner.js:10:10)
    at file:///home/siegfriedneto/projects/servicedeskn1/frontend/app/node_modules/@tanstack/react-router/dist/esm/Matches.js:38:39
    at Object.react_stack_bottom_frame (/home/siegfriedneto/projects/servicedeskn1/frontend/app/node_modules/react-dom/cjs/react-dom-client.development.js:25989:20)
    at runWithFiberInDEV (/home/siegfriedneto/projects/servicedeskn1/frontend/app/node_modules/react-dom/cjs/react-dom-client.development.js:874:13)
    at commitHookEffectListMount (/home/siegfriedneto/projects/servicedeskn1/frontend/app/node_modules/react-dom/cjs/react-dom-client.development.js:13249:29) undefined
Error: Not implemented: window.scrollTo
    at module.exports (/home/siegfriedneto/projects/servicedeskn1/frontend/app/node_modules/jsdom/lib/jsdom/browser/not-implemented.js:9:17)
    at /home/siegfriedneto/projects/servicedeskn1/frontend/app/node_modules/jsdom/lib/jsdom/browser/Window.js:960:7
    at Object.fn (file:///home/siegfriedneto/projects/servicedeskn1/frontend/app/node_modules/@tanstack/router-core/dist/esm/scroll-restoration.js:180:27)
    at RouterCore.emit (file:///home/siegfriedneto/projects/servicedeskn1/frontend/app/node_modules/@tanstack/router-core/dist/esm/router.js:178:14)
    at file:///home/siegfriedneto/projects/servicedeskn1/frontend/app/node_modules/@tanstack/react-router/dist/esm/Transitioner.js:46:25
    at settleOwner (file:///home/siegfriedneto/projects/servicedeskn1/frontend/app/node_modules/@tanstack/react-router/dist/esm/Transitioner.js:10:10)
    at file:///home/siegfriedneto/projects/servicedeskn1/frontend/app/node_modules/@tanstack/react-router/dist/esm/Matches.js:38:39
    at Object.react_stack_bottom_frame (/home/siegfriedneto/projects/servicedeskn1/frontend/app/node_modules/react-dom/cjs/react-dom-client.development.js:25989:20)
    at runWithFiberInDEV (/home/siegfriedneto/projects/servicedeskn1/frontend/app/node_modules/react-dom/cjs/react-dom-client.development.js:874:13)
    at commitHookEffectListMount (/home/siegfriedneto/projects/servicedeskn1/frontend/app/node_modules/react-dom/cjs/react-dom-client.development.js:13249:29) undefined
Error: Not implemented: window.scrollTo
    at module.exports (/home/siegfriedneto/projects/servicedeskn1/frontend/app/node_modules/jsdom/lib/jsdom/browser/not-implemented.js:9:17)
    at /home/siegfriedneto/projects/servicedeskn1/frontend/app/node_modules/jsdom/lib/jsdom/browser/Window.js:960:7
    at Object.fn (file:///home/siegfriedneto/projects/servicedeskn1/frontend/app/node_modules/@tanstack/router-core/dist/esm/scroll-restoration.js:180:27)
    at RouterCore.emit (file:///home/siegfriedneto/projects/servicedeskn1/frontend/app/node_modules/@tanstack/router-core/dist/esm/router.js:178:14)
    at file:///home/siegfriedneto/projects/servicedeskn1/frontend/app/node_modules/@tanstack/react-router/dist/esm/Transitioner.js:46:25
    at settleOwner (file:///home/siegfriedneto/projects/servicedeskn1/frontend/app/node_modules/@tanstack/react-router/dist/esm/Transitioner.js:10:10)
    at file:///home/siegfriedneto/projects/servicedeskn1/frontend/app/node_modules/@tanstack/react-router/dist/esm/Matches.js:38:39
    at Object.react_stack_bottom_frame (/home/siegfriedneto/projects/servicedeskn1/frontend/app/node_modules/react-dom/cjs/react-dom-client.development.js:25989:20)
    at runWithFiberInDEV (/home/siegfriedneto/projects/servicedeskn1/frontend/app/node_modules/react-dom/cjs/react-dom-client.development.js:874:13)
    at commitHookEffectListMount (/home/siegfriedneto/projects/servicedeskn1/frontend/app/node_modules/react-dom/cjs/react-dom-client.development.js:13249:29) undefined
Error: Not implemented: window.scrollTo
    at module.exports (/home/siegfriedneto/projects/servicedeskn1/frontend/app/node_modules/jsdom/lib/jsdom/browser/not-implemented.js:9:17)
    at /home/siegfriedneto/projects/servicedeskn1/frontend/app/node_modules/jsdom/lib/jsdom/browser/Window.js:960:7
    at Object.fn (file:///home/siegfriedneto/projects/servicedeskn1/frontend/app/node_modules/@tanstack/router-core/dist/esm/scroll-restoration.js:180:27)
    at RouterCore.emit (file:///home/siegfriedneto/projects/servicedeskn1/frontend/app/node_modules/@tanstack/router-core/dist/esm/router.js:178:14)
    at file:///home/siegfriedneto/projects/servicedeskn1/frontend/app/node_modules/@tanstack/react-router/dist/esm/Transitioner.js:46:25
    at settleOwner (file:///home/siegfriedneto/projects/servicedeskn1/frontend/app/node_modules/@tanstack/react-router/dist/esm/Transitioner.js:10:10)
    at file:///home/siegfriedneto/projects/servicedeskn1/frontend/app/node_modules/@tanstack/react-router/dist/esm/Matches.js:38:39
    at Object.react_stack_bottom_frame (/home/siegfriedneto/projects/servicedeskn1/frontend/app/node_modules/react-dom/cjs/react-dom-client.development.js:25989:20)
    at runWithFiberInDEV (/home/siegfriedneto/projects/servicedeskn1/frontend/app/node_modules/react-dom/cjs/react-dom-client.development.js:874:13)
    at commitHookEffectListMount (/home/siegfriedneto/projects/servicedeskn1/frontend/app/node_modules/react-dom/cjs/react-dom-client.development.js:13249:29) undefined
Error: Not implemented: window.scrollTo
    at module.exports (/home/siegfriedneto/projects/servicedeskn1/frontend/app/node_modules/jsdom/lib/jsdom/browser/not-implemented.js:9:17)
    at /home/siegfriedneto/projects/servicedeskn1/frontend/app/node_modules/jsdom/lib/jsdom/browser/Window.js:960:7
    at Object.fn (file:///home/siegfriedneto/projects/servicedeskn1/frontend/app/node_modules/@tanstack/router-core/dist/esm/scroll-restoration.js:180:27)
    at RouterCore.emit (file:///home/siegfriedneto/projects/servicedeskn1/frontend/app/node_modules/@tanstack/router-core/dist/esm/router.js:178:14)
    at file:///home/siegfriedneto/projects/servicedeskn1/frontend/app/node_modules/@tanstack/router-core/dist/esm/load-client.js:943:46
    at Router.batch (file:///home/siegfriedneto/projects/servicedeskn1/frontend/app/node_modules/@tanstack/store/dist/esm/atom.js:39:5)
    at file:///home/siegfriedneto/projects/servicedeskn1/frontend/app/node_modules/@tanstack/router-core/dist/esm/load-client.js:936:10
    at runClientTransaction (file:///home/siegfriedneto/projects/servicedeskn1/frontend/app/node_modules/@tanstack/router-core/dist/esm/load-client.js:902:2)
    at loadClientRoute (file:///home/siegfriedneto/projects/servicedeskn1/frontend/app/node_modules/@tanstack/router-core/dist/esm/load-client.js:1034:2)
    at RouterCore.load (file:///home/siegfriedneto/projects/servicedeskn1/frontend/app/node_modules/@tanstack/router-core/dist/esm/router.js:489:4) undefined
Error: Not implemented: window.scrollTo
    at module.exports (/home/siegfriedneto/projects/servicedeskn1/frontend/app/node_modules/jsdom/lib/jsdom/browser/not-implemented.js:9:17)
    at /home/siegfriedneto/projects/servicedeskn1/frontend/app/node_modules/jsdom/lib/jsdom/browser/Window.js:960:7
    at Object.fn (file:///home/siegfriedneto/projects/servicedeskn1/frontend/app/node_modules/@tanstack/router-core/dist/esm/scroll-restoration.js:180:27)
    at RouterCore.emit (file:///home/siegfriedneto/projects/servicedeskn1/frontend/app/node_modules/@tanstack/router-core/dist/esm/router.js:178:14)
    at file:///home/siegfriedneto/projects/servicedeskn1/frontend/app/node_modules/@tanstack/react-router/dist/esm/Transitioner.js:46:25
    at settleOwner (file:///home/siegfriedneto/projects/servicedeskn1/frontend/app/node_modules/@tanstack/react-router/dist/esm/Transitioner.js:10:10)
    at file:///home/siegfriedneto/projects/servicedeskn1/frontend/app/node_modules/@tanstack/react-router/dist/esm/Matches.js:38:39
    at Object.react_stack_bottom_frame (/home/siegfriedneto/projects/servicedeskn1/frontend/app/node_modules/react-dom/cjs/react-dom-client.development.js:25989:20)
    at runWithFiberInDEV (/home/siegfriedneto/projects/servicedeskn1/frontend/app/node_modules/react-dom/cjs/react-dom-client.development.js:874:13)
    at commitHookEffectListMount (/home/siegfriedneto/projects/servicedeskn1/frontend/app/node_modules/react-dom/cjs/react-dom-client.development.js:13249:29) undefined
Error: Not implemented: window.scrollTo
    at module.exports (/home/siegfriedneto/projects/servicedeskn1/frontend/app/node_modules/jsdom/lib/jsdom/browser/not-implemented.js:9:17)
    at /home/siegfriedneto/projects/servicedeskn1/frontend/app/node_modules/jsdom/lib/jsdom/browser/Window.js:960:7
    at Object.fn (file:///home/siegfriedneto/projects/servicedeskn1/frontend/app/node_modules/@tanstack/router-core/dist/esm/scroll-restoration.js:180:27)
    at RouterCore.emit (file:///home/siegfriedneto/projects/servicedeskn1/frontend/app/node_modules/@tanstack/router-core/dist/esm/router.js:178:14)
    at file:///home/siegfriedneto/projects/servicedeskn1/frontend/app/node_modules/@tanstack/router-core/dist/esm/load-client.js:943:46
    at Router.batch (file:///home/siegfriedneto/projects/servicedeskn1/frontend/app/node_modules/@tanstack/store/dist/esm/atom.js:39:5)
    at file:///home/siegfriedneto/projects/servicedeskn1/frontend/app/node_modules/@tanstack/router-core/dist/esm/load-client.js:936:10
    at runClientTransaction (file:///home/siegfriedneto/projects/servicedeskn1/frontend/app/node_modules/@tanstack/router-core/dist/esm/load-client.js:902:2)
    at loadClientRoute (file:///home/siegfriedneto/projects/servicedeskn1/frontend/app/node_modules/@tanstack/router-core/dist/esm/load-client.js:1034:2)
    at RouterCore.load (file:///home/siegfriedneto/projects/servicedeskn1/frontend/app/node_modules/@tanstack/router-core/dist/esm/router.js:489:4) undefined
Error: Not implemented: window.scrollTo
    at module.exports (/home/siegfriedneto/projects/servicedeskn1/frontend/app/node_modules/jsdom/lib/jsdom/browser/not-implemented.js:9:17)
    at /home/siegfriedneto/projects/servicedeskn1/frontend/app/node_modules/jsdom/lib/jsdom/browser/Window.js:960:7
    at Object.fn (file:///home/siegfriedneto/projects/servicedeskn1/frontend/app/node_modules/@tanstack/router-core/dist/esm/scroll-restoration.js:180:27)
    at RouterCore.emit (file:///home/siegfriedneto/projects/servicedeskn1/frontend/app/node_modules/@tanstack/router-core/dist/esm/router.js:178:14)
    at file:///home/siegfriedneto/projects/servicedeskn1/frontend/app/node_modules/@tanstack/react-router/dist/esm/Transitioner.js:46:25
    at settleOwner (file:///home/siegfriedneto/projects/servicedeskn1/frontend/app/node_modules/@tanstack/react-router/dist/esm/Transitioner.js:10:10)
    at file:///home/siegfriedneto/projects/servicedeskn1/frontend/app/node_modules/@tanstack/react-router/dist/esm/Matches.js:38:39
    at Object.react_stack_bottom_frame (/home/siegfriedneto/projects/servicedeskn1/frontend/app/node_modules/react-dom/cjs/react-dom-client.development.js:25989:20)
    at runWithFiberInDEV (/home/siegfriedneto/projects/servicedeskn1/frontend/app/node_modules/react-dom/cjs/react-dom-client.development.js:874:13)
    at commitHookEffectListMount (/home/siegfriedneto/projects/servicedeskn1/frontend/app/node_modules/react-dom/cjs/react-dom-client.development.js:13249:29) undefined
Error: Not implemented: window.scrollTo
    at module.exports (/home/siegfriedneto/projects/servicedeskn1/frontend/app/node_modules/jsdom/lib/jsdom/browser/not-implemented.js:9:17)
    at /home/siegfriedneto/projects/servicedeskn1/frontend/app/node_modules/jsdom/lib/jsdom/browser/Window.js:960:7
    at Object.fn (file:///home/siegfriedneto/projects/servicedeskn1/frontend/app/node_modules/@tanstack/router-core/dist/esm/scroll-restoration.js:180:27)
    at RouterCore.emit (file:///home/siegfriedneto/projects/servicedeskn1/frontend/app/node_modules/@tanstack/router-core/dist/esm/router.js:178:14)
    at file:///home/siegfriedneto/projects/servicedeskn1/frontend/app/node_modules/@tanstack/react-router/dist/esm/Transitioner.js:46:25
    at settleOwner (file:///home/siegfriedneto/projects/servicedeskn1/frontend/app/node_modules/@tanstack/react-router/dist/esm/Transitioner.js:10:10)
    at file:///home/siegfriedneto/projects/servicedeskn1/frontend/app/node_modules/@tanstack/react-router/dist/esm/Matches.js:38:39
    at Object.react_stack_bottom_frame (/home/siegfriedneto/projects/servicedeskn1/frontend/app/node_modules/react-dom/cjs/react-dom-client.development.js:25989:20)
    at runWithFiberInDEV (/home/siegfriedneto/projects/servicedeskn1/frontend/app/node_modules/react-dom/cjs/react-dom-client.development.js:874:13)
    at commitHookEffectListMount (/home/siegfriedneto/projects/servicedeskn1/frontend/app/node_modules/react-dom/cjs/react-dom-client.development.js:13249:29) undefined
Error: Not implemented: window.scrollTo
    at module.exports (/home/siegfriedneto/projects/servicedeskn1/frontend/app/node_modules/jsdom/lib/jsdom/browser/not-implemented.js:9:17)
    at /home/siegfriedneto/projects/servicedeskn1/frontend/app/node_modules/jsdom/lib/jsdom/browser/Window.js:960:7
    at Object.fn (file:///home/siegfriedneto/projects/servicedeskn1/frontend/app/node_modules/@tanstack/router-core/dist/esm/scroll-restoration.js:180:27)
    at RouterCore.emit (file:///home/siegfriedneto/projects/servicedeskn1/frontend/app/node_modules/@tanstack/router-core/dist/esm/router.js:178:14)
    at file:///home/siegfriedneto/projects/servicedeskn1/frontend/app/node_modules/@tanstack/router-core/dist/esm/load-client.js:943:46
    at Router.batch (file:///home/siegfriedneto/projects/servicedeskn1/frontend/app/node_modules/@tanstack/store/dist/esm/atom.js:39:5)
    at file:///home/siegfriedneto/projects/servicedeskn1/frontend/app/node_modules/@tanstack/router-core/dist/esm/load-client.js:936:10
    at runClientTransaction (file:///home/siegfriedneto/projects/servicedeskn1/frontend/app/node_modules/@tanstack/router-core/dist/esm/load-client.js:902:2)
    at loadClientRoute (file:///home/siegfriedneto/projects/servicedeskn1/frontend/app/node_modules/@tanstack/router-core/dist/esm/load-client.js:1034:2)
    at RouterCore.load (file:///home/siegfriedneto/projects/servicedeskn1/frontend/app/node_modules/@tanstack/router-core/dist/esm/router.js:489:4) undefined
Error: Not implemented: window.scrollTo
    at module.exports (/home/siegfriedneto/projects/servicedeskn1/frontend/app/node_modules/jsdom/lib/jsdom/browser/not-implemented.js:9:17)
    at /home/siegfriedneto/projects/servicedeskn1/frontend/app/node_modules/jsdom/lib/jsdom/browser/Window.js:960:7
    at Object.fn (file:///home/siegfriedneto/projects/servicedeskn1/frontend/app/node_modules/@tanstack/router-core/dist/esm/scroll-restoration.js:180:27)
    at RouterCore.emit (file:///home/siegfriedneto/projects/servicedeskn1/frontend/app/node_modules/@tanstack/router-core/dist/esm/router.js:178:14)
    at file:///home/siegfriedneto/projects/servicedeskn1/frontend/app/node_modules/@tanstack/react-router/dist/esm/Transitioner.js:46:25
    at settleOwner (file:///home/siegfriedneto/projects/servicedeskn1/frontend/app/node_modules/@tanstack/react-router/dist/esm/Transitioner.js:10:10)
    at file:///home/siegfriedneto/projects/servicedeskn1/frontend/app/node_modules/@tanstack/react-router/dist/esm/Matches.js:38:39
    at Object.react_stack_bottom_frame (/home/siegfriedneto/projects/servicedeskn1/frontend/app/node_modules/react-dom/cjs/react-dom-client.development.js:25989:20)
    at runWithFiberInDEV (/home/siegfriedneto/projects/servicedeskn1/frontend/app/node_modules/react-dom/cjs/react-dom-client.development.js:874:13)
    at commitHookEffectListMount (/home/siegfriedneto/projects/servicedeskn1/frontend/app/node_modules/react-dom/cjs/react-dom-client.development.js:13249:29) undefined
Error: Not implemented: window.scrollTo
    at module.exports (/home/siegfriedneto/projects/servicedeskn1/frontend/app/node_modules/jsdom/lib/jsdom/browser/not-implemented.js:9:17)
    at /home/siegfriedneto/projects/servicedeskn1/frontend/app/node_modules/jsdom/lib/jsdom/browser/Window.js:960:7
    at Object.fn (file:///home/siegfriedneto/projects/servicedeskn1/frontend/app/node_modules/@tanstack/router-core/dist/esm/scroll-restoration.js:180:27)
    at RouterCore.emit (file:///home/siegfriedneto/projects/servicedeskn1/frontend/app/node_modules/@tanstack/router-core/dist/esm/router.js:178:14)
    at file:///home/siegfriedneto/projects/servicedeskn1/frontend/app/node_modules/@tanstack/react-router/dist/esm/Transitioner.js:46:25
    at settleOwner (file:///home/siegfriedneto/projects/servicedeskn1/frontend/app/node_modules/@tanstack/react-router/dist/esm/Transitioner.js:10:10)
    at file:///home/siegfriedneto/projects/servicedeskn1/frontend/app/node_modules/@tanstack/react-router/dist/esm/Matches.js:38:39
    at Object.react_stack_bottom_frame (/home/siegfriedneto/projects/servicedeskn1/frontend/app/node_modules/react-dom/cjs/react-dom-client.development.js:25989:20)
    at runWithFiberInDEV (/home/siegfriedneto/projects/servicedeskn1/frontend/app/node_modules/react-dom/cjs/react-dom-client.development.js:874:13)
    at commitHookEffectListMount (/home/siegfriedneto/projects/servicedeskn1/frontend/app/node_modules/react-dom/cjs/react-dom-client.development.js:13249:29) undefined
Error: Not implemented: window.scrollTo
    at module.exports (/home/siegfriedneto/projects/servicedeskn1/frontend/app/node_modules/jsdom/lib/jsdom/browser/not-implemented.js:9:17)
    at /home/siegfriedneto/projects/servicedeskn1/frontend/app/node_modules/jsdom/lib/jsdom/browser/Window.js:960:7
    at Object.fn (file:///home/siegfriedneto/projects/servicedeskn1/frontend/app/node_modules/@tanstack/router-core/dist/esm/scroll-restoration.js:180:27)
    at RouterCore.emit (file:///home/siegfriedneto/projects/servicedeskn1/frontend/app/node_modules/@tanstack/router-core/dist/esm/router.js:178:14)
    at file:///home/siegfriedneto/projects/servicedeskn1/frontend/app/node_modules/@tanstack/react-router/dist/esm/Transitioner.js:46:25
    at settleOwner (file:///home/siegfriedneto/projects/servicedeskn1/frontend/app/node_modules/@tanstack/react-router/dist/esm/Transitioner.js:10:10)
    at file:///home/siegfriedneto/projects/servicedeskn1/frontend/app/node_modules/@tanstack/react-router/dist/esm/Matches.js:38:39
    at Object.react_stack_bottom_frame (/home/siegfriedneto/projects/servicedeskn1/frontend/app/node_modules/react-dom/cjs/react-dom-client.development.js:25989:20)
    at runWithFiberInDEV (/home/siegfriedneto/projects/servicedeskn1/frontend/app/node_modules/react-dom/cjs/react-dom-client.development.js:874:13)
    at commitHookEffectListMount (/home/siegfriedneto/projects/servicedeskn1/frontend/app/node_modules/react-dom/cjs/react-dom-client.development.js:13249:29) undefined
Error: Not implemented: window.scrollTo
    at module.exports (/home/siegfriedneto/projects/servicedeskn1/frontend/app/node_modules/jsdom/lib/jsdom/browser/not-implemented.js:9:17)
    at /home/siegfriedneto/projects/servicedeskn1/frontend/app/node_modules/jsdom/lib/jsdom/browser/Window.js:960:7
    at Object.fn (file:///home/siegfriedneto/projects/servicedeskn1/frontend/app/node_modules/@tanstack/router-core/dist/esm/scroll-restoration.js:180:27)
    at RouterCore.emit (file:///home/siegfriedneto/projects/servicedeskn1/frontend/app/node_modules/@tanstack/router-core/dist/esm/router.js:178:14)
    at file:///home/siegfriedneto/projects/servicedeskn1/frontend/app/node_modules/@tanstack/react-router/dist/esm/Transitioner.js:46:25
    at settleOwner (file:///home/siegfriedneto/projects/servicedeskn1/frontend/app/node_modules/@tanstack/react-router/dist/esm/Transitioner.js:10:10)
    at file:///home/siegfriedneto/projects/servicedeskn1/frontend/app/node_modules/@tanstack/react-router/dist/esm/Matches.js:38:39
    at Object.react_stack_bottom_frame (/home/siegfriedneto/projects/servicedeskn1/frontend/app/node_modules/react-dom/cjs/react-dom-client.development.js:25989:20)
    at runWithFiberInDEV (/home/siegfriedneto/projects/servicedeskn1/frontend/app/node_modules/react-dom/cjs/react-dom-client.development.js:874:13)
    at commitHookEffectListMount (/home/siegfriedneto/projects/servicedeskn1/frontend/app/node_modules/react-dom/cjs/react-dom-client.development.js:13249:29) undefined
Error: Not implemented: window.scrollTo
    at module.exports (/home/siegfriedneto/projects/servicedeskn1/frontend/app/node_modules/jsdom/lib/jsdom/browser/not-implemented.js:9:17)
    at /home/siegfriedneto/projects/servicedeskn1/frontend/app/node_modules/jsdom/lib/jsdom/browser/Window.js:960:7
    at Object.fn (file:///home/siegfriedneto/projects/servicedeskn1/frontend/app/node_modules/@tanstack/router-core/dist/esm/scroll-restoration.js:180:27)
    at RouterCore.emit (file:///home/siegfriedneto/projects/servicedeskn1/frontend/app/node_modules/@tanstack/router-core/dist/esm/router.js:178:14)
    at file:///home/siegfriedneto/projects/servicedeskn1/frontend/app/node_modules/@tanstack/react-router/dist/esm/Transitioner.js:46:25
    at settleOwner (file:///home/siegfriedneto/projects/servicedeskn1/frontend/app/node_modules/@tanstack/react-router/dist/esm/Transitioner.js:10:10)
    at file:///home/siegfriedneto/projects/servicedeskn1/frontend/app/node_modules/@tanstack/react-router/dist/esm/Matches.js:38:39
    at Object.react_stack_bottom_frame (/home/siegfriedneto/projects/servicedeskn1/frontend/app/node_modules/react-dom/cjs/react-dom-client.development.js:25989:20)
    at runWithFiberInDEV (/home/siegfriedneto/projects/servicedeskn1/frontend/app/node_modules/react-dom/cjs/react-dom-client.development.js:874:13)
    at commitHookEffectListMount (/home/siegfriedneto/projects/servicedeskn1/frontend/app/node_modules/react-dom/cjs/react-dom-client.development.js:13249:29) undefined
Error: Not implemented: window.scrollTo
    at module.exports (/home/siegfriedneto/projects/servicedeskn1/frontend/app/node_modules/jsdom/lib/jsdom/browser/not-implemented.js:9:17)
    at /home/siegfriedneto/projects/servicedeskn1/frontend/app/node_modules/jsdom/lib/jsdom/browser/Window.js:960:7
    at Object.fn (file:///home/siegfriedneto/projects/servicedeskn1/frontend/app/node_modules/@tanstack/router-core/dist/esm/scroll-restoration.js:180:27)
    at RouterCore.emit (file:///home/siegfriedneto/projects/servicedeskn1/frontend/app/node_modules/@tanstack/router-core/dist/esm/router.js:178:14)
    at file:///home/siegfriedneto/projects/servicedeskn1/frontend/app/node_modules/@tanstack/react-router/dist/esm/Transitioner.js:46:25
    at settleOwner (file:///home/siegfriedneto/projects/servicedeskn1/frontend/app/node_modules/@tanstack/react-router/dist/esm/Transitioner.js:10:10)
    at file:///home/siegfriedneto/projects/servicedeskn1/frontend/app/node_modules/@tanstack/react-router/dist/esm/Matches.js:38:39
    at Object.react_stack_bottom_frame (/home/siegfriedneto/projects/servicedeskn1/frontend/app/node_modules/react-dom/cjs/react-dom-client.development.js:25989:20)
    at runWithFiberInDEV (/home/siegfriedneto/projects/servicedeskn1/frontend/app/node_modules/react-dom/cjs/react-dom-client.development.js:874:13)
    at commitHookEffectListMount (/home/siegfriedneto/projects/servicedeskn1/frontend/app/node_modules/react-dom/cjs/react-dom-client.development.js:13249:29) undefined
Error: Not implemented: window.scrollTo
    at module.exports (/home/siegfriedneto/projects/servicedeskn1/frontend/app/node_modules/jsdom/lib/jsdom/browser/not-implemented.js:9:17)
    at /home/siegfriedneto/projects/servicedeskn1/frontend/app/node_modules/jsdom/lib/jsdom/browser/Window.js:960:7
    at Object.fn (file:///home/siegfriedneto/projects/servicedeskn1/frontend/app/node_modules/@tanstack/router-core/dist/esm/scroll-restoration.js:180:27)
    at RouterCore.emit (file:///home/siegfriedneto/projects/servicedeskn1/frontend/app/node_modules/@tanstack/router-core/dist/esm/router.js:178:14)
    at file:///home/siegfriedneto/projects/servicedeskn1/frontend/app/node_modules/@tanstack/router-core/dist/esm/load-client.js:943:46
    at Router.batch (file:///home/siegfriedneto/projects/servicedeskn1/frontend/app/node_modules/@tanstack/store/dist/esm/atom.js:39:5)
    at file:///home/siegfriedneto/projects/servicedeskn1/frontend/app/node_modules/@tanstack/router-core/dist/esm/load-client.js:936:10
    at runClientTransaction (file:///home/siegfriedneto/projects/servicedeskn1/frontend/app/node_modules/@tanstack/router-core/dist/esm/load-client.js:902:2)
    at loadClientRoute (file:///home/siegfriedneto/projects/servicedeskn1/frontend/app/node_modules/@tanstack/router-core/dist/esm/load-client.js:1034:2)
    at RouterCore.load (file:///home/siegfriedneto/projects/servicedeskn1/frontend/app/node_modules/@tanstack/router-core/dist/esm/router.js:489:4) undefined
Error: Not implemented: window.scrollTo
    at module.exports (/home/siegfriedneto/projects/servicedeskn1/frontend/app/node_modules/jsdom/lib/jsdom/browser/not-implemented.js:9:17)
    at /home/siegfriedneto/projects/servicedeskn1/frontend/app/node_modules/jsdom/lib/jsdom/browser/Window.js:960:7
    at Object.fn (file:///home/siegfriedneto/projects/servicedeskn1/frontend/app/node_modules/@tanstack/router-core/dist/esm/scroll-restoration.js:180:27)
    at RouterCore.emit (file:///home/siegfriedneto/projects/servicedeskn1/frontend/app/node_modules/@tanstack/router-core/dist/esm/router.js:178:14)
    at file:///home/siegfriedneto/projects/servicedeskn1/frontend/app/node_modules/@tanstack/router-core/dist/esm/load-client.js:943:46
    at Router.batch (file:///home/siegfriedneto/projects/servicedeskn1/frontend/app/node_modules/@tanstack/store/dist/esm/atom.js:39:5)
    at file:///home/siegfriedneto/projects/servicedeskn1/frontend/app/node_modules/@tanstack/router-core/dist/esm/load-client.js:936:10
    at runClientTransaction (file:///home/siegfriedneto/projects/servicedeskn1/frontend/app/node_modules/@tanstack/router-core/dist/esm/load-client.js:902:2)
    at loadClientRoute (file:///home/siegfriedneto/projects/servicedeskn1/frontend/app/node_modules/@tanstack/router-core/dist/esm/load-client.js:1034:2)
    at RouterCore.load (file:///home/siegfriedneto/projects/servicedeskn1/frontend/app/node_modules/@tanstack/router-core/dist/esm/router.js:489:4) undefined
Error: Not implemented: window.scrollTo
    at module.exports (/home/siegfriedneto/projects/servicedeskn1/frontend/app/node_modules/jsdom/lib/jsdom/browser/not-implemented.js:9:17)
    at /home/siegfriedneto/projects/servicedeskn1/frontend/app/node_modules/jsdom/lib/jsdom/browser/Window.js:960:7
    at Object.fn (file:///home/siegfriedneto/projects/servicedeskn1/frontend/app/node_modules/@tanstack/router-core/dist/esm/scroll-restoration.js:180:27)
    at RouterCore.emit (file:///home/siegfriedneto/projects/servicedeskn1/frontend/app/node_modules/@tanstack/router-core/dist/esm/router.js:178:14)
    at file:///home/siegfriedneto/projects/servicedeskn1/frontend/app/node_modules/@tanstack/react-router/dist/esm/Transitioner.js:46:25
    at settleOwner (file:///home/siegfriedneto/projects/servicedeskn1/frontend/app/node_modules/@tanstack/react-router/dist/esm/Transitioner.js:10:10)
    at file:///home/siegfriedneto/projects/servicedeskn1/frontend/app/node_modules/@tanstack/react-router/dist/esm/Matches.js:38:39
    at Object.react_stack_bottom_frame (/home/siegfriedneto/projects/servicedeskn1/frontend/app/node_modules/react-dom/cjs/react-dom-client.development.js:25989:20)
    at runWithFiberInDEV (/home/siegfriedneto/projects/servicedeskn1/frontend/app/node_modules/react-dom/cjs/react-dom-client.development.js:874:13)
    at commitHookEffectListMount (/home/siegfriedneto/projects/servicedeskn1/frontend/app/node_modules/react-dom/cjs/react-dom-client.development.js:13249:29) undefined
Error: Not implemented: window.scrollTo
    at module.exports (/home/siegfriedneto/projects/servicedeskn1/frontend/app/node_modules/jsdom/lib/jsdom/browser/not-implemented.js:9:17)
    at /home/siegfriedneto/projects/servicedeskn1/frontend/app/node_modules/jsdom/lib/jsdom/browser/Window.js:960:7
    at Object.fn (file:///home/siegfriedneto/projects/servicedeskn1/frontend/app/node_modules/@tanstack/router-core/dist/esm/scroll-restoration.js:180:27)
    at RouterCore.emit (file:///home/siegfriedneto/projects/servicedeskn1/frontend/app/node_modules/@tanstack/router-core/dist/esm/router.js:178:14)
    at file:///home/siegfriedneto/projects/servicedeskn1/frontend/app/node_modules/@tanstack/react-router/dist/esm/Transitioner.js:46:25
    at settleOwner (file:///home/siegfriedneto/projects/servicedeskn1/frontend/app/node_modules/@tanstack/react-router/dist/esm/Transitioner.js:10:10)
    at file:///home/siegfriedneto/projects/servicedeskn1/frontend/app/node_modules/@tanstack/react-router/dist/esm/Matches.js:38:39
    at Object.react_stack_bottom_frame (/home/siegfriedneto/projects/servicedeskn1/frontend/app/node_modules/react-dom/cjs/react-dom-client.development.js:25989:20)
    at runWithFiberInDEV (/home/siegfriedneto/projects/servicedeskn1/frontend/app/node_modules/react-dom/cjs/react-dom-client.development.js:874:13)
    at commitHookEffectListMount (/home/siegfriedneto/projects/servicedeskn1/frontend/app/node_modules/react-dom/cjs/react-dom-client.development.js:13249:29) undefined
Error: Not implemented: window.scrollTo
    at module.exports (/home/siegfriedneto/projects/servicedeskn1/frontend/app/node_modules/jsdom/lib/jsdom/browser/not-implemented.js:9:17)
    at /home/siegfriedneto/projects/servicedeskn1/frontend/app/node_modules/jsdom/lib/jsdom/browser/Window.js:960:7
    at Object.fn (file:///home/siegfriedneto/projects/servicedeskn1/frontend/app/node_modules/@tanstack/router-core/dist/esm/scroll-restoration.js:180:27)
    at RouterCore.emit (file:///home/siegfriedneto/projects/servicedeskn1/frontend/app/node_modules/@tanstack/router-core/dist/esm/router.js:178:14)
    at file:///home/siegfriedneto/projects/servicedeskn1/frontend/app/node_modules/@tanstack/router-core/dist/esm/load-client.js:943:46
    at Router.batch (file:///home/siegfriedneto/projects/servicedeskn1/frontend/app/node_modules/@tanstack/store/dist/esm/atom.js:39:5)
    at file:///home/siegfriedneto/projects/servicedeskn1/frontend/app/node_modules/@tanstack/router-core/dist/esm/load-client.js:936:10
    at runClientTransaction (file:///home/siegfriedneto/projects/servicedeskn1/frontend/app/node_modules/@tanstack/router-core/dist/esm/load-client.js:902:2)
    at loadClientRoute (file:///home/siegfriedneto/projects/servicedeskn1/frontend/app/node_modules/@tanstack/router-core/dist/esm/load-client.js:1034:2)
    at RouterCore.load (file:///home/siegfriedneto/projects/servicedeskn1/frontend/app/node_modules/@tanstack/router-core/dist/esm/router.js:489:4) undefined
Error: Not implemented: window.scrollTo
    at module.exports (/home/siegfriedneto/projects/servicedeskn1/frontend/app/node_modules/jsdom/lib/jsdom/browser/not-implemented.js:9:17)
    at /home/siegfriedneto/projects/servicedeskn1/frontend/app/node_modules/jsdom/lib/jsdom/browser/Window.js:960:7
    at Object.fn (file:///home/siegfriedneto/projects/servicedeskn1/frontend/app/node_modules/@tanstack/router-core/dist/esm/scroll-restoration.js:180:27)
    at RouterCore.emit (file:///home/siegfriedneto/projects/servicedeskn1/frontend/app/node_modules/@tanstack/router-core/dist/esm/router.js:178:14)
    at file:///home/siegfriedneto/projects/servicedeskn1/frontend/app/node_modules/@tanstack/react-router/dist/esm/Transitioner.js:46:25
    at settleOwner (file:///home/siegfriedneto/projects/servicedeskn1/frontend/app/node_modules/@tanstack/react-router/dist/esm/Transitioner.js:10:10)
    at file:///home/siegfriedneto/projects/servicedeskn1/frontend/app/node_modules/@tanstack/react-router/dist/esm/Matches.js:38:39
    at Object.react_stack_bottom_frame (/home/siegfriedneto/projects/servicedeskn1/frontend/app/node_modules/react-dom/cjs/react-dom-client.development.js:25989:20)
    at runWithFiberInDEV (/home/siegfriedneto/projects/servicedeskn1/frontend/app/node_modules/react-dom/cjs/react-dom-client.development.js:874:13)
    at commitHookEffectListMount (/home/siegfriedneto/projects/servicedeskn1/frontend/app/node_modules/react-dom/cjs/react-dom-client.development.js:13249:29) undefined
Error: Not implemented: window.scrollTo
    at module.exports (/home/siegfriedneto/projects/servicedeskn1/frontend/app/node_modules/jsdom/lib/jsdom/browser/not-implemented.js:9:17)
    at /home/siegfriedneto/projects/servicedeskn1/frontend/app/node_modules/jsdom/lib/jsdom/browser/Window.js:960:7
    at Object.fn (file:///home/siegfriedneto/projects/servicedeskn1/frontend/app/node_modules/@tanstack/router-core/dist/esm/scroll-restoration.js:180:27)
    at RouterCore.emit (file:///home/siegfriedneto/projects/servicedeskn1/frontend/app/node_modules/@tanstack/router-core/dist/esm/router.js:178:14)
    at file:///home/siegfriedneto/projects/servicedeskn1/frontend/app/node_modules/@tanstack/react-router/dist/esm/Transitioner.js:46:25
    at settleOwner (file:///home/siegfriedneto/projects/servicedeskn1/frontend/app/node_modules/@tanstack/react-router/dist/esm/Transitioner.js:10:10)
    at file:///home/siegfriedneto/projects/servicedeskn1/frontend/app/node_modules/@tanstack/react-router/dist/esm/Matches.js:38:39
    at Object.react_stack_bottom_frame (/home/siegfriedneto/projects/servicedeskn1/frontend/app/node_modules/react-dom/cjs/react-dom-client.development.js:25989:20)
    at runWithFiberInDEV (/home/siegfriedneto/projects/servicedeskn1/frontend/app/node_modules/react-dom/cjs/react-dom-client.development.js:874:13)
    at commitHookEffectListMount (/home/siegfriedneto/projects/servicedeskn1/frontend/app/node_modules/react-dom/cjs/react-dom-client.development.js:13249:29) undefined
Error: Not implemented: window.scrollTo
    at module.exports (/home/siegfriedneto/projects/servicedeskn1/frontend/app/node_modules/jsdom/lib/jsdom/browser/not-implemented.js:9:17)
    at /home/siegfriedneto/projects/servicedeskn1/frontend/app/node_modules/jsdom/lib/jsdom/browser/Window.js:960:7
    at Object.fn (file:///home/siegfriedneto/projects/servicedeskn1/frontend/app/node_modules/@tanstack/router-core/dist/esm/scroll-restoration.js:180:27)
    at RouterCore.emit (file:///home/siegfriedneto/projects/servicedeskn1/frontend/app/node_modules/@tanstack/router-core/dist/esm/router.js:178:14)
    at file:///home/siegfriedneto/projects/servicedeskn1/frontend/app/node_modules/@tanstack/router-core/dist/esm/load-client.js:943:46
    at Router.batch (file:///home/siegfriedneto/projects/servicedeskn1/frontend/app/node_modules/@tanstack/store/dist/esm/atom.js:39:5)
    at file:///home/siegfriedneto/projects/servicedeskn1/frontend/app/node_modules/@tanstack/router-core/dist/esm/load-client.js:936:10
    at runClientTransaction (file:///home/siegfriedneto/projects/servicedeskn1/frontend/app/node_modules/@tanstack/router-core/dist/esm/load-client.js:902:2)
    at loadClientRoute (file:///home/siegfriedneto/projects/servicedeskn1/frontend/app/node_modules/@tanstack/router-core/dist/esm/load-client.js:1034:2)
    at RouterCore.load (file:///home/siegfriedneto/projects/servicedeskn1/frontend/app/node_modules/@tanstack/router-core/dist/esm/router.js:489:4) undefined
Error: Not implemented: window.scrollTo
    at module.exports (/home/siegfriedneto/projects/servicedeskn1/frontend/app/node_modules/jsdom/lib/jsdom/browser/not-implemented.js:9:17)
    at /home/siegfriedneto/projects/servicedeskn1/frontend/app/node_modules/jsdom/lib/jsdom/browser/Window.js:960:7
    at Object.fn (file:///home/siegfriedneto/projects/servicedeskn1/frontend/app/node_modules/@tanstack/router-core/dist/esm/scroll-restoration.js:180:27)
    at RouterCore.emit (file:///home/siegfriedneto/projects/servicedeskn1/frontend/app/node_modules/@tanstack/router-core/dist/esm/router.js:178:14)
    at file:///home/siegfriedneto/projects/servicedeskn1/frontend/app/node_modules/@tanstack/react-router/dist/esm/Transitioner.js:46:25
    at settleOwner (file:///home/siegfriedneto/projects/servicedeskn1/frontend/app/node_modules/@tanstack/react-router/dist/esm/Transitioner.js:10:10)
    at file:///home/siegfriedneto/projects/servicedeskn1/frontend/app/node_modules/@tanstack/react-router/dist/esm/Matches.js:38:39
    at Object.react_stack_bottom_frame (/home/siegfriedneto/projects/servicedeskn1/frontend/app/node_modules/react-dom/cjs/react-dom-client.development.js:25989:20)
    at runWithFiberInDEV (/home/siegfriedneto/projects/servicedeskn1/frontend/app/node_modules/react-dom/cjs/react-dom-client.development.js:874:13)
    at commitHookEffectListMount (/home/siegfriedneto/projects/servicedeskn1/frontend/app/node_modules/react-dom/cjs/react-dom-client.development.js:13249:29) undefined
Error: Not implemented: window.scrollTo
    at module.exports (/home/siegfriedneto/projects/servicedeskn1/frontend/app/node_modules/jsdom/lib/jsdom/browser/not-implemented.js:9:17)
    at /home/siegfriedneto/projects/servicedeskn1/frontend/app/node_modules/jsdom/lib/jsdom/browser/Window.js:960:7
    at Object.fn (file:///home/siegfriedneto/projects/servicedeskn1/frontend/app/node_modules/@tanstack/router-core/dist/esm/scroll-restoration.js:180:27)
    at RouterCore.emit (file:///home/siegfriedneto/projects/servicedeskn1/frontend/app/node_modules/@tanstack/router-core/dist/esm/router.js:178:14)
    at file:///home/siegfriedneto/projects/servicedeskn1/frontend/app/node_modules/@tanstack/router-core/dist/esm/load-client.js:943:46
    at Router.batch (file:///home/siegfriedneto/projects/servicedeskn1/frontend/app/node_modules/@tanstack/store/dist/esm/atom.js:39:5)
    at file:///home/siegfriedneto/projects/servicedeskn1/frontend/app/node_modules/@tanstack/router-core/dist/esm/load-client.js:936:10
    at runClientTransaction (file:///home/siegfriedneto/projects/servicedeskn1/frontend/app/node_modules/@tanstack/router-core/dist/esm/load-client.js:902:2)
    at loadClientRoute (file:///home/siegfriedneto/projects/servicedeskn1/frontend/app/node_modules/@tanstack/router-core/dist/esm/load-client.js:1034:2)
    at RouterCore.load (file:///home/siegfriedneto/projects/servicedeskn1/frontend/app/node_modules/@tanstack/router-core/dist/esm/router.js:489:4) undefined
Error: Not implemented: window.scrollTo
    at module.exports (/home/siegfriedneto/projects/servicedeskn1/frontend/app/node_modules/jsdom/lib/jsdom/browser/not-implemented.js:9:17)
    at /home/siegfriedneto/projects/servicedeskn1/frontend/app/node_modules/jsdom/lib/jsdom/browser/Window.js:960:7
    at Object.fn (file:///home/siegfriedneto/projects/servicedeskn1/frontend/app/node_modules/@tanstack/router-core/dist/esm/scroll-restoration.js:180:27)
    at RouterCore.emit (file:///home/siegfriedneto/projects/servicedeskn1/frontend/app/node_modules/@tanstack/router-core/dist/esm/router.js:178:14)
    at file:///home/siegfriedneto/projects/servicedeskn1/frontend/app/node_modules/@tanstack/react-router/dist/esm/Transitioner.js:46:25
    at settleOwner (file:///home/siegfriedneto/projects/servicedeskn1/frontend/app/node_modules/@tanstack/react-router/dist/esm/Transitioner.js:10:10)
    at file:///home/siegfriedneto/projects/servicedeskn1/frontend/app/node_modules/@tanstack/react-router/dist/esm/Matches.js:38:39
    at Object.react_stack_bottom_frame (/home/siegfriedneto/projects/servicedeskn1/frontend/app/node_modules/react-dom/cjs/react-dom-client.development.js:25989:20)
    at runWithFiberInDEV (/home/siegfriedneto/projects/servicedeskn1/frontend/app/node_modules/react-dom/cjs/react-dom-client.development.js:874:13)
    at commitHookEffectListMount (/home/siegfriedneto/projects/servicedeskn1/frontend/app/node_modules/react-dom/cjs/react-dom-client.development.js:13249:29) undefined
Error: Not implemented: window.scrollTo
    at module.exports (/home/siegfriedneto/projects/servicedeskn1/frontend/app/node_modules/jsdom/lib/jsdom/browser/not-implemented.js:9:17)
    at /home/siegfriedneto/projects/servicedeskn1/frontend/app/node_modules/jsdom/lib/jsdom/browser/Window.js:960:7
    at Object.fn (file:///home/siegfriedneto/projects/servicedeskn1/frontend/app/node_modules/@tanstack/router-core/dist/esm/scroll-restoration.js:180:27)
    at RouterCore.emit (file:///home/siegfriedneto/projects/servicedeskn1/frontend/app/node_modules/@tanstack/router-core/dist/esm/router.js:178:14)
    at file:///home/siegfriedneto/projects/servicedeskn1/frontend/app/node_modules/@tanstack/react-router/dist/esm/Transitioner.js:46:25
    at settleOwner (file:///home/siegfriedneto/projects/servicedeskn1/frontend/app/node_modules/@tanstack/react-router/dist/esm/Transitioner.js:10:10)
    at file:///home/siegfriedneto/projects/servicedeskn1/frontend/app/node_modules/@tanstack/react-router/dist/esm/Matches.js:38:39
    at Object.react_stack_bottom_frame (/home/siegfriedneto/projects/servicedeskn1/frontend/app/node_modules/react-dom/cjs/react-dom-client.development.js:25989:20)
    at runWithFiberInDEV (/home/siegfriedneto/projects/servicedeskn1/frontend/app/node_modules/react-dom/cjs/react-dom-client.development.js:874:13)
    at commitHookEffectListMount (/home/siegfriedneto/projects/servicedeskn1/frontend/app/node_modules/react-dom/cjs/react-dom-client.development.js:13249:29) undefined
Error: Not implemented: window.scrollTo
    at module.exports (/home/siegfriedneto/projects/servicedeskn1/frontend/app/node_modules/jsdom/lib/jsdom/browser/not-implemented.js:9:17)
    at /home/siegfriedneto/projects/servicedeskn1/frontend/app/node_modules/jsdom/lib/jsdom/browser/Window.js:960:7
    at Object.fn (file:///home/siegfriedneto/projects/servicedeskn1/frontend/app/node_modules/@tanstack/router-core/dist/esm/scroll-restoration.js:180:27)
    at RouterCore.emit (file:///home/siegfriedneto/projects/servicedeskn1/frontend/app/node_modules/@tanstack/router-core/dist/esm/router.js:178:14)
    at file:///home/siegfriedneto/projects/servicedeskn1/frontend/app/node_modules/@tanstack/react-router/dist/esm/Transitioner.js:46:25
    at settleOwner (file:///home/siegfriedneto/projects/servicedeskn1/frontend/app/node_modules/@tanstack/react-router/dist/esm/Transitioner.js:10:10)
    at file:///home/siegfriedneto/projects/servicedeskn1/frontend/app/node_modules/@tanstack/react-router/dist/esm/Matches.js:38:39
    at Object.react_stack_bottom_frame (/home/siegfriedneto/projects/servicedeskn1/frontend/app/node_modules/react-dom/cjs/react-dom-client.development.js:25989:20)
    at runWithFiberInDEV (/home/siegfriedneto/projects/servicedeskn1/frontend/app/node_modules/react-dom/cjs/react-dom-client.development.js:874:13)
    at commitHookEffectListMount (/home/siegfriedneto/projects/servicedeskn1/frontend/app/node_modules/react-dom/cjs/react-dom-client.development.js:13249:29) undefined
Error: Not implemented: window.scrollTo
    at module.exports (/home/siegfriedneto/projects/servicedeskn1/frontend/app/node_modules/jsdom/lib/jsdom/browser/not-implemented.js:9:17)
    at /home/siegfriedneto/projects/servicedeskn1/frontend/app/node_modules/jsdom/lib/jsdom/browser/Window.js:960:7
    at Object.fn (file:///home/siegfriedneto/projects/servicedeskn1/frontend/app/node_modules/@tanstack/router-core/dist/esm/scroll-restoration.js:180:27)
    at RouterCore.emit (file:///home/siegfriedneto/projects/servicedeskn1/frontend/app/node_modules/@tanstack/router-core/dist/esm/router.js:178:14)
    at file:///home/siegfriedneto/projects/servicedeskn1/frontend/app/node_modules/@tanstack/react-router/dist/esm/Transitioner.js:46:25
    at settleOwner (file:///home/siegfriedneto/projects/servicedeskn1/frontend/app/node_modules/@tanstack/react-router/dist/esm/Transitioner.js:10:10)
    at file:///home/siegfriedneto/projects/servicedeskn1/frontend/app/node_modules/@tanstack/react-router/dist/esm/Matches.js:38:39
    at Object.react_stack_bottom_frame (/home/siegfriedneto/projects/servicedeskn1/frontend/app/node_modules/react-dom/cjs/react-dom-client.development.js:25989:20)
    at runWithFiberInDEV (/home/siegfriedneto/projects/servicedeskn1/frontend/app/node_modules/react-dom/cjs/react-dom-client.development.js:874:13)
    at commitHookEffectListMount (/home/siegfriedneto/projects/servicedeskn1/frontend/app/node_modules/react-dom/cjs/react-dom-client.development.js:13249:29) undefined
Error: Not implemented: window.scrollTo
    at module.exports (/home/siegfriedneto/projects/servicedeskn1/frontend/app/node_modules/jsdom/lib/jsdom/browser/not-implemented.js:9:17)
    at /home/siegfriedneto/projects/servicedeskn1/frontend/app/node_modules/jsdom/lib/jsdom/browser/Window.js:960:7
    at Object.fn (file:///home/siegfriedneto/projects/servicedeskn1/frontend/app/node_modules/@tanstack/router-core/dist/esm/scroll-restoration.js:180:27)
    at RouterCore.emit (file:///home/siegfriedneto/projects/servicedeskn1/frontend/app/node_modules/@tanstack/router-core/dist/esm/router.js:178:14)
    at file:///home/siegfriedneto/projects/servicedeskn1/frontend/app/node_modules/@tanstack/react-router/dist/esm/Transitioner.js:46:25
    at settleOwner (file:///home/siegfriedneto/projects/servicedeskn1/frontend/app/node_modules/@tanstack/react-router/dist/esm/Transitioner.js:10:10)
    at file:///home/siegfriedneto/projects/servicedeskn1/frontend/app/node_modules/@tanstack/react-router/dist/esm/Matches.js:38:39
    at Object.react_stack_bottom_frame (/home/siegfriedneto/projects/servicedeskn1/frontend/app/node_modules/react-dom/cjs/react-dom-client.development.js:25989:20)
    at runWithFiberInDEV (/home/siegfriedneto/projects/servicedeskn1/frontend/app/node_modules/react-dom/cjs/react-dom-client.development.js:874:13)
    at commitHookEffectListMount (/home/siegfriedneto/projects/servicedeskn1/frontend/app/node_modules/react-dom/cjs/react-dom-client.development.js:13249:29) undefined
Error: Not implemented: window.scrollTo
    at module.exports (/home/siegfriedneto/projects/servicedeskn1/frontend/app/node_modules/jsdom/lib/jsdom/browser/not-implemented.js:9:17)
    at /home/siegfriedneto/projects/servicedeskn1/frontend/app/node_modules/jsdom/lib/jsdom/browser/Window.js:960:7
    at Object.fn (file:///home/siegfriedneto/projects/servicedeskn1/frontend/app/node_modules/@tanstack/router-core/dist/esm/scroll-restoration.js:180:27)
    at RouterCore.emit (file:///home/siegfriedneto/projects/servicedeskn1/frontend/app/node_modules/@tanstack/router-core/dist/esm/router.js:178:14)
    at file:///home/siegfriedneto/projects/servicedeskn1/frontend/app/node_modules/@tanstack/react-router/dist/esm/Transitioner.js:46:25
    at settleOwner (file:///home/siegfriedneto/projects/servicedeskn1/frontend/app/node_modules/@tanstack/react-router/dist/esm/Transitioner.js:10:10)
    at file:///home/siegfriedneto/projects/servicedeskn1/frontend/app/node_modules/@tanstack/react-router/dist/esm/Matches.js:38:39
    at Object.react_stack_bottom_frame (/home/siegfriedneto/projects/servicedeskn1/frontend/app/node_modules/react-dom/cjs/react-dom-client.development.js:25989:20)
    at runWithFiberInDEV (/home/siegfriedneto/projects/servicedeskn1/frontend/app/node_modules/react-dom/cjs/react-dom-client.development.js:874:13)
    at commitHookEffectListMount (/home/siegfriedneto/projects/servicedeskn1/frontend/app/node_modules/react-dom/cjs/react-dom-client.development.js:13249:29) undefined
Error: Not implemented: window.scrollTo
    at module.exports (/home/siegfriedneto/projects/servicedeskn1/frontend/app/node_modules/jsdom/lib/jsdom/browser/not-implemented.js:9:17)
    at /home/siegfriedneto/projects/servicedeskn1/frontend/app/node_modules/jsdom/lib/jsdom/browser/Window.js:960:7
    at Object.fn (file:///home/siegfriedneto/projects/servicedeskn1/frontend/app/node_modules/@tanstack/router-core/dist/esm/scroll-restoration.js:180:27)
    at RouterCore.emit (file:///home/siegfriedneto/projects/servicedeskn1/frontend/app/node_modules/@tanstack/router-core/dist/esm/router.js:178:14)
    at file:///home/siegfriedneto/projects/servicedeskn1/frontend/app/node_modules/@tanstack/router-core/dist/esm/load-client.js:943:46
    at Router.batch (file:///home/siegfriedneto/projects/servicedeskn1/frontend/app/node_modules/@tanstack/store/dist/esm/atom.js:39:5)
    at file:///home/siegfriedneto/projects/servicedeskn1/frontend/app/node_modules/@tanstack/router-core/dist/esm/load-client.js:936:10
    at runClientTransaction (file:///home/siegfriedneto/projects/servicedeskn1/frontend/app/node_modules/@tanstack/router-core/dist/esm/load-client.js:902:2)
    at loadClientRoute (file:///home/siegfriedneto/projects/servicedeskn1/frontend/app/node_modules/@tanstack/router-core/dist/esm/load-client.js:1034:2)
    at RouterCore.load (file:///home/siegfriedneto/projects/servicedeskn1/frontend/app/node_modules/@tanstack/router-core/dist/esm/router.js:489:4) undefined
Error: Not implemented: window.scrollTo
    at module.exports (/home/siegfriedneto/projects/servicedeskn1/frontend/app/node_modules/jsdom/lib/jsdom/browser/not-implemented.js:9:17)
    at /home/siegfriedneto/projects/servicedeskn1/frontend/app/node_modules/jsdom/lib/jsdom/browser/Window.js:960:7
    at Object.fn (file:///home/siegfriedneto/projects/servicedeskn1/frontend/app/node_modules/@tanstack/router-core/dist/esm/scroll-restoration.js:180:27)
    at RouterCore.emit (file:///home/siegfriedneto/projects/servicedeskn1/frontend/app/node_modules/@tanstack/router-core/dist/esm/router.js:178:14)
    at file:///home/siegfriedneto/projects/servicedeskn1/frontend/app/node_modules/@tanstack/react-router/dist/esm/Transitioner.js:46:25
    at settleOwner (file:///home/siegfriedneto/projects/servicedeskn1/frontend/app/node_modules/@tanstack/react-router/dist/esm/Transitioner.js:10:10)
    at file:///home/siegfriedneto/projects/servicedeskn1/frontend/app/node_modules/@tanstack/react-router/dist/esm/Matches.js:38:39
    at Object.react_stack_bottom_frame (/home/siegfriedneto/projects/servicedeskn1/frontend/app/node_modules/react-dom/cjs/react-dom-client.development.js:25989:20)
    at runWithFiberInDEV (/home/siegfriedneto/projects/servicedeskn1/frontend/app/node_modules/react-dom/cjs/react-dom-client.development.js:874:13)
    at commitHookEffectListMount (/home/siegfriedneto/projects/servicedeskn1/frontend/app/node_modules/react-dom/cjs/react-dom-client.development.js:13249:29) undefined
Error: Not implemented: window.scrollTo
    at module.exports (/home/siegfriedneto/projects/servicedeskn1/frontend/app/node_modules/jsdom/lib/jsdom/browser/not-implemented.js:9:17)
    at /home/siegfriedneto/projects/servicedeskn1/frontend/app/node_modules/jsdom/lib/jsdom/browser/Window.js:960:7
    at Object.fn (file:///home/siegfriedneto/projects/servicedeskn1/frontend/app/node_modules/@tanstack/router-core/dist/esm/scroll-restoration.js:180:27)
    at RouterCore.emit (file:///home/siegfriedneto/projects/servicedeskn1/frontend/app/node_modules/@tanstack/router-core/dist/esm/router.js:178:14)
    at file:///home/siegfriedneto/projects/servicedeskn1/frontend/app/node_modules/@tanstack/react-router/dist/esm/Transitioner.js:46:25
    at settleOwner (file:///home/siegfriedneto/projects/servicedeskn1/frontend/app/node_modules/@tanstack/react-router/dist/esm/Transitioner.js:10:10)
    at file:///home/siegfriedneto/projects/servicedeskn1/frontend/app/node_modules/@tanstack/react-router/dist/esm/Matches.js:38:39
    at Object.react_stack_bottom_frame (/home/siegfriedneto/projects/servicedeskn1/frontend/app/node_modules/react-dom/cjs/react-dom-client.development.js:25989:20)
    at runWithFiberInDEV (/home/siegfriedneto/projects/servicedeskn1/frontend/app/node_modules/react-dom/cjs/react-dom-client.development.js:874:13)
    at commitHookEffectListMount (/home/siegfriedneto/projects/servicedeskn1/frontend/app/node_modules/react-dom/cjs/react-dom-client.development.js:13249:29) undefined
Error: Not implemented: window.scrollTo
    at module.exports (/home/siegfriedneto/projects/servicedeskn1/frontend/app/node_modules/jsdom/lib/jsdom/browser/not-implemented.js:9:17)
    at /home/siegfriedneto/projects/servicedeskn1/frontend/app/node_modules/jsdom/lib/jsdom/browser/Window.js:960:7
    at Object.fn (file:///home/siegfriedneto/projects/servicedeskn1/frontend/app/node_modules/@tanstack/router-core/dist/esm/scroll-restoration.js:180:27)
    at RouterCore.emit (file:///home/siegfriedneto/projects/servicedeskn1/frontend/app/node_modules/@tanstack/router-core/dist/esm/router.js:178:14)
    at file:///home/siegfriedneto/projects/servicedeskn1/frontend/app/node_modules/@tanstack/react-router/dist/esm/Transitioner.js:46:25
    at settleOwner (file:///home/siegfriedneto/projects/servicedeskn1/frontend/app/node_modules/@tanstack/react-router/dist/esm/Transitioner.js:10:10)
    at file:///home/siegfriedneto/projects/servicedeskn1/frontend/app/node_modules/@tanstack/react-router/dist/esm/Matches.js:38:39
    at Object.react_stack_bottom_frame (/home/siegfriedneto/projects/servicedeskn1/frontend/app/node_modules/react-dom/cjs/react-dom-client.development.js:25989:20)
    at runWithFiberInDEV (/home/siegfriedneto/projects/servicedeskn1/frontend/app/node_modules/react-dom/cjs/react-dom-client.development.js:874:13)
    at commitHookEffectListMount (/home/siegfriedneto/projects/servicedeskn1/frontend/app/node_modules/react-dom/cjs/react-dom-client.development.js:13249:29) undefined
Error: Not implemented: window.scrollTo
    at module.exports (/home/siegfriedneto/projects/servicedeskn1/frontend/app/node_modules/jsdom/lib/jsdom/browser/not-implemented.js:9:17)
    at /home/siegfriedneto/projects/servicedeskn1/frontend/app/node_modules/jsdom/lib/jsdom/browser/Window.js:960:7
    at Object.fn (file:///home/siegfriedneto/projects/servicedeskn1/frontend/app/node_modules/@tanstack/router-core/dist/esm/scroll-restoration.js:180:27)
    at RouterCore.emit (file:///home/siegfriedneto/projects/servicedeskn1/frontend/app/node_modules/@tanstack/router-core/dist/esm/router.js:178:14)
    at file:///home/siegfriedneto/projects/servicedeskn1/frontend/app/node_modules/@tanstack/router-core/dist/esm/load-client.js:943:46
    at Router.batch (file:///home/siegfriedneto/projects/servicedeskn1/frontend/app/node_modules/@tanstack/store/dist/esm/atom.js:39:5)
    at file:///home/siegfriedneto/projects/servicedeskn1/frontend/app/node_modules/@tanstack/router-core/dist/esm/load-client.js:936:10
    at runClientTransaction (file:///home/siegfriedneto/projects/servicedeskn1/frontend/app/node_modules/@tanstack/router-core/dist/esm/load-client.js:902:2)
    at loadClientRoute (file:///home/siegfriedneto/projects/servicedeskn1/frontend/app/node_modules/@tanstack/router-core/dist/esm/load-client.js:1034:2)
    at RouterCore.load (file:///home/siegfriedneto/projects/servicedeskn1/frontend/app/node_modules/@tanstack/router-core/dist/esm/router.js:489:4) undefined
Error: Not implemented: window.scrollTo
    at module.exports (/home/siegfriedneto/projects/servicedeskn1/frontend/app/node_modules/jsdom/lib/jsdom/browser/not-implemented.js:9:17)
    at /home/siegfriedneto/projects/servicedeskn1/frontend/app/node_modules/jsdom/lib/jsdom/browser/Window.js:960:7
    at Object.fn (file:///home/siegfriedneto/projects/servicedeskn1/frontend/app/node_modules/@tanstack/router-core/dist/esm/scroll-restoration.js:180:27)
    at RouterCore.emit (file:///home/siegfriedneto/projects/servicedeskn1/frontend/app/node_modules/@tanstack/router-core/dist/esm/router.js:178:14)
    at file:///home/siegfriedneto/projects/servicedeskn1/frontend/app/node_modules/@tanstack/router-core/dist/esm/load-client.js:943:46
    at Router.batch (file:///home/siegfriedneto/projects/servicedeskn1/frontend/app/node_modules/@tanstack/store/dist/esm/atom.js:39:5)
    at file:///home/siegfriedneto/projects/servicedeskn1/frontend/app/node_modules/@tanstack/router-core/dist/esm/load-client.js:936:10
    at runClientTransaction (file:///home/siegfriedneto/projects/servicedeskn1/frontend/app/node_modules/@tanstack/router-core/dist/esm/load-client.js:902:2)
    at loadClientRoute (file:///home/siegfriedneto/projects/servicedeskn1/frontend/app/node_modules/@tanstack/router-core/dist/esm/load-client.js:1034:2)
    at RouterCore.load (file:///home/siegfriedneto/projects/servicedeskn1/frontend/app/node_modules/@tanstack/router-core/dist/esm/router.js:489:4) undefined
Error: Not implemented: window.scrollTo
    at module.exports (/home/siegfriedneto/projects/servicedeskn1/frontend/app/node_modules/jsdom/lib/jsdom/browser/not-implemented.js:9:17)
    at /home/siegfriedneto/projects/servicedeskn1/frontend/app/node_modules/jsdom/lib/jsdom/browser/Window.js:960:7
    at Object.fn (file:///home/siegfriedneto/projects/servicedeskn1/frontend/app/node_modules/@tanstack/router-core/dist/esm/scroll-restoration.js:180:27)
    at RouterCore.emit (file:///home/siegfriedneto/projects/servicedeskn1/frontend/app/node_modules/@tanstack/router-core/dist/esm/router.js:178:14)
    at file:///home/siegfriedneto/projects/servicedeskn1/frontend/app/node_modules/@tanstack/react-router/dist/esm/Transitioner.js:46:25
    at settleOwner (file:///home/siegfriedneto/projects/servicedeskn1/frontend/app/node_modules/@tanstack/react-router/dist/esm/Transitioner.js:10:10)
    at file:///home/siegfriedneto/projects/servicedeskn1/frontend/app/node_modules/@tanstack/react-router/dist/esm/Matches.js:38:39
    at Object.react_stack_bottom_frame (/home/siegfriedneto/projects/servicedeskn1/frontend/app/node_modules/react-dom/cjs/react-dom-client.development.js:25989:20)
    at runWithFiberInDEV (/home/siegfriedneto/projects/servicedeskn1/frontend/app/node_modules/react-dom/cjs/react-dom-client.development.js:874:13)
    at commitHookEffectListMount (/home/siegfriedneto/projects/servicedeskn1/frontend/app/node_modules/react-dom/cjs/react-dom-client.development.js:13249:29) undefined
Error: Not implemented: window.scrollTo
    at module.exports (/home/siegfriedneto/projects/servicedeskn1/frontend/app/node_modules/jsdom/lib/jsdom/browser/not-implemented.js:9:17)
    at /home/siegfriedneto/projects/servicedeskn1/frontend/app/node_modules/jsdom/lib/jsdom/browser/Window.js:960:7
    at Object.fn (file:///home/siegfriedneto/projects/servicedeskn1/frontend/app/node_modules/@tanstack/router-core/dist/esm/scroll-restoration.js:180:27)
    at RouterCore.emit (file:///home/siegfriedneto/projects/servicedeskn1/frontend/app/node_modules/@tanstack/router-core/dist/esm/router.js:178:14)
    at file:///home/siegfriedneto/projects/servicedeskn1/frontend/app/node_modules/@tanstack/react-router/dist/esm/Transitioner.js:46:25
    at settleOwner (file:///home/siegfriedneto/projects/servicedeskn1/frontend/app/node_modules/@tanstack/react-router/dist/esm/Transitioner.js:10:10)
    at file:///home/siegfriedneto/projects/servicedeskn1/frontend/app/node_modules/@tanstack/react-router/dist/esm/Matches.js:38:39
    at Object.react_stack_bottom_frame (/home/siegfriedneto/projects/servicedeskn1/frontend/app/node_modules/react-dom/cjs/react-dom-client.development.js:25989:20)
    at runWithFiberInDEV (/home/siegfriedneto/projects/servicedeskn1/frontend/app/node_modules/react-dom/cjs/react-dom-client.development.js:874:13)
    at commitHookEffectListMount (/home/siegfriedneto/projects/servicedeskn1/frontend/app/node_modules/react-dom/cjs/react-dom-client.development.js:13249:29) undefined
Error: Not implemented: window.scrollTo
    at module.exports (/home/siegfriedneto/projects/servicedeskn1/frontend/app/node_modules/jsdom/lib/jsdom/browser/not-implemented.js:9:17)
    at /home/siegfriedneto/projects/servicedeskn1/frontend/app/node_modules/jsdom/lib/jsdom/browser/Window.js:960:7
    at Object.fn (file:///home/siegfriedneto/projects/servicedeskn1/frontend/app/node_modules/@tanstack/router-core/dist/esm/scroll-restoration.js:180:27)
    at RouterCore.emit (file:///home/siegfriedneto/projects/servicedeskn1/frontend/app/node_modules/@tanstack/router-core/dist/esm/router.js:178:14)
    at file:///home/siegfriedneto/projects/servicedeskn1/frontend/app/node_modules/@tanstack/react-router/dist/esm/Transitioner.js:46:25
    at settleOwner (file:///home/siegfriedneto/projects/servicedeskn1/frontend/app/node_modules/@tanstack/react-router/dist/esm/Transitioner.js:10:10)
    at file:///home/siegfriedneto/projects/servicedeskn1/frontend/app/node_modules/@tanstack/react-router/dist/esm/Matches.js:38:39
    at Object.react_stack_bottom_frame (/home/siegfriedneto/projects/servicedeskn1/frontend/app/node_modules/react-dom/cjs/react-dom-client.development.js:25989:20)
    at runWithFiberInDEV (/home/siegfriedneto/projects/servicedeskn1/frontend/app/node_modules/react-dom/cjs/react-dom-client.development.js:874:13)
    at commitHookEffectListMount (/home/siegfriedneto/projects/servicedeskn1/frontend/app/node_modules/react-dom/cjs/react-dom-client.development.js:13249:29) undefined
Error: Not implemented: window.scrollTo
    at module.exports (/home/siegfriedneto/projects/servicedeskn1/frontend/app/node_modules/jsdom/lib/jsdom/browser/not-implemented.js:9:17)
    at /home/siegfriedneto/projects/servicedeskn1/frontend/app/node_modules/jsdom/lib/jsdom/browser/Window.js:960:7
    at Object.fn (file:///home/siegfriedneto/projects/servicedeskn1/frontend/app/node_modules/@tanstack/router-core/dist/esm/scroll-restoration.js:180:27)
    at RouterCore.emit (file:///home/siegfriedneto/projects/servicedeskn1/frontend/app/node_modules/@tanstack/router-core/dist/esm/router.js:178:14)
    at file:///home/siegfriedneto/projects/servicedeskn1/frontend/app/node_modules/@tanstack/react-router/dist/esm/Transitioner.js:46:25
    at settleOwner (file:///home/siegfriedneto/projects/servicedeskn1/frontend/app/node_modules/@tanstack/react-router/dist/esm/Transitioner.js:10:10)
    at file:///home/siegfriedneto/projects/servicedeskn1/frontend/app/node_modules/@tanstack/react-router/dist/esm/Matches.js:38:39
    at Object.react_stack_bottom_frame (/home/siegfriedneto/projects/servicedeskn1/frontend/app/node_modules/react-dom/cjs/react-dom-client.development.js:25989:20)
    at runWithFiberInDEV (/home/siegfriedneto/projects/servicedeskn1/frontend/app/node_modules/react-dom/cjs/react-dom-client.development.js:874:13)
    at commitHookEffectListMount (/home/siegfriedneto/projects/servicedeskn1/frontend/app/node_modules/react-dom/cjs/react-dom-client.development.js:13249:29) undefined
Error: Not implemented: window.scrollTo
    at module.exports (/home/siegfriedneto/projects/servicedeskn1/frontend/app/node_modules/jsdom/lib/jsdom/browser/not-implemented.js:9:17)
    at /home/siegfriedneto/projects/servicedeskn1/frontend/app/node_modules/jsdom/lib/jsdom/browser/Window.js:960:7
    at Object.fn (file:///home/siegfriedneto/projects/servicedeskn1/frontend/app/node_modules/@tanstack/router-core/dist/esm/scroll-restoration.js:180:27)
    at RouterCore.emit (file:///home/siegfriedneto/projects/servicedeskn1/frontend/app/node_modules/@tanstack/router-core/dist/esm/router.js:178:14)
    at file:///home/siegfriedneto/projects/servicedeskn1/frontend/app/node_modules/@tanstack/router-core/dist/esm/load-client.js:943:46
    at Router.batch (file:///home/siegfriedneto/projects/servicedeskn1/frontend/app/node_modules/@tanstack/store/dist/esm/atom.js:39:5)
    at file:///home/siegfriedneto/projects/servicedeskn1/frontend/app/node_modules/@tanstack/router-core/dist/esm/load-client.js:936:10
    at runClientTransaction (file:///home/siegfriedneto/projects/servicedeskn1/frontend/app/node_modules/@tanstack/router-core/dist/esm/load-client.js:902:2)
    at loadClientRoute (file:///home/siegfriedneto/projects/servicedeskn1/frontend/app/node_modules/@tanstack/router-core/dist/esm/load-client.js:1034:2)
    at RouterCore.load (file:///home/siegfriedneto/projects/servicedeskn1/frontend/app/node_modules/@tanstack/router-core/dist/esm/router.js:489:4) undefined
Error: Not implemented: window.scrollTo
    at module.exports (/home/siegfriedneto/projects/servicedeskn1/frontend/app/node_modules/jsdom/lib/jsdom/browser/not-implemented.js:9:17)
    at /home/siegfriedneto/projects/servicedeskn1/frontend/app/node_modules/jsdom/lib/jsdom/browser/Window.js:960:7
    at Object.fn (file:///home/siegfriedneto/projects/servicedeskn1/frontend/app/node_modules/@tanstack/router-core/dist/esm/scroll-restoration.js:180:27)
    at RouterCore.emit (file:///home/siegfriedneto/projects/servicedeskn1/frontend/app/node_modules/@tanstack/router-core/dist/esm/router.js:178:14)
    at file:///home/siegfriedneto/projects/servicedeskn1/frontend/app/node_modules/@tanstack/router-core/dist/esm/load-client.js:943:46
    at Router.batch (file:///home/siegfriedneto/projects/servicedeskn1/frontend/app/node_modules/@tanstack/store/dist/esm/atom.js:39:5)
    at file:///home/siegfriedneto/projects/servicedeskn1/frontend/app/node_modules/@tanstack/router-core/dist/esm/load-client.js:936:10
    at runNextTicks (node:internal/process/task_queues:64:5)
    at processTimers (node:internal/timers:518:9)
    at runClientTransaction (file:///home/siegfriedneto/projects/servicedeskn1/frontend/app/node_modules/@tanstack/router-core/dist/esm/load-client.js:902:2) undefined
Error: Not implemented: window.scrollTo
    at module.exports (/home/siegfriedneto/projects/servicedeskn1/frontend/app/node_modules/jsdom/lib/jsdom/browser/not-implemented.js:9:17)
    at /home/siegfriedneto/projects/servicedeskn1/frontend/app/node_modules/jsdom/lib/jsdom/browser/Window.js:960:7
    at Object.fn (file:///home/siegfriedneto/projects/servicedeskn1/frontend/app/node_modules/@tanstack/router-core/dist/esm/scroll-restoration.js:180:27)
    at RouterCore.emit (file:///home/siegfriedneto/projects/servicedeskn1/frontend/app/node_modules/@tanstack/router-core/dist/esm/router.js:178:14)
    at file:///home/siegfriedneto/projects/servicedeskn1/frontend/app/node_modules/@tanstack/react-router/dist/esm/Transitioner.js:46:25
    at settleOwner (file:///home/siegfriedneto/projects/servicedeskn1/frontend/app/node_modules/@tanstack/react-router/dist/esm/Transitioner.js:10:10)
    at file:///home/siegfriedneto/projects/servicedeskn1/frontend/app/node_modules/@tanstack/react-router/dist/esm/Matches.js:38:39
    at Object.react_stack_bottom_frame (/home/siegfriedneto/projects/servicedeskn1/frontend/app/node_modules/react-dom/cjs/react-dom-client.development.js:25989:20)
    at runWithFiberInDEV (/home/siegfriedneto/projects/servicedeskn1/frontend/app/node_modules/react-dom/cjs/react-dom-client.development.js:874:13)
    at commitHookEffectListMount (/home/siegfriedneto/projects/servicedeskn1/frontend/app/node_modules/react-dom/cjs/react-dom-client.development.js:13249:29) undefined
Error: Not implemented: window.scrollTo
    at module.exports (/home/siegfriedneto/projects/servicedeskn1/frontend/app/node_modules/jsdom/lib/jsdom/browser/not-implemented.js:9:17)
    at /home/siegfriedneto/projects/servicedeskn1/frontend/app/node_modules/jsdom/lib/jsdom/browser/Window.js:960:7
    at Object.fn (file:///home/siegfriedneto/projects/servicedeskn1/frontend/app/node_modules/@tanstack/router-core/dist/esm/scroll-restoration.js:180:27)
    at RouterCore.emit (file:///home/siegfriedneto/projects/servicedeskn1/frontend/app/node_modules/@tanstack/router-core/dist/esm/router.js:178:14)
    at file:///home/siegfriedneto/projects/servicedeskn1/frontend/app/node_modules/@tanstack/react-router/dist/esm/Transitioner.js:46:25
    at settleOwner (file:///home/siegfriedneto/projects/servicedeskn1/frontend/app/node_modules/@tanstack/react-router/dist/esm/Transitioner.js:10:10)
    at file:///home/siegfriedneto/projects/servicedeskn1/frontend/app/node_modules/@tanstack/react-router/dist/esm/Matches.js:38:39
    at Object.react_stack_bottom_frame (/home/siegfriedneto/projects/servicedeskn1/frontend/app/node_modules/react-dom/cjs/react-dom-client.development.js:25989:20)
    at runWithFiberInDEV (/home/siegfriedneto/projects/servicedeskn1/frontend/app/node_modules/react-dom/cjs/react-dom-client.development.js:874:13)
    at commitHookEffectListMount (/home/siegfriedneto/projects/servicedeskn1/frontend/app/node_modules/react-dom/cjs/react-dom-client.development.js:13249:29) undefined
Error: Not implemented: window.scrollTo
    at module.exports (/home/siegfriedneto/projects/servicedeskn1/frontend/app/node_modules/jsdom/lib/jsdom/browser/not-implemented.js:9:17)
    at /home/siegfriedneto/projects/servicedeskn1/frontend/app/node_modules/jsdom/lib/jsdom/browser/Window.js:960:7
    at Object.fn (file:///home/siegfriedneto/projects/servicedeskn1/frontend/app/node_modules/@tanstack/router-core/dist/esm/scroll-restoration.js:180:27)
    at RouterCore.emit (file:///home/siegfriedneto/projects/servicedeskn1/frontend/app/node_modules/@tanstack/router-core/dist/esm/router.js:178:14)
    at file:///home/siegfriedneto/projects/servicedeskn1/frontend/app/node_modules/@tanstack/react-router/dist/esm/Transitioner.js:46:25
    at settleOwner (file:///home/siegfriedneto/projects/servicedeskn1/frontend/app/node_modules/@tanstack/react-router/dist/esm/Transitioner.js:10:10)
    at file:///home/siegfriedneto/projects/servicedeskn1/frontend/app/node_modules/@tanstack/react-router/dist/esm/Matches.js:38:39
    at Object.react_stack_bottom_frame (/home/siegfriedneto/projects/servicedeskn1/frontend/app/node_modules/react-dom/cjs/react-dom-client.development.js:25989:20)
    at runWithFiberInDEV (/home/siegfriedneto/projects/servicedeskn1/frontend/app/node_modules/react-dom/cjs/react-dom-client.development.js:874:13)
    at commitHookEffectListMount (/home/siegfriedneto/projects/servicedeskn1/frontend/app/node_modules/react-dom/cjs/react-dom-client.development.js:13249:29) undefined
Error: Not implemented: window.scrollTo
    at module.exports (/home/siegfriedneto/projects/servicedeskn1/frontend/app/node_modules/jsdom/lib/jsdom/browser/not-implemented.js:9:17)
    at /home/siegfriedneto/projects/servicedeskn1/frontend/app/node_modules/jsdom/lib/jsdom/browser/Window.js:960:7
    at Object.fn (file:///home/siegfriedneto/projects/servicedeskn1/frontend/app/node_modules/@tanstack/router-core/dist/esm/scroll-restoration.js:180:27)
    at RouterCore.emit (file:///home/siegfriedneto/projects/servicedeskn1/frontend/app/node_modules/@tanstack/router-core/dist/esm/router.js:178:14)
    at file:///home/siegfriedneto/projects/servicedeskn1/frontend/app/node_modules/@tanstack/react-router/dist/esm/Transitioner.js:46:25
    at settleOwner (file:///home/siegfriedneto/projects/servicedeskn1/frontend/app/node_modules/@tanstack/react-router/dist/esm/Transitioner.js:10:10)
    at file:///home/siegfriedneto/projects/servicedeskn1/frontend/app/node_modules/@tanstack/react-router/dist/esm/Matches.js:38:39
    at Object.react_stack_bottom_frame (/home/siegfriedneto/projects/servicedeskn1/frontend/app/node_modules/react-dom/cjs/react-dom-client.development.js:25989:20)
    at runWithFiberInDEV (/home/siegfriedneto/projects/servicedeskn1/frontend/app/node_modules/react-dom/cjs/react-dom-client.development.js:874:13)
    at commitHookEffectListMount (/home/siegfriedneto/projects/servicedeskn1/frontend/app/node_modules/react-dom/cjs/react-dom-client.development.js:13249:29) undefined
Error: Not implemented: window.scrollTo
    at module.exports (/home/siegfriedneto/projects/servicedeskn1/frontend/app/node_modules/jsdom/lib/jsdom/browser/not-implemented.js:9:17)
    at /home/siegfriedneto/projects/servicedeskn1/frontend/app/node_modules/jsdom/lib/jsdom/browser/Window.js:960:7
    at Object.fn (file:///home/siegfriedneto/projects/servicedeskn1/frontend/app/node_modules/@tanstack/router-core/dist/esm/scroll-restoration.js:180:27)
    at RouterCore.emit (file:///home/siegfriedneto/projects/servicedeskn1/frontend/app/node_modules/@tanstack/router-core/dist/esm/router.js:178:14)
    at file:///home/siegfriedneto/projects/servicedeskn1/frontend/app/node_modules/@tanstack/react-router/dist/esm/Transitioner.js:46:25
    at settleOwner (file:///home/siegfriedneto/projects/servicedeskn1/frontend/app/node_modules/@tanstack/react-router/dist/esm/Transitioner.js:10:10)
    at file:///home/siegfriedneto/projects/servicedeskn1/frontend/app/node_modules/@tanstack/react-router/dist/esm/Matches.js:38:39
    at Object.react_stack_bottom_frame (/home/siegfriedneto/projects/servicedeskn1/frontend/app/node_modules/react-dom/cjs/react-dom-client.development.js:25989:20)
    at runWithFiberInDEV (/home/siegfriedneto/projects/servicedeskn1/frontend/app/node_modules/react-dom/cjs/react-dom-client.development.js:874:13)
    at commitHookEffectListMount (/home/siegfriedneto/projects/servicedeskn1/frontend/app/node_modules/react-dom/cjs/react-dom-client.development.js:13249:29) undefined
Error: Not implemented: window.scrollTo
    at module.exports (/home/siegfriedneto/projects/servicedeskn1/frontend/app/node_modules/jsdom/lib/jsdom/browser/not-implemented.js:9:17)
    at /home/siegfriedneto/projects/servicedeskn1/frontend/app/node_modules/jsdom/lib/jsdom/browser/Window.js:960:7
    at Object.fn (file:///home/siegfriedneto/projects/servicedeskn1/frontend/app/node_modules/@tanstack/router-core/dist/esm/scroll-restoration.js:180:27)
    at RouterCore.emit (file:///home/siegfriedneto/projects/servicedeskn1/frontend/app/node_modules/@tanstack/router-core/dist/esm/router.js:178:14)
    at file:///home/siegfriedneto/projects/servicedeskn1/frontend/app/node_modules/@tanstack/router-core/dist/esm/load-client.js:943:46
    at Router.batch (file:///home/siegfriedneto/projects/servicedeskn1/frontend/app/node_modules/@tanstack/store/dist/esm/atom.js:39:5)
    at file:///home/siegfriedneto/projects/servicedeskn1/frontend/app/node_modules/@tanstack/router-core/dist/esm/load-client.js:936:10
    at runClientTransaction (file:///home/siegfriedneto/projects/servicedeskn1/frontend/app/node_modules/@tanstack/router-core/dist/esm/load-client.js:902:2)
    at loadClientRoute (file:///home/siegfriedneto/projects/servicedeskn1/frontend/app/node_modules/@tanstack/router-core/dist/esm/load-client.js:1034:2)
    at RouterCore.load (file:///home/siegfriedneto/projects/servicedeskn1/frontend/app/node_modules/@tanstack/router-core/dist/esm/router.js:489:4) undefined
Error: Not implemented: window.scrollTo
    at module.exports (/home/siegfriedneto/projects/servicedeskn1/frontend/app/node_modules/jsdom/lib/jsdom/browser/not-implemented.js:9:17)
    at /home/siegfriedneto/projects/servicedeskn1/frontend/app/node_modules/jsdom/lib/jsdom/browser/Window.js:960:7
    at Object.fn (file:///home/siegfriedneto/projects/servicedeskn1/frontend/app/node_modules/@tanstack/router-core/dist/esm/scroll-restoration.js:180:27)
    at RouterCore.emit (file:///home/siegfriedneto/projects/servicedeskn1/frontend/app/node_modules/@tanstack/router-core/dist/esm/router.js:178:14)
    at file:///home/siegfriedneto/projects/servicedeskn1/frontend/app/node_modules/@tanstack/react-router/dist/esm/Transitioner.js:46:25
    at settleOwner (file:///home/siegfriedneto/projects/servicedeskn1/frontend/app/node_modules/@tanstack/react-router/dist/esm/Transitioner.js:10:10)
    at file:///home/siegfriedneto/projects/servicedeskn1/frontend/app/node_modules/@tanstack/react-router/dist/esm/Matches.js:38:39
    at Object.react_stack_bottom_frame (/home/siegfriedneto/projects/servicedeskn1/frontend/app/node_modules/react-dom/cjs/react-dom-client.development.js:25989:20)
    at runWithFiberInDEV (/home/siegfriedneto/projects/servicedeskn1/frontend/app/node_modules/react-dom/cjs/react-dom-client.development.js:874:13)
    at commitHookEffectListMount (/home/siegfriedneto/projects/servicedeskn1/frontend/app/node_modules/react-dom/cjs/react-dom-client.development.js:13249:29) undefined
Error: Not implemented: window.scrollTo
    at module.exports (/home/siegfriedneto/projects/servicedeskn1/frontend/app/node_modules/jsdom/lib/jsdom/browser/not-implemented.js:9:17)
    at /home/siegfriedneto/projects/servicedeskn1/frontend/app/node_modules/jsdom/lib/jsdom/browser/Window.js:960:7
    at Object.fn (file:///home/siegfriedneto/projects/servicedeskn1/frontend/app/node_modules/@tanstack/router-core/dist/esm/scroll-restoration.js:180:27)
    at RouterCore.emit (file:///home/siegfriedneto/projects/servicedeskn1/frontend/app/node_modules/@tanstack/router-core/dist/esm/router.js:178:14)
    at file:///home/siegfriedneto/projects/servicedeskn1/frontend/app/node_modules/@tanstack/react-router/dist/esm/Transitioner.js:46:25
    at settleOwner (file:///home/siegfriedneto/projects/servicedeskn1/frontend/app/node_modules/@tanstack/react-router/dist/esm/Transitioner.js:10:10)
    at file:///home/siegfriedneto/projects/servicedeskn1/frontend/app/node_modules/@tanstack/react-router/dist/esm/Matches.js:38:39
    at Object.react_stack_bottom_frame (/home/siegfriedneto/projects/servicedeskn1/frontend/app/node_modules/react-dom/cjs/react-dom-client.development.js:25989:20)
    at runWithFiberInDEV (/home/siegfriedneto/projects/servicedeskn1/frontend/app/node_modules/react-dom/cjs/react-dom-client.development.js:874:13)
    at commitHookEffectListMount (/home/siegfriedneto/projects/servicedeskn1/frontend/app/node_modules/react-dom/cjs/react-dom-client.development.js:13249:29) undefined
Error: Not implemented: window.scrollTo
    at module.exports (/home/siegfriedneto/projects/servicedeskn1/frontend/app/node_modules/jsdom/lib/jsdom/browser/not-implemented.js:9:17)
    at /home/siegfriedneto/projects/servicedeskn1/frontend/app/node_modules/jsdom/lib/jsdom/browser/Window.js:960:7
    at Object.fn (file:///home/siegfriedneto/projects/servicedeskn1/frontend/app/node_modules/@tanstack/router-core/dist/esm/scroll-restoration.js:180:27)
    at RouterCore.emit (file:///home/siegfriedneto/projects/servicedeskn1/frontend/app/node_modules/@tanstack/router-core/dist/esm/router.js:178:14)
    at file:///home/siegfriedneto/projects/servicedeskn1/frontend/app/node_modules/@tanstack/react-router/dist/esm/Transitioner.js:46:25
    at settleOwner (file:///home/siegfriedneto/projects/servicedeskn1/frontend/app/node_modules/@tanstack/react-router/dist/esm/Transitioner.js:10:10)
    at file:///home/siegfriedneto/projects/servicedeskn1/frontend/app/node_modules/@tanstack/react-router/dist/esm/Matches.js:38:39
    at Object.react_stack_bottom_frame (/home/siegfriedneto/projects/servicedeskn1/frontend/app/node_modules/react-dom/cjs/react-dom-client.development.js:25989:20)
    at runWithFiberInDEV (/home/siegfriedneto/projects/servicedeskn1/frontend/app/node_modules/react-dom/cjs/react-dom-client.development.js:874:13)
    at commitHookEffectListMount (/home/siegfriedneto/projects/servicedeskn1/frontend/app/node_modules/react-dom/cjs/react-dom-client.development.js:13249:29) undefined
Error: Not implemented: window.scrollTo
    at module.exports (/home/siegfriedneto/projects/servicedeskn1/frontend/app/node_modules/jsdom/lib/jsdom/browser/not-implemented.js:9:17)
    at /home/siegfriedneto/projects/servicedeskn1/frontend/app/node_modules/jsdom/lib/jsdom/browser/Window.js:960:7
    at Object.fn (file:///home/siegfriedneto/projects/servicedeskn1/frontend/app/node_modules/@tanstack/router-core/dist/esm/scroll-restoration.js:180:27)
    at RouterCore.emit (file:///home/siegfriedneto/projects/servicedeskn1/frontend/app/node_modules/@tanstack/router-core/dist/esm/router.js:178:14)
    at file:///home/siegfriedneto/projects/servicedeskn1/frontend/app/node_modules/@tanstack/router-core/dist/esm/load-client.js:943:46
    at Router.batch (file:///home/siegfriedneto/projects/servicedeskn1/frontend/app/node_modules/@tanstack/store/dist/esm/atom.js:39:5)
    at file:///home/siegfriedneto/projects/servicedeskn1/frontend/app/node_modules/@tanstack/router-core/dist/esm/load-client.js:936:10
    at runClientTransaction (file:///home/siegfriedneto/projects/servicedeskn1/frontend/app/node_modules/@tanstack/router-core/dist/esm/load-client.js:902:2)
    at loadClientRoute (file:///home/siegfriedneto/projects/servicedeskn1/frontend/app/node_modules/@tanstack/router-core/dist/esm/load-client.js:1034:2)
    at RouterCore.load (file:///home/siegfriedneto/projects/servicedeskn1/frontend/app/node_modules/@tanstack/router-core/dist/esm/router.js:489:4) undefined
Error: Not implemented: window.scrollTo
    at module.exports (/home/siegfriedneto/projects/servicedeskn1/frontend/app/node_modules/jsdom/lib/jsdom/browser/not-implemented.js:9:17)
    at /home/siegfriedneto/projects/servicedeskn1/frontend/app/node_modules/jsdom/lib/jsdom/browser/Window.js:960:7
    at Object.fn (file:///home/siegfriedneto/projects/servicedeskn1/frontend/app/node_modules/@tanstack/router-core/dist/esm/scroll-restoration.js:180:27)
    at RouterCore.emit (file:///home/siegfriedneto/projects/servicedeskn1/frontend/app/node_modules/@tanstack/router-core/dist/esm/router.js:178:14)
    at file:///home/siegfriedneto/projects/servicedeskn1/frontend/app/node_modules/@tanstack/react-router/dist/esm/Transitioner.js:46:25
    at settleOwner (file:///home/siegfriedneto/projects/servicedeskn1/frontend/app/node_modules/@tanstack/react-router/dist/esm/Transitioner.js:10:10)
    at file:///home/siegfriedneto/projects/servicedeskn1/frontend/app/node_modules/@tanstack/react-router/dist/esm/Matches.js:38:39
    at Object.react_stack_bottom_frame (/home/siegfriedneto/projects/servicedeskn1/frontend/app/node_modules/react-dom/cjs/react-dom-client.development.js:25989:20)
    at runWithFiberInDEV (/home/siegfriedneto/projects/servicedeskn1/frontend/app/node_modules/react-dom/cjs/react-dom-client.development.js:874:13)
    at commitHookEffectListMount (/home/siegfriedneto/projects/servicedeskn1/frontend/app/node_modules/react-dom/cjs/react-dom-client.development.js:13249:29) undefined
Error: Not implemented: window.scrollTo
    at module.exports (/home/siegfriedneto/projects/servicedeskn1/frontend/app/node_modules/jsdom/lib/jsdom/browser/not-implemented.js:9:17)
    at /home/siegfriedneto/projects/servicedeskn1/frontend/app/node_modules/jsdom/lib/jsdom/browser/Window.js:960:7
    at Object.fn (file:///home/siegfriedneto/projects/servicedeskn1/frontend/app/node_modules/@tanstack/router-core/dist/esm/scroll-restoration.js:180:27)
    at RouterCore.emit (file:///home/siegfriedneto/projects/servicedeskn1/frontend/app/node_modules/@tanstack/router-core/dist/esm/router.js:178:14)
    at file:///home/siegfriedneto/projects/servicedeskn1/frontend/app/node_modules/@tanstack/react-router/dist/esm/Transitioner.js:46:25
    at settleOwner (file:///home/siegfriedneto/projects/servicedeskn1/frontend/app/node_modules/@tanstack/react-router/dist/esm/Transitioner.js:10:10)
    at file:///home/siegfriedneto/projects/servicedeskn1/frontend/app/node_modules/@tanstack/react-router/dist/esm/Matches.js:38:39
    at Object.react_stack_bottom_frame (/home/siegfriedneto/projects/servicedeskn1/frontend/app/node_modules/react-dom/cjs/react-dom-client.development.js:25989:20)
    at runWithFiberInDEV (/home/siegfriedneto/projects/servicedeskn1/frontend/app/node_modules/react-dom/cjs/react-dom-client.development.js:874:13)
    at commitHookEffectListMount (/home/siegfriedneto/projects/servicedeskn1/frontend/app/node_modules/react-dom/cjs/react-dom-client.development.js:13249:29) undefined
Error: Not implemented: window.scrollTo
    at module.exports (/home/siegfriedneto/projects/servicedeskn1/frontend/app/node_modules/jsdom/lib/jsdom/browser/not-implemented.js:9:17)
    at /home/siegfriedneto/projects/servicedeskn1/frontend/app/node_modules/jsdom/lib/jsdom/browser/Window.js:960:7
    at Object.fn (file:///home/siegfriedneto/projects/servicedeskn1/frontend/app/node_modules/@tanstack/router-core/dist/esm/scroll-restoration.js:180:27)
    at RouterCore.emit (file:///home/siegfriedneto/projects/servicedeskn1/frontend/app/node_modules/@tanstack/router-core/dist/esm/router.js:178:14)
    at file:///home/siegfriedneto/projects/servicedeskn1/frontend/app/node_modules/@tanstack/react-router/dist/esm/Transitioner.js:46:25
    at settleOwner (file:///home/siegfriedneto/projects/servicedeskn1/frontend/app/node_modules/@tanstack/react-router/dist/esm/Transitioner.js:10:10)
    at file:///home/siegfriedneto/projects/servicedeskn1/frontend/app/node_modules/@tanstack/react-router/dist/esm/Matches.js:38:39
    at Object.react_stack_bottom_frame (/home/siegfriedneto/projects/servicedeskn1/frontend/app/node_modules/react-dom/cjs/react-dom-client.development.js:25989:20)
    at runWithFiberInDEV (/home/siegfriedneto/projects/servicedeskn1/frontend/app/node_modules/react-dom/cjs/react-dom-client.development.js:874:13)
    at commitHookEffectListMount (/home/siegfriedneto/projects/servicedeskn1/frontend/app/node_modules/react-dom/cjs/react-dom-client.development.js:13249:29) undefined
Error: Not implemented: window.scrollTo
    at module.exports (/home/siegfriedneto/projects/servicedeskn1/frontend/app/node_modules/jsdom/lib/jsdom/browser/not-implemented.js:9:17)
    at /home/siegfriedneto/projects/servicedeskn1/frontend/app/node_modules/jsdom/lib/jsdom/browser/Window.js:960:7
    at Object.fn (file:///home/siegfriedneto/projects/servicedeskn1/frontend/app/node_modules/@tanstack/router-core/dist/esm/scroll-restoration.js:180:27)
    at RouterCore.emit (file:///home/siegfriedneto/projects/servicedeskn1/frontend/app/node_modules/@tanstack/router-core/dist/esm/router.js:178:14)
    at file:///home/siegfriedneto/projects/servicedeskn1/frontend/app/node_modules/@tanstack/react-router/dist/esm/Transitioner.js:46:25
    at settleOwner (file:///home/siegfriedneto/projects/servicedeskn1/frontend/app/node_modules/@tanstack/react-router/dist/esm/Transitioner.js:10:10)
    at file:///home/siegfriedneto/projects/servicedeskn1/frontend/app/node_modules/@tanstack/react-router/dist/esm/Matches.js:38:39
    at Object.react_stack_bottom_frame (/home/siegfriedneto/projects/servicedeskn1/frontend/app/node_modules/react-dom/cjs/react-dom-client.development.js:25989:20)
    at runWithFiberInDEV (/home/siegfriedneto/projects/servicedeskn1/frontend/app/node_modules/react-dom/cjs/react-dom-client.development.js:874:13)
    at commitHookEffectListMount (/home/siegfriedneto/projects/servicedeskn1/frontend/app/node_modules/react-dom/cjs/react-dom-client.development.js:13249:29) undefined
Error: Not implemented: window.scrollTo
    at module.exports (/home/siegfriedneto/projects/servicedeskn1/frontend/app/node_modules/jsdom/lib/jsdom/browser/not-implemented.js:9:17)
    at /home/siegfriedneto/projects/servicedeskn1/frontend/app/node_modules/jsdom/lib/jsdom/browser/Window.js:960:7
    at Object.fn (file:///home/siegfriedneto/projects/servicedeskn1/frontend/app/node_modules/@tanstack/router-core/dist/esm/scroll-restoration.js:180:27)
    at RouterCore.emit (file:///home/siegfriedneto/projects/servicedeskn1/frontend/app/node_modules/@tanstack/router-core/dist/esm/router.js:178:14)
    at file:///home/siegfriedneto/projects/servicedeskn1/frontend/app/node_modules/@tanstack/react-router/dist/esm/Transitioner.js:46:25
    at settleOwner (file:///home/siegfriedneto/projects/servicedeskn1/frontend/app/node_modules/@tanstack/react-router/dist/esm/Transitioner.js:10:10)
    at file:///home/siegfriedneto/projects/servicedeskn1/frontend/app/node_modules/@tanstack/react-router/dist/esm/Matches.js:38:39
    at Object.react_stack_bottom_frame (/home/siegfriedneto/projects/servicedeskn1/frontend/app/node_modules/react-dom/cjs/react-dom-client.development.js:25989:20)
    at runWithFiberInDEV (/home/siegfriedneto/projects/servicedeskn1/frontend/app/node_modules/react-dom/cjs/react-dom-client.development.js:874:13)
    at commitHookEffectListMount (/home/siegfriedneto/projects/servicedeskn1/frontend/app/node_modules/react-dom/cjs/react-dom-client.development.js:13249:29) undefined
Error: Not implemented: window.scrollTo
    at module.exports (/home/siegfriedneto/projects/servicedeskn1/frontend/app/node_modules/jsdom/lib/jsdom/browser/not-implemented.js:9:17)
    at /home/siegfriedneto/projects/servicedeskn1/frontend/app/node_modules/jsdom/lib/jsdom/browser/Window.js:960:7
    at Object.fn (file:///home/siegfriedneto/projects/servicedeskn1/frontend/app/node_modules/@tanstack/router-core/dist/esm/scroll-restoration.js:180:27)
    at RouterCore.emit (file:///home/siegfriedneto/projects/servicedeskn1/frontend/app/node_modules/@tanstack/router-core/dist/esm/router.js:178:14)
    at file:///home/siegfriedneto/projects/servicedeskn1/frontend/app/node_modules/@tanstack/react-router/dist/esm/Transitioner.js:46:25
    at settleOwner (file:///home/siegfriedneto/projects/servicedeskn1/frontend/app/node_modules/@tanstack/react-router/dist/esm/Transitioner.js:10:10)
    at file:///home/siegfriedneto/projects/servicedeskn1/frontend/app/node_modules/@tanstack/react-router/dist/esm/Matches.js:38:39
    at Object.react_stack_bottom_frame (/home/siegfriedneto/projects/servicedeskn1/frontend/app/node_modules/react-dom/cjs/react-dom-client.development.js:25989:20)
    at runWithFiberInDEV (/home/siegfriedneto/projects/servicedeskn1/frontend/app/node_modules/react-dom/cjs/react-dom-client.development.js:874:13)
    at commitHookEffectListMount (/home/siegfriedneto/projects/servicedeskn1/frontend/app/node_modules/react-dom/cjs/react-dom-client.development.js:13249:29) undefined
Error: Not implemented: window.scrollTo
    at module.exports (/home/siegfriedneto/projects/servicedeskn1/frontend/app/node_modules/jsdom/lib/jsdom/browser/not-implemented.js:9:17)
    at /home/siegfriedneto/projects/servicedeskn1/frontend/app/node_modules/jsdom/lib/jsdom/browser/Window.js:960:7
    at Object.fn (file:///home/siegfriedneto/projects/servicedeskn1/frontend/app/node_modules/@tanstack/router-core/dist/esm/scroll-restoration.js:180:27)
    at RouterCore.emit (file:///home/siegfriedneto/projects/servicedeskn1/frontend/app/node_modules/@tanstack/router-core/dist/esm/router.js:178:14)
    at file:///home/siegfriedneto/projects/servicedeskn1/frontend/app/node_modules/@tanstack/router-core/dist/esm/load-client.js:943:46
    at Router.batch (file:///home/siegfriedneto/projects/servicedeskn1/frontend/app/node_modules/@tanstack/store/dist/esm/atom.js:39:5)
    at file:///home/siegfriedneto/projects/servicedeskn1/frontend/app/node_modules/@tanstack/router-core/dist/esm/load-client.js:936:10
    at runClientTransaction (file:///home/siegfriedneto/projects/servicedeskn1/frontend/app/node_modules/@tanstack/router-core/dist/esm/load-client.js:902:2)
    at loadClientRoute (file:///home/siegfriedneto/projects/servicedeskn1/frontend/app/node_modules/@tanstack/router-core/dist/esm/load-client.js:1034:2)
    at RouterCore.load (file:///home/siegfriedneto/projects/servicedeskn1/frontend/app/node_modules/@tanstack/router-core/dist/esm/router.js:489:4) undefined
Error: Not implemented: window.scrollTo
    at module.exports (/home/siegfriedneto/projects/servicedeskn1/frontend/app/node_modules/jsdom/lib/jsdom/browser/not-implemented.js:9:17)
    at /home/siegfriedneto/projects/servicedeskn1/frontend/app/node_modules/jsdom/lib/jsdom/browser/Window.js:960:7
    at Object.fn (file:///home/siegfriedneto/projects/servicedeskn1/frontend/app/node_modules/@tanstack/router-core/dist/esm/scroll-restoration.js:180:27)
    at RouterCore.emit (file:///home/siegfriedneto/projects/servicedeskn1/frontend/app/node_modules/@tanstack/router-core/dist/esm/router.js:178:14)
    at file:///home/siegfriedneto/projects/servicedeskn1/frontend/app/node_modules/@tanstack/react-router/dist/esm/Transitioner.js:46:25
    at settleOwner (file:///home/siegfriedneto/projects/servicedeskn1/frontend/app/node_modules/@tanstack/react-router/dist/esm/Transitioner.js:10:10)
    at file:///home/siegfriedneto/projects/servicedeskn1/frontend/app/node_modules/@tanstack/react-router/dist/esm/Matches.js:38:39
    at Object.react_stack_bottom_frame (/home/siegfriedneto/projects/servicedeskn1/frontend/app/node_modules/react-dom/cjs/react-dom-client.development.js:25989:20)
    at runWithFiberInDEV (/home/siegfriedneto/projects/servicedeskn1/frontend/app/node_modules/react-dom/cjs/react-dom-client.development.js:874:13)
    at commitHookEffectListMount (/home/siegfriedneto/projects/servicedeskn1/frontend/app/node_modules/react-dom/cjs/react-dom-client.development.js:13249:29) undefined
Error: Not implemented: window.scrollTo
    at module.exports (/home/siegfriedneto/projects/servicedeskn1/frontend/app/node_modules/jsdom/lib/jsdom/browser/not-implemented.js:9:17)
    at /home/siegfriedneto/projects/servicedeskn1/frontend/app/node_modules/jsdom/lib/jsdom/browser/Window.js:960:7
    at Object.fn (file:///home/siegfriedneto/projects/servicedeskn1/frontend/app/node_modules/@tanstack/router-core/dist/esm/scroll-restoration.js:180:27)
    at RouterCore.emit (file:///home/siegfriedneto/projects/servicedeskn1/frontend/app/node_modules/@tanstack/router-core/dist/esm/router.js:178:14)
    at file:///home/siegfriedneto/projects/servicedeskn1/frontend/app/node_modules/@tanstack/react-router/dist/esm/Transitioner.js:46:25
    at settleOwner (file:///home/siegfriedneto/projects/servicedeskn1/frontend/app/node_modules/@tanstack/react-router/dist/esm/Transitioner.js:10:10)
    at file:///home/siegfriedneto/projects/servicedeskn1/frontend/app/node_modules/@tanstack/react-router/dist/esm/Matches.js:38:39
    at Object.react_stack_bottom_frame (/home/siegfriedneto/projects/servicedeskn1/frontend/app/node_modules/react-dom/cjs/react-dom-client.development.js:25989:20)
    at runWithFiberInDEV (/home/siegfriedneto/projects/servicedeskn1/frontend/app/node_modules/react-dom/cjs/react-dom-client.development.js:874:13)
    at commitHookEffectListMount (/home/siegfriedneto/projects/servicedeskn1/frontend/app/node_modules/react-dom/cjs/react-dom-client.development.js:13249:29) undefined
Error: Not implemented: window.scrollTo
    at module.exports (/home/siegfriedneto/projects/servicedeskn1/frontend/app/node_modules/jsdom/lib/jsdom/browser/not-implemented.js:9:17)
    at /home/siegfriedneto/projects/servicedeskn1/frontend/app/node_modules/jsdom/lib/jsdom/browser/Window.js:960:7
    at Object.fn (file:///home/siegfriedneto/projects/servicedeskn1/frontend/app/node_modules/@tanstack/router-core/dist/esm/scroll-restoration.js:180:27)
    at RouterCore.emit (file:///home/siegfriedneto/projects/servicedeskn1/frontend/app/node_modules/@tanstack/router-core/dist/esm/router.js:178:14)
    at file:///home/siegfriedneto/projects/servicedeskn1/frontend/app/node_modules/@tanstack/react-router/dist/esm/Transitioner.js:46:25
    at settleOwner (file:///home/siegfriedneto/projects/servicedeskn1/frontend/app/node_modules/@tanstack/react-router/dist/esm/Transitioner.js:10:10)
    at file:///home/siegfriedneto/projects/servicedeskn1/frontend/app/node_modules/@tanstack/react-router/dist/esm/Matches.js:38:39
    at Object.react_stack_bottom_frame (/home/siegfriedneto/projects/servicedeskn1/frontend/app/node_modules/react-dom/cjs/react-dom-client.development.js:25989:20)
    at runWithFiberInDEV (/home/siegfriedneto/projects/servicedeskn1/frontend/app/node_modules/react-dom/cjs/react-dom-client.development.js:874:13)
    at commitHookEffectListMount (/home/siegfriedneto/projects/servicedeskn1/frontend/app/node_modules/react-dom/cjs/react-dom-client.development.js:13249:29) undefined
Error: Not implemented: window.scrollTo
    at module.exports (/home/siegfriedneto/projects/servicedeskn1/frontend/app/node_modules/jsdom/lib/jsdom/browser/not-implemented.js:9:17)
    at /home/siegfriedneto/projects/servicedeskn1/frontend/app/node_modules/jsdom/lib/jsdom/browser/Window.js:960:7
    at Object.fn (file:///home/siegfriedneto/projects/servicedeskn1/frontend/app/node_modules/@tanstack/router-core/dist/esm/scroll-restoration.js:180:27)
    at RouterCore.emit (file:///home/siegfriedneto/projects/servicedeskn1/frontend/app/node_modules/@tanstack/router-core/dist/esm/router.js:178:14)
    at file:///home/siegfriedneto/projects/servicedeskn1/frontend/app/node_modules/@tanstack/react-router/dist/esm/Transitioner.js:46:25
    at settleOwner (file:///home/siegfriedneto/projects/servicedeskn1/frontend/app/node_modules/@tanstack/react-router/dist/esm/Transitioner.js:10:10)
    at file:///home/siegfriedneto/projects/servicedeskn1/frontend/app/node_modules/@tanstack/react-router/dist/esm/Matches.js:38:39
    at Object.react_stack_bottom_frame (/home/siegfriedneto/projects/servicedeskn1/frontend/app/node_modules/react-dom/cjs/react-dom-client.development.js:25989:20)
    at runWithFiberInDEV (/home/siegfriedneto/projects/servicedeskn1/frontend/app/node_modules/react-dom/cjs/react-dom-client.development.js:874:13)
    at commitHookEffectListMount (/home/siegfriedneto/projects/servicedeskn1/frontend/app/node_modules/react-dom/cjs/react-dom-client.development.js:13249:29) undefined
Error: Not implemented: window.scrollTo
    at module.exports (/home/siegfriedneto/projects/servicedeskn1/frontend/app/node_modules/jsdom/lib/jsdom/browser/not-implemented.js:9:17)
    at /home/siegfriedneto/projects/servicedeskn1/frontend/app/node_modules/jsdom/lib/jsdom/browser/Window.js:960:7
    at Object.fn (file:///home/siegfriedneto/projects/servicedeskn1/frontend/app/node_modules/@tanstack/router-core/dist/esm/scroll-restoration.js:180:27)
    at RouterCore.emit (file:///home/siegfriedneto/projects/servicedeskn1/frontend/app/node_modules/@tanstack/router-core/dist/esm/router.js:178:14)
    at file:///home/siegfriedneto/projects/servicedeskn1/frontend/app/node_modules/@tanstack/react-router/dist/esm/Transitioner.js:46:25
    at settleOwner (file:///home/siegfriedneto/projects/servicedeskn1/frontend/app/node_modules/@tanstack/react-router/dist/esm/Transitioner.js:10:10)
    at file:///home/siegfriedneto/projects/servicedeskn1/frontend/app/node_modules/@tanstack/react-router/dist/esm/Matches.js:38:39
    at Object.react_stack_bottom_frame (/home/siegfriedneto/projects/servicedeskn1/frontend/app/node_modules/react-dom/cjs/react-dom-client.development.js:25989:20)
    at runWithFiberInDEV (/home/siegfriedneto/projects/servicedeskn1/frontend/app/node_modules/react-dom/cjs/react-dom-client.development.js:874:13)
    at commitHookEffectListMount (/home/siegfriedneto/projects/servicedeskn1/frontend/app/node_modules/react-dom/cjs/react-dom-client.development.js:13249:29) undefined
Error: Not implemented: window.scrollTo
    at module.exports (/home/siegfriedneto/projects/servicedeskn1/frontend/app/node_modules/jsdom/lib/jsdom/browser/not-implemented.js:9:17)
    at /home/siegfriedneto/projects/servicedeskn1/frontend/app/node_modules/jsdom/lib/jsdom/browser/Window.js:960:7
    at Object.fn (file:///home/siegfriedneto/projects/servicedeskn1/frontend/app/node_modules/@tanstack/router-core/dist/esm/scroll-restoration.js:180:27)
    at RouterCore.emit (file:///home/siegfriedneto/projects/servicedeskn1/frontend/app/node_modules/@tanstack/router-core/dist/esm/router.js:178:14)
    at file:///home/siegfriedneto/projects/servicedeskn1/frontend/app/node_modules/@tanstack/router-core/dist/esm/load-client.js:943:46
    at Router.batch (file:///home/siegfriedneto/projects/servicedeskn1/frontend/app/node_modules/@tanstack/store/dist/esm/atom.js:39:5)
    at file:///home/siegfriedneto/projects/servicedeskn1/frontend/app/node_modules/@tanstack/router-core/dist/esm/load-client.js:936:10
    at runClientTransaction (file:///home/siegfriedneto/projects/servicedeskn1/frontend/app/node_modules/@tanstack/router-core/dist/esm/load-client.js:902:2)
    at loadClientRoute (file:///home/siegfriedneto/projects/servicedeskn1/frontend/app/node_modules/@tanstack/router-core/dist/esm/load-client.js:1034:2)
    at RouterCore.load (file:///home/siegfriedneto/projects/servicedeskn1/frontend/app/node_modules/@tanstack/router-core/dist/esm/router.js:489:4) undefined
Error: Not implemented: window.scrollTo
    at module.exports (/home/siegfriedneto/projects/servicedeskn1/frontend/app/node_modules/jsdom/lib/jsdom/browser/not-implemented.js:9:17)
    at /home/siegfriedneto/projects/servicedeskn1/frontend/app/node_modules/jsdom/lib/jsdom/browser/Window.js:960:7
    at Object.fn (file:///home/siegfriedneto/projects/servicedeskn1/frontend/app/node_modules/@tanstack/router-core/dist/esm/scroll-restoration.js:180:27)
    at RouterCore.emit (file:///home/siegfriedneto/projects/servicedeskn1/frontend/app/node_modules/@tanstack/router-core/dist/esm/router.js:178:14)
    at file:///home/siegfriedneto/projects/servicedeskn1/frontend/app/node_modules/@tanstack/router-core/dist/esm/load-client.js:943:46
    at Router.batch (file:///home/siegfriedneto/projects/servicedeskn1/frontend/app/node_modules/@tanstack/store/dist/esm/atom.js:39:5)
    at file:///home/siegfriedneto/projects/servicedeskn1/frontend/app/node_modules/@tanstack/router-core/dist/esm/load-client.js:936:10
    at runClientTransaction (file:///home/siegfriedneto/projects/servicedeskn1/frontend/app/node_modules/@tanstack/router-core/dist/esm/load-client.js:902:2)
    at loadClientRoute (file:///home/siegfriedneto/projects/servicedeskn1/frontend/app/node_modules/@tanstack/router-core/dist/esm/load-client.js:1034:2)
    at RouterCore.load (file:///home/siegfriedneto/projects/servicedeskn1/frontend/app/node_modules/@tanstack/router-core/dist/esm/router.js:489:4) undefined
Error: Not implemented: window.scrollTo
    at module.exports (/home/siegfriedneto/projects/servicedeskn1/frontend/app/node_modules/jsdom/lib/jsdom/browser/not-implemented.js:9:17)
    at /home/siegfriedneto/projects/servicedeskn1/frontend/app/node_modules/jsdom/lib/jsdom/browser/Window.js:960:7
    at Object.fn (file:///home/siegfriedneto/projects/servicedeskn1/frontend/app/node_modules/@tanstack/router-core/dist/esm/scroll-restoration.js:180:27)
    at RouterCore.emit (file:///home/siegfriedneto/projects/servicedeskn1/frontend/app/node_modules/@tanstack/router-core/dist/esm/router.js:178:14)
    at file:///home/siegfriedneto/projects/servicedeskn1/frontend/app/node_modules/@tanstack/react-router/dist/esm/Transitioner.js:46:25
    at settleOwner (file:///home/siegfriedneto/projects/servicedeskn1/frontend/app/node_modules/@tanstack/react-router/dist/esm/Transitioner.js:10:10)
    at file:///home/siegfriedneto/projects/servicedeskn1/frontend/app/node_modules/@tanstack/react-router/dist/esm/Matches.js:38:39
    at Object.react_stack_bottom_frame (/home/siegfriedneto/projects/servicedeskn1/frontend/app/node_modules/react-dom/cjs/react-dom-client.development.js:25989:20)
    at runWithFiberInDEV (/home/siegfriedneto/projects/servicedeskn1/frontend/app/node_modules/react-dom/cjs/react-dom-client.development.js:874:13)
    at commitHookEffectListMount (/home/siegfriedneto/projects/servicedeskn1/frontend/app/node_modules/react-dom/cjs/react-dom-client.development.js:13249:29) undefined
Error: Not implemented: window.scrollTo
    at module.exports (/home/siegfriedneto/projects/servicedeskn1/frontend/app/node_modules/jsdom/lib/jsdom/browser/not-implemented.js:9:17)
    at /home/siegfriedneto/projects/servicedeskn1/frontend/app/node_modules/jsdom/lib/jsdom/browser/Window.js:960:7
    at Object.fn (file:///home/siegfriedneto/projects/servicedeskn1/frontend/app/node_modules/@tanstack/router-core/dist/esm/scroll-restoration.js:180:27)
    at RouterCore.emit (file:///home/siegfriedneto/projects/servicedeskn1/frontend/app/node_modules/@tanstack/router-core/dist/esm/router.js:178:14)
    at file:///home/siegfriedneto/projects/servicedeskn1/frontend/app/node_modules/@tanstack/react-router/dist/esm/Transitioner.js:46:25
    at settleOwner (file:///home/siegfriedneto/projects/servicedeskn1/frontend/app/node_modules/@tanstack/react-router/dist/esm/Transitioner.js:10:10)
    at file:///home/siegfriedneto/projects/servicedeskn1/frontend/app/node_modules/@tanstack/react-router/dist/esm/Matches.js:38:39
    at Object.react_stack_bottom_frame (/home/siegfriedneto/projects/servicedeskn1/frontend/app/node_modules/react-dom/cjs/react-dom-client.development.js:25989:20)
    at runWithFiberInDEV (/home/siegfriedneto/projects/servicedeskn1/frontend/app/node_modules/react-dom/cjs/react-dom-client.development.js:874:13)
    at commitHookEffectListMount (/home/siegfriedneto/projects/servicedeskn1/frontend/app/node_modules/react-dom/cjs/react-dom-client.development.js:13249:29) undefined
Error: Not implemented: window.scrollTo
    at module.exports (/home/siegfriedneto/projects/servicedeskn1/frontend/app/node_modules/jsdom/lib/jsdom/browser/not-implemented.js:9:17)
    at /home/siegfriedneto/projects/servicedeskn1/frontend/app/node_modules/jsdom/lib/jsdom/browser/Window.js:960:7
    at Object.fn (file:///home/siegfriedneto/projects/servicedeskn1/frontend/app/node_modules/@tanstack/router-core/dist/esm/scroll-restoration.js:180:27)
    at RouterCore.emit (file:///home/siegfriedneto/projects/servicedeskn1/frontend/app/node_modules/@tanstack/router-core/dist/esm/router.js:178:14)
    at file:///home/siegfriedneto/projects/servicedeskn1/frontend/app/node_modules/@tanstack/react-router/dist/esm/Transitioner.js:46:25
    at settleOwner (file:///home/siegfriedneto/projects/servicedeskn1/frontend/app/node_modules/@tanstack/react-router/dist/esm/Transitioner.js:10:10)
    at file:///home/siegfriedneto/projects/servicedeskn1/frontend/app/node_modules/@tanstack/react-router/dist/esm/Matches.js:38:39
    at Object.react_stack_bottom_frame (/home/siegfriedneto/projects/servicedeskn1/frontend/app/node_modules/react-dom/cjs/react-dom-client.development.js:25989:20)
    at runWithFiberInDEV (/home/siegfriedneto/projects/servicedeskn1/frontend/app/node_modules/react-dom/cjs/react-dom-client.development.js:874:13)
    at commitHookEffectListMount (/home/siegfriedneto/projects/servicedeskn1/frontend/app/node_modules/react-dom/cjs/react-dom-client.development.js:13249:29) undefined
Error: Not implemented: window.scrollTo
    at module.exports (/home/siegfriedneto/projects/servicedeskn1/frontend/app/node_modules/jsdom/lib/jsdom/browser/not-implemented.js:9:17)
    at /home/siegfriedneto/projects/servicedeskn1/frontend/app/node_modules/jsdom/lib/jsdom/browser/Window.js:960:7
    at Object.fn (file:///home/siegfriedneto/projects/servicedeskn1/frontend/app/node_modules/@tanstack/router-core/dist/esm/scroll-restoration.js:180:27)
    at RouterCore.emit (file:///home/siegfriedneto/projects/servicedeskn1/frontend/app/node_modules/@tanstack/router-core/dist/esm/router.js:178:14)
    at file:///home/siegfriedneto/projects/servicedeskn1/frontend/app/node_modules/@tanstack/react-router/dist/esm/Transitioner.js:46:25
    at settleOwner (file:///home/siegfriedneto/projects/servicedeskn1/frontend/app/node_modules/@tanstack/react-router/dist/esm/Transitioner.js:10:10)
    at file:///home/siegfriedneto/projects/servicedeskn1/frontend/app/node_modules/@tanstack/react-router/dist/esm/Matches.js:38:39
    at Object.react_stack_bottom_frame (/home/siegfriedneto/projects/servicedeskn1/frontend/app/node_modules/react-dom/cjs/react-dom-client.development.js:25989:20)
    at runWithFiberInDEV (/home/siegfriedneto/projects/servicedeskn1/frontend/app/node_modules/react-dom/cjs/react-dom-client.development.js:874:13)
    at commitHookEffectListMount (/home/siegfriedneto/projects/servicedeskn1/frontend/app/node_modules/react-dom/cjs/react-dom-client.development.js:13249:29) undefined
Error: Not implemented: window.scrollTo
    at module.exports (/home/siegfriedneto/projects/servicedeskn1/frontend/app/node_modules/jsdom/lib/jsdom/browser/not-implemented.js:9:17)
    at /home/siegfriedneto/projects/servicedeskn1/frontend/app/node_modules/jsdom/lib/jsdom/browser/Window.js:960:7
    at Object.fn (file:///home/siegfriedneto/projects/servicedeskn1/frontend/app/node_modules/@tanstack/router-core/dist/esm/scroll-restoration.js:180:27)
    at RouterCore.emit (file:///home/siegfriedneto/projects/servicedeskn1/frontend/app/node_modules/@tanstack/router-core/dist/esm/router.js:178:14)
    at file:///home/siegfriedneto/projects/servicedeskn1/frontend/app/node_modules/@tanstack/react-router/dist/esm/Transitioner.js:46:25
    at settleOwner (file:///home/siegfriedneto/projects/servicedeskn1/frontend/app/node_modules/@tanstack/react-router/dist/esm/Transitioner.js:10:10)
    at file:///home/siegfriedneto/projects/servicedeskn1/frontend/app/node_modules/@tanstack/react-router/dist/esm/Matches.js:38:39
    at Object.react_stack_bottom_frame (/home/siegfriedneto/projects/servicedeskn1/frontend/app/node_modules/react-dom/cjs/react-dom-client.development.js:25989:20)
    at runWithFiberInDEV (/home/siegfriedneto/projects/servicedeskn1/frontend/app/node_modules/react-dom/cjs/react-dom-client.development.js:874:13)
    at commitHookEffectListMount (/home/siegfriedneto/projects/servicedeskn1/frontend/app/node_modules/react-dom/cjs/react-dom-client.development.js:13249:29) undefined
Error: Not implemented: window.scrollTo
    at module.exports (/home/siegfriedneto/projects/servicedeskn1/frontend/app/node_modules/jsdom/lib/jsdom/browser/not-implemented.js:9:17)
    at /home/siegfriedneto/projects/servicedeskn1/frontend/app/node_modules/jsdom/lib/jsdom/browser/Window.js:960:7
    at Object.fn (file:///home/siegfriedneto/projects/servicedeskn1/frontend/app/node_modules/@tanstack/router-core/dist/esm/scroll-restoration.js:180:27)
    at RouterCore.emit (file:///home/siegfriedneto/projects/servicedeskn1/frontend/app/node_modules/@tanstack/router-core/dist/esm/router.js:178:14)
    at file:///home/siegfriedneto/projects/servicedeskn1/frontend/app/node_modules/@tanstack/react-router/dist/esm/Transitioner.js:46:25
    at settleOwner (file:///home/siegfriedneto/projects/servicedeskn1/frontend/app/node_modules/@tanstack/react-router/dist/esm/Transitioner.js:10:10)
    at file:///home/siegfriedneto/projects/servicedeskn1/frontend/app/node_modules/@tanstack/react-router/dist/esm/Matches.js:38:39
    at Object.react_stack_bottom_frame (/home/siegfriedneto/projects/servicedeskn1/frontend/app/node_modules/react-dom/cjs/react-dom-client.development.js:25989:20)
    at runWithFiberInDEV (/home/siegfriedneto/projects/servicedeskn1/frontend/app/node_modules/react-dom/cjs/react-dom-client.development.js:874:13)
    at commitHookEffectListMount (/home/siegfriedneto/projects/servicedeskn1/frontend/app/node_modules/react-dom/cjs/react-dom-client.development.js:13249:29) undefined
Error: Not implemented: window.scrollTo
    at module.exports (/home/siegfriedneto/projects/servicedeskn1/frontend/app/node_modules/jsdom/lib/jsdom/browser/not-implemented.js:9:17)
    at /home/siegfriedneto/projects/servicedeskn1/frontend/app/node_modules/jsdom/lib/jsdom/browser/Window.js:960:7
    at Object.fn (file:///home/siegfriedneto/projects/servicedeskn1/frontend/app/node_modules/@tanstack/router-core/dist/esm/scroll-restoration.js:180:27)
    at RouterCore.emit (file:///home/siegfriedneto/projects/servicedeskn1/frontend/app/node_modules/@tanstack/router-core/dist/esm/router.js:178:14)
    at file:///home/siegfriedneto/projects/servicedeskn1/frontend/app/node_modules/@tanstack/react-router/dist/esm/Transitioner.js:46:25
    at settleOwner (file:///home/siegfriedneto/projects/servicedeskn1/frontend/app/node_modules/@tanstack/react-router/dist/esm/Transitioner.js:10:10)
    at file:///home/siegfriedneto/projects/servicedeskn1/frontend/app/node_modules/@tanstack/react-router/dist/esm/Matches.js:38:39
    at Object.react_stack_bottom_frame (/home/siegfriedneto/projects/servicedeskn1/frontend/app/node_modules/react-dom/cjs/react-dom-client.development.js:25989:20)
    at runWithFiberInDEV (/home/siegfriedneto/projects/servicedeskn1/frontend/app/node_modules/react-dom/cjs/react-dom-client.development.js:874:13)
    at commitHookEffectListMount (/home/siegfriedneto/projects/servicedeskn1/frontend/app/node_modules/react-dom/cjs/react-dom-client.development.js:13249:29) undefined
Error: Not implemented: window.scrollTo
    at module.exports (/home/siegfriedneto/projects/servicedeskn1/frontend/app/node_modules/jsdom/lib/jsdom/browser/not-implemented.js:9:17)
    at /home/siegfriedneto/projects/servicedeskn1/frontend/app/node_modules/jsdom/lib/jsdom/browser/Window.js:960:7
    at Object.fn (file:///home/siegfriedneto/projects/servicedeskn1/frontend/app/node_modules/@tanstack/router-core/dist/esm/scroll-restoration.js:180:27)
    at RouterCore.emit (file:///home/siegfriedneto/projects/servicedeskn1/frontend/app/node_modules/@tanstack/router-core/dist/esm/router.js:178:14)
    at file:///home/siegfriedneto/projects/servicedeskn1/frontend/app/node_modules/@tanstack/react-router/dist/esm/Transitioner.js:46:25
    at settleOwner (file:///home/siegfriedneto/projects/servicedeskn1/frontend/app/node_modules/@tanstack/react-router/dist/esm/Transitioner.js:10:10)
    at file:///home/siegfriedneto/projects/servicedeskn1/frontend/app/node_modules/@tanstack/react-router/dist/esm/Matches.js:38:39
    at Object.react_stack_bottom_frame (/home/siegfriedneto/projects/servicedeskn1/frontend/app/node_modules/react-dom/cjs/react-dom-client.development.js:25989:20)
    at runWithFiberInDEV (/home/siegfriedneto/projects/servicedeskn1/frontend/app/node_modules/react-dom/cjs/react-dom-client.development.js:874:13)
    at commitHookEffectListMount (/home/siegfriedneto/projects/servicedeskn1/frontend/app/node_modules/react-dom/cjs/react-dom-client.development.js:13249:29) undefined
Error: Not implemented: window.scrollTo
    at module.exports (/home/siegfriedneto/projects/servicedeskn1/frontend/app/node_modules/jsdom/lib/jsdom/browser/not-implemented.js:9:17)
    at /home/siegfriedneto/projects/servicedeskn1/frontend/app/node_modules/jsdom/lib/jsdom/browser/Window.js:960:7
    at Object.fn (file:///home/siegfriedneto/projects/servicedeskn1/frontend/app/node_modules/@tanstack/router-core/dist/esm/scroll-restoration.js:180:27)
    at RouterCore.emit (file:///home/siegfriedneto/projects/servicedeskn1/frontend/app/node_modules/@tanstack/router-core/dist/esm/router.js:178:14)
    at file:///home/siegfriedneto/projects/servicedeskn1/frontend/app/node_modules/@tanstack/react-router/dist/esm/Transitioner.js:46:25
    at settleOwner (file:///home/siegfriedneto/projects/servicedeskn1/frontend/app/node_modules/@tanstack/react-router/dist/esm/Transitioner.js:10:10)
    at file:///home/siegfriedneto/projects/servicedeskn1/frontend/app/node_modules/@tanstack/react-router/dist/esm/Matches.js:38:39
    at Object.react_stack_bottom_frame (/home/siegfriedneto/projects/servicedeskn1/frontend/app/node_modules/react-dom/cjs/react-dom-client.development.js:25989:20)
    at runWithFiberInDEV (/home/siegfriedneto/projects/servicedeskn1/frontend/app/node_modules/react-dom/cjs/react-dom-client.development.js:874:13)
    at commitHookEffectListMount (/home/siegfriedneto/projects/servicedeskn1/frontend/app/node_modules/react-dom/cjs/react-dom-client.development.js:13249:29) undefined
Error: Not implemented: window.scrollTo
    at module.exports (/home/siegfriedneto/projects/servicedeskn1/frontend/app/node_modules/jsdom/lib/jsdom/browser/not-implemented.js:9:17)
    at /home/siegfriedneto/projects/servicedeskn1/frontend/app/node_modules/jsdom/lib/jsdom/browser/Window.js:960:7
    at Object.fn (file:///home/siegfriedneto/projects/servicedeskn1/frontend/app/node_modules/@tanstack/router-core/dist/esm/scroll-restoration.js:180:27)
    at RouterCore.emit (file:///home/siegfriedneto/projects/servicedeskn1/frontend/app/node_modules/@tanstack/router-core/dist/esm/router.js:178:14)
    at file:///home/siegfriedneto/projects/servicedeskn1/frontend/app/node_modules/@tanstack/react-router/dist/esm/Transitioner.js:46:25
    at settleOwner (file:///home/siegfriedneto/projects/servicedeskn1/frontend/app/node_modules/@tanstack/react-router/dist/esm/Transitioner.js:10:10)
    at file:///home/siegfriedneto/projects/servicedeskn1/frontend/app/node_modules/@tanstack/react-router/dist/esm/Matches.js:38:39
    at Object.react_stack_bottom_frame (/home/siegfriedneto/projects/servicedeskn1/frontend/app/node_modules/react-dom/cjs/react-dom-client.development.js:25989:20)
    at runWithFiberInDEV (/home/siegfriedneto/projects/servicedeskn1/frontend/app/node_modules/react-dom/cjs/react-dom-client.development.js:874:13)
    at commitHookEffectListMount (/home/siegfriedneto/projects/servicedeskn1/frontend/app/node_modules/react-dom/cjs/react-dom-client.development.js:13249:29) undefined
Error: Not implemented: window.scrollTo
    at module.exports (/home/siegfriedneto/projects/servicedeskn1/frontend/app/node_modules/jsdom/lib/jsdom/browser/not-implemented.js:9:17)
    at /home/siegfriedneto/projects/servicedeskn1/frontend/app/node_modules/jsdom/lib/jsdom/browser/Window.js:960:7
    at Object.fn (file:///home/siegfriedneto/projects/servicedeskn1/frontend/app/node_modules/@tanstack/router-core/dist/esm/scroll-restoration.js:180:27)
    at RouterCore.emit (file:///home/siegfriedneto/projects/servicedeskn1/frontend/app/node_modules/@tanstack/router-core/dist/esm/router.js:178:14)
    at file:///home/siegfriedneto/projects/servicedeskn1/frontend/app/node_modules/@tanstack/react-router/dist/esm/Transitioner.js:46:25
    at settleOwner (file:///home/siegfriedneto/projects/servicedeskn1/frontend/app/node_modules/@tanstack/react-router/dist/esm/Transitioner.js:10:10)
    at file:///home/siegfriedneto/projects/servicedeskn1/frontend/app/node_modules/@tanstack/react-router/dist/esm/Matches.js:38:39
    at Object.react_stack_bottom_frame (/home/siegfriedneto/projects/servicedeskn1/frontend/app/node_modules/react-dom/cjs/react-dom-client.development.js:25989:20)
    at runWithFiberInDEV (/home/siegfriedneto/projects/servicedeskn1/frontend/app/node_modules/react-dom/cjs/react-dom-client.development.js:874:13)
    at commitHookEffectListMount (/home/siegfriedneto/projects/servicedeskn1/frontend/app/node_modules/react-dom/cjs/react-dom-client.development.js:13249:29) undefined
Error: Not implemented: window.scrollTo
    at module.exports (/home/siegfriedneto/projects/servicedeskn1/frontend/app/node_modules/jsdom/lib/jsdom/browser/not-implemented.js:9:17)
    at /home/siegfriedneto/projects/servicedeskn1/frontend/app/node_modules/jsdom/lib/jsdom/browser/Window.js:960:7
    at Object.fn (file:///home/siegfriedneto/projects/servicedeskn1/frontend/app/node_modules/@tanstack/router-core/dist/esm/scroll-restoration.js:180:27)
    at RouterCore.emit (file:///home/siegfriedneto/projects/servicedeskn1/frontend/app/node_modules/@tanstack/router-core/dist/esm/router.js:178:14)
    at file:///home/siegfriedneto/projects/servicedeskn1/frontend/app/node_modules/@tanstack/react-router/dist/esm/Transitioner.js:46:25
    at settleOwner (file:///home/siegfriedneto/projects/servicedeskn1/frontend/app/node_modules/@tanstack/react-router/dist/esm/Transitioner.js:10:10)
    at file:///home/siegfriedneto/projects/servicedeskn1/frontend/app/node_modules/@tanstack/react-router/dist/esm/Matches.js:38:39
    at Object.react_stack_bottom_frame (/home/siegfriedneto/projects/servicedeskn1/frontend/app/node_modules/react-dom/cjs/react-dom-client.development.js:25989:20)
    at runWithFiberInDEV (/home/siegfriedneto/projects/servicedeskn1/frontend/app/node_modules/react-dom/cjs/react-dom-client.development.js:874:13)
    at commitHookEffectListMount (/home/siegfriedneto/projects/servicedeskn1/frontend/app/node_modules/react-dom/cjs/react-dom-client.development.js:13249:29) undefined
Error: Not implemented: window.scrollTo
    at module.exports (/home/siegfriedneto/projects/servicedeskn1/frontend/app/node_modules/jsdom/lib/jsdom/browser/not-implemented.js:9:17)
    at /home/siegfriedneto/projects/servicedeskn1/frontend/app/node_modules/jsdom/lib/jsdom/browser/Window.js:960:7
    at Object.fn (file:///home/siegfriedneto/projects/servicedeskn1/frontend/app/node_modules/@tanstack/router-core/dist/esm/scroll-restoration.js:180:27)
    at RouterCore.emit (file:///home/siegfriedneto/projects/servicedeskn1/frontend/app/node_modules/@tanstack/router-core/dist/esm/router.js:178:14)
    at file:///home/siegfriedneto/projects/servicedeskn1/frontend/app/node_modules/@tanstack/react-router/dist/esm/Transitioner.js:46:25
    at settleOwner (file:///home/siegfriedneto/projects/servicedeskn1/frontend/app/node_modules/@tanstack/react-router/dist/esm/Transitioner.js:10:10)
    at file:///home/siegfriedneto/projects/servicedeskn1/frontend/app/node_modules/@tanstack/react-router/dist/esm/Matches.js:38:39
    at Object.react_stack_bottom_frame (/home/siegfriedneto/projects/servicedeskn1/frontend/app/node_modules/react-dom/cjs/react-dom-client.development.js:25989:20)
    at runWithFiberInDEV (/home/siegfriedneto/projects/servicedeskn1/frontend/app/node_modules/react-dom/cjs/react-dom-client.development.js:874:13)
    at commitHookEffectListMount (/home/siegfriedneto/projects/servicedeskn1/frontend/app/node_modules/react-dom/cjs/react-dom-client.development.js:13249:29) undefined
Error: Not implemented: window.scrollTo
    at module.exports (/home/siegfriedneto/projects/servicedeskn1/frontend/app/node_modules/jsdom/lib/jsdom/browser/not-implemented.js:9:17)
    at /home/siegfriedneto/projects/servicedeskn1/frontend/app/node_modules/jsdom/lib/jsdom/browser/Window.js:960:7
    at Object.fn (file:///home/siegfriedneto/projects/servicedeskn1/frontend/app/node_modules/@tanstack/router-core/dist/esm/scroll-restoration.js:180:27)
    at RouterCore.emit (file:///home/siegfriedneto/projects/servicedeskn1/frontend/app/node_modules/@tanstack/router-core/dist/esm/router.js:178:14)
    at file:///home/siegfriedneto/projects/servicedeskn1/frontend/app/node_modules/@tanstack/react-router/dist/esm/Transitioner.js:46:25
    at settleOwner (file:///home/siegfriedneto/projects/servicedeskn1/frontend/app/node_modules/@tanstack/react-router/dist/esm/Transitioner.js:10:10)
    at file:///home/siegfriedneto/projects/servicedeskn1/frontend/app/node_modules/@tanstack/react-router/dist/esm/Matches.js:38:39
    at Object.react_stack_bottom_frame (/home/siegfriedneto/projects/servicedeskn1/frontend/app/node_modules/react-dom/cjs/react-dom-client.development.js:25989:20)
    at runWithFiberInDEV (/home/siegfriedneto/projects/servicedeskn1/frontend/app/node_modules/react-dom/cjs/react-dom-client.development.js:874:13)
    at commitHookEffectListMount (/home/siegfriedneto/projects/servicedeskn1/frontend/app/node_modules/react-dom/cjs/react-dom-client.development.js:13249:29) undefined
Error: Not implemented: window.scrollTo
    at module.exports (/home/siegfriedneto/projects/servicedeskn1/frontend/app/node_modules/jsdom/lib/jsdom/browser/not-implemented.js:9:17)
    at /home/siegfriedneto/projects/servicedeskn1/frontend/app/node_modules/jsdom/lib/jsdom/browser/Window.js:960:7
    at Object.fn (file:///home/siegfriedneto/projects/servicedeskn1/frontend/app/node_modules/@tanstack/router-core/dist/esm/scroll-restoration.js:180:27)
    at RouterCore.emit (file:///home/siegfriedneto/projects/servicedeskn1/frontend/app/node_modules/@tanstack/router-core/dist/esm/router.js:178:14)
    at file:///home/siegfriedneto/projects/servicedeskn1/frontend/app/node_modules/@tanstack/react-router/dist/esm/Transitioner.js:46:25
    at settleOwner (file:///home/siegfriedneto/projects/servicedeskn1/frontend/app/node_modules/@tanstack/react-router/dist/esm/Transitioner.js:10:10)
    at file:///home/siegfriedneto/projects/servicedeskn1/frontend/app/node_modules/@tanstack/react-router/dist/esm/Matches.js:38:39
    at Object.react_stack_bottom_frame (/home/siegfriedneto/projects/servicedeskn1/frontend/app/node_modules/react-dom/cjs/react-dom-client.development.js:25989:20)
    at runWithFiberInDEV (/home/siegfriedneto/projects/servicedeskn1/frontend/app/node_modules/react-dom/cjs/react-dom-client.development.js:874:13)
    at commitHookEffectListMount (/home/siegfriedneto/projects/servicedeskn1/frontend/app/node_modules/react-dom/cjs/react-dom-client.development.js:13249:29) undefined
Error: Not implemented: window.scrollTo
    at module.exports (/home/siegfriedneto/projects/servicedeskn1/frontend/app/node_modules/jsdom/lib/jsdom/browser/not-implemented.js:9:17)
    at /home/siegfriedneto/projects/servicedeskn1/frontend/app/node_modules/jsdom/lib/jsdom/browser/Window.js:960:7
    at Object.fn (file:///home/siegfriedneto/projects/servicedeskn1/frontend/app/node_modules/@tanstack/router-core/dist/esm/scroll-restoration.js:180:27)
    at RouterCore.emit (file:///home/siegfriedneto/projects/servicedeskn1/frontend/app/node_modules/@tanstack/router-core/dist/esm/router.js:178:14)
    at file:///home/siegfriedneto/projects/servicedeskn1/frontend/app/node_modules/@tanstack/react-router/dist/esm/Transitioner.js:46:25
    at settleOwner (file:///home/siegfriedneto/projects/servicedeskn1/frontend/app/node_modules/@tanstack/react-router/dist/esm/Transitioner.js:10:10)
    at file:///home/siegfriedneto/projects/servicedeskn1/frontend/app/node_modules/@tanstack/react-router/dist/esm/Matches.js:38:39
    at Object.react_stack_bottom_frame (/home/siegfriedneto/projects/servicedeskn1/frontend/app/node_modules/react-dom/cjs/react-dom-client.development.js:25989:20)
    at runWithFiberInDEV (/home/siegfriedneto/projects/servicedeskn1/frontend/app/node_modules/react-dom/cjs/react-dom-client.development.js:874:13)
    at commitHookEffectListMount (/home/siegfriedneto/projects/servicedeskn1/frontend/app/node_modules/react-dom/cjs/react-dom-client.development.js:13249:29) undefined
Error: Not implemented: window.scrollTo
    at module.exports (/home/siegfriedneto/projects/servicedeskn1/frontend/app/node_modules/jsdom/lib/jsdom/browser/not-implemented.js:9:17)
    at /home/siegfriedneto/projects/servicedeskn1/frontend/app/node_modules/jsdom/lib/jsdom/browser/Window.js:960:7
    at Object.fn (file:///home/siegfriedneto/projects/servicedeskn1/frontend/app/node_modules/@tanstack/router-core/dist/esm/scroll-restoration.js:180:27)
    at RouterCore.emit (file:///home/siegfriedneto/projects/servicedeskn1/frontend/app/node_modules/@tanstack/router-core/dist/esm/router.js:178:14)
    at file:///home/siegfriedneto/projects/servicedeskn1/frontend/app/node_modules/@tanstack/react-router/dist/esm/Transitioner.js:46:25
    at settleOwner (file:///home/siegfriedneto/projects/servicedeskn1/frontend/app/node_modules/@tanstack/react-router/dist/esm/Transitioner.js:10:10)
    at file:///home/siegfriedneto/projects/servicedeskn1/frontend/app/node_modules/@tanstack/react-router/dist/esm/Matches.js:38:39
    at Object.react_stack_bottom_frame (/home/siegfriedneto/projects/servicedeskn1/frontend/app/node_modules/react-dom/cjs/react-dom-client.development.js:25989:20)
    at runWithFiberInDEV (/home/siegfriedneto/projects/servicedeskn1/frontend/app/node_modules/react-dom/cjs/react-dom-client.development.js:874:13)
    at commitHookEffectListMount (/home/siegfriedneto/projects/servicedeskn1/frontend/app/node_modules/react-dom/cjs/react-dom-client.development.js:13249:29) undefined
Error: Not implemented: window.scrollTo
    at module.exports (/home/siegfriedneto/projects/servicedeskn1/frontend/app/node_modules/jsdom/lib/jsdom/browser/not-implemented.js:9:17)
    at /home/siegfriedneto/projects/servicedeskn1/frontend/app/node_modules/jsdom/lib/jsdom/browser/Window.js:960:7
    at Object.fn (file:///home/siegfriedneto/projects/servicedeskn1/frontend/app/node_modules/@tanstack/router-core/dist/esm/scroll-restoration.js:180:27)
    at RouterCore.emit (file:///home/siegfriedneto/projects/servicedeskn1/frontend/app/node_modules/@tanstack/router-core/dist/esm/router.js:178:14)
    at file:///home/siegfriedneto/projects/servicedeskn1/frontend/app/node_modules/@tanstack/react-router/dist/esm/Transitioner.js:46:25
    at settleOwner (file:///home/siegfriedneto/projects/servicedeskn1/frontend/app/node_modules/@tanstack/react-router/dist/esm/Transitioner.js:10:10)
    at file:///home/siegfriedneto/projects/servicedeskn1/frontend/app/node_modules/@tanstack/react-router/dist/esm/Matches.js:38:39
    at Object.react_stack_bottom_frame (/home/siegfriedneto/projects/servicedeskn1/frontend/app/node_modules/react-dom/cjs/react-dom-client.development.js:25989:20)
    at runWithFiberInDEV (/home/siegfriedneto/projects/servicedeskn1/frontend/app/node_modules/react-dom/cjs/react-dom-client.development.js:874:13)
    at commitHookEffectListMount (/home/siegfriedneto/projects/servicedeskn1/frontend/app/node_modules/react-dom/cjs/react-dom-client.development.js:13249:29) undefined
Error: Not implemented: window.scrollTo
    at module.exports (/home/siegfriedneto/projects/servicedeskn1/frontend/app/node_modules/jsdom/lib/jsdom/browser/not-implemented.js:9:17)
    at /home/siegfriedneto/projects/servicedeskn1/frontend/app/node_modules/jsdom/lib/jsdom/browser/Window.js:960:7
    at Object.fn (file:///home/siegfriedneto/projects/servicedeskn1/frontend/app/node_modules/@tanstack/router-core/dist/esm/scroll-restoration.js:180:27)
    at RouterCore.emit (file:///home/siegfriedneto/projects/servicedeskn1/frontend/app/node_modules/@tanstack/router-core/dist/esm/router.js:178:14)
    at file:///home/siegfriedneto/projects/servicedeskn1/frontend/app/node_modules/@tanstack/react-router/dist/esm/Transitioner.js:46:25
    at settleOwner (file:///home/siegfriedneto/projects/servicedeskn1/frontend/app/node_modules/@tanstack/react-router/dist/esm/Transitioner.js:10:10)
    at file:///home/siegfriedneto/projects/servicedeskn1/frontend/app/node_modules/@tanstack/react-router/dist/esm/Matches.js:38:39
    at Object.react_stack_bottom_frame (/home/siegfriedneto/projects/servicedeskn1/frontend/app/node_modules/react-dom/cjs/react-dom-client.development.js:25989:20)
    at runWithFiberInDEV (/home/siegfriedneto/projects/servicedeskn1/frontend/app/node_modules/react-dom/cjs/react-dom-client.development.js:874:13)
    at commitHookEffectListMount (/home/siegfriedneto/projects/servicedeskn1/frontend/app/node_modules/react-dom/cjs/react-dom-client.development.js:13249:29) undefined
Error: Not implemented: window.scrollTo
    at module.exports (/home/siegfriedneto/projects/servicedeskn1/frontend/app/node_modules/jsdom/lib/jsdom/browser/not-implemented.js:9:17)
    at /home/siegfriedneto/projects/servicedeskn1/frontend/app/node_modules/jsdom/lib/jsdom/browser/Window.js:960:7
    at Object.fn (file:///home/siegfriedneto/projects/servicedeskn1/frontend/app/node_modules/@tanstack/router-core/dist/esm/scroll-restoration.js:180:27)
    at RouterCore.emit (file:///home/siegfriedneto/projects/servicedeskn1/frontend/app/node_modules/@tanstack/router-core/dist/esm/router.js:178:14)
    at file:///home/siegfriedneto/projects/servicedeskn1/frontend/app/node_modules/@tanstack/react-router/dist/esm/Transitioner.js:46:25
    at settleOwner (file:///home/siegfriedneto/projects/servicedeskn1/frontend/app/node_modules/@tanstack/react-router/dist/esm/Transitioner.js:10:10)
    at file:///home/siegfriedneto/projects/servicedeskn1/frontend/app/node_modules/@tanstack/react-router/dist/esm/Matches.js:38:39
    at Object.react_stack_bottom_frame (/home/siegfriedneto/projects/servicedeskn1/frontend/app/node_modules/react-dom/cjs/react-dom-client.development.js:25989:20)
    at runWithFiberInDEV (/home/siegfriedneto/projects/servicedeskn1/frontend/app/node_modules/react-dom/cjs/react-dom-client.development.js:874:13)
    at commitHookEffectListMount (/home/siegfriedneto/projects/servicedeskn1/frontend/app/node_modules/react-dom/cjs/react-dom-client.development.js:13249:29) undefined
Error: Not implemented: window.scrollTo
    at module.exports (/home/siegfriedneto/projects/servicedeskn1/frontend/app/node_modules/jsdom/lib/jsdom/browser/not-implemented.js:9:17)
    at /home/siegfriedneto/projects/servicedeskn1/frontend/app/node_modules/jsdom/lib/jsdom/browser/Window.js:960:7
    at Object.fn (file:///home/siegfriedneto/projects/servicedeskn1/frontend/app/node_modules/@tanstack/router-core/dist/esm/scroll-restoration.js:180:27)
    at RouterCore.emit (file:///home/siegfriedneto/projects/servicedeskn1/frontend/app/node_modules/@tanstack/router-core/dist/esm/router.js:178:14)
    at file:///home/siegfriedneto/projects/servicedeskn1/frontend/app/node_modules/@tanstack/router-core/dist/esm/load-client.js:943:46
    at Router.batch (file:///home/siegfriedneto/projects/servicedeskn1/frontend/app/node_modules/@tanstack/store/dist/esm/atom.js:39:5)
    at file:///home/siegfriedneto/projects/servicedeskn1/frontend/app/node_modules/@tanstack/router-core/dist/esm/load-client.js:936:10
    at runClientTransaction (file:///home/siegfriedneto/projects/servicedeskn1/frontend/app/node_modules/@tanstack/router-core/dist/esm/load-client.js:902:2)
    at loadClientRoute (file:///home/siegfriedneto/projects/servicedeskn1/frontend/app/node_modules/@tanstack/router-core/dist/esm/load-client.js:1034:2)
    at RouterCore.load (file:///home/siegfriedneto/projects/servicedeskn1/frontend/app/node_modules/@tanstack/router-core/dist/esm/router.js:489:4) undefined
Error: Not implemented: window.scrollTo
    at module.exports (/home/siegfriedneto/projects/servicedeskn1/frontend/app/node_modules/jsdom/lib/jsdom/browser/not-implemented.js:9:17)
    at /home/siegfriedneto/projects/servicedeskn1/frontend/app/node_modules/jsdom/lib/jsdom/browser/Window.js:960:7
    at Object.fn (file:///home/siegfriedneto/projects/servicedeskn1/frontend/app/node_modules/@tanstack/router-core/dist/esm/scroll-restoration.js:180:27)
    at RouterCore.emit (file:///home/siegfriedneto/projects/servicedeskn1/frontend/app/node_modules/@tanstack/router-core/dist/esm/router.js:178:14)
    at file:///home/siegfriedneto/projects/servicedeskn1/frontend/app/node_modules/@tanstack/react-router/dist/esm/Transitioner.js:46:25
    at settleOwner (file:///home/siegfriedneto/projects/servicedeskn1/frontend/app/node_modules/@tanstack/react-router/dist/esm/Transitioner.js:10:10)
    at file:///home/siegfriedneto/projects/servicedeskn1/frontend/app/node_modules/@tanstack/react-router/dist/esm/Matches.js:38:39
    at Object.react_stack_bottom_frame (/home/siegfriedneto/projects/servicedeskn1/frontend/app/node_modules/react-dom/cjs/react-dom-client.development.js:25989:20)
    at runWithFiberInDEV (/home/siegfriedneto/projects/servicedeskn1/frontend/app/node_modules/react-dom/cjs/react-dom-client.development.js:874:13)
    at commitHookEffectListMount (/home/siegfriedneto/projects/servicedeskn1/frontend/app/node_modules/react-dom/cjs/react-dom-client.development.js:13249:29) undefined
Error: Not implemented: window.scrollTo
    at module.exports (/home/siegfriedneto/projects/servicedeskn1/frontend/app/node_modules/jsdom/lib/jsdom/browser/not-implemented.js:9:17)
    at /home/siegfriedneto/projects/servicedeskn1/frontend/app/node_modules/jsdom/lib/jsdom/browser/Window.js:960:7
    at Object.fn (file:///home/siegfriedneto/projects/servicedeskn1/frontend/app/node_modules/@tanstack/router-core/dist/esm/scroll-restoration.js:180:27)
    at RouterCore.emit (file:///home/siegfriedneto/projects/servicedeskn1/frontend/app/node_modules/@tanstack/router-core/dist/esm/router.js:178:14)
    at file:///home/siegfriedneto/projects/servicedeskn1/frontend/app/node_modules/@tanstack/react-router/dist/esm/Transitioner.js:46:25
    at settleOwner (file:///home/siegfriedneto/projects/servicedeskn1/frontend/app/node_modules/@tanstack/react-router/dist/esm/Transitioner.js:10:10)
    at file:///home/siegfriedneto/projects/servicedeskn1/frontend/app/node_modules/@tanstack/react-router/dist/esm/Matches.js:38:39
    at Object.react_stack_bottom_frame (/home/siegfriedneto/projects/servicedeskn1/frontend/app/node_modules/react-dom/cjs/react-dom-client.development.js:25989:20)
    at runWithFiberInDEV (/home/siegfriedneto/projects/servicedeskn1/frontend/app/node_modules/react-dom/cjs/react-dom-client.development.js:874:13)
    at commitHookEffectListMount (/home/siegfriedneto/projects/servicedeskn1/frontend/app/node_modules/react-dom/cjs/react-dom-client.development.js:13249:29) undefined
Error: Not implemented: window.scrollTo
    at module.exports (/home/siegfriedneto/projects/servicedeskn1/frontend/app/node_modules/jsdom/lib/jsdom/browser/not-implemented.js:9:17)
    at /home/siegfriedneto/projects/servicedeskn1/frontend/app/node_modules/jsdom/lib/jsdom/browser/Window.js:960:7
    at Object.fn (file:///home/siegfriedneto/projects/servicedeskn1/frontend/app/node_modules/@tanstack/router-core/dist/esm/scroll-restoration.js:180:27)
    at RouterCore.emit (file:///home/siegfriedneto/projects/servicedeskn1/frontend/app/node_modules/@tanstack/router-core/dist/esm/router.js:178:14)
    at file:///home/siegfriedneto/projects/servicedeskn1/frontend/app/node_modules/@tanstack/react-router/dist/esm/Transitioner.js:46:25
    at settleOwner (file:///home/siegfriedneto/projects/servicedeskn1/frontend/app/node_modules/@tanstack/react-router/dist/esm/Transitioner.js:10:10)
    at file:///home/siegfriedneto/projects/servicedeskn1/frontend/app/node_modules/@tanstack/react-router/dist/esm/Matches.js:38:39
    at Object.react_stack_bottom_frame (/home/siegfriedneto/projects/servicedeskn1/frontend/app/node_modules/react-dom/cjs/react-dom-client.development.js:25989:20)
    at runWithFiberInDEV (/home/siegfriedneto/projects/servicedeskn1/frontend/app/node_modules/react-dom/cjs/react-dom-client.development.js:874:13)
    at commitHookEffectListMount (/home/siegfriedneto/projects/servicedeskn1/frontend/app/node_modules/react-dom/cjs/react-dom-client.development.js:13249:29) undefined
Error: Not implemented: window.scrollTo
    at module.exports (/home/siegfriedneto/projects/servicedeskn1/frontend/app/node_modules/jsdom/lib/jsdom/browser/not-implemented.js:9:17)
    at /home/siegfriedneto/projects/servicedeskn1/frontend/app/node_modules/jsdom/lib/jsdom/browser/Window.js:960:7
    at Object.fn (file:///home/siegfriedneto/projects/servicedeskn1/frontend/app/node_modules/@tanstack/router-core/dist/esm/scroll-restoration.js:180:27)
    at RouterCore.emit (file:///home/siegfriedneto/projects/servicedeskn1/frontend/app/node_modules/@tanstack/router-core/dist/esm/router.js:178:14)
    at file:///home/siegfriedneto/projects/servicedeskn1/frontend/app/node_modules/@tanstack/react-router/dist/esm/Transitioner.js:46:25
    at settleOwner (file:///home/siegfriedneto/projects/servicedeskn1/frontend/app/node_modules/@tanstack/react-router/dist/esm/Transitioner.js:10:10)
    at file:///home/siegfriedneto/projects/servicedeskn1/frontend/app/node_modules/@tanstack/react-router/dist/esm/Matches.js:38:39
    at Object.react_stack_bottom_frame (/home/siegfriedneto/projects/servicedeskn1/frontend/app/node_modules/react-dom/cjs/react-dom-client.development.js:25989:20)
    at runWithFiberInDEV (/home/siegfriedneto/projects/servicedeskn1/frontend/app/node_modules/react-dom/cjs/react-dom-client.development.js:874:13)
    at commitHookEffectListMount (/home/siegfriedneto/projects/servicedeskn1/frontend/app/node_modules/react-dom/cjs/react-dom-client.development.js:13249:29) undefined
Error: Not implemented: window.scrollTo
    at module.exports (/home/siegfriedneto/projects/servicedeskn1/frontend/app/node_modules/jsdom/lib/jsdom/browser/not-implemented.js:9:17)
    at /home/siegfriedneto/projects/servicedeskn1/frontend/app/node_modules/jsdom/lib/jsdom/browser/Window.js:960:7
    at Object.fn (file:///home/siegfriedneto/projects/servicedeskn1/frontend/app/node_modules/@tanstack/router-core/dist/esm/scroll-restoration.js:180:27)
    at RouterCore.emit (file:///home/siegfriedneto/projects/servicedeskn1/frontend/app/node_modules/@tanstack/router-core/dist/esm/router.js:178:14)
    at file:///home/siegfriedneto/projects/servicedeskn1/frontend/app/node_modules/@tanstack/router-core/dist/esm/load-client.js:943:46
    at Router.batch (file:///home/siegfriedneto/projects/servicedeskn1/frontend/app/node_modules/@tanstack/store/dist/esm/atom.js:39:5)
    at file:///home/siegfriedneto/projects/servicedeskn1/frontend/app/node_modules/@tanstack/router-core/dist/esm/load-client.js:936:10
    at runClientTransaction (file:///home/siegfriedneto/projects/servicedeskn1/frontend/app/node_modules/@tanstack/router-core/dist/esm/load-client.js:902:2)
    at loadClientRoute (file:///home/siegfriedneto/projects/servicedeskn1/frontend/app/node_modules/@tanstack/router-core/dist/esm/load-client.js:1034:2)
    at RouterCore.load (file:///home/siegfriedneto/projects/servicedeskn1/frontend/app/node_modules/@tanstack/router-core/dist/esm/router.js:489:4) undefined
Error: Not implemented: window.scrollTo
    at module.exports (/home/siegfriedneto/projects/servicedeskn1/frontend/app/node_modules/jsdom/lib/jsdom/browser/not-implemented.js:9:17)
    at /home/siegfriedneto/projects/servicedeskn1/frontend/app/node_modules/jsdom/lib/jsdom/browser/Window.js:960:7
    at Object.fn (file:///home/siegfriedneto/projects/servicedeskn1/frontend/app/node_modules/@tanstack/router-core/dist/esm/scroll-restoration.js:180:27)
    at RouterCore.emit (file:///home/siegfriedneto/projects/servicedeskn1/frontend/app/node_modules/@tanstack/router-core/dist/esm/router.js:178:14)
    at file:///home/siegfriedneto/projects/servicedeskn1/frontend/app/node_modules/@tanstack/react-router/dist/esm/Transitioner.js:46:25
    at settleOwner (file:///home/siegfriedneto/projects/servicedeskn1/frontend/app/node_modules/@tanstack/react-router/dist/esm/Transitioner.js:10:10)
    at file:///home/siegfriedneto/projects/servicedeskn1/frontend/app/node_modules/@tanstack/react-router/dist/esm/Matches.js:38:39
    at Object.react_stack_bottom_frame (/home/siegfriedneto/projects/servicedeskn1/frontend/app/node_modules/react-dom/cjs/react-dom-client.development.js:25989:20)
    at runWithFiberInDEV (/home/siegfriedneto/projects/servicedeskn1/frontend/app/node_modules/react-dom/cjs/react-dom-client.development.js:874:13)
    at commitHookEffectListMount (/home/siegfriedneto/projects/servicedeskn1/frontend/app/node_modules/react-dom/cjs/react-dom-client.development.js:13249:29) undefined
Error: Not implemented: window.scrollTo
    at module.exports (/home/siegfriedneto/projects/servicedeskn1/frontend/app/node_modules/jsdom/lib/jsdom/browser/not-implemented.js:9:17)
    at /home/siegfriedneto/projects/servicedeskn1/frontend/app/node_modules/jsdom/lib/jsdom/browser/Window.js:960:7
    at Object.fn (file:///home/siegfriedneto/projects/servicedeskn1/frontend/app/node_modules/@tanstack/router-core/dist/esm/scroll-restoration.js:180:27)
    at RouterCore.emit (file:///home/siegfriedneto/projects/servicedeskn1/frontend/app/node_modules/@tanstack/router-core/dist/esm/router.js:178:14)
    at file:///home/siegfriedneto/projects/servicedeskn1/frontend/app/node_modules/@tanstack/react-router/dist/esm/Transitioner.js:46:25
    at settleOwner (file:///home/siegfriedneto/projects/servicedeskn1/frontend/app/node_modules/@tanstack/react-router/dist/esm/Transitioner.js:10:10)
    at file:///home/siegfriedneto/projects/servicedeskn1/frontend/app/node_modules/@tanstack/react-router/dist/esm/Matches.js:38:39
    at Object.react_stack_bottom_frame (/home/siegfriedneto/projects/servicedeskn1/frontend/app/node_modules/react-dom/cjs/react-dom-client.development.js:25989:20)
    at runWithFiberInDEV (/home/siegfriedneto/projects/servicedeskn1/frontend/app/node_modules/react-dom/cjs/react-dom-client.development.js:874:13)
    at commitHookEffectListMount (/home/siegfriedneto/projects/servicedeskn1/frontend/app/node_modules/react-dom/cjs/react-dom-client.development.js:13249:29) undefined
Error: Not implemented: window.scrollTo
    at module.exports (/home/siegfriedneto/projects/servicedeskn1/frontend/app/node_modules/jsdom/lib/jsdom/browser/not-implemented.js:9:17)
    at /home/siegfriedneto/projects/servicedeskn1/frontend/app/node_modules/jsdom/lib/jsdom/browser/Window.js:960:7
    at Object.fn (file:///home/siegfriedneto/projects/servicedeskn1/frontend/app/node_modules/@tanstack/router-core/dist/esm/scroll-restoration.js:180:27)
    at RouterCore.emit (file:///home/siegfriedneto/projects/servicedeskn1/frontend/app/node_modules/@tanstack/router-core/dist/esm/router.js:178:14)
    at file:///home/siegfriedneto/projects/servicedeskn1/frontend/app/node_modules/@tanstack/react-router/dist/esm/Transitioner.js:46:25
    at settleOwner (file:///home/siegfriedneto/projects/servicedeskn1/frontend/app/node_modules/@tanstack/react-router/dist/esm/Transitioner.js:10:10)
    at file:///home/siegfriedneto/projects/servicedeskn1/frontend/app/node_modules/@tanstack/react-router/dist/esm/Matches.js:38:39
    at Object.react_stack_bottom_frame (/home/siegfriedneto/projects/servicedeskn1/frontend/app/node_modules/react-dom/cjs/react-dom-client.development.js:25989:20)
    at runWithFiberInDEV (/home/siegfriedneto/projects/servicedeskn1/frontend/app/node_modules/react-dom/cjs/react-dom-client.development.js:874:13)
    at commitHookEffectListMount (/home/siegfriedneto/projects/servicedeskn1/frontend/app/node_modules/react-dom/cjs/react-dom-client.development.js:13249:29) undefined
Error: Not implemented: window.scrollTo
    at module.exports (/home/siegfriedneto/projects/servicedeskn1/frontend/app/node_modules/jsdom/lib/jsdom/browser/not-implemented.js:9:17)
    at /home/siegfriedneto/projects/servicedeskn1/frontend/app/node_modules/jsdom/lib/jsdom/browser/Window.js:960:7
    at Object.fn (file:///home/siegfriedneto/projects/servicedeskn1/frontend/app/node_modules/@tanstack/router-core/dist/esm/scroll-restoration.js:180:27)
    at RouterCore.emit (file:///home/siegfriedneto/projects/servicedeskn1/frontend/app/node_modules/@tanstack/router-core/dist/esm/router.js:178:14)
    at file:///home/siegfriedneto/projects/servicedeskn1/frontend/app/node_modules/@tanstack/react-router/dist/esm/Transitioner.js:46:25
    at settleOwner (file:///home/siegfriedneto/projects/servicedeskn1/frontend/app/node_modules/@tanstack/react-router/dist/esm/Transitioner.js:10:10)
    at file:///home/siegfriedneto/projects/servicedeskn1/frontend/app/node_modules/@tanstack/react-router/dist/esm/Matches.js:38:39
    at Object.react_stack_bottom_frame (/home/siegfriedneto/projects/servicedeskn1/frontend/app/node_modules/react-dom/cjs/react-dom-client.development.js:25989:20)
    at runWithFiberInDEV (/home/siegfriedneto/projects/servicedeskn1/frontend/app/node_modules/react-dom/cjs/react-dom-client.development.js:874:13)
    at commitHookEffectListMount (/home/siegfriedneto/projects/servicedeskn1/frontend/app/node_modules/react-dom/cjs/react-dom-client.development.js:13249:29) undefined
Error: Not implemented: window.scrollTo
    at module.exports (/home/siegfriedneto/projects/servicedeskn1/frontend/app/node_modules/jsdom/lib/jsdom/browser/not-implemented.js:9:17)
    at /home/siegfriedneto/projects/servicedeskn1/frontend/app/node_modules/jsdom/lib/jsdom/browser/Window.js:960:7
    at Object.fn (file:///home/siegfriedneto/projects/servicedeskn1/frontend/app/node_modules/@tanstack/router-core/dist/esm/scroll-restoration.js:180:27)
    at RouterCore.emit (file:///home/siegfriedneto/projects/servicedeskn1/frontend/app/node_modules/@tanstack/router-core/dist/esm/router.js:178:14)
    at file:///home/siegfriedneto/projects/servicedeskn1/frontend/app/node_modules/@tanstack/react-router/dist/esm/Transitioner.js:46:25
    at settleOwner (file:///home/siegfriedneto/projects/servicedeskn1/frontend/app/node_modules/@tanstack/react-router/dist/esm/Transitioner.js:10:10)
    at file:///home/siegfriedneto/projects/servicedeskn1/frontend/app/node_modules/@tanstack/react-router/dist/esm/Matches.js:38:39
    at Object.react_stack_bottom_frame (/home/siegfriedneto/projects/servicedeskn1/frontend/app/node_modules/react-dom/cjs/react-dom-client.development.js:25989:20)
    at runWithFiberInDEV (/home/siegfriedneto/projects/servicedeskn1/frontend/app/node_modules/react-dom/cjs/react-dom-client.development.js:874:13)
    at commitHookEffectListMount (/home/siegfriedneto/projects/servicedeskn1/frontend/app/node_modules/react-dom/cjs/react-dom-client.development.js:13249:29) undefined
Error: Not implemented: window.scrollTo
    at module.exports (/home/siegfriedneto/projects/servicedeskn1/frontend/app/node_modules/jsdom/lib/jsdom/browser/not-implemented.js:9:17)
    at /home/siegfriedneto/projects/servicedeskn1/frontend/app/node_modules/jsdom/lib/jsdom/browser/Window.js:960:7
    at Object.fn (file:///home/siegfriedneto/projects/servicedeskn1/frontend/app/node_modules/@tanstack/router-core/dist/esm/scroll-restoration.js:180:27)
    at RouterCore.emit (file:///home/siegfriedneto/projects/servicedeskn1/frontend/app/node_modules/@tanstack/router-core/dist/esm/router.js:178:14)
    at file:///home/siegfriedneto/projects/servicedeskn1/frontend/app/node_modules/@tanstack/react-router/dist/esm/Transitioner.js:46:25
    at settleOwner (file:///home/siegfriedneto/projects/servicedeskn1/frontend/app/node_modules/@tanstack/react-router/dist/esm/Transitioner.js:10:10)
    at file:///home/siegfriedneto/projects/servicedeskn1/frontend/app/node_modules/@tanstack/react-router/dist/esm/Matches.js:38:39
    at Object.react_stack_bottom_frame (/home/siegfriedneto/projects/servicedeskn1/frontend/app/node_modules/react-dom/cjs/react-dom-client.development.js:25989:20)
    at runWithFiberInDEV (/home/siegfriedneto/projects/servicedeskn1/frontend/app/node_modules/react-dom/cjs/react-dom-client.development.js:874:13)
    at commitHookEffectListMount (/home/siegfriedneto/projects/servicedeskn1/frontend/app/node_modules/react-dom/cjs/react-dom-client.development.js:13249:29) undefined
Error: Not implemented: window.scrollTo
    at module.exports (/home/siegfriedneto/projects/servicedeskn1/frontend/app/node_modules/jsdom/lib/jsdom/browser/not-implemented.js:9:17)
    at /home/siegfriedneto/projects/servicedeskn1/frontend/app/node_modules/jsdom/lib/jsdom/browser/Window.js:960:7
    at Object.fn (file:///home/siegfriedneto/projects/servicedeskn1/frontend/app/node_modules/@tanstack/router-core/dist/esm/scroll-restoration.js:180:27)
    at RouterCore.emit (file:///home/siegfriedneto/projects/servicedeskn1/frontend/app/node_modules/@tanstack/router-core/dist/esm/router.js:178:14)
    at file:///home/siegfriedneto/projects/servicedeskn1/frontend/app/node_modules/@tanstack/react-router/dist/esm/Transitioner.js:46:25
    at settleOwner (file:///home/siegfriedneto/projects/servicedeskn1/frontend/app/node_modules/@tanstack/react-router/dist/esm/Transitioner.js:10:10)
    at file:///home/siegfriedneto/projects/servicedeskn1/frontend/app/node_modules/@tanstack/react-router/dist/esm/Matches.js:38:39
    at Object.react_stack_bottom_frame (/home/siegfriedneto/projects/servicedeskn1/frontend/app/node_modules/react-dom/cjs/react-dom-client.development.js:25989:20)
    at runWithFiberInDEV (/home/siegfriedneto/projects/servicedeskn1/frontend/app/node_modules/react-dom/cjs/react-dom-client.development.js:874:13)
    at commitHookEffectListMount (/home/siegfriedneto/projects/servicedeskn1/frontend/app/node_modules/react-dom/cjs/react-dom-client.development.js:13249:29) undefined
Error: Not implemented: window.scrollTo
    at module.exports (/home/siegfriedneto/projects/servicedeskn1/frontend/app/node_modules/jsdom/lib/jsdom/browser/not-implemented.js:9:17)
    at /home/siegfriedneto/projects/servicedeskn1/frontend/app/node_modules/jsdom/lib/jsdom/browser/Window.js:960:7
    at Object.fn (file:///home/siegfriedneto/projects/servicedeskn1/frontend/app/node_modules/@tanstack/router-core/dist/esm/scroll-restoration.js:180:27)
    at RouterCore.emit (file:///home/siegfriedneto/projects/servicedeskn1/frontend/app/node_modules/@tanstack/router-core/dist/esm/router.js:178:14)
    at file:///home/siegfriedneto/projects/servicedeskn1/frontend/app/node_modules/@tanstack/react-router/dist/esm/Transitioner.js:46:25
    at settleOwner (file:///home/siegfriedneto/projects/servicedeskn1/frontend/app/node_modules/@tanstack/react-router/dist/esm/Transitioner.js:10:10)
    at file:///home/siegfriedneto/projects/servicedeskn1/frontend/app/node_modules/@tanstack/react-router/dist/esm/Matches.js:38:39
    at Object.react_stack_bottom_frame (/home/siegfriedneto/projects/servicedeskn1/frontend/app/node_modules/react-dom/cjs/react-dom-client.development.js:25989:20)
    at runWithFiberInDEV (/home/siegfriedneto/projects/servicedeskn1/frontend/app/node_modules/react-dom/cjs/react-dom-client.development.js:874:13)
    at commitHookEffectListMount (/home/siegfriedneto/projects/servicedeskn1/frontend/app/node_modules/react-dom/cjs/react-dom-client.development.js:13249:29) undefined
Error: Not implemented: window.scrollTo
    at module.exports (/home/siegfriedneto/projects/servicedeskn1/frontend/app/node_modules/jsdom/lib/jsdom/browser/not-implemented.js:9:17)
    at /home/siegfriedneto/projects/servicedeskn1/frontend/app/node_modules/jsdom/lib/jsdom/browser/Window.js:960:7
    at Object.fn (file:///home/siegfriedneto/projects/servicedeskn1/frontend/app/node_modules/@tanstack/router-core/dist/esm/scroll-restoration.js:180:27)
    at RouterCore.emit (file:///home/siegfriedneto/projects/servicedeskn1/frontend/app/node_modules/@tanstack/router-core/dist/esm/router.js:178:14)
    at file:///home/siegfriedneto/projects/servicedeskn1/frontend/app/node_modules/@tanstack/react-router/dist/esm/Transitioner.js:46:25
    at settleOwner (file:///home/siegfriedneto/projects/servicedeskn1/frontend/app/node_modules/@tanstack/react-router/dist/esm/Transitioner.js:10:10)
    at file:///home/siegfriedneto/projects/servicedeskn1/frontend/app/node_modules/@tanstack/react-router/dist/esm/Matches.js:38:39
    at Object.react_stack_bottom_frame (/home/siegfriedneto/projects/servicedeskn1/frontend/app/node_modules/react-dom/cjs/react-dom-client.development.js:25989:20)
    at runWithFiberInDEV (/home/siegfriedneto/projects/servicedeskn1/frontend/app/node_modules/react-dom/cjs/react-dom-client.development.js:874:13)
    at commitHookEffectListMount (/home/siegfriedneto/projects/servicedeskn1/frontend/app/node_modules/react-dom/cjs/react-dom-client.development.js:13249:29) undefined
Error: Not implemented: window.scrollTo
    at module.exports (/home/siegfriedneto/projects/servicedeskn1/frontend/app/node_modules/jsdom/lib/jsdom/browser/not-implemented.js:9:17)
    at /home/siegfriedneto/projects/servicedeskn1/frontend/app/node_modules/jsdom/lib/jsdom/browser/Window.js:960:7
    at Object.fn (file:///home/siegfriedneto/projects/servicedeskn1/frontend/app/node_modules/@tanstack/router-core/dist/esm/scroll-restoration.js:180:27)
    at RouterCore.emit (file:///home/siegfriedneto/projects/servicedeskn1/frontend/app/node_modules/@tanstack/router-core/dist/esm/router.js:178:14)
    at file:///home/siegfriedneto/projects/servicedeskn1/frontend/app/node_modules/@tanstack/router-core/dist/esm/load-client.js:943:46
    at Router.batch (file:///home/siegfriedneto/projects/servicedeskn1/frontend/app/node_modules/@tanstack/store/dist/esm/atom.js:39:5)
    at file:///home/siegfriedneto/projects/servicedeskn1/frontend/app/node_modules/@tanstack/router-core/dist/esm/load-client.js:936:10
    at runClientTransaction (file:///home/siegfriedneto/projects/servicedeskn1/frontend/app/node_modules/@tanstack/router-core/dist/esm/load-client.js:902:2)
    at loadClientRoute (file:///home/siegfriedneto/projects/servicedeskn1/frontend/app/node_modules/@tanstack/router-core/dist/esm/load-client.js:1034:2)
    at RouterCore.load (file:///home/siegfriedneto/projects/servicedeskn1/frontend/app/node_modules/@tanstack/router-core/dist/esm/router.js:489:4) undefined
Error: Not implemented: window.scrollTo
    at module.exports (/home/siegfriedneto/projects/servicedeskn1/frontend/app/node_modules/jsdom/lib/jsdom/browser/not-implemented.js:9:17)
    at /home/siegfriedneto/projects/servicedeskn1/frontend/app/node_modules/jsdom/lib/jsdom/browser/Window.js:960:7
    at Object.fn (file:///home/siegfriedneto/projects/servicedeskn1/frontend/app/node_modules/@tanstack/router-core/dist/esm/scroll-restoration.js:180:27)
    at RouterCore.emit (file:///home/siegfriedneto/projects/servicedeskn1/frontend/app/node_modules/@tanstack/router-core/dist/esm/router.js:178:14)
    at file:///home/siegfriedneto/projects/servicedeskn1/frontend/app/node_modules/@tanstack/react-router/dist/esm/Transitioner.js:46:25
    at settleOwner (file:///home/siegfriedneto/projects/servicedeskn1/frontend/app/node_modules/@tanstack/react-router/dist/esm/Transitioner.js:10:10)
    at file:///home/siegfriedneto/projects/servicedeskn1/frontend/app/node_modules/@tanstack/react-router/dist/esm/Matches.js:38:39
    at Object.react_stack_bottom_frame (/home/siegfriedneto/projects/servicedeskn1/frontend/app/node_modules/react-dom/cjs/react-dom-client.development.js:25989:20)
    at runWithFiberInDEV (/home/siegfriedneto/projects/servicedeskn1/frontend/app/node_modules/react-dom/cjs/react-dom-client.development.js:874:13)
    at commitHookEffectListMount (/home/siegfriedneto/projects/servicedeskn1/frontend/app/node_modules/react-dom/cjs/react-dom-client.development.js:13249:29) undefined
Error: Not implemented: window.scrollTo
    at module.exports (/home/siegfriedneto/projects/servicedeskn1/frontend/app/node_modules/jsdom/lib/jsdom/browser/not-implemented.js:9:17)
    at /home/siegfriedneto/projects/servicedeskn1/frontend/app/node_modules/jsdom/lib/jsdom/browser/Window.js:960:7
    at Object.fn (file:///home/siegfriedneto/projects/servicedeskn1/frontend/app/node_modules/@tanstack/router-core/dist/esm/scroll-restoration.js:180:27)
    at RouterCore.emit (file:///home/siegfriedneto/projects/servicedeskn1/frontend/app/node_modules/@tanstack/router-core/dist/esm/router.js:178:14)
    at file:///home/siegfriedneto/projects/servicedeskn1/frontend/app/node_modules/@tanstack/react-router/dist/esm/Transitioner.js:46:25
    at settleOwner (file:///home/siegfriedneto/projects/servicedeskn1/frontend/app/node_modules/@tanstack/react-router/dist/esm/Transitioner.js:10:10)
    at file:///home/siegfriedneto/projects/servicedeskn1/frontend/app/node_modules/@tanstack/react-router/dist/esm/Matches.js:38:39
    at Object.react_stack_bottom_frame (/home/siegfriedneto/projects/servicedeskn1/frontend/app/node_modules/react-dom/cjs/react-dom-client.development.js:25989:20)
    at runWithFiberInDEV (/home/siegfriedneto/projects/servicedeskn1/frontend/app/node_modules/react-dom/cjs/react-dom-client.development.js:874:13)
    at commitHookEffectListMount (/home/siegfriedneto/projects/servicedeskn1/frontend/app/node_modules/react-dom/cjs/react-dom-client.development.js:13249:29) undefined
 ❯ src/routes/new-case-draft-screen.spec.ts (6 tests | 2 failed) 1665ms
     × renders a blank form with no version's content pre-loaded, other than the subject field pre-set from the glossary 249ms
     × does not pre-set the subject field when the subject-type vocabulary currently returns no terms 1050ms
Error: Not implemented: window.scrollTo
    at module.exports (/home/siegfriedneto/projects/servicedeskn1/frontend/app/node_modules/jsdom/lib/jsdom/browser/not-implemented.js:9:17)
    at /home/siegfriedneto/projects/servicedeskn1/frontend/app/node_modules/jsdom/lib/jsdom/browser/Window.js:960:7
    at Object.fn (file:///home/siegfriedneto/projects/servicedeskn1/frontend/app/node_modules/@tanstack/router-core/dist/esm/scroll-restoration.js:180:27)
    at RouterCore.emit (file:///home/siegfriedneto/projects/servicedeskn1/frontend/app/node_modules/@tanstack/router-core/dist/esm/router.js:178:14)
    at file:///home/siegfriedneto/projects/servicedeskn1/frontend/app/node_modules/@tanstack/react-router/dist/esm/Transitioner.js:46:25
    at settleOwner (file:///home/siegfriedneto/projects/servicedeskn1/frontend/app/node_modules/@tanstack/react-router/dist/esm/Transitioner.js:10:10)
    at file:///home/siegfriedneto/projects/servicedeskn1/frontend/app/node_modules/@tanstack/react-router/dist/esm/Matches.js:38:39
    at Object.react_stack_bottom_frame (/home/siegfriedneto/projects/servicedeskn1/frontend/app/node_modules/react-dom/cjs/react-dom-client.development.js:25989:20)
    at runWithFiberInDEV (/home/siegfriedneto/projects/servicedeskn1/frontend/app/node_modules/react-dom/cjs/react-dom-client.development.js:874:13)
    at commitHookEffectListMount (/home/siegfriedneto/projects/servicedeskn1/frontend/app/node_modules/react-dom/cjs/react-dom-client.development.js:13249:29) undefined
Error: Not implemented: window.scrollTo
    at module.exports (/home/siegfriedneto/projects/servicedeskn1/frontend/app/node_modules/jsdom/lib/jsdom/browser/not-implemented.js:9:17)
    at /home/siegfriedneto/projects/servicedeskn1/frontend/app/node_modules/jsdom/lib/jsdom/browser/Window.js:960:7
    at Object.fn (file:///home/siegfriedneto/projects/servicedeskn1/frontend/app/node_modules/@tanstack/router-core/dist/esm/scroll-restoration.js:180:27)
    at RouterCore.emit (file:///home/siegfriedneto/projects/servicedeskn1/frontend/app/node_modules/@tanstack/router-core/dist/esm/router.js:178:14)
    at file:///home/siegfriedneto/projects/servicedeskn1/frontend/app/node_modules/@tanstack/router-core/dist/esm/load-client.js:943:46
    at Router.batch (file:///home/siegfriedneto/projects/servicedeskn1/frontend/app/node_modules/@tanstack/store/dist/esm/atom.js:39:5)
    at file:///home/siegfriedneto/projects/servicedeskn1/frontend/app/node_modules/@tanstack/router-core/dist/esm/load-client.js:936:10
    at runClientTransaction (file:///home/siegfriedneto/projects/servicedeskn1/frontend/app/node_modules/@tanstack/router-core/dist/esm/load-client.js:902:2)
    at loadClientRoute (file:///home/siegfriedneto/projects/servicedeskn1/frontend/app/node_modules/@tanstack/router-core/dist/esm/load-client.js:1034:2)
    at RouterCore.load (file:///home/siegfriedneto/projects/servicedeskn1/frontend/app/node_modules/@tanstack/router-core/dist/esm/router.js:489:4) undefined
Error: Not implemented: window.scrollTo
    at module.exports (/home/siegfriedneto/projects/servicedeskn1/frontend/app/node_modules/jsdom/lib/jsdom/browser/not-implemented.js:9:17)
    at /home/siegfriedneto/projects/servicedeskn1/frontend/app/node_modules/jsdom/lib/jsdom/browser/Window.js:960:7
    at Object.fn (file:///home/siegfriedneto/projects/servicedeskn1/frontend/app/node_modules/@tanstack/router-core/dist/esm/scroll-restoration.js:180:27)
    at RouterCore.emit (file:///home/siegfriedneto/projects/servicedeskn1/frontend/app/node_modules/@tanstack/router-core/dist/esm/router.js:178:14)
    at file:///home/siegfriedneto/projects/servicedeskn1/frontend/app/node_modules/@tanstack/react-router/dist/esm/Transitioner.js:46:25
    at settleOwner (file:///home/siegfriedneto/projects/servicedeskn1/frontend/app/node_modules/@tanstack/react-router/dist/esm/Transitioner.js:10:10)
    at file:///home/siegfriedneto/projects/servicedeskn1/frontend/app/node_modules/@tanstack/react-router/dist/esm/Matches.js:38:39
    at Object.react_stack_bottom_frame (/home/siegfriedneto/projects/servicedeskn1/frontend/app/node_modules/react-dom/cjs/react-dom-client.development.js:25989:20)
    at runWithFiberInDEV (/home/siegfriedneto/projects/servicedeskn1/frontend/app/node_modules/react-dom/cjs/react-dom-client.development.js:874:13)
    at commitHookEffectListMount (/home/siegfriedneto/projects/servicedeskn1/frontend/app/node_modules/react-dom/cjs/react-dom-client.development.js:13249:29) undefined
Error: Not implemented: window.scrollTo
    at module.exports (/home/siegfriedneto/projects/servicedeskn1/frontend/app/node_modules/jsdom/lib/jsdom/browser/not-implemented.js:9:17)
    at /home/siegfriedneto/projects/servicedeskn1/frontend/app/node_modules/jsdom/lib/jsdom/browser/Window.js:960:7
    at Object.fn (file:///home/siegfriedneto/projects/servicedeskn1/frontend/app/node_modules/@tanstack/router-core/dist/esm/scroll-restoration.js:180:27)
    at RouterCore.emit (file:///home/siegfriedneto/projects/servicedeskn1/frontend/app/node_modules/@tanstack/router-core/dist/esm/router.js:178:14)
    at file:///home/siegfriedneto/projects/servicedeskn1/frontend/app/node_modules/@tanstack/router-core/dist/esm/load-client.js:943:46
    at Router.batch (file:///home/siegfriedneto/projects/servicedeskn1/frontend/app/node_modules/@tanstack/store/dist/esm/atom.js:39:5)
    at file:///home/siegfriedneto/projects/servicedeskn1/frontend/app/node_modules/@tanstack/router-core/dist/esm/load-client.js:936:10
    at runClientTransaction (file:///home/siegfriedneto/projects/servicedeskn1/frontend/app/node_modules/@tanstack/router-core/dist/esm/load-client.js:902:2)
    at loadClientRoute (file:///home/siegfriedneto/projects/servicedeskn1/frontend/app/node_modules/@tanstack/router-core/dist/esm/load-client.js:1034:2)
    at RouterCore.load (file:///home/siegfriedneto/projects/servicedeskn1/frontend/app/node_modules/@tanstack/router-core/dist/esm/router.js:489:4) undefined
Error: Not implemented: window.scrollTo
    at module.exports (/home/siegfriedneto/projects/servicedeskn1/frontend/app/node_modules/jsdom/lib/jsdom/browser/not-implemented.js:9:17)
    at /home/siegfriedneto/projects/servicedeskn1/frontend/app/node_modules/jsdom/lib/jsdom/browser/Window.js:960:7
    at Object.fn (file:///home/siegfriedneto/projects/servicedeskn1/frontend/app/node_modules/@tanstack/router-core/dist/esm/scroll-restoration.js:180:27)
    at RouterCore.emit (file:///home/siegfriedneto/projects/servicedeskn1/frontend/app/node_modules/@tanstack/router-core/dist/esm/router.js:178:14)
    at file:///home/siegfriedneto/projects/servicedeskn1/frontend/app/node_modules/@tanstack/react-router/dist/esm/Transitioner.js:46:25
    at settleOwner (file:///home/siegfriedneto/projects/servicedeskn1/frontend/app/node_modules/@tanstack/react-router/dist/esm/Transitioner.js:10:10)
    at file:///home/siegfriedneto/projects/servicedeskn1/frontend/app/node_modules/@tanstack/react-router/dist/esm/Matches.js:38:39
    at Object.react_stack_bottom_frame (/home/siegfriedneto/projects/servicedeskn1/frontend/app/node_modules/react-dom/cjs/react-dom-client.development.js:25989:20)
    at runWithFiberInDEV (/home/siegfriedneto/projects/servicedeskn1/frontend/app/node_modules/react-dom/cjs/react-dom-client.development.js:874:13)
    at commitHookEffectListMount (/home/siegfriedneto/projects/servicedeskn1/frontend/app/node_modules/react-dom/cjs/react-dom-client.development.js:13249:29) undefined
Error: Not implemented: window.scrollTo
    at module.exports (/home/siegfriedneto/projects/servicedeskn1/frontend/app/node_modules/jsdom/lib/jsdom/browser/not-implemented.js:9:17)
    at /home/siegfriedneto/projects/servicedeskn1/frontend/app/node_modules/jsdom/lib/jsdom/browser/Window.js:960:7
    at Object.fn (file:///home/siegfriedneto/projects/servicedeskn1/frontend/app/node_modules/@tanstack/router-core/dist/esm/scroll-restoration.js:180:27)
    at RouterCore.emit (file:///home/siegfriedneto/projects/servicedeskn1/frontend/app/node_modules/@tanstack/router-core/dist/esm/router.js:178:14)
    at file:///home/siegfriedneto/projects/servicedeskn1/frontend/app/node_modules/@tanstack/react-router/dist/esm/Transitioner.js:46:25
    at settleOwner (file:///home/siegfriedneto/projects/servicedeskn1/frontend/app/node_modules/@tanstack/react-router/dist/esm/Transitioner.js:10:10)
    at file:///home/siegfriedneto/projects/servicedeskn1/frontend/app/node_modules/@tanstack/react-router/dist/esm/Matches.js:38:39
    at Object.react_stack_bottom_frame (/home/siegfriedneto/projects/servicedeskn1/frontend/app/node_modules/react-dom/cjs/react-dom-client.development.js:25989:20)
    at runWithFiberInDEV (/home/siegfriedneto/projects/servicedeskn1/frontend/app/node_modules/react-dom/cjs/react-dom-client.development.js:874:13)
    at commitHookEffectListMount (/home/siegfriedneto/projects/servicedeskn1/frontend/app/node_modules/react-dom/cjs/react-dom-client.development.js:13249:29) undefined
Error: Not implemented: window.scrollTo
    at module.exports (/home/siegfriedneto/projects/servicedeskn1/frontend/app/node_modules/jsdom/lib/jsdom/browser/not-implemented.js:9:17)
    at /home/siegfriedneto/projects/servicedeskn1/frontend/app/node_modules/jsdom/lib/jsdom/browser/Window.js:960:7
    at Object.fn (file:///home/siegfriedneto/projects/servicedeskn1/frontend/app/node_modules/@tanstack/router-core/dist/esm/scroll-restoration.js:180:27)
    at RouterCore.emit (file:///home/siegfriedneto/projects/servicedeskn1/frontend/app/node_modules/@tanstack/router-core/dist/esm/router.js:178:14)
    at file:///home/siegfriedneto/projects/servicedeskn1/frontend/app/node_modules/@tanstack/router-core/dist/esm/load-client.js:943:46
    at Router.batch (file:///home/siegfriedneto/projects/servicedeskn1/frontend/app/node_modules/@tanstack/store/dist/esm/atom.js:39:5)
    at file:///home/siegfriedneto/projects/servicedeskn1/frontend/app/node_modules/@tanstack/router-core/dist/esm/load-client.js:936:10
    at runClientTransaction (file:///home/siegfriedneto/projects/servicedeskn1/frontend/app/node_modules/@tanstack/router-core/dist/esm/load-client.js:902:2)
    at loadClientRoute (file:///home/siegfriedneto/projects/servicedeskn1/frontend/app/node_modules/@tanstack/router-core/dist/esm/load-client.js:1034:2)
    at RouterCore.load (file:///home/siegfriedneto/projects/servicedeskn1/frontend/app/node_modules/@tanstack/router-core/dist/esm/router.js:489:4) undefined
Error: Not implemented: window.scrollTo
    at module.exports (/home/siegfriedneto/projects/servicedeskn1/frontend/app/node_modules/jsdom/lib/jsdom/browser/not-implemented.js:9:17)
    at /home/siegfriedneto/projects/servicedeskn1/frontend/app/node_modules/jsdom/lib/jsdom/browser/Window.js:960:7
    at Object.fn (file:///home/siegfriedneto/projects/servicedeskn1/frontend/app/node_modules/@tanstack/router-core/dist/esm/scroll-restoration.js:180:27)
    at RouterCore.emit (file:///home/siegfriedneto/projects/servicedeskn1/frontend/app/node_modules/@tanstack/router-core/dist/esm/router.js:178:14)
    at file:///home/siegfriedneto/projects/servicedeskn1/frontend/app/node_modules/@tanstack/react-router/dist/esm/Transitioner.js:46:25
    at settleOwner (file:///home/siegfriedneto/projects/servicedeskn1/frontend/app/node_modules/@tanstack/react-router/dist/esm/Transitioner.js:10:10)
    at file:///home/siegfriedneto/projects/servicedeskn1/frontend/app/node_modules/@tanstack/react-router/dist/esm/Matches.js:38:39
    at Object.react_stack_bottom_frame (/home/siegfriedneto/projects/servicedeskn1/frontend/app/node_modules/react-dom/cjs/react-dom-client.development.js:25989:20)
    at runWithFiberInDEV (/home/siegfriedneto/projects/servicedeskn1/frontend/app/node_modules/react-dom/cjs/react-dom-client.development.js:874:13)
    at commitHookEffectListMount (/home/siegfriedneto/projects/servicedeskn1/frontend/app/node_modules/react-dom/cjs/react-dom-client.development.js:13249:29) undefined
Error: Not implemented: window.scrollTo
    at module.exports (/home/siegfriedneto/projects/servicedeskn1/frontend/app/node_modules/jsdom/lib/jsdom/browser/not-implemented.js:9:17)
    at /home/siegfriedneto/projects/servicedeskn1/frontend/app/node_modules/jsdom/lib/jsdom/browser/Window.js:960:7
    at Object.fn (file:///home/siegfriedneto/projects/servicedeskn1/frontend/app/node_modules/@tanstack/router-core/dist/esm/scroll-restoration.js:180:27)
    at RouterCore.emit (file:///home/siegfriedneto/projects/servicedeskn1/frontend/app/node_modules/@tanstack/router-core/dist/esm/router.js:178:14)
    at file:///home/siegfriedneto/projects/servicedeskn1/frontend/app/node_modules/@tanstack/react-router/dist/esm/Transitioner.js:46:25
    at settleOwner (file:///home/siegfriedneto/projects/servicedeskn1/frontend/app/node_modules/@tanstack/react-router/dist/esm/Transitioner.js:10:10)
    at file:///home/siegfriedneto/projects/servicedeskn1/frontend/app/node_modules/@tanstack/react-router/dist/esm/Matches.js:38:39
    at Object.react_stack_bottom_frame (/home/siegfriedneto/projects/servicedeskn1/frontend/app/node_modules/react-dom/cjs/react-dom-client.development.js:25989:20)
    at runWithFiberInDEV (/home/siegfriedneto/projects/servicedeskn1/frontend/app/node_modules/react-dom/cjs/react-dom-client.development.js:874:13)
    at commitHookEffectListMount (/home/siegfriedneto/projects/servicedeskn1/frontend/app/node_modules/react-dom/cjs/react-dom-client.development.js:13249:29) undefined

⎯⎯⎯⎯⎯⎯⎯ Failed Tests 4 ⎯⎯⎯⎯⎯⎯⎯

 FAIL  src/routes/new-case-draft-screen-seed.spec.ts > NewCaseDraftScreen — seeding from the case's own latest released version > pre-populates title, when_to_use, subject, fallback outcome/referral and consolidation register from the case's own latest released version, read via GET /v1/cases/{slug}/versions/{version}
AssertionError: expected false to be true // Object.is equality

- Expected
+ Received

- true
+ false

 ❯ src/routes/new-case-draft-screen-seed.spec.ts:39:51
     37|     expect(screen.getByDisplayValue(RELEASED_VERSION_RECORD.when_to_us…
     38|     const subjectInput = screen.getByDisplayValue(RELEASED_VERSION_REC…
     39|     expect(subjectInput.hasAttribute("disabled")).toBe(true);
       |                                                   ^
     40|     expect(screen.getByText(RELEASED_VERSION_RECORD.consolidation_regi…
     41|     expect(screen.getByText(RELEASED_VERSION_RECORD.fallback.outcome))…

⎯⎯⎯⎯⎯⎯⎯⎯⎯⎯⎯⎯⎯⎯⎯⎯⎯⎯⎯⎯⎯⎯⎯⎯[1/4]⎯

 FAIL  src/routes/new-case-draft-screen-seed.spec.ts > NewCaseDraftScreen — seeding from the case's own latest released version > leaves the form blank with the subject pre-set from the glossary and shows first-version copy when the case's version history holds no released version
AssertionError: expected false to be true // Object.is equality

- Expected
+ Received

- true
+ false

 ❯ src/routes/new-case-draft-screen-seed.spec.ts:86:51
     84|
     85|     const subjectInput = await screen.findByDisplayValue(SUBJECT_TYPE_…
     86|     expect(subjectInput.hasAttribute("disabled")).toBe(true);
       |                                                   ^
     87|     const titleInput = screen.getByLabelText<HTMLInputElement>("Title"…
     88|     expect(titleInput.value).toBe("");

⎯⎯⎯⎯⎯⎯⎯⎯⎯⎯⎯⎯⎯⎯⎯⎯⎯⎯⎯⎯⎯⎯⎯⎯[2/4]⎯

 FAIL  src/routes/new-case-draft-screen.spec.ts > NewCaseDraftScreen > renders a blank form with no version's content pre-loaded, other than the subject field pre-set from the glossary
AssertionError: expected false to be true // Object.is equality

- Expected
+ Received

- true
+ false

 ❯ src/routes/new-case-draft-screen.spec.ts:28:51
     26|
     27|     const subjectInput = await screen.findByDisplayValue(SUBJECT_TYPE_…
     28|     expect(subjectInput.hasAttribute("disabled")).toBe(true);
       |                                                   ^
     29|
     30|     const titleInput = await screen.findByLabelText<HTMLInputElement>(…

⎯⎯⎯⎯⎯⎯⎯⎯⎯⎯⎯⎯⎯⎯⎯⎯⎯⎯⎯⎯⎯⎯⎯⎯[3/4]⎯

 FAIL  src/routes/new-case-draft-screen.spec.ts > NewCaseDraftScreen > does not pre-set the subject field when the subject-type vocabulary currently returns no terms
TestingLibraryElementError: Unable to find a label with the text of: Subject type (fixed)

Ignored nodes: comments, script, style
[36m<body>[39m
  [36m<div>[39m
    [36m<section[39m
      [33mclass[39m=[32m"flex flex-col gap-4"[39m
    [36m>[39m
      [36m<h1>[39m
        [0mCase [0m
        [0msome-slug[0m
        [0m — New draft[0m
      [36m</h1>[39m
      [36m<p>[39m
        [0mThis is the case's first version.[0m
      [36m</p>[39m
      [36m<form[39m
        [33mclass[39m=[32m"flex flex-col gap-4"[39m
        [33mnovalidate[39m=[32m""[39m
      [36m>[39m
        [36m<div[39m
          [33mclass[39m=[32m"flex flex-col gap-1"[39m
        [36m>[39m
          [36m<label[39m
            [33mclass[39m=[32m"text-sm leading-none font-medium tracking-wider text-accent uppercase peer-disabled:cursor-not-allowed peer-disabled:opacity-70 flex flex-col gap-1"[39m
          [36m>[39m
            [36m<span>[39m
              [0mTitle[0m
            [36m</span>[39m
            [36m<div[39m
              [33mclass[39m=[32m"normal-case tracking-normal font-normal text-foreground"[39m
            [36m>[39m
              [36m<input[39m
                [33maria-invalid[39m=[32m"false"[39m
                [33mclass[39m=[32m"flex h-9 w-full border border-border bg-background px-3 py-2 text-sm text-foreground placeholder:text-muted-foreground outline-none transition-colors focus-visible:ring-2 focus-visible:ring-ring motion-reduce:transition-none aria-invalid:border-destructive disabled:cursor-not-allowed disabled:opacity-50"[39m
                [33mdata-slot[39m=[32m"input"[39m
                [33mname[39m=[32m"title"[39m
              [36m/>[39m
            [36m</div>[39m
          [36m</label>[39m
        [36m</div>[39m
        [36m<div[39m
          [33mclass[39m=[32m"flex flex-col gap-1"[39m
        [36m>[39m
          [36m<label[39m
            [33mclass[39m=[32m"text-sm leading-none font-medium tracking-wider text-accent uppercase peer-disabled:cursor-not-allowed peer-disabled:opacity-70 flex flex-col gap-1"[39m
          [36m>[39m
            [36m<span>[39m
              [0mWhen to use[0m
            [36m</span>[39m
            [36m<div[39m
              [33mclass[39m=[32m"normal-case tracking-normal font-normal text-foreground"[39m
            [36m>[39m
              [36m<textarea[39m
                [33maria-invalid[39m=[32m"false"[39m
                [33mclass[39m=[32m"flex min-h-16 w-full resize-y border border-border bg-background px-3 py-2 text-sm text-foreground placeholder:text-muted-foreground outline-none transition-colors focus-visible:ring-2 focus-visible:ring-ring motion-reduce:transition-none aria-invalid:border-destructive disabled:cursor-not-allowed disabled:opacity-50"[39m
                [33mdata-slot[39m=[32m"textarea"[39m
                [33mname[39m=[32m"when_to_use"[39m
              [36m/>[39m
            [36m</div>[39m
          [36m</label>[39m
        [36m</div>[39m
        [36m<div[39m
          [33mclass[39m=[32m"flex gap-4"[39m
        [36m>[39m
          [36m<div[39m
            [33mclass[39m=[32m"flex flex-col gap-1"[39m
          [36m>[39m
            [36m<label[39m
              [33mclass[39m=[32m"text-sm leading-none font-medium tracking-wider text-accent uppercase peer-disabled:cursor-not-allowed peer-disabled:opacity-70 flex flex-col gap-1"[39m
            [36m>[39m
              [36m<span>[39m
                [0mSubject type[0m
              [36m</span>[39m
              [36m<div[39m
                [33mclass[39m=[32m"normal-case tracking-normal font-normal text-foreground"[39m
              [36m>[39m
                [36m<input[39m
                  [33mclass[39m=[32m"flex h-9 w-full border border-border bg-background px-3 py-2 text-sm text-foreground placeholder:text-muted-foreground outline-none transition-colors focus-visible:ring-2 focus-visible:ring-ring motion-reduce:transition-none aria-invalid:border-destructive disabled:cursor-not-allowed disabled:opacity-50"[39m
                  [33mdata-slot[39m=[32m"input"[39m
                  [33mname[39m=[32m"subject"[39m
                [36m/>[39m
              [36m</div>[39m
            [36m</label>[39m
          [36m</div>[39m
          [36m<div[39m
            [33mclass[39m=[32m"flex flex-col gap-1"[39m
          [36m>[39m
            [36m<label[39m
              [33mclass[39m=[32m"text-sm leading-none font-medium tracking-wider text-accent uppercase peer-disabled:cursor-not-allowed peer-disabled:opacity-70 flex flex-col gap-1"[39m
            [36m>[39m
              [36m<span>[39m
                [0mConsolidation register[0m
              [36m</span>[39m
              [36m<div[39m
                [33mclass[39m=[32m"normal-case tracking-normal font-normal text-foreground"[39m
              [36m>[39m
                [36m<div[39m
                  [33mclass[39m=[32m"relative w-full"[39m
                  [33mdata-slot[39m=[32m"select"[39m
                [36m>[39m
                  [36m<button[39m
                    [33maria-expanded[39m=[32m"false"[39m
                    [33maria-haspopup[39m=[32m"listbox"[39m
                    [33mclass[39m=[32m"flex h-9 w-full items-center justify-between gap-2 border bg-elevated px-3 text-sm text-foreground transition-colors outline-none motion-reduce:transition-none focus-visible:ring-2 focus-visible:ring-ring border-border hover:border-border-strong"[39m
                    [33mdata-slot[39m=[32m"select-trigger"[39m
                    [33mdata-value[39m=[32m""[39m
                    [33mrole[39m=[32m"combobox"[39m
                    [33mtype[39m=[32m"button"[39m
                  [36m>[39m
                    [36m<span[39m
                      [33mclass[39m=[32m"min-w-0 truncate"[39m
                    [36m>[39m
                      [36m<span[39m
                        [33mclass[39m=[32m"truncate text-muted-foreground"[39m
                      [36m>[39m
                        [0mNot set[0m
                      [36m</span>[39m
                    [36m</span>[39m
                    [36m<svg[39m
                      [33maria-hidden[39m=[32m"true"[39m
                      [33mclass[39m=[32m"lucide lucide-chevron-down shrink-0 text-muted-foreground transition-transform motion-reduce:transition-none"[39m
                      [33mfill[39m=[32m"none"[39m
                      [33mheight[39m=[32m"14"[39m
                      [33mstroke[39m=[32m"currentColor"[39m
                      [33mstroke-linecap[39m=[32m"round"[39m
                      [33mstroke-linejoin[39m=[32m"round"[39m
                      [33mstroke-width[39m=[32m"2"[39m
                      [33mviewBox[39m=[32m"0 0 24 24"[39m
                      [33mwidth[39m=[32m"14"[39m
                      [33mxmlns[39m=[32m"http://www.w3.org/2000/svg"[39m
        ...

Ignored nodes: comments, script, style
[36m<body>[39m
  [36m<div>[39m
    [36m<section[39m
      [33mclass[39m=[32m"flex flex-col gap-4"[39m
    [36m>[39m
      [36m<h1>[39m
        [0mCase [0m
        [0msome-slug[0m
        [0m — New draft[0m
      [36m</h1>[39m
      [36m<p>[39m
        [0mThis is the case's first version.[0m
      [36m</p>[39m
      [36m<form[39m
        [33mclass[39m=[32m"flex flex-col gap-4"[39m
        [33mnovalidate[39m=[32m""[39m
      [36m>[39m
        [36m<div[39m
          [33mclass[39m=[32m"flex flex-col gap-1"[39m
        [36m>[39m
          [36m<label[39m
            [33mclass[39m=[32m"text-sm leading-none font-medium tracking-wider text-accent uppercase peer-disabled:cursor-not-allowed peer-disabled:opacity-70 flex flex-col gap-1"[39m
          [36m>[39m
            [36m<span>[39m
              [0mTitle[0m
            [36m</span>[39m
            [36m<div[39m
              [33mclass[39m=[32m"normal-case tracking-normal font-normal text-foreground"[39m
            [36m>[39m
              [36m<input[39m
                [33maria-invalid[39m=[32m"false"[39m
                [33mclass[39m=[32m"flex h-9 w-full border border-border bg-background px-3 py-2 text-sm text-foreground placeholder:text-muted-foreground outline-none transition-colors focus-visible:ring-2 focus-visible:ring-ring motion-reduce:transition-none aria-invalid:border-destructive disabled:cursor-not-allowed disabled:opacity-50"[39m
                [33mdata-slot[39m=[32m"input"[39m
                [33mname[39m=[32m"title"[39m
              [36m/>[39m
            [36m</div>[39m
          [36m</label>[39m
        [36m</div>[39m
        [36m<div[39m
          [33mclass[39m=[32m"flex flex-col gap-1"[39m
        [36m>[39m
          [36m<label[39m
            [33mclass[39m=[32m"text-sm leading-none font-medium tracking-wider text-accent uppercase peer-disabled:cursor-not-allowed peer-disabled:opacity-70 flex flex-col gap-1"[39m
          [36m>[39m
            [36m<span>[39m
              [0mWhen to use[0m
            [36m</span>[39m
            [36m<div[39m
              [33mclass[39m=[32m"normal-case tracking-normal font-normal text-foreground"[39m
            [36m>[39m
              [36m<textarea[39m
                [33maria-invalid[39m=[32m"false"[39m
                [33mclass[39m=[32m"flex min-h-16 w-full resize-y border border-border bg-background px-3 py-2 text-sm text-foreground placeholder:text-muted-foreground outline-none transition-colors focus-visible:ring-2 focus-visible:ring-ring motion-reduce:transition-none aria-invalid:border-destructive disabled:cursor-not-allowed disabled:opacity-50"[39m
                [33mdata-slot[39m=[32m"textarea"[39m
                [33mname[39m=[32m"when_to_use"[39m
              [36m/>[39m
            [36m</div>[39m
          [36m</label>[39m
        [36m</div>[39m
        [36m<div[39m
          [33mclass[39m=[32m"flex gap-4"[39m
        [36m>[39m
          [36m<div[39m
            [33mclass[39m=[32m"flex flex-col gap-1"[39m
          [36m>[39m
            [36m<label[39m
              [33mclass[39m=[32m"text-sm leading-none font-medium tracking-wider text-accent uppercase peer-disabled:cursor-not-allowed peer-disabled:opacity-70 flex flex-col gap-1"[39m
            [36m>[39m
              [36m<span>[39m
                [0mSubject type[0m
              [36m</span>[39m
              [36m<div[39m
                [33mclass[39m=[32m"normal-case tracking-normal font-normal text-foreground"[39m
              [36m>[39m
                [36m<input[39m
                  [33mclass[39m=[32m"flex h-9 w-full border border-border bg-background px-3 py-2 text-sm text-foreground placeholder:text-muted-foreground outline-none transition-colors focus-visible:ring-2 focus-visible:ring-ring motion-reduce:transition-none aria-invalid:border-destructive disabled:cursor-not-allowed disabled:opacity-50"[39m
                  [33mdata-slot[39m=[32m"input"[39m
                  [33mname[39m=[32m"subject"[39m
                [36m/>[39m
              [36m</div>[39m
            [36m</label>[39m
          [36m</div>[39m
          [36m<div[39m
            [33mclass[39m=[32m"flex flex-col gap-1"[39m
          [36m>[39m
            [36m<label[39m
              [33mclass[39m=[32m"text-sm leading-none font-medium tracking-wider text-accent uppercase peer-disabled:cursor-not-allowed peer-disabled:opacity-70 flex flex-col gap-1"[39m
            [36m>[39m
              [36m<span>[39m
                [0mConsolidation register[0m
              [36m</span>[39m
              [36m<div[39m
                [33mclass[39m=[32m"normal-case tracking-normal font-normal text-foreground"[39m
              [36m>[39m
                [36m<div[39m
                  [33mclass[39m=[32m"relative w-full"[39m
                  [33mdata-slot[39m=[32m"select"[39m
                [36m>[39m
                  [36m<button[39m
                    [33maria-expanded[39m=[32m"false"[39m
                    [33maria-haspopup[39m=[32m"listbox"[39m
                    [33mclass[39m=[32m"flex h-9 w-full items-center justify-between gap-2 border bg-elevated px-3 text-sm text-foreground transition-colors outline-none motion-reduce:transition-none focus-visible:ring-2 focus-visible:ring-ring border-border hover:border-border-strong"[39m
                    [33mdata-slot[39m=[32m"select-trigger"[39m
                    [33mdata-value[39m=[32m""[39m
                    [33mrole[39m=[32m"combobox"[39m
                    [33mtype[39m=[32m"button"[39m
                  [36m>[39m
                    [36m<span[39m
                      [33mclass[39m=[32m"min-w-0 truncate"[39m
                    [36m>[39m
                      [36m<span[39m
                        [33mclass[39m=[32m"truncate text-muted-foreground"[39m
                      [36m>[39m
                        [0mNot set[0m
                      [36m</span>[39m
                    [36m</span>[39m
                    [36m<svg[39m
                      [33maria-hidden[39m=[32m"true"[39m
                      [33mclass[39m=[32m"lucide lucide-chevron-down shrink-0 text-muted-foreground transition-transform motion-reduce:transition-none"[39m
                      [33mfill[39m=[32m"none"[39m
                      [33mheight[39m=[32m"14"[39m
                      [33mstroke[39m=[32m"currentColor"[39m
                      [33mstroke-linecap[39m=[32m"round"[39m
                      [33mstroke-linejoin[39m=[32m"round"[39m
                      [33mstroke-width[39m=[32m"2"[39m
                      [33mviewBox[39m=[32m"0 0 24 24"[39m
                      [33mwidth[39m=[32m"14"[39m
                      [33mxmlns[39m=[32m"http://www.w3.org/2000/svg"[39m
        ...
 ❯ waitForWrapper node_modules/@testing-library/dom/dist/wait-for.js:163:27
 ❯ node_modules/@testing-library/dom/dist/query-helpers.js:86:33
 ❯ src/routes/new-case-draft-screen.spec.ts:53:39
     51|     await mountNewCaseDraft(fetchMock);
     52|
     53|     const subjectInput = await screen.findByLabelText<HTMLInputElement…
       |                                       ^
     54|     expect(subjectInput.value).toBe("");
     55|   });

⎯⎯⎯⎯⎯⎯⎯⎯⎯⎯⎯⎯⎯⎯⎯⎯⎯⎯⎯⎯⎯⎯⎯⎯[4/4]⎯


 Test Files  2 failed | 77 passed (79)
      Tests  4 failed | 563 passed (567)
   Start at  22:23:41
   Duration  26.54s (transform 12.12s, setup 0ms, import 75.86s, tests 101.17s, environment 81.51s)


