===== install :: npm ci :: passed =====
npm warn deprecated try-resolve@1.0.1: Package no longer supported. Contact Support at https://www.npmjs.com/support for more info.
npm warn deprecated whatwg-encoding@3.1.1: Use @exodus/bytes instead for a more spec-conformant and faster implementation
npm warn deprecated eslint@9.39.5: This version is no longer supported. Please see https://eslint.org/version-support for other options.

> case-authoring-console@0.1.0 postinstall
> node scripts/dedupe-tui-react.mjs

dedupe-tui-react: react already deduped
dedupe-tui-react: react-dom already deduped

added 577 packages, and audited 578 packages in 16s

196 packages are looking for funding
  run `npm fund` for details

found 0 vulnerabilities

===== typecheck :: npm run typecheck :: passed =====

> case-authoring-console@0.1.0 typecheck
> tsc --noEmit


===== lint :: npm run lint :: passed =====

> case-authoring-console@0.1.0 lint
> eslint .


===== style :: npm run lint:css :: passed =====

> case-authoring-console@0.1.0 lint:css
> stylelint "src/**/*.css"


===== build :: npm run build :: passed =====

> case-authoring-console@0.1.0 build
> vite build

[36mvite v6.4.3 [32mbuilding for production...[36m[39m
transforming...
Found 1 warning while optimizing generated CSS:

[2m│   }[22m
[2m│   .rounded-\[var\(--radius-\*\)\] {[22m
[2m│[22m     border-radius: var(--radius-*);
[2m┆[22m                                 [33m[2m^--[22m Unexpected token Delim('*')[39m
[2m┆[22m
[2m│   }[22m
[2m│   .rounded-full {[22m

[32m✓[39m 1919 modules transformed.
rendering chunks...
computing gzip size...
[2mdist/[22m[32mindex.html                 [39m[1m[2m  0.41 kB[22m[1m[22m[2m │ gzip:   0.27 kB[22m
[2mdist/[22m[2massets/[22m[35mindex-CxySFbfe.css  [39m[1m[2m 29.96 kB[22m[1m[22m[2m │ gzip:   6.65 kB[22m
[2mdist/[22m[2massets/[22m[36mindex-BhnAR3NZ.js   [39m[1m[33m666.12 kB[39m[22m[2m │ gzip: 200.58 kB[22m
[33m
(!) Some chunks are larger than 500 kB after minification. Consider:
- Using dynamic import() to code-split the application
- Use build.rollupOptions.output.manualChunks to improve chunking: https://rollupjs.org/configuration-options/#output-manualchunks
- Adjust chunk size limit for this warning via build.chunkSizeWarningLimit.[39m
[32m✓ built in 4.33s[39m

===== a11y :: npm run test:a11y :: passed =====

> case-authoring-console@0.1.0 test:a11y
> playwright test --pass-with-no-tests

[2m[WebServer] [22mFound 1 warning while optimizing generated CSS:
[2m[WebServer] [22m
[2m[WebServer] [22m[2m│   }[22m
[2m[WebServer] [22m[2m│   .rounded-\[var\(--radius-\*\)\] {[22m
[2m[WebServer] [22m[2m│[22m     border-radius: var(--radius-*);
[2m[WebServer] [22m[2m┆[22m                                 [33m[2m^--[22m Unexpected token Delim('*')[39m
[2m[WebServer] [22m[2m┆[22m
[2m[WebServer] [22m[2m│   }[22m
[2m[WebServer] [22m[2m│   .rounded-full {[22m
[2m[WebServer] [22m
[2m[WebServer] [22m[33m
[2m[WebServer] [22m(!) Some chunks are larger than 500 kB after minification. Consider:
[2m[WebServer] [22m- Using dynamic import() to code-split the application
[2m[WebServer] [22m- Use build.rollupOptions.output.manualChunks to improve chunking: https://rollupjs.org/configuration-options/#output-manualchunks
[2m[WebServer] [22m- Adjust chunk size limit for this warning via build.chunkSizeWarningLimit.[39m


===== secret-scan :: npm run secret-scan :: passed =====

> case-authoring-console@0.1.0 secret-scan
> secretlint "**/*"


===== test :: npm test :: failed =====

> case-authoring-console@0.1.0 test
> vitest run --passWithNoTests


 RUN  v4.1.11 /home/siegfriedneto/projects/servicedeskn1/frontend/app

 ❯ src/routes/case-simulation-cockpit-adapters.spec.ts (17 tests | 1 failed) 195ms
     × carries the judgmentCall this task's own inference always supplies, even for a decided verdict whose evaluation carries usage/elapsed_ms/prompt implying a call happened 108ms
Error: Not implemented: window.scrollTo
    at module.exports (/home/siegfriedneto/projects/servicedeskn1/frontend/app/node_modules/jsdom/lib/jsdom/browser/not-implemented.js:9:17)
    at /home/siegfriedneto/projects/servicedeskn1/frontend/app/node_modules/jsdom/lib/jsdom/browser/Window.js:960:7
    at Object.fn (file:///home/siegfriedneto/projects/servicedeskn1/frontend/app/node_modules/@tanstack/router-core/dist/esm/scroll-restoration.js:180:27)
    at RouterCore.emit (file:///home/siegfriedneto/projects/servicedeskn1/frontend/app/node_modules/@tanstack/router-core/dist/esm/router.js:178:14)
    at file:///home/siegfriedneto/projects/servicedeskn1/frontend/app/node_modules/@tanstack/react-router/dist/esm/Transitioner.js:46:25
    at settleOwner (file:///home/siegfriedneto/projects/servicedeskn1/frontend/app/node_modules/@tanstack/react-router/dist/esm/Transitioner.js:10:10)
    at file:///home/siegfriedneto/projects/servicedeskn1/frontend/app/node_modules/@tanstack/react-router/dist/esm/Matches.js:38:39
    at Object.react_stack_bottom_frame (/home/siegfriedneto/projects/servicedeskn1/frontend/app/node_modules/react-dom/cjs/react-dom-client.development.js:25989:20)
    at runWithFiberInDEV (/home/siegfriedneto/projects/servicedeskn1/frontend/app/node_modules/react-dom/cjs/react-dom-client.development.js:874:13)
    at commitHookEffectListMount (/home/siegfriedneto/projects/servicedeskn1/frontend/app/node_modules/react-dom/cjs/react-dom-client.development.js:13249:29) [90mundefined[39m
Error: Not implemented: window.scrollTo
    at module.exports (/home/siegfriedneto/projects/servicedeskn1/frontend/app/node_modules/jsdom/lib/jsdom/browser/not-implemented.js:9:17)
    at /home/siegfriedneto/projects/servicedeskn1/frontend/app/node_modules/jsdom/lib/jsdom/browser/Window.js:960:7
    at Object.fn (file:///home/siegfriedneto/projects/servicedeskn1/frontend/app/node_modules/@tanstack/router-core/dist/esm/scroll-restoration.js:180:27)
    at RouterCore.emit (file:///home/siegfriedneto/projects/servicedeskn1/frontend/app/node_modules/@tanstack/router-core/dist/esm/router.js:178:14)
    at file:///home/siegfriedneto/projects/servicedeskn1/frontend/app/node_modules/@tanstack/react-router/dist/esm/Transitioner.js:46:25
    at settleOwner (file:///home/siegfriedneto/projects/servicedeskn1/frontend/app/node_modules/@tanstack/react-router/dist/esm/Transitioner.js:10:10)
    at file:///home/siegfriedneto/projects/servicedeskn1/frontend/app/node_modules/@tanstack/react-router/dist/esm/Matches.js:38:39
    at Object.react_stack_bottom_frame (/home/siegfriedneto/projects/servicedeskn1/frontend/app/node_modules/react-dom/cjs/react-dom-client.development.js:25989:20)
    at runWithFiberInDEV (/home/siegfriedneto/projects/servicedeskn1/frontend/app/node_modules/react-dom/cjs/react-dom-client.development.js:874:13)
    at commitHookEffectListMount (/home/siegfriedneto/projects/servicedeskn1/frontend/app/node_modules/react-dom/cjs/react-dom-client.development.js:13249:29) [90mundefined[39m
Error: Not implemented: window.scrollTo
    at module.exports (/home/siegfriedneto/projects/servicedeskn1/frontend/app/node_modules/jsdom/lib/jsdom/browser/not-implemented.js:9:17)
    at /home/siegfriedneto/projects/servicedeskn1/frontend/app/node_modules/jsdom/lib/jsdom/browser/Window.js:960:7
    at Object.fn (file:///home/siegfriedneto/projects/servicedeskn1/frontend/app/node_modules/@tanstack/router-core/dist/esm/scroll-restoration.js:180:27)
    at RouterCore.emit (file:///home/siegfriedneto/projects/servicedeskn1/frontend/app/node_modules/@tanstack/router-core/dist/esm/router.js:178:14)
    at file:///home/siegfriedneto/projects/servicedeskn1/frontend/app/node_modules/@tanstack/react-router/dist/esm/Transitioner.js:46:25
    at settleOwner (file:///home/siegfriedneto/projects/servicedeskn1/frontend/app/node_modules/@tanstack/react-router/dist/esm/Transitioner.js:10:10)
    at file:///home/siegfriedneto/projects/servicedeskn1/frontend/app/node_modules/@tanstack/react-router/dist/esm/Matches.js:38:39
    at Object.react_stack_bottom_frame (/home/siegfriedneto/projects/servicedeskn1/frontend/app/node_modules/react-dom/cjs/react-dom-client.development.js:25989:20)
    at runWithFiberInDEV (/home/siegfriedneto/projects/servicedeskn1/frontend/app/node_modules/react-dom/cjs/react-dom-client.development.js:874:13)
    at commitHookEffectListMount (/home/siegfriedneto/projects/servicedeskn1/frontend/app/node_modules/react-dom/cjs/react-dom-client.development.js:13249:29) [90mundefined[39m
Error: Not implemented: window.scrollTo
    at module.exports (/home/siegfriedneto/projects/servicedeskn1/frontend/app/node_modules/jsdom/lib/jsdom/browser/not-implemented.js:9:17)
    at /home/siegfriedneto/projects/servicedeskn1/frontend/app/node_modules/jsdom/lib/jsdom/browser/Window.js:960:7
    at Object.fn (file:///home/siegfriedneto/projects/servicedeskn1/frontend/app/node_modules/@tanstack/router-core/dist/esm/scroll-restoration.js:180:27)
    at RouterCore.emit (file:///home/siegfriedneto/projects/servicedeskn1/frontend/app/node_modules/@tanstack/router-core/dist/esm/router.js:178:14)
    at file:///home/siegfriedneto/projects/servicedeskn1/frontend/app/node_modules/@tanstack/react-router/dist/esm/Transitioner.js:46:25
    at settleOwner (file:///home/siegfriedneto/projects/servicedeskn1/frontend/app/node_modules/@tanstack/react-router/dist/esm/Transitioner.js:10:10)
    at file:///home/siegfriedneto/projects/servicedeskn1/frontend/app/node_modules/@tanstack/react-router/dist/esm/Matches.js:38:39
    at Object.react_stack_bottom_frame (/home/siegfriedneto/projects/servicedeskn1/frontend/app/node_modules/react-dom/cjs/react-dom-client.development.js:25989:20)
    at runWithFiberInDEV (/home/siegfriedneto/projects/servicedeskn1/frontend/app/node_modules/react-dom/cjs/react-dom-client.development.js:874:13)
    at commitHookEffectListMount (/home/siegfriedneto/projects/servicedeskn1/frontend/app/node_modules/react-dom/cjs/react-dom-client.development.js:13249:29) [90mundefined[39m
Error: Not implemented: window.scrollTo
    at module.exports (/home/siegfriedneto/projects/servicedeskn1/frontend/app/node_modules/jsdom/lib/jsdom/browser/not-implemented.js:9:17)
    at /home/siegfriedneto/projects/servicedeskn1/frontend/app/node_modules/jsdom/lib/jsdom/browser/Window.js:960:7
    at Object.fn (file:///home/siegfriedneto/projects/servicedeskn1/frontend/app/node_modules/@tanstack/router-core/dist/esm/scroll-restoration.js:180:27)
    at RouterCore.emit (file:///home/siegfriedneto/projects/servicedeskn1/frontend/app/node_modules/@tanstack/router-core/dist/esm/router.js:178:14)
    at file:///home/siegfriedneto/projects/servicedeskn1/frontend/app/node_modules/@tanstack/react-router/dist/esm/Transitioner.js:46:25
    at settleOwner (file:///home/siegfriedneto/projects/servicedeskn1/frontend/app/node_modules/@tanstack/react-router/dist/esm/Transitioner.js:10:10)
    at file:///home/siegfriedneto/projects/servicedeskn1/frontend/app/node_modules/@tanstack/react-router/dist/esm/Matches.js:38:39
    at Object.react_stack_bottom_frame (/home/siegfriedneto/projects/servicedeskn1/frontend/app/node_modules/react-dom/cjs/react-dom-client.development.js:25989:20)
    at runWithFiberInDEV (/home/siegfriedneto/projects/servicedeskn1/frontend/app/node_modules/react-dom/cjs/react-dom-client.development.js:874:13)
    at commitHookEffectListMount (/home/siegfriedneto/projects/servicedeskn1/frontend/app/node_modules/react-dom/cjs/react-dom-client.development.js:13249:29) [90mundefined[39m
Error: Not implemented: window.scrollTo
    at module.exports (/home/siegfriedneto/projects/servicedeskn1/frontend/app/node_modules/jsdom/lib/jsdom/browser/not-implemented.js:9:17)
    at /home/siegfriedneto/projects/servicedeskn1/frontend/app/node_modules/jsdom/lib/jsdom/browser/Window.js:960:7
    at Object.fn (file:///home/siegfriedneto/projects/servicedeskn1/frontend/app/node_modules/@tanstack/router-core/dist/esm/scroll-restoration.js:180:27)
    at RouterCore.emit (file:///home/siegfriedneto/projects/servicedeskn1/frontend/app/node_modules/@tanstack/router-core/dist/esm/router.js:178:14)
    at file:///home/siegfriedneto/projects/servicedeskn1/frontend/app/node_modules/@tanstack/react-router/dist/esm/Transitioner.js:46:25
    at settleOwner (file:///home/siegfriedneto/projects/servicedeskn1/frontend/app/node_modules/@tanstack/react-router/dist/esm/Transitioner.js:10:10)
    at file:///home/siegfriedneto/projects/servicedeskn1/frontend/app/node_modules/@tanstack/react-router/dist/esm/Matches.js:38:39
    at Object.react_stack_bottom_frame (/home/siegfriedneto/projects/servicedeskn1/frontend/app/node_modules/react-dom/cjs/react-dom-client.development.js:25989:20)
    at runWithFiberInDEV (/home/siegfriedneto/projects/servicedeskn1/frontend/app/node_modules/react-dom/cjs/react-dom-client.development.js:874:13)
    at commitHookEffectListMount (/home/siegfriedneto/projects/servicedeskn1/frontend/app/node_modules/react-dom/cjs/react-dom-client.development.js:13249:29) [90mundefined[39m
Error: Not implemented: window.scrollTo
    at module.exports (/home/siegfriedneto/projects/servicedeskn1/frontend/app/node_modules/jsdom/lib/jsdom/browser/not-implemented.js:9:17)
    at /home/siegfriedneto/projects/servicedeskn1/frontend/app/node_modules/jsdom/lib/jsdom/browser/Window.js:960:7
    at Object.fn (file:///home/siegfriedneto/projects/servicedeskn1/frontend/app/node_modules/@tanstack/router-core/dist/esm/scroll-restoration.js:180:27)
    at RouterCore.emit (file:///home/siegfriedneto/projects/servicedeskn1/frontend/app/node_modules/@tanstack/router-core/dist/esm/router.js:178:14)
    at file:///home/siegfriedneto/projects/servicedeskn1/frontend/app/node_modules/@tanstack/react-router/dist/esm/Transitioner.js:46:25
    at settleOwner (file:///home/siegfriedneto/projects/servicedeskn1/frontend/app/node_modules/@tanstack/react-router/dist/esm/Transitioner.js:10:10)
    at file:///home/siegfriedneto/projects/servicedeskn1/frontend/app/node_modules/@tanstack/react-router/dist/esm/Matches.js:38:39
    at Object.react_stack_bottom_frame (/home/siegfriedneto/projects/servicedeskn1/frontend/app/node_modules/react-dom/cjs/react-dom-client.development.js:25989:20)
    at runWithFiberInDEV (/home/siegfriedneto/projects/servicedeskn1/frontend/app/node_modules/react-dom/cjs/react-dom-client.development.js:874:13)
    at commitHookEffectListMount (/home/siegfriedneto/projects/servicedeskn1/frontend/app/node_modules/react-dom/cjs/react-dom-client.development.js:13249:29) [90mundefined[39m
Error: Not implemented: window.scrollTo
    at module.exports (/home/siegfriedneto/projects/servicedeskn1/frontend/app/node_modules/jsdom/lib/jsdom/browser/not-implemented.js:9:17)
    at /home/siegfriedneto/projects/servicedeskn1/frontend/app/node_modules/jsdom/lib/jsdom/browser/Window.js:960:7
    at Object.fn (file:///home/siegfriedneto/projects/servicedeskn1/frontend/app/node_modules/@tanstack/router-core/dist/esm/scroll-restoration.js:180:27)
    at RouterCore.emit (file:///home/siegfriedneto/projects/servicedeskn1/frontend/app/node_modules/@tanstack/router-core/dist/esm/router.js:178:14)
    at file:///home/siegfriedneto/projects/servicedeskn1/frontend/app/node_modules/@tanstack/react-router/dist/esm/Transitioner.js:46:25
    at settleOwner (file:///home/siegfriedneto/projects/servicedeskn1/frontend/app/node_modules/@tanstack/react-router/dist/esm/Transitioner.js:10:10)
    at file:///home/siegfriedneto/projects/servicedeskn1/frontend/app/node_modules/@tanstack/react-router/dist/esm/Matches.js:38:39
    at Object.react_stack_bottom_frame (/home/siegfriedneto/projects/servicedeskn1/frontend/app/node_modules/react-dom/cjs/react-dom-client.development.js:25989:20)
    at runWithFiberInDEV (/home/siegfriedneto/projects/servicedeskn1/frontend/app/node_modules/react-dom/cjs/react-dom-client.development.js:874:13)
    at commitHookEffectListMount (/home/siegfriedneto/projects/servicedeskn1/frontend/app/node_modules/react-dom/cjs/react-dom-client.development.js:13249:29) [90mundefined[39m
Error: Not implemented: window.scrollTo
    at module.exports (/home/siegfriedneto/projects/servicedeskn1/frontend/app/node_modules/jsdom/lib/jsdom/browser/not-implemented.js:9:17)
    at /home/siegfriedneto/projects/servicedeskn1/frontend/app/node_modules/jsdom/lib/jsdom/browser/Window.js:960:7
    at Object.fn (file:///home/siegfriedneto/projects/servicedeskn1/frontend/app/node_modules/@tanstack/router-core/dist/esm/scroll-restoration.js:180:27)
    at RouterCore.emit (file:///home/siegfriedneto/projects/servicedeskn1/frontend/app/node_modules/@tanstack/router-core/dist/esm/router.js:178:14)
    at file:///home/siegfriedneto/projects/servicedeskn1/frontend/app/node_modules/@tanstack/react-router/dist/esm/Transitioner.js:46:25
    at settleOwner (file:///home/siegfriedneto/projects/servicedeskn1/frontend/app/node_modules/@tanstack/react-router/dist/esm/Transitioner.js:10:10)
    at file:///home/siegfriedneto/projects/servicedeskn1/frontend/app/node_modules/@tanstack/react-router/dist/esm/Matches.js:38:39
    at Object.react_stack_bottom_frame (/home/siegfriedneto/projects/servicedeskn1/frontend/app/node_modules/react-dom/cjs/react-dom-client.development.js:25989:20)
    at runWithFiberInDEV (/home/siegfriedneto/projects/servicedeskn1/frontend/app/node_modules/react-dom/cjs/react-dom-client.development.js:874:13)
    at commitHookEffectListMount (/home/siegfriedneto/projects/servicedeskn1/frontend/app/node_modules/react-dom/cjs/react-dom-client.development.js:13249:29) [90mundefined[39m
Error: Not implemented: window.scrollTo
    at module.exports (/home/siegfriedneto/projects/servicedeskn1/frontend/app/node_modules/jsdom/lib/jsdom/browser/not-implemented.js:9:17)
    at /home/siegfriedneto/projects/servicedeskn1/frontend/app/node_modules/jsdom/lib/jsdom/browser/Window.js:960:7
    at Object.fn (file:///home/siegfriedneto/projects/servicedeskn1/frontend/app/node_modules/@tanstack/router-core/dist/esm/scroll-restoration.js:180:27)
    at RouterCore.emit (file:///home/siegfriedneto/projects/servicedeskn1/frontend/app/node_modules/@tanstack/router-core/dist/esm/router.js:178:14)
    at file:///home/siegfriedneto/projects/servicedeskn1/frontend/app/node_modules/@tanstack/react-router/dist/esm/Transitioner.js:46:25
    at settleOwner (file:///home/siegfriedneto/projects/servicedeskn1/frontend/app/node_modules/@tanstack/react-router/dist/esm/Transitioner.js:10:10)
    at file:///home/siegfriedneto/projects/servicedeskn1/frontend/app/node_modules/@tanstack/react-router/dist/esm/Matches.js:38:39
    at Object.react_stack_bottom_frame (/home/siegfriedneto/projects/servicedeskn1/frontend/app/node_modules/react-dom/cjs/react-dom-client.development.js:25989:20)
    at runWithFiberInDEV (/home/siegfriedneto/projects/servicedeskn1/frontend/app/node_modules/react-dom/cjs/react-dom-client.development.js:874:13)
    at commitHookEffectListMount (/home/siegfriedneto/projects/servicedeskn1/frontend/app/node_modules/react-dom/cjs/react-dom-client.development.js:13249:29) [90mundefined[39m
Error: Not implemented: window.scrollTo
    at module.exports (/home/siegfriedneto/projects/servicedeskn1/frontend/app/node_modules/jsdom/lib/jsdom/browser/not-implemented.js:9:17)
    at /home/siegfriedneto/projects/servicedeskn1/frontend/app/node_modules/jsdom/lib/jsdom/browser/Window.js:960:7
    at Object.fn (file:///home/siegfriedneto/projects/servicedeskn1/frontend/app/node_modules/@tanstack/router-core/dist/esm/scroll-restoration.js:180:27)
    at RouterCore.emit (file:///home/siegfriedneto/projects/servicedeskn1/frontend/app/node_modules/@tanstack/router-core/dist/esm/router.js:178:14)
    at file:///home/siegfriedneto/projects/servicedeskn1/frontend/app/node_modules/@tanstack/router-core/dist/esm/load-client.js:943:46
    at Router.batch (file:///home/siegfriedneto/projects/servicedeskn1/frontend/app/node_modules/@tanstack/store/dist/esm/atom.js:39:5)
    at file:///home/siegfriedneto/projects/servicedeskn1/frontend/app/node_modules/@tanstack/router-core/dist/esm/load-client.js:936:10
    at runClientTransaction (file:///home/siegfriedneto/projects/servicedeskn1/frontend/app/node_modules/@tanstack/router-core/dist/esm/load-client.js:902:2)
    at loadClientRoute (file:///home/siegfriedneto/projects/servicedeskn1/frontend/app/node_modules/@tanstack/router-core/dist/esm/load-client.js:1034:2)
    at RouterCore.load (file:///home/siegfriedneto/projects/servicedeskn1/frontend/app/node_modules/@tanstack/router-core/dist/esm/router.js:489:4) [90mundefined[39m
Error: Not implemented: window.scrollTo
    at module.exports (/home/siegfriedneto/projects/servicedeskn1/frontend/app/node_modules/jsdom/lib/jsdom/browser/not-implemented.js:9:17)
    at /home/siegfriedneto/projects/servicedeskn1/frontend/app/node_modules/jsdom/lib/jsdom/browser/Window.js:960:7
    at Object.fn (file:///home/siegfriedneto/projects/servicedeskn1/frontend/app/node_modules/@tanstack/router-core/dist/esm/scroll-restoration.js:180:27)
    at RouterCore.emit (file:///home/siegfriedneto/projects/servicedeskn1/frontend/app/node_modules/@tanstack/router-core/dist/esm/router.js:178:14)
    at file:///home/siegfriedneto/projects/servicedeskn1/frontend/app/node_modules/@tanstack/react-router/dist/esm/Transitioner.js:46:25
    at settleOwner (file:///home/siegfriedneto/projects/servicedeskn1/frontend/app/node_modules/@tanstack/react-router/dist/esm/Transitioner.js:10:10)
    at file:///home/siegfriedneto/projects/servicedeskn1/frontend/app/node_modules/@tanstack/react-router/dist/esm/Matches.js:38:39
    at Object.react_stack_bottom_frame (/home/siegfriedneto/projects/servicedeskn1/frontend/app/node_modules/react-dom/cjs/react-dom-client.development.js:25989:20)
    at runWithFiberInDEV (/home/siegfriedneto/projects/servicedeskn1/frontend/app/node_modules/react-dom/cjs/react-dom-client.development.js:874:13)
    at commitHookEffectListMount (/home/siegfriedneto/projects/servicedeskn1/frontend/app/node_modules/react-dom/cjs/react-dom-client.development.js:13249:29) [90mundefined[39m
Error: Not implemented: window.scrollTo
    at module.exports (/home/siegfriedneto/projects/servicedeskn1/frontend/app/node_modules/jsdom/lib/jsdom/browser/not-implemented.js:9:17)
    at /home/siegfriedneto/projects/servicedeskn1/frontend/app/node_modules/jsdom/lib/jsdom/browser/Window.js:960:7
    at Object.fn (file:///home/siegfriedneto/projects/servicedeskn1/frontend/app/node_modules/@tanstack/router-core/dist/esm/scroll-restoration.js:180:27)
    at RouterCore.emit (file:///home/siegfriedneto/projects/servicedeskn1/frontend/app/node_modules/@tanstack/router-core/dist/esm/router.js:178:14)
    at file:///home/siegfriedneto/projects/servicedeskn1/frontend/app/node_modules/@tanstack/react-router/dist/esm/Transitioner.js:46:25
    at settleOwner (file:///home/siegfriedneto/projects/servicedeskn1/frontend/app/node_modules/@tanstack/react-router/dist/esm/Transitioner.js:10:10)
    at file:///home/siegfriedneto/projects/servicedeskn1/frontend/app/node_modules/@tanstack/react-router/dist/esm/Matches.js:38:39
    at Object.react_stack_bottom_frame (/home/siegfriedneto/projects/servicedeskn1/frontend/app/node_modules/react-dom/cjs/react-dom-client.development.js:25989:20)
    at runWithFiberInDEV (/home/siegfriedneto/projects/servicedeskn1/frontend/app/node_modules/react-dom/cjs/react-dom-client.development.js:874:13)
    at commitHookEffectListMount (/home/siegfriedneto/projects/servicedeskn1/frontend/app/node_modules/react-dom/cjs/react-dom-client.development.js:13249:29) [90mundefined[39m
Error: Not implemented: window.scrollTo
    at module.exports (/home/siegfriedneto/projects/servicedeskn1/frontend/app/node_modules/jsdom/lib/jsdom/browser/not-implemented.js:9:17)
    at /home/siegfriedneto/projects/servicedeskn1/frontend/app/node_modules/jsdom/lib/jsdom/browser/Window.js:960:7
    at Object.fn (file:///home/siegfriedneto/projects/servicedeskn1/frontend/app/node_modules/@tanstack/router-core/dist/esm/scroll-restoration.js:180:27)
    at RouterCore.emit (file:///home/siegfriedneto/projects/servicedeskn1/frontend/app/node_modules/@tanstack/router-core/dist/esm/router.js:178:14)
    at file:///home/siegfriedneto/projects/servicedeskn1/frontend/app/node_modules/@tanstack/react-router/dist/esm/Transitioner.js:46:25
    at settleOwner (file:///home/siegfriedneto/projects/servicedeskn1/frontend/app/node_modules/@tanstack/react-router/dist/esm/Transitioner.js:10:10)
    at file:///home/siegfriedneto/projects/servicedeskn1/frontend/app/node_modules/@tanstack/react-router/dist/esm/Matches.js:38:39
    at Object.react_stack_bottom_frame (/home/siegfriedneto/projects/servicedeskn1/frontend/app/node_modules/react-dom/cjs/react-dom-client.development.js:25989:20)
    at runWithFiberInDEV (/home/siegfriedneto/projects/servicedeskn1/frontend/app/node_modules/react-dom/cjs/react-dom-client.development.js:874:13)
    at commitHookEffectListMount (/home/siegfriedneto/projects/servicedeskn1/frontend/app/node_modules/react-dom/cjs/react-dom-client.development.js:13249:29) [90mundefined[39m
Error: Not implemented: window.scrollTo
    at module.exports (/home/siegfriedneto/projects/servicedeskn1/frontend/app/node_modules/jsdom/lib/jsdom/browser/not-implemented.js:9:17)
    at /home/siegfriedneto/projects/servicedeskn1/frontend/app/node_modules/jsdom/lib/jsdom/browser/Window.js:960:7
    at Object.fn (file:///home/siegfriedneto/projects/servicedeskn1/frontend/app/node_modules/@tanstack/router-core/dist/esm/scroll-restoration.js:180:27)
    at RouterCore.emit (file:///home/siegfriedneto/projects/servicedeskn1/frontend/app/node_modules/@tanstack/router-core/dist/esm/router.js:178:14)
    at file:///home/siegfriedneto/projects/servicedeskn1/frontend/app/node_modules/@tanstack/react-router/dist/esm/Transitioner.js:46:25
    at settleOwner (file:///home/siegfriedneto/projects/servicedeskn1/frontend/app/node_modules/@tanstack/react-router/dist/esm/Transitioner.js:10:10)
    at file:///home/siegfriedneto/projects/servicedeskn1/frontend/app/node_modules/@tanstack/react-router/dist/esm/Matches.js:38:39
    at Object.react_stack_bottom_frame (/home/siegfriedneto/projects/servicedeskn1/frontend/app/node_modules/react-dom/cjs/react-dom-client.development.js:25989:20)
    at runWithFiberInDEV (/home/siegfriedneto/projects/servicedeskn1/frontend/app/node_modules/react-dom/cjs/react-dom-client.development.js:874:13)
    at commitHookEffectListMount (/home/siegfriedneto/projects/servicedeskn1/frontend/app/node_modules/react-dom/cjs/react-dom-client.development.js:13249:29) [90mundefined[39m
Error: Not implemented: window.scrollTo
    at module.exports (/home/siegfriedneto/projects/servicedeskn1/frontend/app/node_modules/jsdom/lib/jsdom/browser/not-implemented.js:9:17)
    at /home/siegfriedneto/projects/servicedeskn1/frontend/app/node_modules/jsdom/lib/jsdom/browser/Window.js:960:7
    at Object.fn (file:///home/siegfriedneto/projects/servicedeskn1/frontend/app/node_modules/@tanstack/router-core/dist/esm/scroll-restoration.js:180:27)
    at RouterCore.emit (file:///home/siegfriedneto/projects/servicedeskn1/frontend/app/node_modules/@tanstack/router-core/dist/esm/router.js:178:14)
    at file:///home/siegfriedneto/projects/servicedeskn1/frontend/app/node_modules/@tanstack/react-router/dist/esm/Transitioner.js:46:25
    at settleOwner (file:///home/siegfriedneto/projects/servicedeskn1/frontend/app/node_modules/@tanstack/react-router/dist/esm/Transitioner.js:10:10)
    at file:///home/siegfriedneto/projects/servicedeskn1/frontend/app/node_modules/@tanstack/react-router/dist/esm/Matches.js:38:39
    at Object.react_stack_bottom_frame (/home/siegfriedneto/projects/servicedeskn1/frontend/app/node_modules/react-dom/cjs/react-dom-client.development.js:25989:20)
    at runWithFiberInDEV (/home/siegfriedneto/projects/servicedeskn1/frontend/app/node_modules/react-dom/cjs/react-dom-client.development.js:874:13)
    at commitHookEffectListMount (/home/siegfriedneto/projects/servicedeskn1/frontend/app/node_modules/react-dom/cjs/react-dom-client.development.js:13249:29) [90mundefined[39m
Error: Not implemented: window.scrollTo
    at module.exports (/home/siegfriedneto/projects/servicedeskn1/frontend/app/node_modules/jsdom/lib/jsdom/browser/not-implemented.js:9:17)
    at /home/siegfriedneto/projects/servicedeskn1/frontend/app/node_modules/jsdom/lib/jsdom/browser/Window.js:960:7
    at Object.fn (file:///home/siegfriedneto/projects/servicedeskn1/frontend/app/node_modules/@tanstack/router-core/dist/esm/scroll-restoration.js:180:27)
    at RouterCore.emit (file:///home/siegfriedneto/projects/servicedeskn1/frontend/app/node_modules/@tanstack/router-core/dist/esm/router.js:178:14)
    at file:///home/siegfriedneto/projects/servicedeskn1/frontend/app/node_modules/@tanstack/react-router/dist/esm/Transitioner.js:46:25
    at settleOwner (file:///home/siegfriedneto/projects/servicedeskn1/frontend/app/node_modules/@tanstack/react-router/dist/esm/Transitioner.js:10:10)
    at file:///home/siegfriedneto/projects/servicedeskn1/frontend/app/node_modules/@tanstack/react-router/dist/esm/Matches.js:38:39
    at Object.react_stack_bottom_frame (/home/siegfriedneto/projects/servicedeskn1/frontend/app/node_modules/react-dom/cjs/react-dom-client.development.js:25989:20)
    at runWithFiberInDEV (/home/siegfriedneto/projects/servicedeskn1/frontend/app/node_modules/react-dom/cjs/react-dom-client.development.js:874:13)
    at commitHookEffectListMount (/home/siegfriedneto/projects/servicedeskn1/frontend/app/node_modules/react-dom/cjs/react-dom-client.development.js:13249:29) [90mundefined[39m
Error: Not implemented: window.scrollTo
    at module.exports (/home/siegfriedneto/projects/servicedeskn1/frontend/app/node_modules/jsdom/lib/jsdom/browser/not-implemented.js:9:17)
    at /home/siegfriedneto/projects/servicedeskn1/frontend/app/node_modules/jsdom/lib/jsdom/browser/Window.js:960:7
    at Object.fn (file:///home/siegfriedneto/projects/servicedeskn1/frontend/app/node_modules/@tanstack/router-core/dist/esm/scroll-restoration.js:180:27)
    at RouterCore.emit (file:///home/siegfriedneto/projects/servicedeskn1/frontend/app/node_modules/@tanstack/router-core/dist/esm/router.js:178:14)
    at file:///home/siegfriedneto/projects/servicedeskn1/frontend/app/node_modules/@tanstack/react-router/dist/esm/Transitioner.js:46:25
    at settleOwner (file:///home/siegfriedneto/projects/servicedeskn1/frontend/app/node_modules/@tanstack/react-router/dist/esm/Transitioner.js:10:10)
    at file:///home/siegfriedneto/projects/servicedeskn1/frontend/app/node_modules/@tanstack/react-router/dist/esm/Matches.js:38:39
    at Object.react_stack_bottom_frame (/home/siegfriedneto/projects/servicedeskn1/frontend/app/node_modules/react-dom/cjs/react-dom-client.development.js:25989:20)
    at runWithFiberInDEV (/home/siegfriedneto/projects/servicedeskn1/frontend/app/node_modules/react-dom/cjs/react-dom-client.development.js:874:13)
    at commitHookEffectListMount (/home/siegfriedneto/projects/servicedeskn1/frontend/app/node_modules/react-dom/cjs/react-dom-client.development.js:13249:29) [90mundefined[39m
Error: Not implemented: window.scrollTo
    at module.exports (/home/siegfriedneto/projects/servicedeskn1/frontend/app/node_modules/jsdom/lib/jsdom/browser/not-implemented.js:9:17)
    at /home/siegfriedneto/projects/servicedeskn1/frontend/app/node_modules/jsdom/lib/jsdom/browser/Window.js:960:7
    at Object.fn (file:///home/siegfriedneto/projects/servicedeskn1/frontend/app/node_modules/@tanstack/router-core/dist/esm/scroll-restoration.js:180:27)
    at RouterCore.emit (file:///home/siegfriedneto/projects/servicedeskn1/frontend/app/node_modules/@tanstack/router-core/dist/esm/router.js:178:14)
    at file:///home/siegfriedneto/projects/servicedeskn1/frontend/app/node_modules/@tanstack/react-router/dist/esm/Transitioner.js:46:25
    at settleOwner (file:///home/siegfriedneto/projects/servicedeskn1/frontend/app/node_modules/@tanstack/react-router/dist/esm/Transitioner.js:10:10)
    at file:///home/siegfriedneto/projects/servicedeskn1/frontend/app/node_modules/@tanstack/react-router/dist/esm/Matches.js:38:39
    at Object.react_stack_bottom_frame (/home/siegfriedneto/projects/servicedeskn1/frontend/app/node_modules/react-dom/cjs/react-dom-client.development.js:25989:20)
    at runWithFiberInDEV (/home/siegfriedneto/projects/servicedeskn1/frontend/app/node_modules/react-dom/cjs/react-dom-client.development.js:874:13)
    at commitHookEffectListMount (/home/siegfriedneto/projects/servicedeskn1/frontend/app/node_modules/react-dom/cjs/react-dom-client.development.js:13249:29) [90mundefined[39m
Error: Not implemented: window.scrollTo
    at module.exports (/home/siegfriedneto/projects/servicedeskn1/frontend/app/node_modules/jsdom/lib/jsdom/browser/not-implemented.js:9:17)
    at /home/siegfriedneto/projects/servicedeskn1/frontend/app/node_modules/jsdom/lib/jsdom/browser/Window.js:960:7
    at Object.fn (file:///home/siegfriedneto/projects/servicedeskn1/frontend/app/node_modules/@tanstack/router-core/dist/esm/scroll-restoration.js:180:27)
    at RouterCore.emit (file:///home/siegfriedneto/projects/servicedeskn1/frontend/app/node_modules/@tanstack/router-core/dist/esm/router.js:178:14)
    at file:///home/siegfriedneto/projects/servicedeskn1/frontend/app/node_modules/@tanstack/react-router/dist/esm/Transitioner.js:46:25
    at settleOwner (file:///home/siegfriedneto/projects/servicedeskn1/frontend/app/node_modules/@tanstack/react-router/dist/esm/Transitioner.js:10:10)
    at file:///home/siegfriedneto/projects/servicedeskn1/frontend/app/node_modules/@tanstack/react-router/dist/esm/Matches.js:38:39
    at Object.react_stack_bottom_frame (/home/siegfriedneto/projects/servicedeskn1/frontend/app/node_modules/react-dom/cjs/react-dom-client.development.js:25989:20)
    at runWithFiberInDEV (/home/siegfriedneto/projects/servicedeskn1/frontend/app/node_modules/react-dom/cjs/react-dom-client.development.js:874:13)
    at commitHookEffectListMount (/home/siegfriedneto/projects/servicedeskn1/frontend/app/node_modules/react-dom/cjs/react-dom-client.development.js:13249:29) [90mundefined[39m
Error: Not implemented: window.scrollTo
    at module.exports (/home/siegfriedneto/projects/servicedeskn1/frontend/app/node_modules/jsdom/lib/jsdom/browser/not-implemented.js:9:17)
    at /home/siegfriedneto/projects/servicedeskn1/frontend/app/node_modules/jsdom/lib/jsdom/browser/Window.js:960:7
    at Object.fn (file:///home/siegfriedneto/projects/servicedeskn1/frontend/app/node_modules/@tanstack/router-core/dist/esm/scroll-restoration.js:180:27)
    at RouterCore.emit (file:///home/siegfriedneto/projects/servicedeskn1/frontend/app/node_modules/@tanstack/router-core/dist/esm/router.js:178:14)
    at file:///home/siegfriedneto/projects/servicedeskn1/frontend/app/node_modules/@tanstack/react-router/dist/esm/Transitioner.js:46:25
    at settleOwner (file:///home/siegfriedneto/projects/servicedeskn1/frontend/app/node_modules/@tanstack/react-router/dist/esm/Transitioner.js:10:10)
    at file:///home/siegfriedneto/projects/servicedeskn1/frontend/app/node_modules/@tanstack/react-router/dist/esm/Matches.js:38:39
    at Object.react_stack_bottom_frame (/home/siegfriedneto/projects/servicedeskn1/frontend/app/node_modules/react-dom/cjs/react-dom-client.development.js:25989:20)
    at runWithFiberInDEV (/home/siegfriedneto/projects/servicedeskn1/frontend/app/node_modules/react-dom/cjs/react-dom-client.development.js:874:13)
    at commitHookEffectListMount (/home/siegfriedneto/projects/servicedeskn1/frontend/app/node_modules/react-dom/cjs/react-dom-client.development.js:13249:29) [90mundefined[39m
Error: Not implemented: window.scrollTo
    at module.exports (/home/siegfriedneto/projects/servicedeskn1/frontend/app/node_modules/jsdom/lib/jsdom/browser/not-implemented.js:9:17)
    at /home/siegfriedneto/projects/servicedeskn1/frontend/app/node_modules/jsdom/lib/jsdom/browser/Window.js:960:7
    at Object.fn (file:///home/siegfriedneto/projects/servicedeskn1/frontend/app/node_modules/@tanstack/router-core/dist/esm/scroll-restoration.js:180:27)
    at RouterCore.emit (file:///home/siegfriedneto/projects/servicedeskn1/frontend/app/node_modules/@tanstack/router-core/dist/esm/router.js:178:14)
    at file:///home/siegfriedneto/projects/servicedeskn1/frontend/app/node_modules/@tanstack/react-router/dist/esm/Transitioner.js:46:25
    at settleOwner (file:///home/siegfriedneto/projects/servicedeskn1/frontend/app/node_modules/@tanstack/react-router/dist/esm/Transitioner.js:10:10)
    at file:///home/siegfriedneto/projects/servicedeskn1/frontend/app/node_modules/@tanstack/react-router/dist/esm/Matches.js:38:39
    at Object.react_stack_bottom_frame (/home/siegfriedneto/projects/servicedeskn1/frontend/app/node_modules/react-dom/cjs/react-dom-client.development.js:25989:20)
    at runWithFiberInDEV (/home/siegfriedneto/projects/servicedeskn1/frontend/app/node_modules/react-dom/cjs/react-dom-client.development.js:874:13)
    at commitHookEffectListMount (/home/siegfriedneto/projects/servicedeskn1/frontend/app/node_modules/react-dom/cjs/react-dom-client.development.js:13249:29) [90mundefined[39m
Error: Not implemented: window.scrollTo
    at module.exports (/home/siegfriedneto/projects/servicedeskn1/frontend/app/node_modules/jsdom/lib/jsdom/browser/not-implemented.js:9:17)
    at /home/siegfriedneto/projects/servicedeskn1/frontend/app/node_modules/jsdom/lib/jsdom/browser/Window.js:960:7
    at Object.fn (file:///home/siegfriedneto/projects/servicedeskn1/frontend/app/node_modules/@tanstack/router-core/dist/esm/scroll-restoration.js:180:27)
    at RouterCore.emit (file:///home/siegfriedneto/projects/servicedeskn1/frontend/app/node_modules/@tanstack/router-core/dist/esm/router.js:178:14)
    at file:///home/siegfriedneto/projects/servicedeskn1/frontend/app/node_modules/@tanstack/react-router/dist/esm/Transitioner.js:46:25
    at settleOwner (file:///home/siegfriedneto/projects/servicedeskn1/frontend/app/node_modules/@tanstack/react-router/dist/esm/Transitioner.js:10:10)
    at file:///home/siegfriedneto/projects/servicedeskn1/frontend/app/node_modules/@tanstack/react-router/dist/esm/Matches.js:38:39
    at Object.react_stack_bottom_frame (/home/siegfriedneto/projects/servicedeskn1/frontend/app/node_modules/react-dom/cjs/react-dom-client.development.js:25989:20)
    at runWithFiberInDEV (/home/siegfriedneto/projects/servicedeskn1/frontend/app/node_modules/react-dom/cjs/react-dom-client.development.js:874:13)
    at commitHookEffectListMount (/home/siegfriedneto/projects/servicedeskn1/frontend/app/node_modules/react-dom/cjs/react-dom-client.development.js:13249:29) [90mundefined[39m
Error: Not implemented: window.scrollTo
    at module.exports (/home/siegfriedneto/projects/servicedeskn1/frontend/app/node_modules/jsdom/lib/jsdom/browser/not-implemented.js:9:17)
    at /home/siegfriedneto/projects/servicedeskn1/frontend/app/node_modules/jsdom/lib/jsdom/browser/Window.js:960:7
    at Object.fn (file:///home/siegfriedneto/projects/servicedeskn1/frontend/app/node_modules/@tanstack/router-core/dist/esm/scroll-restoration.js:180:27)
    at RouterCore.emit (file:///home/siegfriedneto/projects/servicedeskn1/frontend/app/node_modules/@tanstack/router-core/dist/esm/router.js:178:14)
    at file:///home/siegfriedneto/projects/servicedeskn1/frontend/app/node_modules/@tanstack/react-router/dist/esm/Transitioner.js:46:25
    at settleOwner (file:///home/siegfriedneto/projects/servicedeskn1/frontend/app/node_modules/@tanstack/react-router/dist/esm/Transitioner.js:10:10)
    at file:///home/siegfriedneto/projects/servicedeskn1/frontend/app/node_modules/@tanstack/react-router/dist/esm/Matches.js:38:39
    at Object.react_stack_bottom_frame (/home/siegfriedneto/projects/servicedeskn1/frontend/app/node_modules/react-dom/cjs/react-dom-client.development.js:25989:20)
    at runWithFiberInDEV (/home/siegfriedneto/projects/servicedeskn1/frontend/app/node_modules/react-dom/cjs/react-dom-client.development.js:874:13)
    at commitHookEffectListMount (/home/siegfriedneto/projects/servicedeskn1/frontend/app/node_modules/react-dom/cjs/react-dom-client.development.js:13249:29) [90mundefined[39m
Error: Not implemented: window.scrollTo
    at module.exports (/home/siegfriedneto/projects/servicedeskn1/frontend/app/node_modules/jsdom/lib/jsdom/browser/not-implemented.js:9:17)
    at /home/siegfriedneto/projects/servicedeskn1/frontend/app/node_modules/jsdom/lib/jsdom/browser/Window.js:960:7
    at Object.fn (file:///home/siegfriedneto/projects/servicedeskn1/frontend/app/node_modules/@tanstack/router-core/dist/esm/scroll-restoration.js:180:27)
    at RouterCore.emit (file:///home/siegfriedneto/projects/servicedeskn1/frontend/app/node_modules/@tanstack/router-core/dist/esm/router.js:178:14)
    at file:///home/siegfriedneto/projects/servicedeskn1/frontend/app/node_modules/@tanstack/react-router/dist/esm/Transitioner.js:46:25
    at settleOwner (file:///home/siegfriedneto/projects/servicedeskn1/frontend/app/node_modules/@tanstack/react-router/dist/esm/Transitioner.js:10:10)
    at file:///home/siegfriedneto/projects/servicedeskn1/frontend/app/node_modules/@tanstack/react-router/dist/esm/Matches.js:38:39
    at Object.react_stack_bottom_frame (/home/siegfriedneto/projects/servicedeskn1/frontend/app/node_modules/react-dom/cjs/react-dom-client.development.js:25989:20)
    at runWithFiberInDEV (/home/siegfriedneto/projects/servicedeskn1/frontend/app/node_modules/react-dom/cjs/react-dom-client.development.js:874:13)
    at commitHookEffectListMount (/home/siegfriedneto/projects/servicedeskn1/frontend/app/node_modules/react-dom/cjs/react-dom-client.development.js:13249:29) [90mundefined[39m
Error: Not implemented: window.scrollTo
    at module.exports (/home/siegfriedneto/projects/servicedeskn1/frontend/app/node_modules/jsdom/lib/jsdom/browser/not-implemented.js:9:17)
    at /home/siegfriedneto/projects/servicedeskn1/frontend/app/node_modules/jsdom/lib/jsdom/browser/Window.js:960:7
    at Object.fn (file:///home/siegfriedneto/projects/servicedeskn1/frontend/app/node_modules/@tanstack/router-core/dist/esm/scroll-restoration.js:180:27)
    at RouterCore.emit (file:///home/siegfriedneto/projects/servicedeskn1/frontend/app/node_modules/@tanstack/router-core/dist/esm/router.js:178:14)
    at file:///home/siegfriedneto/projects/servicedeskn1/frontend/app/node_modules/@tanstack/react-router/dist/esm/Transitioner.js:46:25
    at settleOwner (file:///home/siegfriedneto/projects/servicedeskn1/frontend/app/node_modules/@tanstack/react-router/dist/esm/Transitioner.js:10:10)
    at file:///home/siegfriedneto/projects/servicedeskn1/frontend/app/node_modules/@tanstack/react-router/dist/esm/Matches.js:38:39
    at Object.react_stack_bottom_frame (/home/siegfriedneto/projects/servicedeskn1/frontend/app/node_modules/react-dom/cjs/react-dom-client.development.js:25989:20)
    at runWithFiberInDEV (/home/siegfriedneto/projects/servicedeskn1/frontend/app/node_modules/react-dom/cjs/react-dom-client.development.js:874:13)
    at commitHookEffectListMount (/home/siegfriedneto/projects/servicedeskn1/frontend/app/node_modules/react-dom/cjs/react-dom-client.development.js:13249:29) [90mundefined[39m
Error: Not implemented: window.scrollTo
    at module.exports (/home/siegfriedneto/projects/servicedeskn1/frontend/app/node_modules/jsdom/lib/jsdom/browser/not-implemented.js:9:17)
    at /home/siegfriedneto/projects/servicedeskn1/frontend/app/node_modules/jsdom/lib/jsdom/browser/Window.js:960:7
    at Object.fn (file:///home/siegfriedneto/projects/servicedeskn1/frontend/app/node_modules/@tanstack/router-core/dist/esm/scroll-restoration.js:180:27)
    at RouterCore.emit (file:///home/siegfriedneto/projects/servicedeskn1/frontend/app/node_modules/@tanstack/router-core/dist/esm/router.js:178:14)
    at file:///home/siegfriedneto/projects/servicedeskn1/frontend/app/node_modules/@tanstack/react-router/dist/esm/Transitioner.js:46:25
    at settleOwner (file:///home/siegfriedneto/projects/servicedeskn1/frontend/app/node_modules/@tanstack/react-router/dist/esm/Transitioner.js:10:10)
    at file:///home/siegfriedneto/projects/servicedeskn1/frontend/app/node_modules/@tanstack/react-router/dist/esm/Matches.js:38:39
    at Object.react_stack_bottom_frame (/home/siegfriedneto/projects/servicedeskn1/frontend/app/node_modules/react-dom/cjs/react-dom-client.development.js:25989:20)
    at runWithFiberInDEV (/home/siegfriedneto/projects/servicedeskn1/frontend/app/node_modules/react-dom/cjs/react-dom-client.development.js:874:13)
    at commitHookEffectListMount (/home/siegfriedneto/projects/servicedeskn1/frontend/app/node_modules/react-dom/cjs/react-dom-client.development.js:13249:29) [90mundefined[39m
Error: Not implemented: window.scrollTo
    at module.exports (/home/siegfriedneto/projects/servicedeskn1/frontend/app/node_modules/jsdom/lib/jsdom/browser/not-implemented.js:9:17)
    at /home/siegfriedneto/projects/servicedeskn1/frontend/app/node_modules/jsdom/lib/jsdom/browser/Window.js:960:7
    at Object.fn (file:///home/siegfriedneto/projects/servicedeskn1/frontend/app/node_modules/@tanstack/router-core/dist/esm/scroll-restoration.js:180:27)
    at RouterCore.emit (file:///home/siegfriedneto/projects/servicedeskn1/frontend/app/node_modules/@tanstack/router-core/dist/esm/router.js:178:14)
    at file:///home/siegfriedneto/projects/servicedeskn1/frontend/app/node_modules/@tanstack/react-router/dist/esm/Transitioner.js:46:25
    at settleOwner (file:///home/siegfriedneto/projects/servicedeskn1/frontend/app/node_modules/@tanstack/react-router/dist/esm/Transitioner.js:10:10)
    at file:///home/siegfriedneto/projects/servicedeskn1/frontend/app/node_modules/@tanstack/react-router/dist/esm/Matches.js:38:39
    at Object.react_stack_bottom_frame (/home/siegfriedneto/projects/servicedeskn1/frontend/app/node_modules/react-dom/cjs/react-dom-client.development.js:25989:20)
    at runWithFiberInDEV (/home/siegfriedneto/projects/servicedeskn1/frontend/app/node_modules/react-dom/cjs/react-dom-client.development.js:874:13)
    at commitHookEffectListMount (/home/siegfriedneto/projects/servicedeskn1/frontend/app/node_modules/react-dom/cjs/react-dom-client.development.js:13249:29) [90mundefined[39m
Error: Not implemented: window.scrollTo
    at module.exports (/home/siegfriedneto/projects/servicedeskn1/frontend/app/node_modules/jsdom/lib/jsdom/browser/not-implemented.js:9:17)
    at /home/siegfriedneto/projects/servicedeskn1/frontend/app/node_modules/jsdom/lib/jsdom/browser/Window.js:960:7
    at Object.fn (file:///home/siegfriedneto/projects/servicedeskn1/frontend/app/node_modules/@tanstack/router-core/dist/esm/scroll-restoration.js:180:27)
    at RouterCore.emit (file:///home/siegfriedneto/projects/servicedeskn1/frontend/app/node_modules/@tanstack/router-core/dist/esm/router.js:178:14)
    at file:///home/siegfriedneto/projects/servicedeskn1/frontend/app/node_modules/@tanstack/react-router/dist/esm/Transitioner.js:46:25
    at settleOwner (file:///home/siegfriedneto/projects/servicedeskn1/frontend/app/node_modules/@tanstack/react-router/dist/esm/Transitioner.js:10:10)
    at file:///home/siegfriedneto/projects/servicedeskn1/frontend/app/node_modules/@tanstack/react-router/dist/esm/Matches.js:38:39
    at Object.react_stack_bottom_frame (/home/siegfriedneto/projects/servicedeskn1/frontend/app/node_modules/react-dom/cjs/react-dom-client.development.js:25989:20)
    at runWithFiberInDEV (/home/siegfriedneto/projects/servicedeskn1/frontend/app/node_modules/react-dom/cjs/react-dom-client.development.js:874:13)
    at commitHookEffectListMount (/home/siegfriedneto/projects/servicedeskn1/frontend/app/node_modules/react-dom/cjs/react-dom-client.development.js:13249:29) [90mundefined[39m
Error: Not implemented: window.scrollTo
    at module.exports (/home/siegfriedneto/projects/servicedeskn1/frontend/app/node_modules/jsdom/lib/jsdom/browser/not-implemented.js:9:17)
    at /home/siegfriedneto/projects/servicedeskn1/frontend/app/node_modules/jsdom/lib/jsdom/browser/Window.js:960:7
    at Object.fn (file:///home/siegfriedneto/projects/servicedeskn1/frontend/app/node_modules/@tanstack/router-core/dist/esm/scroll-restoration.js:180:27)
    at RouterCore.emit (file:///home/siegfriedneto/projects/servicedeskn1/frontend/app/node_modules/@tanstack/router-core/dist/esm/router.js:178:14)
    at file:///home/siegfriedneto/projects/servicedeskn1/frontend/app/node_modules/@tanstack/react-router/dist/esm/Transitioner.js:46:25
    at settleOwner (file:///home/siegfriedneto/projects/servicedeskn1/frontend/app/node_modules/@tanstack/react-router/dist/esm/Transitioner.js:10:10)
    at file:///home/siegfriedneto/projects/servicedeskn1/frontend/app/node_modules/@tanstack/react-router/dist/esm/Matches.js:38:39
    at Object.react_stack_bottom_frame (/home/siegfriedneto/projects/servicedeskn1/frontend/app/node_modules/react-dom/cjs/react-dom-client.development.js:25989:20)
    at runWithFiberInDEV (/home/siegfriedneto/projects/servicedeskn1/frontend/app/node_modules/react-dom/cjs/react-dom-client.development.js:874:13)
    at commitHookEffectListMount (/home/siegfriedneto/projects/servicedeskn1/frontend/app/node_modules/react-dom/cjs/react-dom-client.development.js:13249:29) [90mundefined[39m
Error: Not implemented: window.scrollTo
    at module.exports (/home/siegfriedneto/projects/servicedeskn1/frontend/app/node_modules/jsdom/lib/jsdom/browser/not-implemented.js:9:17)
    at /home/siegfriedneto/projects/servicedeskn1/frontend/app/node_modules/jsdom/lib/jsdom/browser/Window.js:960:7
    at Object.fn (file:///home/siegfriedneto/projects/servicedeskn1/frontend/app/node_modules/@tanstack/router-core/dist/esm/scroll-restoration.js:180:27)
    at RouterCore.emit (file:///home/siegfriedneto/projects/servicedeskn1/frontend/app/node_modules/@tanstack/router-core/dist/esm/router.js:178:14)
    at file:///home/siegfriedneto/projects/servicedeskn1/frontend/app/node_modules/@tanstack/react-router/dist/esm/Transitioner.js:46:25
    at settleOwner (file:///home/siegfriedneto/projects/servicedeskn1/frontend/app/node_modules/@tanstack/react-router/dist/esm/Transitioner.js:10:10)
    at file:///home/siegfriedneto/projects/servicedeskn1/frontend/app/node_modules/@tanstack/react-router/dist/esm/Matches.js:38:39
    at Object.react_stack_bottom_frame (/home/siegfriedneto/projects/servicedeskn1/frontend/app/node_modules/react-dom/cjs/react-dom-client.development.js:25989:20)
    at runWithFiberInDEV (/home/siegfriedneto/projects/servicedeskn1/frontend/app/node_modules/react-dom/cjs/react-dom-client.development.js:874:13)
    at commitHookEffectListMount (/home/siegfriedneto/projects/servicedeskn1/frontend/app/node_modules/react-dom/cjs/react-dom-client.development.js:13249:29) [90mundefined[39m
Error: Not implemented: window.scrollTo
    at module.exports (/home/siegfriedneto/projects/servicedeskn1/frontend/app/node_modules/jsdom/lib/jsdom/browser/not-implemented.js:9:17)
    at /home/siegfriedneto/projects/servicedeskn1/frontend/app/node_modules/jsdom/lib/jsdom/browser/Window.js:960:7
    at Object.fn (file:///home/siegfriedneto/projects/servicedeskn1/frontend/app/node_modules/@tanstack/router-core/dist/esm/scroll-restoration.js:180:27)
    at RouterCore.emit (file:///home/siegfriedneto/projects/servicedeskn1/frontend/app/node_modules/@tanstack/router-core/dist/esm/router.js:178:14)
    at file:///home/siegfriedneto/projects/servicedeskn1/frontend/app/node_modules/@tanstack/react-router/dist/esm/Transitioner.js:46:25
    at settleOwner (file:///home/siegfriedneto/projects/servicedeskn1/frontend/app/node_modules/@tanstack/react-router/dist/esm/Transitioner.js:10:10)
    at file:///home/siegfriedneto/projects/servicedeskn1/frontend/app/node_modules/@tanstack/react-router/dist/esm/Matches.js:38:39
    at Object.react_stack_bottom_frame (/home/siegfriedneto/projects/servicedeskn1/frontend/app/node_modules/react-dom/cjs/react-dom-client.development.js:25989:20)
    at runWithFiberInDEV (/home/siegfriedneto/projects/servicedeskn1/frontend/app/node_modules/react-dom/cjs/react-dom-client.development.js:874:13)
    at commitHookEffectListMount (/home/siegfriedneto/projects/servicedeskn1/frontend/app/node_modules/react-dom/cjs/react-dom-client.development.js:13249:29) [90mundefined[39m
Error: Not implemented: window.scrollTo
    at module.exports (/home/siegfriedneto/projects/servicedeskn1/frontend/app/node_modules/jsdom/lib/jsdom/browser/not-implemented.js:9:17)
    at /home/siegfriedneto/projects/servicedeskn1/frontend/app/node_modules/jsdom/lib/jsdom/browser/Window.js:960:7
    at Object.fn (file:///home/siegfriedneto/projects/servicedeskn1/frontend/app/node_modules/@tanstack/router-core/dist/esm/scroll-restoration.js:180:27)
    at RouterCore.emit (file:///home/siegfriedneto/projects/servicedeskn1/frontend/app/node_modules/@tanstack/router-core/dist/esm/router.js:178:14)
    at file:///home/siegfriedneto/projects/servicedeskn1/frontend/app/node_modules/@tanstack/react-router/dist/esm/Transitioner.js:46:25
    at settleOwner (file:///home/siegfriedneto/projects/servicedeskn1/frontend/app/node_modules/@tanstack/react-router/dist/esm/Transitioner.js:10:10)
    at file:///home/siegfriedneto/projects/servicedeskn1/frontend/app/node_modules/@tanstack/react-router/dist/esm/Matches.js:38:39
    at Object.react_stack_bottom_frame (/home/siegfriedneto/projects/servicedeskn1/frontend/app/node_modules/react-dom/cjs/react-dom-client.development.js:25989:20)
    at runWithFiberInDEV (/home/siegfriedneto/projects/servicedeskn1/frontend/app/node_modules/react-dom/cjs/react-dom-client.development.js:874:13)
    at commitHookEffectListMount (/home/siegfriedneto/projects/servicedeskn1/frontend/app/node_modules/react-dom/cjs/react-dom-client.development.js:13249:29) [90mundefined[39m
Error: Not implemented: window.scrollTo
    at module.exports (/home/siegfriedneto/projects/servicedeskn1/frontend/app/node_modules/jsdom/lib/jsdom/browser/not-implemented.js:9:17)
    at /home/siegfriedneto/projects/servicedeskn1/frontend/app/node_modules/jsdom/lib/jsdom/browser/Window.js:960:7
    at Object.fn (file:///home/siegfriedneto/projects/servicedeskn1/frontend/app/node_modules/@tanstack/router-core/dist/esm/scroll-restoration.js:180:27)
    at RouterCore.emit (file:///home/siegfriedneto/projects/servicedeskn1/frontend/app/node_modules/@tanstack/router-core/dist/esm/router.js:178:14)
    at file:///home/siegfriedneto/projects/servicedeskn1/frontend/app/node_modules/@tanstack/react-router/dist/esm/Transitioner.js:46:25
    at settleOwner (file:///home/siegfriedneto/projects/servicedeskn1/frontend/app/node_modules/@tanstack/react-router/dist/esm/Transitioner.js:10:10)
    at file:///home/siegfriedneto/projects/servicedeskn1/frontend/app/node_modules/@tanstack/react-router/dist/esm/Matches.js:38:39
    at Object.react_stack_bottom_frame (/home/siegfriedneto/projects/servicedeskn1/frontend/app/node_modules/react-dom/cjs/react-dom-client.development.js:25989:20)
    at runWithFiberInDEV (/home/siegfriedneto/projects/servicedeskn1/frontend/app/node_modules/react-dom/cjs/react-dom-client.development.js:874:13)
    at commitHookEffectListMount (/home/siegfriedneto/projects/servicedeskn1/frontend/app/node_modules/react-dom/cjs/react-dom-client.development.js:13249:29) [90mundefined[39m
Error: Not implemented: window.scrollTo
    at module.exports (/home/siegfriedneto/projects/servicedeskn1/frontend/app/node_modules/jsdom/lib/jsdom/browser/not-implemented.js:9:17)
    at /home/siegfriedneto/projects/servicedeskn1/frontend/app/node_modules/jsdom/lib/jsdom/browser/Window.js:960:7
    at Object.fn (file:///home/siegfriedneto/projects/servicedeskn1/frontend/app/node_modules/@tanstack/router-core/dist/esm/scroll-restoration.js:180:27)
    at RouterCore.emit (file:///home/siegfriedneto/projects/servicedeskn1/frontend/app/node_modules/@tanstack/router-core/dist/esm/router.js:178:14)
    at file:///home/siegfriedneto/projects/servicedeskn1/frontend/app/node_modules/@tanstack/react-router/dist/esm/Transitioner.js:46:25
    at settleOwner (file:///home/siegfriedneto/projects/servicedeskn1/frontend/app/node_modules/@tanstack/react-router/dist/esm/Transitioner.js:10:10)
    at file:///home/siegfriedneto/projects/servicedeskn1/frontend/app/node_modules/@tanstack/react-router/dist/esm/Matches.js:38:39
    at Object.react_stack_bottom_frame (/home/siegfriedneto/projects/servicedeskn1/frontend/app/node_modules/react-dom/cjs/react-dom-client.development.js:25989:20)
    at runWithFiberInDEV (/home/siegfriedneto/projects/servicedeskn1/frontend/app/node_modules/react-dom/cjs/react-dom-client.development.js:874:13)
    at commitHookEffectListMount (/home/siegfriedneto/projects/servicedeskn1/frontend/app/node_modules/react-dom/cjs/react-dom-client.development.js:13249:29) [90mundefined[39m
Error: Not implemented: window.scrollTo
    at module.exports (/home/siegfriedneto/projects/servicedeskn1/frontend/app/node_modules/jsdom/lib/jsdom/browser/not-implemented.js:9:17)
    at /home/siegfriedneto/projects/servicedeskn1/frontend/app/node_modules/jsdom/lib/jsdom/browser/Window.js:960:7
    at Object.fn (file:///home/siegfriedneto/projects/servicedeskn1/frontend/app/node_modules/@tanstack/router-core/dist/esm/scroll-restoration.js:180:27)
    at RouterCore.emit (file:///home/siegfriedneto/projects/servicedeskn1/frontend/app/node_modules/@tanstack/router-core/dist/esm/router.js:178:14)
    at file:///home/siegfriedneto/projects/servicedeskn1/frontend/app/node_modules/@tanstack/react-router/dist/esm/Transitioner.js:46:25
    at settleOwner (file:///home/siegfriedneto/projects/servicedeskn1/frontend/app/node_modules/@tanstack/react-router/dist/esm/Transitioner.js:10:10)
    at file:///home/siegfriedneto/projects/servicedeskn1/frontend/app/node_modules/@tanstack/react-router/dist/esm/Matches.js:38:39
    at Object.react_stack_bottom_frame (/home/siegfriedneto/projects/servicedeskn1/frontend/app/node_modules/react-dom/cjs/react-dom-client.development.js:25989:20)
    at runWithFiberInDEV (/home/siegfriedneto/projects/servicedeskn1/frontend/app/node_modules/react-dom/cjs/react-dom-client.development.js:874:13)
    at commitHookEffectListMount (/home/siegfriedneto/projects/servicedeskn1/frontend/app/node_modules/react-dom/cjs/react-dom-client.development.js:13249:29) [90mundefined[39m
Error: Not implemented: window.scrollTo
    at module.exports (/home/siegfriedneto/projects/servicedeskn1/frontend/app/node_modules/jsdom/lib/jsdom/browser/not-implemented.js:9:17)
    at /home/siegfriedneto/projects/servicedeskn1/frontend/app/node_modules/jsdom/lib/jsdom/browser/Window.js:960:7
    at Object.fn (file:///home/siegfriedneto/projects/servicedeskn1/frontend/app/node_modules/@tanstack/router-core/dist/esm/scroll-restoration.js:180:27)
    at RouterCore.emit (file:///home/siegfriedneto/projects/servicedeskn1/frontend/app/node_modules/@tanstack/router-core/dist/esm/router.js:178:14)
    at file:///home/siegfriedneto/projects/servicedeskn1/frontend/app/node_modules/@tanstack/react-router/dist/esm/Transitioner.js:46:25
    at settleOwner (file:///home/siegfriedneto/projects/servicedeskn1/frontend/app/node_modules/@tanstack/react-router/dist/esm/Transitioner.js:10:10)
    at file:///home/siegfriedneto/projects/servicedeskn1/frontend/app/node_modules/@tanstack/react-router/dist/esm/Matches.js:38:39
    at Object.react_stack_bottom_frame (/home/siegfriedneto/projects/servicedeskn1/frontend/app/node_modules/react-dom/cjs/react-dom-client.development.js:25989:20)
    at runWithFiberInDEV (/home/siegfriedneto/projects/servicedeskn1/frontend/app/node_modules/react-dom/cjs/react-dom-client.development.js:874:13)
    at commitHookEffectListMount (/home/siegfriedneto/projects/servicedeskn1/frontend/app/node_modules/react-dom/cjs/react-dom-client.development.js:13249:29) [90mundefined[39m
Error: Not implemented: window.scrollTo
    at module.exports (/home/siegfriedneto/projects/servicedeskn1/frontend/app/node_modules/jsdom/lib/jsdom/browser/not-implemented.js:9:17)
    at /home/siegfriedneto/projects/servicedeskn1/frontend/app/node_modules/jsdom/lib/jsdom/browser/Window.js:960:7
    at Object.fn (file:///home/siegfriedneto/projects/servicedeskn1/frontend/app/node_modules/@tanstack/router-core/dist/esm/scroll-restoration.js:180:27)
    at RouterCore.emit (file:///home/siegfriedneto/projects/servicedeskn1/frontend/app/node_modules/@tanstack/router-core/dist/esm/router.js:178:14)
    at file:///home/siegfriedneto/projects/servicedeskn1/frontend/app/node_modules/@tanstack/react-router/dist/esm/Transitioner.js:46:25
    at settleOwner (file:///home/siegfriedneto/projects/servicedeskn1/frontend/app/node_modules/@tanstack/react-router/dist/esm/Transitioner.js:10:10)
    at file:///home/siegfriedneto/projects/servicedeskn1/frontend/app/node_modules/@tanstack/react-router/dist/esm/Matches.js:38:39
    at Object.react_stack_bottom_frame (/home/siegfriedneto/projects/servicedeskn1/frontend/app/node_modules/react-dom/cjs/react-dom-client.development.js:25989:20)
    at runWithFiberInDEV (/home/siegfriedneto/projects/servicedeskn1/frontend/app/node_modules/react-dom/cjs/react-dom-client.development.js:874:13)
    at commitHookEffectListMount (/home/siegfriedneto/projects/servicedeskn1/frontend/app/node_modules/react-dom/cjs/react-dom-client.development.js:13249:29) [90mundefined[39m
Error: Not implemented: window.scrollTo
    at module.exports (/home/siegfriedneto/projects/servicedeskn1/frontend/app/node_modules/jsdom/lib/jsdom/browser/not-implemented.js:9:17)
    at /home/siegfriedneto/projects/servicedeskn1/frontend/app/node_modules/jsdom/lib/jsdom/browser/Window.js:960:7
    at Object.fn (file:///home/siegfriedneto/projects/servicedeskn1/frontend/app/node_modules/@tanstack/router-core/dist/esm/scroll-restoration.js:180:27)
    at RouterCore.emit (file:///home/siegfriedneto/projects/servicedeskn1/frontend/app/node_modules/@tanstack/router-core/dist/esm/router.js:178:14)
    at file:///home/siegfriedneto/projects/servicedeskn1/frontend/app/node_modules/@tanstack/react-router/dist/esm/Transitioner.js:46:25
    at settleOwner (file:///home/siegfriedneto/projects/servicedeskn1/frontend/app/node_modules/@tanstack/react-router/dist/esm/Transitioner.js:10:10)
    at file:///home/siegfriedneto/projects/servicedeskn1/frontend/app/node_modules/@tanstack/react-router/dist/esm/Matches.js:38:39
    at Object.react_stack_bottom_frame (/home/siegfriedneto/projects/servicedeskn1/frontend/app/node_modules/react-dom/cjs/react-dom-client.development.js:25989:20)
    at runWithFiberInDEV (/home/siegfriedneto/projects/servicedeskn1/frontend/app/node_modules/react-dom/cjs/react-dom-client.development.js:874:13)
    at commitHookEffectListMount (/home/siegfriedneto/projects/servicedeskn1/frontend/app/node_modules/react-dom/cjs/react-dom-client.development.js:13249:29) [90mundefined[39m
Error: Not implemented: window.scrollTo
    at module.exports (/home/siegfriedneto/projects/servicedeskn1/frontend/app/node_modules/jsdom/lib/jsdom/browser/not-implemented.js:9:17)
    at /home/siegfriedneto/projects/servicedeskn1/frontend/app/node_modules/jsdom/lib/jsdom/browser/Window.js:960:7
    at Object.fn (file:///home/siegfriedneto/projects/servicedeskn1/frontend/app/node_modules/@tanstack/router-core/dist/esm/scroll-restoration.js:180:27)
    at RouterCore.emit (file:///home/siegfriedneto/projects/servicedeskn1/frontend/app/node_modules/@tanstack/router-core/dist/esm/router.js:178:14)
    at file:///home/siegfriedneto/projects/servicedeskn1/frontend/app/node_modules/@tanstack/react-router/dist/esm/Transitioner.js:46:25
    at settleOwner (file:///home/siegfriedneto/projects/servicedeskn1/frontend/app/node_modules/@tanstack/react-router/dist/esm/Transitioner.js:10:10)
    at file:///home/siegfriedneto/projects/servicedeskn1/frontend/app/node_modules/@tanstack/react-router/dist/esm/Matches.js:38:39
    at Object.react_stack_bottom_frame (/home/siegfriedneto/projects/servicedeskn1/frontend/app/node_modules/react-dom/cjs/react-dom-client.development.js:25989:20)
    at runWithFiberInDEV (/home/siegfriedneto/projects/servicedeskn1/frontend/app/node_modules/react-dom/cjs/react-dom-client.development.js:874:13)
    at commitHookEffectListMount (/home/siegfriedneto/projects/servicedeskn1/frontend/app/node_modules/react-dom/cjs/react-dom-client.development.js:13249:29) [90mundefined[39m
Error: Not implemented: window.scrollTo
    at module.exports (/home/siegfriedneto/projects/servicedeskn1/frontend/app/node_modules/jsdom/lib/jsdom/browser/not-implemented.js:9:17)
    at /home/siegfriedneto/projects/servicedeskn1/frontend/app/node_modules/jsdom/lib/jsdom/browser/Window.js:960:7
    at Object.fn (file:///home/siegfriedneto/projects/servicedeskn1/frontend/app/node_modules/@tanstack/router-core/dist/esm/scroll-restoration.js:180:27)
    at RouterCore.emit (file:///home/siegfriedneto/projects/servicedeskn1/frontend/app/node_modules/@tanstack/router-core/dist/esm/router.js:178:14)
    at file:///home/siegfriedneto/projects/servicedeskn1/frontend/app/node_modules/@tanstack/react-router/dist/esm/Transitioner.js:46:25
    at settleOwner (file:///home/siegfriedneto/projects/servicedeskn1/frontend/app/node_modules/@tanstack/react-router/dist/esm/Transitioner.js:10:10)
    at file:///home/siegfriedneto/projects/servicedeskn1/frontend/app/node_modules/@tanstack/react-router/dist/esm/Matches.js:38:39
    at Object.react_stack_bottom_frame (/home/siegfriedneto/projects/servicedeskn1/frontend/app/node_modules/react-dom/cjs/react-dom-client.development.js:25989:20)
    at runWithFiberInDEV (/home/siegfriedneto/projects/servicedeskn1/frontend/app/node_modules/react-dom/cjs/react-dom-client.development.js:874:13)
    at commitHookEffectListMount (/home/siegfriedneto/projects/servicedeskn1/frontend/app/node_modules/react-dom/cjs/react-dom-client.development.js:13249:29) [90mundefined[39m
Error: Not implemented: window.scrollTo
    at module.exports (/home/siegfriedneto/projects/servicedeskn1/frontend/app/node_modules/jsdom/lib/jsdom/browser/not-implemented.js:9:17)
    at /home/siegfriedneto/projects/servicedeskn1/frontend/app/node_modules/jsdom/lib/jsdom/browser/Window.js:960:7
    at Object.fn (file:///home/siegfriedneto/projects/servicedeskn1/frontend/app/node_modules/@tanstack/router-core/dist/esm/scroll-restoration.js:180:27)
    at RouterCore.emit (file:///home/siegfriedneto/projects/servicedeskn1/frontend/app/node_modules/@tanstack/router-core/dist/esm/router.js:178:14)
    at file:///home/siegfriedneto/projects/servicedeskn1/frontend/app/node_modules/@tanstack/react-router/dist/esm/Transitioner.js:46:25
    at settleOwner (file:///home/siegfriedneto/projects/servicedeskn1/frontend/app/node_modules/@tanstack/react-router/dist/esm/Transitioner.js:10:10)
    at file:///home/siegfriedneto/projects/servicedeskn1/frontend/app/node_modules/@tanstack/react-router/dist/esm/Matches.js:38:39
    at Object.react_stack_bottom_frame (/home/siegfriedneto/projects/servicedeskn1/frontend/app/node_modules/react-dom/cjs/react-dom-client.development.js:25989:20)
    at runWithFiberInDEV (/home/siegfriedneto/projects/servicedeskn1/frontend/app/node_modules/react-dom/cjs/react-dom-client.development.js:874:13)
    at commitHookEffectListMount (/home/siegfriedneto/projects/servicedeskn1/frontend/app/node_modules/react-dom/cjs/react-dom-client.development.js:13249:29) [90mundefined[39m
Error: Not implemented: window.scrollTo
    at module.exports (/home/siegfriedneto/projects/servicedeskn1/frontend/app/node_modules/jsdom/lib/jsdom/browser/not-implemented.js:9:17)
    at /home/siegfriedneto/projects/servicedeskn1/frontend/app/node_modules/jsdom/lib/jsdom/browser/Window.js:960:7
    at Object.fn (file:///home/siegfriedneto/projects/servicedeskn1/frontend/app/node_modules/@tanstack/router-core/dist/esm/scroll-restoration.js:180:27)
    at RouterCore.emit (file:///home/siegfriedneto/projects/servicedeskn1/frontend/app/node_modules/@tanstack/router-core/dist/esm/router.js:178:14)
    at file:///home/siegfriedneto/projects/servicedeskn1/frontend/app/node_modules/@tanstack/react-router/dist/esm/Transitioner.js:46:25
    at settleOwner (file:///home/siegfriedneto/projects/servicedeskn1/frontend/app/node_modules/@tanstack/react-router/dist/esm/Transitioner.js:10:10)
    at file:///home/siegfriedneto/projects/servicedeskn1/frontend/app/node_modules/@tanstack/react-router/dist/esm/Matches.js:38:39
    at Object.react_stack_bottom_frame (/home/siegfriedneto/projects/servicedeskn1/frontend/app/node_modules/react-dom/cjs/react-dom-client.development.js:25989:20)
    at runWithFiberInDEV (/home/siegfriedneto/projects/servicedeskn1/frontend/app/node_modules/react-dom/cjs/react-dom-client.development.js:874:13)
    at commitHookEffectListMount (/home/siegfriedneto/projects/servicedeskn1/frontend/app/node_modules/react-dom/cjs/react-dom-client.development.js:13249:29) [90mundefined[39m
Error: Not implemented: window.scrollTo
    at module.exports (/home/siegfriedneto/projects/servicedeskn1/frontend/app/node_modules/jsdom/lib/jsdom/browser/not-implemented.js:9:17)
    at /home/siegfriedneto/projects/servicedeskn1/frontend/app/node_modules/jsdom/lib/jsdom/browser/Window.js:960:7
    at Object.fn (file:///home/siegfriedneto/projects/servicedeskn1/frontend/app/node_modules/@tanstack/router-core/dist/esm/scroll-restoration.js:180:27)
    at RouterCore.emit (file:///home/siegfriedneto/projects/servicedeskn1/frontend/app/node_modules/@tanstack/router-core/dist/esm/router.js:178:14)
    at file:///home/siegfriedneto/projects/servicedeskn1/frontend/app/node_modules/@tanstack/react-router/dist/esm/Transitioner.js:46:25
    at settleOwner (file:///home/siegfriedneto/projects/servicedeskn1/frontend/app/node_modules/@tanstack/react-router/dist/esm/Transitioner.js:10:10)
    at file:///home/siegfriedneto/projects/servicedeskn1/frontend/app/node_modules/@tanstack/react-router/dist/esm/Matches.js:38:39
    at Object.react_stack_bottom_frame (/home/siegfriedneto/projects/servicedeskn1/frontend/app/node_modules/react-dom/cjs/react-dom-client.development.js:25989:20)
    at runWithFiberInDEV (/home/siegfriedneto/projects/servicedeskn1/frontend/app/node_modules/react-dom/cjs/react-dom-client.development.js:874:13)
    at commitHookEffectListMount (/home/siegfriedneto/projects/servicedeskn1/frontend/app/node_modules/react-dom/cjs/react-dom-client.development.js:13249:29) [90mundefined[39m
Error: Not implemented: window.scrollTo
    at module.exports (/home/siegfriedneto/projects/servicedeskn1/frontend/app/node_modules/jsdom/lib/jsdom/browser/not-implemented.js:9:17)
    at /home/siegfriedneto/projects/servicedeskn1/frontend/app/node_modules/jsdom/lib/jsdom/browser/Window.js:960:7
    at Object.fn (file:///home/siegfriedneto/projects/servicedeskn1/frontend/app/node_modules/@tanstack/router-core/dist/esm/scroll-restoration.js:180:27)
    at RouterCore.emit (file:///home/siegfriedneto/projects/servicedeskn1/frontend/app/node_modules/@tanstack/router-core/dist/esm/router.js:178:14)
    at file:///home/siegfriedneto/projects/servicedeskn1/frontend/app/node_modules/@tanstack/react-router/dist/esm/Transitioner.js:46:25
    at settleOwner (file:///home/siegfriedneto/projects/servicedeskn1/frontend/app/node_modules/@tanstack/react-router/dist/esm/Transitioner.js:10:10)
    at file:///home/siegfriedneto/projects/servicedeskn1/frontend/app/node_modules/@tanstack/react-router/dist/esm/Matches.js:38:39
    at Object.react_stack_bottom_frame (/home/siegfriedneto/projects/servicedeskn1/frontend/app/node_modules/react-dom/cjs/react-dom-client.development.js:25989:20)
    at runWithFiberInDEV (/home/siegfriedneto/projects/servicedeskn1/frontend/app/node_modules/react-dom/cjs/react-dom-client.development.js:874:13)
    at commitHookEffectListMount (/home/siegfriedneto/projects/servicedeskn1/frontend/app/node_modules/react-dom/cjs/react-dom-client.development.js:13249:29) [90mundefined[39m
Error: Not implemented: window.scrollTo
    at module.exports (/home/siegfriedneto/projects/servicedeskn1/frontend/app/node_modules/jsdom/lib/jsdom/browser/not-implemented.js:9:17)
    at /home/siegfriedneto/projects/servicedeskn1/frontend/app/node_modules/jsdom/lib/jsdom/browser/Window.js:960:7
    at Object.fn (file:///home/siegfriedneto/projects/servicedeskn1/frontend/app/node_modules/@tanstack/router-core/dist/esm/scroll-restoration.js:180:27)
    at RouterCore.emit (file:///home/siegfriedneto/projects/servicedeskn1/frontend/app/node_modules/@tanstack/router-core/dist/esm/router.js:178:14)
    at file:///home/siegfriedneto/projects/servicedeskn1/frontend/app/node_modules/@tanstack/react-router/dist/esm/Transitioner.js:46:25
    at settleOwner (file:///home/siegfriedneto/projects/servicedeskn1/frontend/app/node_modules/@tanstack/react-router/dist/esm/Transitioner.js:10:10)
    at file:///home/siegfriedneto/projects/servicedeskn1/frontend/app/node_modules/@tanstack/react-router/dist/esm/Matches.js:38:39
    at Object.react_stack_bottom_frame (/home/siegfriedneto/projects/servicedeskn1/frontend/app/node_modules/react-dom/cjs/react-dom-client.development.js:25989:20)
    at runWithFiberInDEV (/home/siegfriedneto/projects/servicedeskn1/frontend/app/node_modules/react-dom/cjs/react-dom-client.development.js:874:13)
    at commitHookEffectListMount (/home/siegfriedneto/projects/servicedeskn1/frontend/app/node_modules/react-dom/cjs/react-dom-client.development.js:13249:29) [90mundefined[39m
Error: Not implemented: window.scrollTo
    at module.exports (/home/siegfriedneto/projects/servicedeskn1/frontend/app/node_modules/jsdom/lib/jsdom/browser/not-implemented.js:9:17)
    at /home/siegfriedneto/projects/servicedeskn1/frontend/app/node_modules/jsdom/lib/jsdom/browser/Window.js:960:7
    at Object.fn (file:///home/siegfriedneto/projects/servicedeskn1/frontend/app/node_modules/@tanstack/router-core/dist/esm/scroll-restoration.js:180:27)
    at RouterCore.emit (file:///home/siegfriedneto/projects/servicedeskn1/frontend/app/node_modules/@tanstack/router-core/dist/esm/router.js:178:14)
    at file:///home/siegfriedneto/projects/servicedeskn1/frontend/app/node_modules/@tanstack/react-router/dist/esm/Transitioner.js:46:25
    at settleOwner (file:///home/siegfriedneto/projects/servicedeskn1/frontend/app/node_modules/@tanstack/react-router/dist/esm/Transitioner.js:10:10)
    at file:///home/siegfriedneto/projects/servicedeskn1/frontend/app/node_modules/@tanstack/react-router/dist/esm/Matches.js:38:39
    at Object.react_stack_bottom_frame (/home/siegfriedneto/projects/servicedeskn1/frontend/app/node_modules/react-dom/cjs/react-dom-client.development.js:25989:20)
    at runWithFiberInDEV (/home/siegfriedneto/projects/servicedeskn1/frontend/app/node_modules/react-dom/cjs/react-dom-client.development.js:874:13)
    at commitHookEffectListMount (/home/siegfriedneto/projects/servicedeskn1/frontend/app/node_modules/react-dom/cjs/react-dom-client.development.js:13249:29) [90mundefined[39m
Error: Not implemented: window.scrollTo
    at module.exports (/home/siegfriedneto/projects/servicedeskn1/frontend/app/node_modules/jsdom/lib/jsdom/browser/not-implemented.js:9:17)
    at /home/siegfriedneto/projects/servicedeskn1/frontend/app/node_modules/jsdom/lib/jsdom/browser/Window.js:960:7
    at Object.fn (file:///home/siegfriedneto/projects/servicedeskn1/frontend/app/node_modules/@tanstack/router-core/dist/esm/scroll-restoration.js:180:27)
    at RouterCore.emit (file:///home/siegfriedneto/projects/servicedeskn1/frontend/app/node_modules/@tanstack/router-core/dist/esm/router.js:178:14)
    at file:///home/siegfriedneto/projects/servicedeskn1/frontend/app/node_modules/@tanstack/router-core/dist/esm/load-client.js:943:46
    at Router.batch (file:///home/siegfriedneto/projects/servicedeskn1/frontend/app/node_modules/@tanstack/store/dist/esm/atom.js:39:5)
    at file:///home/siegfriedneto/projects/servicedeskn1/frontend/app/node_modules/@tanstack/router-core/dist/esm/load-client.js:936:10
    at runClientTransaction (file:///home/siegfriedneto/projects/servicedeskn1/frontend/app/node_modules/@tanstack/router-core/dist/esm/load-client.js:902:2)
    at loadClientRoute (file:///home/siegfriedneto/projects/servicedeskn1/frontend/app/node_modules/@tanstack/router-core/dist/esm/load-client.js:1034:2)
    at RouterCore.load (file:///home/siegfriedneto/projects/servicedeskn1/frontend/app/node_modules/@tanstack/router-core/dist/esm/router.js:489:4) [90mundefined[39m
Error: Not implemented: window.scrollTo
    at module.exports (/home/siegfriedneto/projects/servicedeskn1/frontend/app/node_modules/jsdom/lib/jsdom/browser/not-implemented.js:9:17)
    at /home/siegfriedneto/projects/servicedeskn1/frontend/app/node_modules/jsdom/lib/jsdom/browser/Window.js:960:7
    at Object.fn (file:///home/siegfriedneto/projects/servicedeskn1/frontend/app/node_modules/@tanstack/router-core/dist/esm/scroll-restoration.js:180:27)
    at RouterCore.emit (file:///home/siegfriedneto/projects/servicedeskn1/frontend/app/node_modules/@tanstack/router-core/dist/esm/router.js:178:14)
    at file:///home/siegfriedneto/projects/servicedeskn1/frontend/app/node_modules/@tanstack/react-router/dist/esm/Transitioner.js:46:25
    at settleOwner (file:///home/siegfriedneto/projects/servicedeskn1/frontend/app/node_modules/@tanstack/react-router/dist/esm/Transitioner.js:10:10)
    at file:///home/siegfriedneto/projects/servicedeskn1/frontend/app/node_modules/@tanstack/react-router/dist/esm/Matches.js:38:39
    at Object.react_stack_bottom_frame (/home/siegfriedneto/projects/servicedeskn1/frontend/app/node_modules/react-dom/cjs/react-dom-client.development.js:25989:20)
    at runWithFiberInDEV (/home/siegfriedneto/projects/servicedeskn1/frontend/app/node_modules/react-dom/cjs/react-dom-client.development.js:874:13)
    at commitHookEffectListMount (/home/siegfriedneto/projects/servicedeskn1/frontend/app/node_modules/react-dom/cjs/react-dom-client.development.js:13249:29) [90mundefined[39m
Error: Not implemented: window.scrollTo
    at module.exports (/home/siegfriedneto/projects/servicedeskn1/frontend/app/node_modules/jsdom/lib/jsdom/browser/not-implemented.js:9:17)
    at /home/siegfriedneto/projects/servicedeskn1/frontend/app/node_modules/jsdom/lib/jsdom/browser/Window.js:960:7
    at Object.fn (file:///home/siegfriedneto/projects/servicedeskn1/frontend/app/node_modules/@tanstack/router-core/dist/esm/scroll-restoration.js:180:27)
    at RouterCore.emit (file:///home/siegfriedneto/projects/servicedeskn1/frontend/app/node_modules/@tanstack/router-core/dist/esm/router.js:178:14)
    at file:///home/siegfriedneto/projects/servicedeskn1/frontend/app/node_modules/@tanstack/react-router/dist/esm/Transitioner.js:46:25
    at settleOwner (file:///home/siegfriedneto/projects/servicedeskn1/frontend/app/node_modules/@tanstack/react-router/dist/esm/Transitioner.js:10:10)
    at file:///home/siegfriedneto/projects/servicedeskn1/frontend/app/node_modules/@tanstack/react-router/dist/esm/Matches.js:38:39
    at Object.react_stack_bottom_frame (/home/siegfriedneto/projects/servicedeskn1/frontend/app/node_modules/react-dom/cjs/react-dom-client.development.js:25989:20)
    at runWithFiberInDEV (/home/siegfriedneto/projects/servicedeskn1/frontend/app/node_modules/react-dom/cjs/react-dom-client.development.js:874:13)
    at commitHookEffectListMount (/home/siegfriedneto/projects/servicedeskn1/frontend/app/node_modules/react-dom/cjs/react-dom-client.development.js:13249:29) [90mundefined[39m
Error: Not implemented: window.scrollTo
    at module.exports (/home/siegfriedneto/projects/servicedeskn1/frontend/app/node_modules/jsdom/lib/jsdom/browser/not-implemented.js:9:17)
    at /home/siegfriedneto/projects/servicedeskn1/frontend/app/node_modules/jsdom/lib/jsdom/browser/Window.js:960:7
    at Object.fn (file:///home/siegfriedneto/projects/servicedeskn1/frontend/app/node_modules/@tanstack/router-core/dist/esm/scroll-restoration.js:180:27)
    at RouterCore.emit (file:///home/siegfriedneto/projects/servicedeskn1/frontend/app/node_modules/@tanstack/router-core/dist/esm/router.js:178:14)
    at file:///home/siegfriedneto/projects/servicedeskn1/frontend/app/node_modules/@tanstack/router-core/dist/esm/load-client.js:943:46
    at Router.batch (file:///home/siegfriedneto/projects/servicedeskn1/frontend/app/node_modules/@tanstack/store/dist/esm/atom.js:39:5)
    at file:///home/siegfriedneto/projects/servicedeskn1/frontend/app/node_modules/@tanstack/router-core/dist/esm/load-client.js:936:10
    at runClientTransaction (file:///home/siegfriedneto/projects/servicedeskn1/frontend/app/node_modules/@tanstack/router-core/dist/esm/load-client.js:902:2)
    at loadClientRoute (file:///home/siegfriedneto/projects/servicedeskn1/frontend/app/node_modules/@tanstack/router-core/dist/esm/load-client.js:1034:2)
    at RouterCore.load (file:///home/siegfriedneto/projects/servicedeskn1/frontend/app/node_modules/@tanstack/router-core/dist/esm/router.js:489:4) [90mundefined[39m
Error: Not implemented: window.scrollTo
    at module.exports (/home/siegfriedneto/projects/servicedeskn1/frontend/app/node_modules/jsdom/lib/jsdom/browser/not-implemented.js:9:17)
    at /home/siegfriedneto/projects/servicedeskn1/frontend/app/node_modules/jsdom/lib/jsdom/browser/Window.js:960:7
    at Object.fn (file:///home/siegfriedneto/projects/servicedeskn1/frontend/app/node_modules/@tanstack/router-core/dist/esm/scroll-restoration.js:180:27)
    at RouterCore.emit (file:///home/siegfriedneto/projects/servicedeskn1/frontend/app/node_modules/@tanstack/router-core/dist/esm/router.js:178:14)
    at file:///home/siegfriedneto/projects/servicedeskn1/frontend/app/node_modules/@tanstack/react-router/dist/esm/Transitioner.js:46:25
    at settleOwner (file:///home/siegfriedneto/projects/servicedeskn1/frontend/app/node_modules/@tanstack/react-router/dist/esm/Transitioner.js:10:10)
    at file:///home/siegfriedneto/projects/servicedeskn1/frontend/app/node_modules/@tanstack/react-router/dist/esm/Matches.js:38:39
    at Object.react_stack_bottom_frame (/home/siegfriedneto/projects/servicedeskn1/frontend/app/node_modules/react-dom/cjs/react-dom-client.development.js:25989:20)
    at runWithFiberInDEV (/home/siegfriedneto/projects/servicedeskn1/frontend/app/node_modules/react-dom/cjs/react-dom-client.development.js:874:13)
    at commitHookEffectListMount (/home/siegfriedneto/projects/servicedeskn1/frontend/app/node_modules/react-dom/cjs/react-dom-client.development.js:13249:29) [90mundefined[39m
Error: Not implemented: window.scrollTo
    at module.exports (/home/siegfriedneto/projects/servicedeskn1/frontend/app/node_modules/jsdom/lib/jsdom/browser/not-implemented.js:9:17)
    at /home/siegfriedneto/projects/servicedeskn1/frontend/app/node_modules/jsdom/lib/jsdom/browser/Window.js:960:7
    at Object.fn (file:///home/siegfriedneto/projects/servicedeskn1/frontend/app/node_modules/@tanstack/router-core/dist/esm/scroll-restoration.js:180:27)
    at RouterCore.emit (file:///home/siegfriedneto/projects/servicedeskn1/frontend/app/node_modules/@tanstack/router-core/dist/esm/router.js:178:14)
    at file:///home/siegfriedneto/projects/servicedeskn1/frontend/app/node_modules/@tanstack/react-router/dist/esm/Transitioner.js:46:25
    at settleOwner (file:///home/siegfriedneto/projects/servicedeskn1/frontend/app/node_modules/@tanstack/react-router/dist/esm/Transitioner.js:10:10)
    at file:///home/siegfriedneto/projects/servicedeskn1/frontend/app/node_modules/@tanstack/react-router/dist/esm/Matches.js:38:39
    at Object.react_stack_bottom_frame (/home/siegfriedneto/projects/servicedeskn1/frontend/app/node_modules/react-dom/cjs/react-dom-client.development.js:25989:20)
    at runWithFiberInDEV (/home/siegfriedneto/projects/servicedeskn1/frontend/app/node_modules/react-dom/cjs/react-dom-client.development.js:874:13)
    at commitHookEffectListMount (/home/siegfriedneto/projects/servicedeskn1/frontend/app/node_modules/react-dom/cjs/react-dom-client.development.js:13249:29) [90mundefined[39m
Error: Not implemented: window.scrollTo
    at module.exports (/home/siegfriedneto/projects/servicedeskn1/frontend/app/node_modules/jsdom/lib/jsdom/browser/not-implemented.js:9:17)
    at /home/siegfriedneto/projects/servicedeskn1/frontend/app/node_modules/jsdom/lib/jsdom/browser/Window.js:960:7
    at Object.fn (file:///home/siegfriedneto/projects/servicedeskn1/frontend/app/node_modules/@tanstack/router-core/dist/esm/scroll-restoration.js:180:27)
    at RouterCore.emit (file:///home/siegfriedneto/projects/servicedeskn1/frontend/app/node_modules/@tanstack/router-core/dist/esm/router.js:178:14)
    at file:///home/siegfriedneto/projects/servicedeskn1/frontend/app/node_modules/@tanstack/router-core/dist/esm/load-client.js:943:46
    at Router.batch (file:///home/siegfriedneto/projects/servicedeskn1/frontend/app/node_modules/@tanstack/store/dist/esm/atom.js:39:5)
    at file:///home/siegfriedneto/projects/servicedeskn1/frontend/app/node_modules/@tanstack/router-core/dist/esm/load-client.js:936:10
    at runClientTransaction (file:///home/siegfriedneto/projects/servicedeskn1/frontend/app/node_modules/@tanstack/router-core/dist/esm/load-client.js:902:2)
    at loadClientRoute (file:///home/siegfriedneto/projects/servicedeskn1/frontend/app/node_modules/@tanstack/router-core/dist/esm/load-client.js:1034:2)
    at RouterCore.load (file:///home/siegfriedneto/projects/servicedeskn1/frontend/app/node_modules/@tanstack/router-core/dist/esm/router.js:489:4) [90mundefined[39m
Error: Not implemented: window.scrollTo
    at module.exports (/home/siegfriedneto/projects/servicedeskn1/frontend/app/node_modules/jsdom/lib/jsdom/browser/not-implemented.js:9:17)
    at /home/siegfriedneto/projects/servicedeskn1/frontend/app/node_modules/jsdom/lib/jsdom/browser/Window.js:960:7
    at Object.fn (file:///home/siegfriedneto/projects/servicedeskn1/frontend/app/node_modules/@tanstack/router-core/dist/esm/scroll-restoration.js:180:27)
    at RouterCore.emit (file:///home/siegfriedneto/projects/servicedeskn1/frontend/app/node_modules/@tanstack/router-core/dist/esm/router.js:178:14)
    at file:///home/siegfriedneto/projects/servicedeskn1/frontend/app/node_modules/@tanstack/react-router/dist/esm/Transitioner.js:46:25
    at settleOwner (file:///home/siegfriedneto/projects/servicedeskn1/frontend/app/node_modules/@tanstack/react-router/dist/esm/Transitioner.js:10:10)
    at file:///home/siegfriedneto/projects/servicedeskn1/frontend/app/node_modules/@tanstack/react-router/dist/esm/Matches.js:38:39
    at Object.react_stack_bottom_frame (/home/siegfriedneto/projects/servicedeskn1/frontend/app/node_modules/react-dom/cjs/react-dom-client.development.js:25989:20)
    at runWithFiberInDEV (/home/siegfriedneto/projects/servicedeskn1/frontend/app/node_modules/react-dom/cjs/react-dom-client.development.js:874:13)
    at commitHookEffectListMount (/home/siegfriedneto/projects/servicedeskn1/frontend/app/node_modules/react-dom/cjs/react-dom-client.development.js:13249:29) [90mundefined[39m
Error: Not implemented: window.scrollTo
    at module.exports (/home/siegfriedneto/projects/servicedeskn1/frontend/app/node_modules/jsdom/lib/jsdom/browser/not-implemented.js:9:17)
    at /home/siegfriedneto/projects/servicedeskn1/frontend/app/node_modules/jsdom/lib/jsdom/browser/Window.js:960:7
    at Object.fn (file:///home/siegfriedneto/projects/servicedeskn1/frontend/app/node_modules/@tanstack/router-core/dist/esm/scroll-restoration.js:180:27)
    at RouterCore.emit (file:///home/siegfriedneto/projects/servicedeskn1/frontend/app/node_modules/@tanstack/router-core/dist/esm/router.js:178:14)
    at file:///home/siegfriedneto/projects/servicedeskn1/frontend/app/node_modules/@tanstack/react-router/dist/esm/Transitioner.js:46:25
    at settleOwner (file:///home/siegfriedneto/projects/servicedeskn1/frontend/app/node_modules/@tanstack/react-router/dist/esm/Transitioner.js:10:10)
    at file:///home/siegfriedneto/projects/servicedeskn1/frontend/app/node_modules/@tanstack/react-router/dist/esm/Matches.js:38:39
    at Object.react_stack_bottom_frame (/home/siegfriedneto/projects/servicedeskn1/frontend/app/node_modules/react-dom/cjs/react-dom-client.development.js:25989:20)
    at runWithFiberInDEV (/home/siegfriedneto/projects/servicedeskn1/frontend/app/node_modules/react-dom/cjs/react-dom-client.development.js:874:13)
    at commitHookEffectListMount (/home/siegfriedneto/projects/servicedeskn1/frontend/app/node_modules/react-dom/cjs/react-dom-client.development.js:13249:29) [90mundefined[39m
Error: Not implemented: window.scrollTo
    at module.exports (/home/siegfriedneto/projects/servicedeskn1/frontend/app/node_modules/jsdom/lib/jsdom/browser/not-implemented.js:9:17)
    at /home/siegfriedneto/projects/servicedeskn1/frontend/app/node_modules/jsdom/lib/jsdom/browser/Window.js:960:7
    at Object.fn (file:///home/siegfriedneto/projects/servicedeskn1/frontend/app/node_modules/@tanstack/router-core/dist/esm/scroll-restoration.js:180:27)
    at RouterCore.emit (file:///home/siegfriedneto/projects/servicedeskn1/frontend/app/node_modules/@tanstack/router-core/dist/esm/router.js:178:14)
    at file:///home/siegfriedneto/projects/servicedeskn1/frontend/app/node_modules/@tanstack/react-router/dist/esm/Transitioner.js:46:25
    at settleOwner (file:///home/siegfriedneto/projects/servicedeskn1/frontend/app/node_modules/@tanstack/react-router/dist/esm/Transitioner.js:10:10)
    at file:///home/siegfriedneto/projects/servicedeskn1/frontend/app/node_modules/@tanstack/react-router/dist/esm/Matches.js:38:39
    at Object.react_stack_bottom_frame (/home/siegfriedneto/projects/servicedeskn1/frontend/app/node_modules/react-dom/cjs/react-dom-client.development.js:25989:20)
    at runWithFiberInDEV (/home/siegfriedneto/projects/servicedeskn1/frontend/app/node_modules/react-dom/cjs/react-dom-client.development.js:874:13)
    at commitHookEffectListMount (/home/siegfriedneto/projects/servicedeskn1/frontend/app/node_modules/react-dom/cjs/react-dom-client.development.js:13249:29) [90mundefined[39m
Error: Not implemented: window.scrollTo
    at module.exports (/home/siegfriedneto/projects/servicedeskn1/frontend/app/node_modules/jsdom/lib/jsdom/browser/not-implemented.js:9:17)
    at /home/siegfriedneto/projects/servicedeskn1/frontend/app/node_modules/jsdom/lib/jsdom/browser/Window.js:960:7
    at Object.fn (file:///home/siegfriedneto/projects/servicedeskn1/frontend/app/node_modules/@tanstack/router-core/dist/esm/scroll-restoration.js:180:27)
    at RouterCore.emit (file:///home/siegfriedneto/projects/servicedeskn1/frontend/app/node_modules/@tanstack/router-core/dist/esm/router.js:178:14)
    at file:///home/siegfriedneto/projects/servicedeskn1/frontend/app/node_modules/@tanstack/react-router/dist/esm/Transitioner.js:46:25
    at settleOwner (file:///home/siegfriedneto/projects/servicedeskn1/frontend/app/node_modules/@tanstack/react-router/dist/esm/Transitioner.js:10:10)
    at file:///home/siegfriedneto/projects/servicedeskn1/frontend/app/node_modules/@tanstack/react-router/dist/esm/Matches.js:38:39
    at Object.react_stack_bottom_frame (/home/siegfriedneto/projects/servicedeskn1/frontend/app/node_modules/react-dom/cjs/react-dom-client.development.js:25989:20)
    at runWithFiberInDEV (/home/siegfriedneto/projects/servicedeskn1/frontend/app/node_modules/react-dom/cjs/react-dom-client.development.js:874:13)
    at commitHookEffectListMount (/home/siegfriedneto/projects/servicedeskn1/frontend/app/node_modules/react-dom/cjs/react-dom-client.development.js:13249:29) [90mundefined[39m
Error: Not implemented: window.scrollTo
    at module.exports (/home/siegfriedneto/projects/servicedeskn1/frontend/app/node_modules/jsdom/lib/jsdom/browser/not-implemented.js:9:17)
    at /home/siegfriedneto/projects/servicedeskn1/frontend/app/node_modules/jsdom/lib/jsdom/browser/Window.js:960:7
    at Object.fn (file:///home/siegfriedneto/projects/servicedeskn1/frontend/app/node_modules/@tanstack/router-core/dist/esm/scroll-restoration.js:180:27)
    at RouterCore.emit (file:///home/siegfriedneto/projects/servicedeskn1/frontend/app/node_modules/@tanstack/router-core/dist/esm/router.js:178:14)
    at file:///home/siegfriedneto/projects/servicedeskn1/frontend/app/node_modules/@tanstack/react-router/dist/esm/Transitioner.js:46:25
    at settleOwner (file:///home/siegfriedneto/projects/servicedeskn1/frontend/app/node_modules/@tanstack/react-router/dist/esm/Transitioner.js:10:10)
    at file:///home/siegfriedneto/projects/servicedeskn1/frontend/app/node_modules/@tanstack/react-router/dist/esm/Matches.js:38:39
    at Object.react_stack_bottom_frame (/home/siegfriedneto/projects/servicedeskn1/frontend/app/node_modules/react-dom/cjs/react-dom-client.development.js:25989:20)
    at runWithFiberInDEV (/home/siegfriedneto/projects/servicedeskn1/frontend/app/node_modules/react-dom/cjs/react-dom-client.development.js:874:13)
    at commitHookEffectListMount (/home/siegfriedneto/projects/servicedeskn1/frontend/app/node_modules/react-dom/cjs/react-dom-client.development.js:13249:29) [90mundefined[39m
Error: Not implemented: window.scrollTo
    at module.exports (/home/siegfriedneto/projects/servicedeskn1/frontend/app/node_modules/jsdom/lib/jsdom/browser/not-implemented.js:9:17)
    at /home/siegfriedneto/projects/servicedeskn1/frontend/app/node_modules/jsdom/lib/jsdom/browser/Window.js:960:7
    at Object.fn (file:///home/siegfriedneto/projects/servicedeskn1/frontend/app/node_modules/@tanstack/router-core/dist/esm/scroll-restoration.js:180:27)
    at RouterCore.emit (file:///home/siegfriedneto/projects/servicedeskn1/frontend/app/node_modules/@tanstack/router-core/dist/esm/router.js:178:14)
    at file:///home/siegfriedneto/projects/servicedeskn1/frontend/app/node_modules/@tanstack/react-router/dist/esm/Transitioner.js:46:25
    at settleOwner (file:///home/siegfriedneto/projects/servicedeskn1/frontend/app/node_modules/@tanstack/react-router/dist/esm/Transitioner.js:10:10)
    at file:///home/siegfriedneto/projects/servicedeskn1/frontend/app/node_modules/@tanstack/react-router/dist/esm/Matches.js:38:39
    at Object.react_stack_bottom_frame (/home/siegfriedneto/projects/servicedeskn1/frontend/app/node_modules/react-dom/cjs/react-dom-client.development.js:25989:20)
    at runWithFiberInDEV (/home/siegfriedneto/projects/servicedeskn1/frontend/app/node_modules/react-dom/cjs/react-dom-client.development.js:874:13)
    at commitHookEffectListMount (/home/siegfriedneto/projects/servicedeskn1/frontend/app/node_modules/react-dom/cjs/react-dom-client.development.js:13249:29) [90mundefined[39m
Error: Not implemented: window.scrollTo
    at module.exports (/home/siegfriedneto/projects/servicedeskn1/frontend/app/node_modules/jsdom/lib/jsdom/browser/not-implemented.js:9:17)
    at /home/siegfriedneto/projects/servicedeskn1/frontend/app/node_modules/jsdom/lib/jsdom/browser/Window.js:960:7
    at Object.fn (file:///home/siegfriedneto/projects/servicedeskn1/frontend/app/node_modules/@tanstack/router-core/dist/esm/scroll-restoration.js:180:27)
    at RouterCore.emit (file:///home/siegfriedneto/projects/servicedeskn1/frontend/app/node_modules/@tanstack/router-core/dist/esm/router.js:178:14)
    at file:///home/siegfriedneto/projects/servicedeskn1/frontend/app/node_modules/@tanstack/react-router/dist/esm/Transitioner.js:46:25
    at settleOwner (file:///home/siegfriedneto/projects/servicedeskn1/frontend/app/node_modules/@tanstack/react-router/dist/esm/Transitioner.js:10:10)
    at file:///home/siegfriedneto/projects/servicedeskn1/frontend/app/node_modules/@tanstack/react-router/dist/esm/Matches.js:38:39
    at Object.react_stack_bottom_frame (/home/siegfriedneto/projects/servicedeskn1/frontend/app/node_modules/react-dom/cjs/react-dom-client.development.js:25989:20)
    at runWithFiberInDEV (/home/siegfriedneto/projects/servicedeskn1/frontend/app/node_modules/react-dom/cjs/react-dom-client.development.js:874:13)
    at commitHookEffectListMount (/home/siegfriedneto/projects/servicedeskn1/frontend/app/node_modules/react-dom/cjs/react-dom-client.development.js:13249:29) [90mundefined[39m
Error: Not implemented: window.scrollTo
    at module.exports (/home/siegfriedneto/projects/servicedeskn1/frontend/app/node_modules/jsdom/lib/jsdom/browser/not-implemented.js:9:17)
    at /home/siegfriedneto/projects/servicedeskn1/frontend/app/node_modules/jsdom/lib/jsdom/browser/Window.js:960:7
    at Object.fn (file:///home/siegfriedneto/projects/servicedeskn1/frontend/app/node_modules/@tanstack/router-core/dist/esm/scroll-restoration.js:180:27)
    at RouterCore.emit (file:///home/siegfriedneto/projects/servicedeskn1/frontend/app/node_modules/@tanstack/router-core/dist/esm/router.js:178:14)
    at file:///home/siegfriedneto/projects/servicedeskn1/frontend/app/node_modules/@tanstack/react-router/dist/esm/Transitioner.js:46:25
    at settleOwner (file:///home/siegfriedneto/projects/servicedeskn1/frontend/app/node_modules/@tanstack/react-router/dist/esm/Transitioner.js:10:10)
    at file:///home/siegfriedneto/projects/servicedeskn1/frontend/app/node_modules/@tanstack/react-router/dist/esm/Matches.js:38:39
    at Object.react_stack_bottom_frame (/home/siegfriedneto/projects/servicedeskn1/frontend/app/node_modules/react-dom/cjs/react-dom-client.development.js:25989:20)
    at runWithFiberInDEV (/home/siegfriedneto/projects/servicedeskn1/frontend/app/node_modules/react-dom/cjs/react-dom-client.development.js:874:13)
    at commitHookEffectListMount (/home/siegfriedneto/projects/servicedeskn1/frontend/app/node_modules/react-dom/cjs/react-dom-client.development.js:13249:29) [90mundefined[39m
Error: Not implemented: window.scrollTo
    at module.exports (/home/siegfriedneto/projects/servicedeskn1/frontend/app/node_modules/jsdom/lib/jsdom/browser/not-implemented.js:9:17)
    at /home/siegfriedneto/projects/servicedeskn1/frontend/app/node_modules/jsdom/lib/jsdom/browser/Window.js:960:7
    at Object.fn (file:///home/siegfriedneto/projects/servicedeskn1/frontend/app/node_modules/@tanstack/router-core/dist/esm/scroll-restoration.js:180:27)
    at RouterCore.emit (file:///home/siegfriedneto/projects/servicedeskn1/frontend/app/node_modules/@tanstack/router-core/dist/esm/router.js:178:14)
    at file:///home/siegfriedneto/projects/servicedeskn1/frontend/app/node_modules/@tanstack/router-core/dist/esm/load-client.js:943:46
    at Router.batch (file:///home/siegfriedneto/projects/servicedeskn1/frontend/app/node_modules/@tanstack/store/dist/esm/atom.js:39:5)
    at file:///home/siegfriedneto/projects/servicedeskn1/frontend/app/node_modules/@tanstack/router-core/dist/esm/load-client.js:936:10
    at runClientTransaction (file:///home/siegfriedneto/projects/servicedeskn1/frontend/app/node_modules/@tanstack/router-core/dist/esm/load-client.js:902:2)
    at loadClientRoute (file:///home/siegfriedneto/projects/servicedeskn1/frontend/app/node_modules/@tanstack/router-core/dist/esm/load-client.js:1034:2)
    at RouterCore.load (file:///home/siegfriedneto/projects/servicedeskn1/frontend/app/node_modules/@tanstack/router-core/dist/esm/router.js:489:4) [90mundefined[39m
Error: Not implemented: window.scrollTo
    at module.exports (/home/siegfriedneto/projects/servicedeskn1/frontend/app/node_modules/jsdom/lib/jsdom/browser/not-implemented.js:9:17)
    at /home/siegfriedneto/projects/servicedeskn1/frontend/app/node_modules/jsdom/lib/jsdom/browser/Window.js:960:7
    at Object.fn (file:///home/siegfriedneto/projects/servicedeskn1/frontend/app/node_modules/@tanstack/router-core/dist/esm/scroll-restoration.js:180:27)
    at RouterCore.emit (file:///home/siegfriedneto/projects/servicedeskn1/frontend/app/node_modules/@tanstack/router-core/dist/esm/router.js:178:14)
    at file:///home/siegfriedneto/projects/servicedeskn1/frontend/app/node_modules/@tanstack/react-router/dist/esm/Transitioner.js:46:25
    at settleOwner (file:///home/siegfriedneto/projects/servicedeskn1/frontend/app/node_modules/@tanstack/react-router/dist/esm/Transitioner.js:10:10)
    at file:///home/siegfriedneto/projects/servicedeskn1/frontend/app/node_modules/@tanstack/react-router/dist/esm/Matches.js:38:39
    at Object.react_stack_bottom_frame (/home/siegfriedneto/projects/servicedeskn1/frontend/app/node_modules/react-dom/cjs/react-dom-client.development.js:25989:20)
    at runWithFiberInDEV (/home/siegfriedneto/projects/servicedeskn1/frontend/app/node_modules/react-dom/cjs/react-dom-client.development.js:874:13)
    at commitHookEffectListMount (/home/siegfriedneto/projects/servicedeskn1/frontend/app/node_modules/react-dom/cjs/react-dom-client.development.js:13249:29) [90mundefined[39m
Error: Not implemented: window.scrollTo
    at module.exports (/home/siegfriedneto/projects/servicedeskn1/frontend/app/node_modules/jsdom/lib/jsdom/browser/not-implemented.js:9:17)
    at /home/siegfriedneto/projects/servicedeskn1/frontend/app/node_modules/jsdom/lib/jsdom/browser/Window.js:960:7
    at Object.fn (file:///home/siegfriedneto/projects/servicedeskn1/frontend/app/node_modules/@tanstack/router-core/dist/esm/scroll-restoration.js:180:27)
    at RouterCore.emit (file:///home/siegfriedneto/projects/servicedeskn1/frontend/app/node_modules/@tanstack/router-core/dist/esm/router.js:178:14)
    at file:///home/siegfriedneto/projects/servicedeskn1/frontend/app/node_modules/@tanstack/react-router/dist/esm/Transitioner.js:46:25
    at settleOwner (file:///home/siegfriedneto/projects/servicedeskn1/frontend/app/node_modules/@tanstack/react-router/dist/esm/Transitioner.js:10:10)
    at file:///home/siegfriedneto/projects/servicedeskn1/frontend/app/node_modules/@tanstack/react-router/dist/esm/Matches.js:38:39
    at Object.react_stack_bottom_frame (/home/siegfriedneto/projects/servicedeskn1/frontend/app/node_modules/react-dom/cjs/react-dom-client.development.js:25989:20)
    at runWithFiberInDEV (/home/siegfriedneto/projects/servicedeskn1/frontend/app/node_modules/react-dom/cjs/react-dom-client.development.js:874:13)
    at commitHookEffectListMount (/home/siegfriedneto/projects/servicedeskn1/frontend/app/node_modules/react-dom/cjs/react-dom-client.development.js:13249:29) [90mundefined[39m
Error: Not implemented: window.scrollTo
    at module.exports (/home/siegfriedneto/projects/servicedeskn1/frontend/app/node_modules/jsdom/lib/jsdom/browser/not-implemented.js:9:17)
    at /home/siegfriedneto/projects/servicedeskn1/frontend/app/node_modules/jsdom/lib/jsdom/browser/Window.js:960:7
    at Object.fn (file:///home/siegfriedneto/projects/servicedeskn1/frontend/app/node_modules/@tanstack/router-core/dist/esm/scroll-restoration.js:180:27)
    at RouterCore.emit (file:///home/siegfriedneto/projects/servicedeskn1/frontend/app/node_modules/@tanstack/router-core/dist/esm/router.js:178:14)
    at file:///home/siegfriedneto/projects/servicedeskn1/frontend/app/node_modules/@tanstack/react-router/dist/esm/Transitioner.js:46:25
    at settleOwner (file:///home/siegfriedneto/projects/servicedeskn1/frontend/app/node_modules/@tanstack/react-router/dist/esm/Transitioner.js:10:10)
    at file:///home/siegfriedneto/projects/servicedeskn1/frontend/app/node_modules/@tanstack/react-router/dist/esm/Matches.js:38:39
    at Object.react_stack_bottom_frame (/home/siegfriedneto/projects/servicedeskn1/frontend/app/node_modules/react-dom/cjs/react-dom-client.development.js:25989:20)
    at runWithFiberInDEV (/home/siegfriedneto/projects/servicedeskn1/frontend/app/node_modules/react-dom/cjs/react-dom-client.development.js:874:13)
    at commitHookEffectListMount (/home/siegfriedneto/projects/servicedeskn1/frontend/app/node_modules/react-dom/cjs/react-dom-client.development.js:13249:29) [90mundefined[39m
Error: Not implemented: window.scrollTo
    at module.exports (/home/siegfriedneto/projects/servicedeskn1/frontend/app/node_modules/jsdom/lib/jsdom/browser/not-implemented.js:9:17)
    at /home/siegfriedneto/projects/servicedeskn1/frontend/app/node_modules/jsdom/lib/jsdom/browser/Window.js:960:7
    at Object.fn (file:///home/siegfriedneto/projects/servicedeskn1/frontend/app/node_modules/@tanstack/router-core/dist/esm/scroll-restoration.js:180:27)
    at RouterCore.emit (file:///home/siegfriedneto/projects/servicedeskn1/frontend/app/node_modules/@tanstack/router-core/dist/esm/router.js:178:14)
    at file:///home/siegfriedneto/projects/servicedeskn1/frontend/app/node_modules/@tanstack/router-core/dist/esm/load-client.js:943:46
    at Router.batch (file:///home/siegfriedneto/projects/servicedeskn1/frontend/app/node_modules/@tanstack/store/dist/esm/atom.js:39:5)
    at file:///home/siegfriedneto/projects/servicedeskn1/frontend/app/node_modules/@tanstack/router-core/dist/esm/load-client.js:936:10
    at runNextTicks (node:internal/process/task_queues:64:5)
    at processTimers (node:internal/timers:518:9)
    at runClientTransaction (file:///home/siegfriedneto/projects/servicedeskn1/frontend/app/node_modules/@tanstack/router-core/dist/esm/load-client.js:902:2) [90mundefined[39m
Error: Not implemented: window.scrollTo
    at module.exports (/home/siegfriedneto/projects/servicedeskn1/frontend/app/node_modules/jsdom/lib/jsdom/browser/not-implemented.js:9:17)
    at /home/siegfriedneto/projects/servicedeskn1/frontend/app/node_modules/jsdom/lib/jsdom/browser/Window.js:960:7
    at Object.fn (file:///home/siegfriedneto/projects/servicedeskn1/frontend/app/node_modules/@tanstack/router-core/dist/esm/scroll-restoration.js:180:27)
    at RouterCore.emit (file:///home/siegfriedneto/projects/servicedeskn1/frontend/app/node_modules/@tanstack/router-core/dist/esm/router.js:178:14)
    at file:///home/siegfriedneto/projects/servicedeskn1/frontend/app/node_modules/@tanstack/react-router/dist/esm/Transitioner.js:46:25
    at settleOwner (file:///home/siegfriedneto/projects/servicedeskn1/frontend/app/node_modules/@tanstack/react-router/dist/esm/Transitioner.js:10:10)
    at file:///home/siegfriedneto/projects/servicedeskn1/frontend/app/node_modules/@tanstack/react-router/dist/esm/Matches.js:38:39
    at Object.react_stack_bottom_frame (/home/siegfriedneto/projects/servicedeskn1/frontend/app/node_modules/react-dom/cjs/react-dom-client.development.js:25989:20)
    at runWithFiberInDEV (/home/siegfriedneto/projects/servicedeskn1/frontend/app/node_modules/react-dom/cjs/react-dom-client.development.js:874:13)
    at commitHookEffectListMount (/home/siegfriedneto/projects/servicedeskn1/frontend/app/node_modules/react-dom/cjs/react-dom-client.development.js:13249:29) [90mundefined[39m
Error: Not implemented: window.scrollTo
    at module.exports (/home/siegfriedneto/projects/servicedeskn1/frontend/app/node_modules/jsdom/lib/jsdom/browser/not-implemented.js:9:17)
    at /home/siegfriedneto/projects/servicedeskn1/frontend/app/node_modules/jsdom/lib/jsdom/browser/Window.js:960:7
    at Object.fn (file:///home/siegfriedneto/projects/servicedeskn1/frontend/app/node_modules/@tanstack/router-core/dist/esm/scroll-restoration.js:180:27)
    at RouterCore.emit (file:///home/siegfriedneto/projects/servicedeskn1/frontend/app/node_modules/@tanstack/router-core/dist/esm/router.js:178:14)
    at file:///home/siegfriedneto/projects/servicedeskn1/frontend/app/node_modules/@tanstack/react-router/dist/esm/Transitioner.js:46:25
    at settleOwner (file:///home/siegfriedneto/projects/servicedeskn1/frontend/app/node_modules/@tanstack/react-router/dist/esm/Transitioner.js:10:10)
    at file:///home/siegfriedneto/projects/servicedeskn1/frontend/app/node_modules/@tanstack/react-router/dist/esm/Matches.js:38:39
    at Object.react_stack_bottom_frame (/home/siegfriedneto/projects/servicedeskn1/frontend/app/node_modules/react-dom/cjs/react-dom-client.development.js:25989:20)
    at runWithFiberInDEV (/home/siegfriedneto/projects/servicedeskn1/frontend/app/node_modules/react-dom/cjs/react-dom-client.development.js:874:13)
    at commitHookEffectListMount (/home/siegfriedneto/projects/servicedeskn1/frontend/app/node_modules/react-dom/cjs/react-dom-client.development.js:13249:29) [90mundefined[39m
Error: Not implemented: window.scrollTo
    at module.exports (/home/siegfriedneto/projects/servicedeskn1/frontend/app/node_modules/jsdom/lib/jsdom/browser/not-implemented.js:9:17)
    at /home/siegfriedneto/projects/servicedeskn1/frontend/app/node_modules/jsdom/lib/jsdom/browser/Window.js:960:7
    at Object.fn (file:///home/siegfriedneto/projects/servicedeskn1/frontend/app/node_modules/@tanstack/router-core/dist/esm/scroll-restoration.js:180:27)
    at RouterCore.emit (file:///home/siegfriedneto/projects/servicedeskn1/frontend/app/node_modules/@tanstack/router-core/dist/esm/router.js:178:14)
    at file:///home/siegfriedneto/projects/servicedeskn1/frontend/app/node_modules/@tanstack/react-router/dist/esm/Transitioner.js:46:25
    at settleOwner (file:///home/siegfriedneto/projects/servicedeskn1/frontend/app/node_modules/@tanstack/react-router/dist/esm/Transitioner.js:10:10)
    at file:///home/siegfriedneto/projects/servicedeskn1/frontend/app/node_modules/@tanstack/react-router/dist/esm/Matches.js:38:39
    at Object.react_stack_bottom_frame (/home/siegfriedneto/projects/servicedeskn1/frontend/app/node_modules/react-dom/cjs/react-dom-client.development.js:25989:20)
    at runWithFiberInDEV (/home/siegfriedneto/projects/servicedeskn1/frontend/app/node_modules/react-dom/cjs/react-dom-client.development.js:874:13)
    at commitHookEffectListMount (/home/siegfriedneto/projects/servicedeskn1/frontend/app/node_modules/react-dom/cjs/react-dom-client.development.js:13249:29) [90mundefined[39m
Error: Not implemented: window.scrollTo
    at module.exports (/home/siegfriedneto/projects/servicedeskn1/frontend/app/node_modules/jsdom/lib/jsdom/browser/not-implemented.js:9:17)
    at /home/siegfriedneto/projects/servicedeskn1/frontend/app/node_modules/jsdom/lib/jsdom/browser/Window.js:960:7
    at Object.fn (file:///home/siegfriedneto/projects/servicedeskn1/frontend/app/node_modules/@tanstack/router-core/dist/esm/scroll-restoration.js:180:27)
    at RouterCore.emit (file:///home/siegfriedneto/projects/servicedeskn1/frontend/app/node_modules/@tanstack/router-core/dist/esm/router.js:178:14)
    at file:///home/siegfriedneto/projects/servicedeskn1/frontend/app/node_modules/@tanstack/react-router/dist/esm/Transitioner.js:46:25
    at settleOwner (file:///home/siegfriedneto/projects/servicedeskn1/frontend/app/node_modules/@tanstack/react-router/dist/esm/Transitioner.js:10:10)
    at file:///home/siegfriedneto/projects/servicedeskn1/frontend/app/node_modules/@tanstack/react-router/dist/esm/Matches.js:38:39
    at Object.react_stack_bottom_frame (/home/siegfriedneto/projects/servicedeskn1/frontend/app/node_modules/react-dom/cjs/react-dom-client.development.js:25989:20)
    at runWithFiberInDEV (/home/siegfriedneto/projects/servicedeskn1/frontend/app/node_modules/react-dom/cjs/react-dom-client.development.js:874:13)
    at commitHookEffectListMount (/home/siegfriedneto/projects/servicedeskn1/frontend/app/node_modules/react-dom/cjs/react-dom-client.development.js:13249:29) [90mundefined[39m
Error: Not implemented: window.scrollTo
    at module.exports (/home/siegfriedneto/projects/servicedeskn1/frontend/app/node_modules/jsdom/lib/jsdom/browser/not-implemented.js:9:17)
    at /home/siegfriedneto/projects/servicedeskn1/frontend/app/node_modules/jsdom/lib/jsdom/browser/Window.js:960:7
    at Object.fn (file:///home/siegfriedneto/projects/servicedeskn1/frontend/app/node_modules/@tanstack/router-core/dist/esm/scroll-restoration.js:180:27)
    at RouterCore.emit (file:///home/siegfriedneto/projects/servicedeskn1/frontend/app/node_modules/@tanstack/router-core/dist/esm/router.js:178:14)
    at file:///home/siegfriedneto/projects/servicedeskn1/frontend/app/node_modules/@tanstack/react-router/dist/esm/Transitioner.js:46:25
    at settleOwner (file:///home/siegfriedneto/projects/servicedeskn1/frontend/app/node_modules/@tanstack/react-router/dist/esm/Transitioner.js:10:10)
    at file:///home/siegfriedneto/projects/servicedeskn1/frontend/app/node_modules/@tanstack/react-router/dist/esm/Matches.js:38:39
    at Object.react_stack_bottom_frame (/home/siegfriedneto/projects/servicedeskn1/frontend/app/node_modules/react-dom/cjs/react-dom-client.development.js:25989:20)
    at runWithFiberInDEV (/home/siegfriedneto/projects/servicedeskn1/frontend/app/node_modules/react-dom/cjs/react-dom-client.development.js:874:13)
    at commitHookEffectListMount (/home/siegfriedneto/projects/servicedeskn1/frontend/app/node_modules/react-dom/cjs/react-dom-client.development.js:13249:29) [90mundefined[39m
Error: Not implemented: window.scrollTo
    at module.exports (/home/siegfriedneto/projects/servicedeskn1/frontend/app/node_modules/jsdom/lib/jsdom/browser/not-implemented.js:9:17)
    at /home/siegfriedneto/projects/servicedeskn1/frontend/app/node_modules/jsdom/lib/jsdom/browser/Window.js:960:7
    at Object.fn (file:///home/siegfriedneto/projects/servicedeskn1/frontend/app/node_modules/@tanstack/router-core/dist/esm/scroll-restoration.js:180:27)
    at RouterCore.emit (file:///home/siegfriedneto/projects/servicedeskn1/frontend/app/node_modules/@tanstack/router-core/dist/esm/router.js:178:14)
    at file:///home/siegfriedneto/projects/servicedeskn1/frontend/app/node_modules/@tanstack/react-router/dist/esm/Transitioner.js:46:25
    at settleOwner (file:///home/siegfriedneto/projects/servicedeskn1/frontend/app/node_modules/@tanstack/react-router/dist/esm/Transitioner.js:10:10)
    at file:///home/siegfriedneto/projects/servicedeskn1/frontend/app/node_modules/@tanstack/react-router/dist/esm/Matches.js:38:39
    at Object.react_stack_bottom_frame (/home/siegfriedneto/projects/servicedeskn1/frontend/app/node_modules/react-dom/cjs/react-dom-client.development.js:25989:20)
    at runWithFiberInDEV (/home/siegfriedneto/projects/servicedeskn1/frontend/app/node_modules/react-dom/cjs/react-dom-client.development.js:874:13)
    at commitHookEffectListMount (/home/siegfriedneto/projects/servicedeskn1/frontend/app/node_modules/react-dom/cjs/react-dom-client.development.js:13249:29) [90mundefined[39m
Error: Not implemented: window.scrollTo
    at module.exports (/home/siegfriedneto/projects/servicedeskn1/frontend/app/node_modules/jsdom/lib/jsdom/browser/not-implemented.js:9:17)
    at /home/siegfriedneto/projects/servicedeskn1/frontend/app/node_modules/jsdom/lib/jsdom/browser/Window.js:960:7
    at Object.fn (file:///home/siegfriedneto/projects/servicedeskn1/frontend/app/node_modules/@tanstack/router-core/dist/esm/scroll-restoration.js:180:27)
    at RouterCore.emit (file:///home/siegfriedneto/projects/servicedeskn1/frontend/app/node_modules/@tanstack/router-core/dist/esm/router.js:178:14)
    at file:///home/siegfriedneto/projects/servicedeskn1/frontend/app/node_modules/@tanstack/react-router/dist/esm/Transitioner.js:46:25
    at settleOwner (file:///home/siegfriedneto/projects/servicedeskn1/frontend/app/node_modules/@tanstack/react-router/dist/esm/Transitioner.js:10:10)
    at file:///home/siegfriedneto/projects/servicedeskn1/frontend/app/node_modules/@tanstack/react-router/dist/esm/Matches.js:38:39
    at Object.react_stack_bottom_frame (/home/siegfriedneto/projects/servicedeskn1/frontend/app/node_modules/react-dom/cjs/react-dom-client.development.js:25989:20)
    at runWithFiberInDEV (/home/siegfriedneto/projects/servicedeskn1/frontend/app/node_modules/react-dom/cjs/react-dom-client.development.js:874:13)
    at commitHookEffectListMount (/home/siegfriedneto/projects/servicedeskn1/frontend/app/node_modules/react-dom/cjs/react-dom-client.development.js:13249:29) [90mundefined[39m
Error: Not implemented: window.scrollTo
    at module.exports (/home/siegfriedneto/projects/servicedeskn1/frontend/app/node_modules/jsdom/lib/jsdom/browser/not-implemented.js:9:17)
    at /home/siegfriedneto/projects/servicedeskn1/frontend/app/node_modules/jsdom/lib/jsdom/browser/Window.js:960:7
    at Object.fn (file:///home/siegfriedneto/projects/servicedeskn1/frontend/app/node_modules/@tanstack/router-core/dist/esm/scroll-restoration.js:180:27)
    at RouterCore.emit (file:///home/siegfriedneto/projects/servicedeskn1/frontend/app/node_modules/@tanstack/router-core/dist/esm/router.js:178:14)
    at file:///home/siegfriedneto/projects/servicedeskn1/frontend/app/node_modules/@tanstack/react-router/dist/esm/Transitioner.js:46:25
    at settleOwner (file:///home/siegfriedneto/projects/servicedeskn1/frontend/app/node_modules/@tanstack/react-router/dist/esm/Transitioner.js:10:10)
    at file:///home/siegfriedneto/projects/servicedeskn1/frontend/app/node_modules/@tanstack/react-router/dist/esm/Matches.js:38:39
    at Object.react_stack_bottom_frame (/home/siegfriedneto/projects/servicedeskn1/frontend/app/node_modules/react-dom/cjs/react-dom-client.development.js:25989:20)
    at runWithFiberInDEV (/home/siegfriedneto/projects/servicedeskn1/frontend/app/node_modules/react-dom/cjs/react-dom-client.development.js:874:13)
    at commitHookEffectListMount (/home/siegfriedneto/projects/servicedeskn1/frontend/app/node_modules/react-dom/cjs/react-dom-client.development.js:13249:29) [90mundefined[39m
Error: Not implemented: window.scrollTo
    at module.exports (/home/siegfriedneto/projects/servicedeskn1/frontend/app/node_modules/jsdom/lib/jsdom/browser/not-implemented.js:9:17)
    at /home/siegfriedneto/projects/servicedeskn1/frontend/app/node_modules/jsdom/lib/jsdom/browser/Window.js:960:7
    at Object.fn (file:///home/siegfriedneto/projects/servicedeskn1/frontend/app/node_modules/@tanstack/router-core/dist/esm/scroll-restoration.js:180:27)
    at RouterCore.emit (file:///home/siegfriedneto/projects/servicedeskn1/frontend/app/node_modules/@tanstack/router-core/dist/esm/router.js:178:14)
    at file:///home/siegfriedneto/projects/servicedeskn1/frontend/app/node_modules/@tanstack/react-router/dist/esm/Transitioner.js:46:25
    at settleOwner (file:///home/siegfriedneto/projects/servicedeskn1/frontend/app/node_modules/@tanstack/react-router/dist/esm/Transitioner.js:10:10)
    at file:///home/siegfriedneto/projects/servicedeskn1/frontend/app/node_modules/@tanstack/react-router/dist/esm/Matches.js:38:39
    at Object.react_stack_bottom_frame (/home/siegfriedneto/projects/servicedeskn1/frontend/app/node_modules/react-dom/cjs/react-dom-client.development.js:25989:20)
    at runWithFiberInDEV (/home/siegfriedneto/projects/servicedeskn1/frontend/app/node_modules/react-dom/cjs/react-dom-client.development.js:874:13)
    at commitHookEffectListMount (/home/siegfriedneto/projects/servicedeskn1/frontend/app/node_modules/react-dom/cjs/react-dom-client.development.js:13249:29) [90mundefined[39m
Error: Not implemented: window.scrollTo
    at module.exports (/home/siegfriedneto/projects/servicedeskn1/frontend/app/node_modules/jsdom/lib/jsdom/browser/not-implemented.js:9:17)
    at /home/siegfriedneto/projects/servicedeskn1/frontend/app/node_modules/jsdom/lib/jsdom/browser/Window.js:960:7
    at Object.fn (file:///home/siegfriedneto/projects/servicedeskn1/frontend/app/node_modules/@tanstack/router-core/dist/esm/scroll-restoration.js:180:27)
    at RouterCore.emit (file:///home/siegfriedneto/projects/servicedeskn1/frontend/app/node_modules/@tanstack/router-core/dist/esm/router.js:178:14)
    at file:///home/siegfriedneto/projects/servicedeskn1/frontend/app/node_modules/@tanstack/router-core/dist/esm/load-client.js:943:46
    at Router.batch (file:///home/siegfriedneto/projects/servicedeskn1/frontend/app/node_modules/@tanstack/store/dist/esm/atom.js:39:5)
    at file:///home/siegfriedneto/projects/servicedeskn1/frontend/app/node_modules/@tanstack/router-core/dist/esm/load-client.js:936:10
    at runClientTransaction (file:///home/siegfriedneto/projects/servicedeskn1/frontend/app/node_modules/@tanstack/router-core/dist/esm/load-client.js:902:2)
    at loadClientRoute (file:///home/siegfriedneto/projects/servicedeskn1/frontend/app/node_modules/@tanstack/router-core/dist/esm/load-client.js:1034:2)
    at RouterCore.load (file:///home/siegfriedneto/projects/servicedeskn1/frontend/app/node_modules/@tanstack/router-core/dist/esm/router.js:489:4) [90mundefined[39m
Error: Not implemented: window.scrollTo
    at module.exports (/home/siegfriedneto/projects/servicedeskn1/frontend/app/node_modules/jsdom/lib/jsdom/browser/not-implemented.js:9:17)
    at /home/siegfriedneto/projects/servicedeskn1/frontend/app/node_modules/jsdom/lib/jsdom/browser/Window.js:960:7
    at Object.fn (file:///home/siegfriedneto/projects/servicedeskn1/frontend/app/node_modules/@tanstack/router-core/dist/esm/scroll-restoration.js:180:27)
    at RouterCore.emit (file:///home/siegfriedneto/projects/servicedeskn1/frontend/app/node_modules/@tanstack/router-core/dist/esm/router.js:178:14)
    at file:///home/siegfriedneto/projects/servicedeskn1/frontend/app/node_modules/@tanstack/react-router/dist/esm/Transitioner.js:46:25
    at settleOwner (file:///home/siegfriedneto/projects/servicedeskn1/frontend/app/node_modules/@tanstack/react-router/dist/esm/Transitioner.js:10:10)
    at file:///home/siegfriedneto/projects/servicedeskn1/frontend/app/node_modules/@tanstack/react-router/dist/esm/Matches.js:38:39
    at Object.react_stack_bottom_frame (/home/siegfriedneto/projects/servicedeskn1/frontend/app/node_modules/react-dom/cjs/react-dom-client.development.js:25989:20)
    at runWithFiberInDEV (/home/siegfriedneto/projects/servicedeskn1/frontend/app/node_modules/react-dom/cjs/react-dom-client.development.js:874:13)
    at commitHookEffectListMount (/home/siegfriedneto/projects/servicedeskn1/frontend/app/node_modules/react-dom/cjs/react-dom-client.development.js:13249:29) [90mundefined[39m
Error: Not implemented: window.scrollTo
    at module.exports (/home/siegfriedneto/projects/servicedeskn1/frontend/app/node_modules/jsdom/lib/jsdom/browser/not-implemented.js:9:17)
    at /home/siegfriedneto/projects/servicedeskn1/frontend/app/node_modules/jsdom/lib/jsdom/browser/Window.js:960:7
    at Object.fn (file:///home/siegfriedneto/projects/servicedeskn1/frontend/app/node_modules/@tanstack/router-core/dist/esm/scroll-restoration.js:180:27)
    at RouterCore.emit (file:///home/siegfriedneto/projects/servicedeskn1/frontend/app/node_modules/@tanstack/router-core/dist/esm/router.js:178:14)
    at file:///home/siegfriedneto/projects/servicedeskn1/frontend/app/node_modules/@tanstack/react-router/dist/esm/Transitioner.js:46:25
    at settleOwner (file:///home/siegfriedneto/projects/servicedeskn1/frontend/app/node_modules/@tanstack/react-router/dist/esm/Transitioner.js:10:10)
    at file:///home/siegfriedneto/projects/servicedeskn1/frontend/app/node_modules/@tanstack/react-router/dist/esm/Matches.js:38:39
    at Object.react_stack_bottom_frame (/home/siegfriedneto/projects/servicedeskn1/frontend/app/node_modules/react-dom/cjs/react-dom-client.development.js:25989:20)
    at runWithFiberInDEV (/home/siegfriedneto/projects/servicedeskn1/frontend/app/node_modules/react-dom/cjs/react-dom-client.development.js:874:13)
    at commitHookEffectListMount (/home/siegfriedneto/projects/servicedeskn1/frontend/app/node_modules/react-dom/cjs/react-dom-client.development.js:13249:29) [90mundefined[39m
Error: Not implemented: window.scrollTo
    at module.exports (/home/siegfriedneto/projects/servicedeskn1/frontend/app/node_modules/jsdom/lib/jsdom/browser/not-implemented.js:9:17)
    at /home/siegfriedneto/projects/servicedeskn1/frontend/app/node_modules/jsdom/lib/jsdom/browser/Window.js:960:7
    at Object.fn (file:///home/siegfriedneto/projects/servicedeskn1/frontend/app/node_modules/@tanstack/router-core/dist/esm/scroll-restoration.js:180:27)
    at RouterCore.emit (file:///home/siegfriedneto/projects/servicedeskn1/frontend/app/node_modules/@tanstack/router-core/dist/esm/router.js:178:14)
    at file:///home/siegfriedneto/projects/servicedeskn1/frontend/app/node_modules/@tanstack/react-router/dist/esm/Transitioner.js:46:25
    at settleOwner (file:///home/siegfriedneto/projects/servicedeskn1/frontend/app/node_modules/@tanstack/react-router/dist/esm/Transitioner.js:10:10)
    at file:///home/siegfriedneto/projects/servicedeskn1/frontend/app/node_modules/@tanstack/react-router/dist/esm/Matches.js:38:39
    at Object.react_stack_bottom_frame (/home/siegfriedneto/projects/servicedeskn1/frontend/app/node_modules/react-dom/cjs/react-dom-client.development.js:25989:20)
    at runWithFiberInDEV (/home/siegfriedneto/projects/servicedeskn1/frontend/app/node_modules/react-dom/cjs/react-dom-client.development.js:874:13)
    at commitHookEffectListMount (/home/siegfriedneto/projects/servicedeskn1/frontend/app/node_modules/react-dom/cjs/react-dom-client.development.js:13249:29) [90mundefined[39m
Error: Not implemented: window.scrollTo
    at module.exports (/home/siegfriedneto/projects/servicedeskn1/frontend/app/node_modules/jsdom/lib/jsdom/browser/not-implemented.js:9:17)
    at /home/siegfriedneto/projects/servicedeskn1/frontend/app/node_modules/jsdom/lib/jsdom/browser/Window.js:960:7
    at Object.fn (file:///home/siegfriedneto/projects/servicedeskn1/frontend/app/node_modules/@tanstack/router-core/dist/esm/scroll-restoration.js:180:27)
    at RouterCore.emit (file:///home/siegfriedneto/projects/servicedeskn1/frontend/app/node_modules/@tanstack/router-core/dist/esm/router.js:178:14)
    at file:///home/siegfriedneto/projects/servicedeskn1/frontend/app/node_modules/@tanstack/router-core/dist/esm/load-client.js:943:46
    at Router.batch (file:///home/siegfriedneto/projects/servicedeskn1/frontend/app/node_modules/@tanstack/store/dist/esm/atom.js:39:5)
    at file:///home/siegfriedneto/projects/servicedeskn1/frontend/app/node_modules/@tanstack/router-core/dist/esm/load-client.js:936:10
    at runNextTicks (node:internal/process/task_queues:64:5)
    at listOnTimeout (node:internal/timers:547:9)
    at processTimers (node:internal/timers:521:7) [90mundefined[39m
Error: Not implemented: window.scrollTo
    at module.exports (/home/siegfriedneto/projects/servicedeskn1/frontend/app/node_modules/jsdom/lib/jsdom/browser/not-implemented.js:9:17)
    at /home/siegfriedneto/projects/servicedeskn1/frontend/app/node_modules/jsdom/lib/jsdom/browser/Window.js:960:7
    at Object.fn (file:///home/siegfriedneto/projects/servicedeskn1/frontend/app/node_modules/@tanstack/router-core/dist/esm/scroll-restoration.js:180:27)
    at RouterCore.emit (file:///home/siegfriedneto/projects/servicedeskn1/frontend/app/node_modules/@tanstack/router-core/dist/esm/router.js:178:14)
    at file:///home/siegfriedneto/projects/servicedeskn1/frontend/app/node_modules/@tanstack/react-router/dist/esm/Transitioner.js:46:25
    at settleOwner (file:///home/siegfriedneto/projects/servicedeskn1/frontend/app/node_modules/@tanstack/react-router/dist/esm/Transitioner.js:10:10)
    at file:///home/siegfriedneto/projects/servicedeskn1/frontend/app/node_modules/@tanstack/react-router/dist/esm/Matches.js:38:39
    at Object.react_stack_bottom_frame (/home/siegfriedneto/projects/servicedeskn1/frontend/app/node_modules/react-dom/cjs/react-dom-client.development.js:25989:20)
    at runWithFiberInDEV (/home/siegfriedneto/projects/servicedeskn1/frontend/app/node_modules/react-dom/cjs/react-dom-client.development.js:874:13)
    at commitHookEffectListMount (/home/siegfriedneto/projects/servicedeskn1/frontend/app/node_modules/react-dom/cjs/react-dom-client.development.js:13249:29) [90mundefined[39m
Error: Not implemented: window.scrollTo
    at module.exports (/home/siegfriedneto/projects/servicedeskn1/frontend/app/node_modules/jsdom/lib/jsdom/browser/not-implemented.js:9:17)
    at /home/siegfriedneto/projects/servicedeskn1/frontend/app/node_modules/jsdom/lib/jsdom/browser/Window.js:960:7
    at Object.fn (file:///home/siegfriedneto/projects/servicedeskn1/frontend/app/node_modules/@tanstack/router-core/dist/esm/scroll-restoration.js:180:27)
    at RouterCore.emit (file:///home/siegfriedneto/projects/servicedeskn1/frontend/app/node_modules/@tanstack/router-core/dist/esm/router.js:178:14)
    at file:///home/siegfriedneto/projects/servicedeskn1/frontend/app/node_modules/@tanstack/react-router/dist/esm/Transitioner.js:46:25
    at settleOwner (file:///home/siegfriedneto/projects/servicedeskn1/frontend/app/node_modules/@tanstack/react-router/dist/esm/Transitioner.js:10:10)
    at file:///home/siegfriedneto/projects/servicedeskn1/frontend/app/node_modules/@tanstack/react-router/dist/esm/Matches.js:38:39
    at Object.react_stack_bottom_frame (/home/siegfriedneto/projects/servicedeskn1/frontend/app/node_modules/react-dom/cjs/react-dom-client.development.js:25989:20)
    at runWithFiberInDEV (/home/siegfriedneto/projects/servicedeskn1/frontend/app/node_modules/react-dom/cjs/react-dom-client.development.js:874:13)
    at commitHookEffectListMount (/home/siegfriedneto/projects/servicedeskn1/frontend/app/node_modules/react-dom/cjs/react-dom-client.development.js:13249:29) [90mundefined[39m
Error: Not implemented: window.scrollTo
    at module.exports (/home/siegfriedneto/projects/servicedeskn1/frontend/app/node_modules/jsdom/lib/jsdom/browser/not-implemented.js:9:17)
    at /home/siegfriedneto/projects/servicedeskn1/frontend/app/node_modules/jsdom/lib/jsdom/browser/Window.js:960:7
    at Object.fn (file:///home/siegfriedneto/projects/servicedeskn1/frontend/app/node_modules/@tanstack/router-core/dist/esm/scroll-restoration.js:180:27)
    at RouterCore.emit (file:///home/siegfriedneto/projects/servicedeskn1/frontend/app/node_modules/@tanstack/router-core/dist/esm/router.js:178:14)
    at file:///home/siegfriedneto/projects/servicedeskn1/frontend/app/node_modules/@tanstack/react-router/dist/esm/Transitioner.js:46:25
    at settleOwner (file:///home/siegfriedneto/projects/servicedeskn1/frontend/app/node_modules/@tanstack/react-router/dist/esm/Transitioner.js:10:10)
    at file:///home/siegfriedneto/projects/servicedeskn1/frontend/app/node_modules/@tanstack/react-router/dist/esm/Matches.js:38:39
    at Object.react_stack_bottom_frame (/home/siegfriedneto/projects/servicedeskn1/frontend/app/node_modules/react-dom/cjs/react-dom-client.development.js:25989:20)
    at runWithFiberInDEV (/home/siegfriedneto/projects/servicedeskn1/frontend/app/node_modules/react-dom/cjs/react-dom-client.development.js:874:13)
    at commitHookEffectListMount (/home/siegfriedneto/projects/servicedeskn1/frontend/app/node_modules/react-dom/cjs/react-dom-client.development.js:13249:29) [90mundefined[39m
Error: Not implemented: window.scrollTo
    at module.exports (/home/siegfriedneto/projects/servicedeskn1/frontend/app/node_modules/jsdom/lib/jsdom/browser/not-implemented.js:9:17)
    at /home/siegfriedneto/projects/servicedeskn1/frontend/app/node_modules/jsdom/lib/jsdom/browser/Window.js:960:7
    at Object.fn (file:///home/siegfriedneto/projects/servicedeskn1/frontend/app/node_modules/@tanstack/router-core/dist/esm/scroll-restoration.js:180:27)
    at RouterCore.emit (file:///home/siegfriedneto/projects/servicedeskn1/frontend/app/node_modules/@tanstack/router-core/dist/esm/router.js:178:14)
    at file:///home/siegfriedneto/projects/servicedeskn1/frontend/app/node_modules/@tanstack/react-router/dist/esm/Transitioner.js:46:25
    at settleOwner (file:///home/siegfriedneto/projects/servicedeskn1/frontend/app/node_modules/@tanstack/react-router/dist/esm/Transitioner.js:10:10)
    at file:///home/siegfriedneto/projects/servicedeskn1/frontend/app/node_modules/@tanstack/react-router/dist/esm/Matches.js:38:39
    at Object.react_stack_bottom_frame (/home/siegfriedneto/projects/servicedeskn1/frontend/app/node_modules/react-dom/cjs/react-dom-client.development.js:25989:20)
    at runWithFiberInDEV (/home/siegfriedneto/projects/servicedeskn1/frontend/app/node_modules/react-dom/cjs/react-dom-client.development.js:874:13)
    at commitHookEffectListMount (/home/siegfriedneto/projects/servicedeskn1/frontend/app/node_modules/react-dom/cjs/react-dom-client.development.js:13249:29) [90mundefined[39m
Error: Not implemented: window.scrollTo
    at module.exports (/home/siegfriedneto/projects/servicedeskn1/frontend/app/node_modules/jsdom/lib/jsdom/browser/not-implemented.js:9:17)
    at /home/siegfriedneto/projects/servicedeskn1/frontend/app/node_modules/jsdom/lib/jsdom/browser/Window.js:960:7
    at Object.fn (file:///home/siegfriedneto/projects/servicedeskn1/frontend/app/node_modules/@tanstack/router-core/dist/esm/scroll-restoration.js:180:27)
    at RouterCore.emit (file:///home/siegfriedneto/projects/servicedeskn1/frontend/app/node_modules/@tanstack/router-core/dist/esm/router.js:178:14)
    at file:///home/siegfriedneto/projects/servicedeskn1/frontend/app/node_modules/@tanstack/react-router/dist/esm/Transitioner.js:46:25
    at settleOwner (file:///home/siegfriedneto/projects/servicedeskn1/frontend/app/node_modules/@tanstack/react-router/dist/esm/Transitioner.js:10:10)
    at file:///home/siegfriedneto/projects/servicedeskn1/frontend/app/node_modules/@tanstack/react-router/dist/esm/Matches.js:38:39
    at Object.react_stack_bottom_frame (/home/siegfriedneto/projects/servicedeskn1/frontend/app/node_modules/react-dom/cjs/react-dom-client.development.js:25989:20)
    at runWithFiberInDEV (/home/siegfriedneto/projects/servicedeskn1/frontend/app/node_modules/react-dom/cjs/react-dom-client.development.js:874:13)
    at commitHookEffectListMount (/home/siegfriedneto/projects/servicedeskn1/frontend/app/node_modules/react-dom/cjs/react-dom-client.development.js:13249:29) [90mundefined[39m
Error: Not implemented: window.scrollTo
    at module.exports (/home/siegfriedneto/projects/servicedeskn1/frontend/app/node_modules/jsdom/lib/jsdom/browser/not-implemented.js:9:17)
    at /home/siegfriedneto/projects/servicedeskn1/frontend/app/node_modules/jsdom/lib/jsdom/browser/Window.js:960:7
    at Object.fn (file:///home/siegfriedneto/projects/servicedeskn1/frontend/app/node_modules/@tanstack/router-core/dist/esm/scroll-restoration.js:180:27)
    at RouterCore.emit (file:///home/siegfriedneto/projects/servicedeskn1/frontend/app/node_modules/@tanstack/router-core/dist/esm/router.js:178:14)
    at file:///home/siegfriedneto/projects/servicedeskn1/frontend/app/node_modules/@tanstack/react-router/dist/esm/Transitioner.js:46:25
    at settleOwner (file:///home/siegfriedneto/projects/servicedeskn1/frontend/app/node_modules/@tanstack/react-router/dist/esm/Transitioner.js:10:10)
    at file:///home/siegfriedneto/projects/servicedeskn1/frontend/app/node_modules/@tanstack/react-router/dist/esm/Matches.js:38:39
    at Object.react_stack_bottom_frame (/home/siegfriedneto/projects/servicedeskn1/frontend/app/node_modules/react-dom/cjs/react-dom-client.development.js:25989:20)
    at runWithFiberInDEV (/home/siegfriedneto/projects/servicedeskn1/frontend/app/node_modules/react-dom/cjs/react-dom-client.development.js:874:13)
    at commitHookEffectListMount (/home/siegfriedneto/projects/servicedeskn1/frontend/app/node_modules/react-dom/cjs/react-dom-client.development.js:13249:29) [90mundefined[39m
Error: Not implemented: window.scrollTo
    at module.exports (/home/siegfriedneto/projects/servicedeskn1/frontend/app/node_modules/jsdom/lib/jsdom/browser/not-implemented.js:9:17)
    at /home/siegfriedneto/projects/servicedeskn1/frontend/app/node_modules/jsdom/lib/jsdom/browser/Window.js:960:7
    at Object.fn (file:///home/siegfriedneto/projects/servicedeskn1/frontend/app/node_modules/@tanstack/router-core/dist/esm/scroll-restoration.js:180:27)
    at RouterCore.emit (file:///home/siegfriedneto/projects/servicedeskn1/frontend/app/node_modules/@tanstack/router-core/dist/esm/router.js:178:14)
    at file:///home/siegfriedneto/projects/servicedeskn1/frontend/app/node_modules/@tanstack/react-router/dist/esm/Transitioner.js:46:25
    at settleOwner (file:///home/siegfriedneto/projects/servicedeskn1/frontend/app/node_modules/@tanstack/react-router/dist/esm/Transitioner.js:10:10)
    at file:///home/siegfriedneto/projects/servicedeskn1/frontend/app/node_modules/@tanstack/react-router/dist/esm/Matches.js:38:39
    at Object.react_stack_bottom_frame (/home/siegfriedneto/projects/servicedeskn1/frontend/app/node_modules/react-dom/cjs/react-dom-client.development.js:25989:20)
    at runWithFiberInDEV (/home/siegfriedneto/projects/servicedeskn1/frontend/app/node_modules/react-dom/cjs/react-dom-client.development.js:874:13)
    at commitHookEffectListMount (/home/siegfriedneto/projects/servicedeskn1/frontend/app/node_modules/react-dom/cjs/react-dom-client.development.js:13249:29) [90mundefined[39m
Error: Not implemented: window.scrollTo
    at module.exports (/home/siegfriedneto/projects/servicedeskn1/frontend/app/node_modules/jsdom/lib/jsdom/browser/not-implemented.js:9:17)
    at /home/siegfriedneto/projects/servicedeskn1/frontend/app/node_modules/jsdom/lib/jsdom/browser/Window.js:960:7
    at Object.fn (file:///home/siegfriedneto/projects/servicedeskn1/frontend/app/node_modules/@tanstack/router-core/dist/esm/scroll-restoration.js:180:27)
    at RouterCore.emit (file:///home/siegfriedneto/projects/servicedeskn1/frontend/app/node_modules/@tanstack/router-core/dist/esm/router.js:178:14)
    at file:///home/siegfriedneto/projects/servicedeskn1/frontend/app/node_modules/@tanstack/react-router/dist/esm/Transitioner.js:46:25
    at settleOwner (file:///home/siegfriedneto/projects/servicedeskn1/frontend/app/node_modules/@tanstack/react-router/dist/esm/Transitioner.js:10:10)
    at file:///home/siegfriedneto/projects/servicedeskn1/frontend/app/node_modules/@tanstack/react-router/dist/esm/Matches.js:38:39
    at Object.react_stack_bottom_frame (/home/siegfriedneto/projects/servicedeskn1/frontend/app/node_modules/react-dom/cjs/react-dom-client.development.js:25989:20)
    at runWithFiberInDEV (/home/siegfriedneto/projects/servicedeskn1/frontend/app/node_modules/react-dom/cjs/react-dom-client.development.js:874:13)
    at commitHookEffectListMount (/home/siegfriedneto/projects/servicedeskn1/frontend/app/node_modules/react-dom/cjs/react-dom-client.development.js:13249:29) [90mundefined[39m
Error: Not implemented: window.scrollTo
    at module.exports (/home/siegfriedneto/projects/servicedeskn1/frontend/app/node_modules/jsdom/lib/jsdom/browser/not-implemented.js:9:17)
    at /home/siegfriedneto/projects/servicedeskn1/frontend/app/node_modules/jsdom/lib/jsdom/browser/Window.js:960:7
    at Object.fn (file:///home/siegfriedneto/projects/servicedeskn1/frontend/app/node_modules/@tanstack/router-core/dist/esm/scroll-restoration.js:180:27)
    at RouterCore.emit (file:///home/siegfriedneto/projects/servicedeskn1/frontend/app/node_modules/@tanstack/router-core/dist/esm/router.js:178:14)
    at file:///home/siegfriedneto/projects/servicedeskn1/frontend/app/node_modules/@tanstack/react-router/dist/esm/Transitioner.js:46:25
    at settleOwner (file:///home/siegfriedneto/projects/servicedeskn1/frontend/app/node_modules/@tanstack/react-router/dist/esm/Transitioner.js:10:10)
    at file:///home/siegfriedneto/projects/servicedeskn1/frontend/app/node_modules/@tanstack/react-router/dist/esm/Matches.js:38:39
    at Object.react_stack_bottom_frame (/home/siegfriedneto/projects/servicedeskn1/frontend/app/node_modules/react-dom/cjs/react-dom-client.development.js:25989:20)
    at runWithFiberInDEV (/home/siegfriedneto/projects/servicedeskn1/frontend/app/node_modules/react-dom/cjs/react-dom-client.development.js:874:13)
    at commitHookEffectListMount (/home/siegfriedneto/projects/servicedeskn1/frontend/app/node_modules/react-dom/cjs/react-dom-client.development.js:13249:29) [90mundefined[39m
Error: Not implemented: window.scrollTo
    at module.exports (/home/siegfriedneto/projects/servicedeskn1/frontend/app/node_modules/jsdom/lib/jsdom/browser/not-implemented.js:9:17)
    at /home/siegfriedneto/projects/servicedeskn1/frontend/app/node_modules/jsdom/lib/jsdom/browser/Window.js:960:7
    at Object.fn (file:///home/siegfriedneto/projects/servicedeskn1/frontend/app/node_modules/@tanstack/router-core/dist/esm/scroll-restoration.js:180:27)
    at RouterCore.emit (file:///home/siegfriedneto/projects/servicedeskn1/frontend/app/node_modules/@tanstack/router-core/dist/esm/router.js:178:14)
    at file:///home/siegfriedneto/projects/servicedeskn1/frontend/app/node_modules/@tanstack/react-router/dist/esm/Transitioner.js:46:25
    at settleOwner (file:///home/siegfriedneto/projects/servicedeskn1/frontend/app/node_modules/@tanstack/react-router/dist/esm/Transitioner.js:10:10)
    at file:///home/siegfriedneto/projects/servicedeskn1/frontend/app/node_modules/@tanstack/react-router/dist/esm/Matches.js:38:39
    at Object.react_stack_bottom_frame (/home/siegfriedneto/projects/servicedeskn1/frontend/app/node_modules/react-dom/cjs/react-dom-client.development.js:25989:20)
    at runWithFiberInDEV (/home/siegfriedneto/projects/servicedeskn1/frontend/app/node_modules/react-dom/cjs/react-dom-client.development.js:874:13)
    at commitHookEffectListMount (/home/siegfriedneto/projects/servicedeskn1/frontend/app/node_modules/react-dom/cjs/react-dom-client.development.js:13249:29) [90mundefined[39m
Error: Not implemented: window.scrollTo
    at module.exports (/home/siegfriedneto/projects/servicedeskn1/frontend/app/node_modules/jsdom/lib/jsdom/browser/not-implemented.js:9:17)
    at /home/siegfriedneto/projects/servicedeskn1/frontend/app/node_modules/jsdom/lib/jsdom/browser/Window.js:960:7
    at Object.fn (file:///home/siegfriedneto/projects/servicedeskn1/frontend/app/node_modules/@tanstack/router-core/dist/esm/scroll-restoration.js:180:27)
    at RouterCore.emit (file:///home/siegfriedneto/projects/servicedeskn1/frontend/app/node_modules/@tanstack/router-core/dist/esm/router.js:178:14)
    at file:///home/siegfriedneto/projects/servicedeskn1/frontend/app/node_modules/@tanstack/react-router/dist/esm/Transitioner.js:46:25
    at settleOwner (file:///home/siegfriedneto/projects/servicedeskn1/frontend/app/node_modules/@tanstack/react-router/dist/esm/Transitioner.js:10:10)
    at file:///home/siegfriedneto/projects/servicedeskn1/frontend/app/node_modules/@tanstack/react-router/dist/esm/Matches.js:38:39
    at Object.react_stack_bottom_frame (/home/siegfriedneto/projects/servicedeskn1/frontend/app/node_modules/react-dom/cjs/react-dom-client.development.js:25989:20)
    at runWithFiberInDEV (/home/siegfriedneto/projects/servicedeskn1/frontend/app/node_modules/react-dom/cjs/react-dom-client.development.js:874:13)
    at commitHookEffectListMount (/home/siegfriedneto/projects/servicedeskn1/frontend/app/node_modules/react-dom/cjs/react-dom-client.development.js:13249:29) [90mundefined[39m
Error: Not implemented: window.scrollTo
    at module.exports (/home/siegfriedneto/projects/servicedeskn1/frontend/app/node_modules/jsdom/lib/jsdom/browser/not-implemented.js:9:17)
    at /home/siegfriedneto/projects/servicedeskn1/frontend/app/node_modules/jsdom/lib/jsdom/browser/Window.js:960:7
    at Object.fn (file:///home/siegfriedneto/projects/servicedeskn1/frontend/app/node_modules/@tanstack/router-core/dist/esm/scroll-restoration.js:180:27)
    at RouterCore.emit (file:///home/siegfriedneto/projects/servicedeskn1/frontend/app/node_modules/@tanstack/router-core/dist/esm/router.js:178:14)
    at file:///home/siegfriedneto/projects/servicedeskn1/frontend/app/node_modules/@tanstack/react-router/dist/esm/Transitioner.js:46:25
    at settleOwner (file:///home/siegfriedneto/projects/servicedeskn1/frontend/app/node_modules/@tanstack/react-router/dist/esm/Transitioner.js:10:10)
    at file:///home/siegfriedneto/projects/servicedeskn1/frontend/app/node_modules/@tanstack/react-router/dist/esm/Matches.js:38:39
    at Object.react_stack_bottom_frame (/home/siegfriedneto/projects/servicedeskn1/frontend/app/node_modules/react-dom/cjs/react-dom-client.development.js:25989:20)
    at runWithFiberInDEV (/home/siegfriedneto/projects/servicedeskn1/frontend/app/node_modules/react-dom/cjs/react-dom-client.development.js:874:13)
    at commitHookEffectListMount (/home/siegfriedneto/projects/servicedeskn1/frontend/app/node_modules/react-dom/cjs/react-dom-client.development.js:13249:29) [90mundefined[39m
Error: Not implemented: window.scrollTo
    at module.exports (/home/siegfriedneto/projects/servicedeskn1/frontend/app/node_modules/jsdom/lib/jsdom/browser/not-implemented.js:9:17)
    at /home/siegfriedneto/projects/servicedeskn1/frontend/app/node_modules/jsdom/lib/jsdom/browser/Window.js:960:7
    at Object.fn (file:///home/siegfriedneto/projects/servicedeskn1/frontend/app/node_modules/@tanstack/router-core/dist/esm/scroll-restoration.js:180:27)
    at RouterCore.emit (file:///home/siegfriedneto/projects/servicedeskn1/frontend/app/node_modules/@tanstack/router-core/dist/esm/router.js:178:14)
    at file:///home/siegfriedneto/projects/servicedeskn1/frontend/app/node_modules/@tanstack/react-router/dist/esm/Transitioner.js:46:25
    at settleOwner (file:///home/siegfriedneto/projects/servicedeskn1/frontend/app/node_modules/@tanstack/react-router/dist/esm/Transitioner.js:10:10)
    at file:///home/siegfriedneto/projects/servicedeskn1/frontend/app/node_modules/@tanstack/react-router/dist/esm/Matches.js:38:39
    at Object.react_stack_bottom_frame (/home/siegfriedneto/projects/servicedeskn1/frontend/app/node_modules/react-dom/cjs/react-dom-client.development.js:25989:20)
    at runWithFiberInDEV (/home/siegfriedneto/projects/servicedeskn1/frontend/app/node_modules/react-dom/cjs/react-dom-client.development.js:874:13)
    at commitHookEffectListMount (/home/siegfriedneto/projects/servicedeskn1/frontend/app/node_modules/react-dom/cjs/react-dom-client.development.js:13249:29) [90mundefined[39m
Error: Not implemented: window.scrollTo
    at module.exports (/home/siegfriedneto/projects/servicedeskn1/frontend/app/node_modules/jsdom/lib/jsdom/browser/not-implemented.js:9:17)
    at /home/siegfriedneto/projects/servicedeskn1/frontend/app/node_modules/jsdom/lib/jsdom/browser/Window.js:960:7
    at Object.fn (file:///home/siegfriedneto/projects/servicedeskn1/frontend/app/node_modules/@tanstack/router-core/dist/esm/scroll-restoration.js:180:27)
    at RouterCore.emit (file:///home/siegfriedneto/projects/servicedeskn1/frontend/app/node_modules/@tanstack/router-core/dist/esm/router.js:178:14)
    at file:///home/siegfriedneto/projects/servicedeskn1/frontend/app/node_modules/@tanstack/react-router/dist/esm/Transitioner.js:46:25
    at settleOwner (file:///home/siegfriedneto/projects/servicedeskn1/frontend/app/node_modules/@tanstack/react-router/dist/esm/Transitioner.js:10:10)
    at file:///home/siegfriedneto/projects/servicedeskn1/frontend/app/node_modules/@tanstack/react-router/dist/esm/Matches.js:38:39
    at Object.react_stack_bottom_frame (/home/siegfriedneto/projects/servicedeskn1/frontend/app/node_modules/react-dom/cjs/react-dom-client.development.js:25989:20)
    at runWithFiberInDEV (/home/siegfriedneto/projects/servicedeskn1/frontend/app/node_modules/react-dom/cjs/react-dom-client.development.js:874:13)
    at commitHookEffectListMount (/home/siegfriedneto/projects/servicedeskn1/frontend/app/node_modules/react-dom/cjs/react-dom-client.development.js:13249:29) [90mundefined[39m
Error: Not implemented: window.scrollTo
    at module.exports (/home/siegfriedneto/projects/servicedeskn1/frontend/app/node_modules/jsdom/lib/jsdom/browser/not-implemented.js:9:17)
    at /home/siegfriedneto/projects/servicedeskn1/frontend/app/node_modules/jsdom/lib/jsdom/browser/Window.js:960:7
    at Object.fn (file:///home/siegfriedneto/projects/servicedeskn1/frontend/app/node_modules/@tanstack/router-core/dist/esm/scroll-restoration.js:180:27)
    at RouterCore.emit (file:///home/siegfriedneto/projects/servicedeskn1/frontend/app/node_modules/@tanstack/router-core/dist/esm/router.js:178:14)
    at file:///home/siegfriedneto/projects/servicedeskn1/frontend/app/node_modules/@tanstack/react-router/dist/esm/Transitioner.js:46:25
    at settleOwner (file:///home/siegfriedneto/projects/servicedeskn1/frontend/app/node_modules/@tanstack/react-router/dist/esm/Transitioner.js:10:10)
    at file:///home/siegfriedneto/projects/servicedeskn1/frontend/app/node_modules/@tanstack/react-router/dist/esm/Matches.js:38:39
    at Object.react_stack_bottom_frame (/home/siegfriedneto/projects/servicedeskn1/frontend/app/node_modules/react-dom/cjs/react-dom-client.development.js:25989:20)
    at runWithFiberInDEV (/home/siegfriedneto/projects/servicedeskn1/frontend/app/node_modules/react-dom/cjs/react-dom-client.development.js:874:13)
    at commitHookEffectListMount (/home/siegfriedneto/projects/servicedeskn1/frontend/app/node_modules/react-dom/cjs/react-dom-client.development.js:13249:29) [90mundefined[39m
Error: Not implemented: window.scrollTo
    at module.exports (/home/siegfriedneto/projects/servicedeskn1/frontend/app/node_modules/jsdom/lib/jsdom/browser/not-implemented.js:9:17)
    at /home/siegfriedneto/projects/servicedeskn1/frontend/app/node_modules/jsdom/lib/jsdom/browser/Window.js:960:7
    at Object.fn (file:///home/siegfriedneto/projects/servicedeskn1/frontend/app/node_modules/@tanstack/router-core/dist/esm/scroll-restoration.js:180:27)
    at RouterCore.emit (file:///home/siegfriedneto/projects/servicedeskn1/frontend/app/node_modules/@tanstack/router-core/dist/esm/router.js:178:14)
    at file:///home/siegfriedneto/projects/servicedeskn1/frontend/app/node_modules/@tanstack/react-router/dist/esm/Transitioner.js:46:25
    at settleOwner (file:///home/siegfriedneto/projects/servicedeskn1/frontend/app/node_modules/@tanstack/react-router/dist/esm/Transitioner.js:10:10)
    at file:///home/siegfriedneto/projects/servicedeskn1/frontend/app/node_modules/@tanstack/react-router/dist/esm/Matches.js:38:39
    at Object.react_stack_bottom_frame (/home/siegfriedneto/projects/servicedeskn1/frontend/app/node_modules/react-dom/cjs/react-dom-client.development.js:25989:20)
    at runWithFiberInDEV (/home/siegfriedneto/projects/servicedeskn1/frontend/app/node_modules/react-dom/cjs/react-dom-client.development.js:874:13)
    at commitHookEffectListMount (/home/siegfriedneto/projects/servicedeskn1/frontend/app/node_modules/react-dom/cjs/react-dom-client.development.js:13249:29) [90mundefined[39m
Error: Not implemented: window.scrollTo
    at module.exports (/home/siegfriedneto/projects/servicedeskn1/frontend/app/node_modules/jsdom/lib/jsdom/browser/not-implemented.js:9:17)
    at /home/siegfriedneto/projects/servicedeskn1/frontend/app/node_modules/jsdom/lib/jsdom/browser/Window.js:960:7
    at Object.fn (file:///home/siegfriedneto/projects/servicedeskn1/frontend/app/node_modules/@tanstack/router-core/dist/esm/scroll-restoration.js:180:27)
    at RouterCore.emit (file:///home/siegfriedneto/projects/servicedeskn1/frontend/app/node_modules/@tanstack/router-core/dist/esm/router.js:178:14)
    at file:///home/siegfriedneto/projects/servicedeskn1/frontend/app/node_modules/@tanstack/react-router/dist/esm/Transitioner.js:46:25
    at settleOwner (file:///home/siegfriedneto/projects/servicedeskn1/frontend/app/node_modules/@tanstack/react-router/dist/esm/Transitioner.js:10:10)
    at file:///home/siegfriedneto/projects/servicedeskn1/frontend/app/node_modules/@tanstack/react-router/dist/esm/Matches.js:38:39
    at Object.react_stack_bottom_frame (/home/siegfriedneto/projects/servicedeskn1/frontend/app/node_modules/react-dom/cjs/react-dom-client.development.js:25989:20)
    at runWithFiberInDEV (/home/siegfriedneto/projects/servicedeskn1/frontend/app/node_modules/react-dom/cjs/react-dom-client.development.js:874:13)
    at commitHookEffectListMount (/home/siegfriedneto/projects/servicedeskn1/frontend/app/node_modules/react-dom/cjs/react-dom-client.development.js:13249:29) [90mundefined[39m
Error: Not implemented: window.scrollTo
    at module.exports (/home/siegfriedneto/projects/servicedeskn1/frontend/app/node_modules/jsdom/lib/jsdom/browser/not-implemented.js:9:17)
    at /home/siegfriedneto/projects/servicedeskn1/frontend/app/node_modules/jsdom/lib/jsdom/browser/Window.js:960:7
    at Object.fn (file:///home/siegfriedneto/projects/servicedeskn1/frontend/app/node_modules/@tanstack/router-core/dist/esm/scroll-restoration.js:180:27)
    at RouterCore.emit (file:///home/siegfriedneto/projects/servicedeskn1/frontend/app/node_modules/@tanstack/router-core/dist/esm/router.js:178:14)
    at file:///home/siegfriedneto/projects/servicedeskn1/frontend/app/node_modules/@tanstack/react-router/dist/esm/Transitioner.js:46:25
    at settleOwner (file:///home/siegfriedneto/projects/servicedeskn1/frontend/app/node_modules/@tanstack/react-router/dist/esm/Transitioner.js:10:10)
    at file:///home/siegfriedneto/projects/servicedeskn1/frontend/app/node_modules/@tanstack/react-router/dist/esm/Matches.js:38:39
    at Object.react_stack_bottom_frame (/home/siegfriedneto/projects/servicedeskn1/frontend/app/node_modules/react-dom/cjs/react-dom-client.development.js:25989:20)
    at runWithFiberInDEV (/home/siegfriedneto/projects/servicedeskn1/frontend/app/node_modules/react-dom/cjs/react-dom-client.development.js:874:13)
    at commitHookEffectListMount (/home/siegfriedneto/projects/servicedeskn1/frontend/app/node_modules/react-dom/cjs/react-dom-client.development.js:13249:29) [90mundefined[39m
Error: Not implemented: window.scrollTo
    at module.exports (/home/siegfriedneto/projects/servicedeskn1/frontend/app/node_modules/jsdom/lib/jsdom/browser/not-implemented.js:9:17)
    at /home/siegfriedneto/projects/servicedeskn1/frontend/app/node_modules/jsdom/lib/jsdom/browser/Window.js:960:7
    at Object.fn (file:///home/siegfriedneto/projects/servicedeskn1/frontend/app/node_modules/@tanstack/router-core/dist/esm/scroll-restoration.js:180:27)
    at RouterCore.emit (file:///home/siegfriedneto/projects/servicedeskn1/frontend/app/node_modules/@tanstack/router-core/dist/esm/router.js:178:14)
    at file:///home/siegfriedneto/projects/servicedeskn1/frontend/app/node_modules/@tanstack/react-router/dist/esm/Transitioner.js:46:25
    at settleOwner (file:///home/siegfriedneto/projects/servicedeskn1/frontend/app/node_modules/@tanstack/react-router/dist/esm/Transitioner.js:10:10)
    at file:///home/siegfriedneto/projects/servicedeskn1/frontend/app/node_modules/@tanstack/react-router/dist/esm/Matches.js:38:39
    at Object.react_stack_bottom_frame (/home/siegfriedneto/projects/servicedeskn1/frontend/app/node_modules/react-dom/cjs/react-dom-client.development.js:25989:20)
    at runWithFiberInDEV (/home/siegfriedneto/projects/servicedeskn1/frontend/app/node_modules/react-dom/cjs/react-dom-client.development.js:874:13)
    at commitHookEffectListMount (/home/siegfriedneto/projects/servicedeskn1/frontend/app/node_modules/react-dom/cjs/react-dom-client.development.js:13249:29) [90mundefined[39m
Error: Not implemented: window.scrollTo
    at module.exports (/home/siegfriedneto/projects/servicedeskn1/frontend/app/node_modules/jsdom/lib/jsdom/browser/not-implemented.js:9:17)
    at /home/siegfriedneto/projects/servicedeskn1/frontend/app/node_modules/jsdom/lib/jsdom/browser/Window.js:960:7
    at Object.fn (file:///home/siegfriedneto/projects/servicedeskn1/frontend/app/node_modules/@tanstack/router-core/dist/esm/scroll-restoration.js:180:27)
    at RouterCore.emit (file:///home/siegfriedneto/projects/servicedeskn1/frontend/app/node_modules/@tanstack/router-core/dist/esm/router.js:178:14)
    at file:///home/siegfriedneto/projects/servicedeskn1/frontend/app/node_modules/@tanstack/react-router/dist/esm/Transitioner.js:46:25
    at settleOwner (file:///home/siegfriedneto/projects/servicedeskn1/frontend/app/node_modules/@tanstack/react-router/dist/esm/Transitioner.js:10:10)
    at file:///home/siegfriedneto/projects/servicedeskn1/frontend/app/node_modules/@tanstack/react-router/dist/esm/Matches.js:38:39
    at Object.react_stack_bottom_frame (/home/siegfriedneto/projects/servicedeskn1/frontend/app/node_modules/react-dom/cjs/react-dom-client.development.js:25989:20)
    at runWithFiberInDEV (/home/siegfriedneto/projects/servicedeskn1/frontend/app/node_modules/react-dom/cjs/react-dom-client.development.js:874:13)
    at commitHookEffectListMount (/home/siegfriedneto/projects/servicedeskn1/frontend/app/node_modules/react-dom/cjs/react-dom-client.development.js:13249:29) [90mundefined[39m
Error: Not implemented: window.scrollTo
    at module.exports (/home/siegfriedneto/projects/servicedeskn1/frontend/app/node_modules/jsdom/lib/jsdom/browser/not-implemented.js:9:17)
    at /home/siegfriedneto/projects/servicedeskn1/frontend/app/node_modules/jsdom/lib/jsdom/browser/Window.js:960:7
    at Object.fn (file:///home/siegfriedneto/projects/servicedeskn1/frontend/app/node_modules/@tanstack/router-core/dist/esm/scroll-restoration.js:180:27)
    at RouterCore.emit (file:///home/siegfriedneto/projects/servicedeskn1/frontend/app/node_modules/@tanstack/router-core/dist/esm/router.js:178:14)
    at file:///home/siegfriedneto/projects/servicedeskn1/frontend/app/node_modules/@tanstack/react-router/dist/esm/Transitioner.js:46:25
    at settleOwner (file:///home/siegfriedneto/projects/servicedeskn1/frontend/app/node_modules/@tanstack/react-router/dist/esm/Transitioner.js:10:10)
    at file:///home/siegfriedneto/projects/servicedeskn1/frontend/app/node_modules/@tanstack/react-router/dist/esm/Matches.js:38:39
    at Object.react_stack_bottom_frame (/home/siegfriedneto/projects/servicedeskn1/frontend/app/node_modules/react-dom/cjs/react-dom-client.development.js:25989:20)
    at runWithFiberInDEV (/home/siegfriedneto/projects/servicedeskn1/frontend/app/node_modules/react-dom/cjs/react-dom-client.development.js:874:13)
    at commitHookEffectListMount (/home/siegfriedneto/projects/servicedeskn1/frontend/app/node_modules/react-dom/cjs/react-dom-client.development.js:13249:29) [90mundefined[39m
Error: Not implemented: window.scrollTo
    at module.exports (/home/siegfriedneto/projects/servicedeskn1/frontend/app/node_modules/jsdom/lib/jsdom/browser/not-implemented.js:9:17)
    at /home/siegfriedneto/projects/servicedeskn1/frontend/app/node_modules/jsdom/lib/jsdom/browser/Window.js:960:7
    at Object.fn (file:///home/siegfriedneto/projects/servicedeskn1/frontend/app/node_modules/@tanstack/router-core/dist/esm/scroll-restoration.js:180:27)
    at RouterCore.emit (file:///home/siegfriedneto/projects/servicedeskn1/frontend/app/node_modules/@tanstack/router-core/dist/esm/router.js:178:14)
    at file:///home/siegfriedneto/projects/servicedeskn1/frontend/app/node_modules/@tanstack/react-router/dist/esm/Transitioner.js:46:25
    at settleOwner (file:///home/siegfriedneto/projects/servicedeskn1/frontend/app/node_modules/@tanstack/react-router/dist/esm/Transitioner.js:10:10)
    at file:///home/siegfriedneto/projects/servicedeskn1/frontend/app/node_modules/@tanstack/react-router/dist/esm/Matches.js:38:39
    at Object.react_stack_bottom_frame (/home/siegfriedneto/projects/servicedeskn1/frontend/app/node_modules/react-dom/cjs/react-dom-client.development.js:25989:20)
    at runWithFiberInDEV (/home/siegfriedneto/projects/servicedeskn1/frontend/app/node_modules/react-dom/cjs/react-dom-client.development.js:874:13)
    at commitHookEffectListMount (/home/siegfriedneto/projects/servicedeskn1/frontend/app/node_modules/react-dom/cjs/react-dom-client.development.js:13249:29) [90mundefined[39m
Error: Not implemented: window.scrollTo
    at module.exports (/home/siegfriedneto/projects/servicedeskn1/frontend/app/node_modules/jsdom/lib/jsdom/browser/not-implemented.js:9:17)
    at /home/siegfriedneto/projects/servicedeskn1/frontend/app/node_modules/jsdom/lib/jsdom/browser/Window.js:960:7
    at Object.fn (file:///home/siegfriedneto/projects/servicedeskn1/frontend/app/node_modules/@tanstack/router-core/dist/esm/scroll-restoration.js:180:27)
    at RouterCore.emit (file:///home/siegfriedneto/projects/servicedeskn1/frontend/app/node_modules/@tanstack/router-core/dist/esm/router.js:178:14)
    at file:///home/siegfriedneto/projects/servicedeskn1/frontend/app/node_modules/@tanstack/react-router/dist/esm/Transitioner.js:46:25
    at settleOwner (file:///home/siegfriedneto/projects/servicedeskn1/frontend/app/node_modules/@tanstack/react-router/dist/esm/Transitioner.js:10:10)
    at file:///home/siegfriedneto/projects/servicedeskn1/frontend/app/node_modules/@tanstack/react-router/dist/esm/Matches.js:38:39
    at Object.react_stack_bottom_frame (/home/siegfriedneto/projects/servicedeskn1/frontend/app/node_modules/react-dom/cjs/react-dom-client.development.js:25989:20)
    at runWithFiberInDEV (/home/siegfriedneto/projects/servicedeskn1/frontend/app/node_modules/react-dom/cjs/react-dom-client.development.js:874:13)
    at commitHookEffectListMount (/home/siegfriedneto/projects/servicedeskn1/frontend/app/node_modules/react-dom/cjs/react-dom-client.development.js:13249:29) [90mundefined[39m
Error: Not implemented: window.scrollTo
    at module.exports (/home/siegfriedneto/projects/servicedeskn1/frontend/app/node_modules/jsdom/lib/jsdom/browser/not-implemented.js:9:17)
    at /home/siegfriedneto/projects/servicedeskn1/frontend/app/node_modules/jsdom/lib/jsdom/browser/Window.js:960:7
    at Object.fn (file:///home/siegfriedneto/projects/servicedeskn1/frontend/app/node_modules/@tanstack/router-core/dist/esm/scroll-restoration.js:180:27)
    at RouterCore.emit (file:///home/siegfriedneto/projects/servicedeskn1/frontend/app/node_modules/@tanstack/router-core/dist/esm/router.js:178:14)
    at file:///home/siegfriedneto/projects/servicedeskn1/frontend/app/node_modules/@tanstack/react-router/dist/esm/Transitioner.js:46:25
    at settleOwner (file:///home/siegfriedneto/projects/servicedeskn1/frontend/app/node_modules/@tanstack/react-router/dist/esm/Transitioner.js:10:10)
    at file:///home/siegfriedneto/projects/servicedeskn1/frontend/app/node_modules/@tanstack/react-router/dist/esm/Matches.js:38:39
    at Object.react_stack_bottom_frame (/home/siegfriedneto/projects/servicedeskn1/frontend/app/node_modules/react-dom/cjs/react-dom-client.development.js:25989:20)
    at runWithFiberInDEV (/home/siegfriedneto/projects/servicedeskn1/frontend/app/node_modules/react-dom/cjs/react-dom-client.development.js:874:13)
    at commitHookEffectListMount (/home/siegfriedneto/projects/servicedeskn1/frontend/app/node_modules/react-dom/cjs/react-dom-client.development.js:13249:29) [90mundefined[39m
Error: Not implemented: window.scrollTo
    at module.exports (/home/siegfriedneto/projects/servicedeskn1/frontend/app/node_modules/jsdom/lib/jsdom/browser/not-implemented.js:9:17)
    at /home/siegfriedneto/projects/servicedeskn1/frontend/app/node_modules/jsdom/lib/jsdom/browser/Window.js:960:7
    at Object.fn (file:///home/siegfriedneto/projects/servicedeskn1/frontend/app/node_modules/@tanstack/router-core/dist/esm/scroll-restoration.js:180:27)
    at RouterCore.emit (file:///home/siegfriedneto/projects/servicedeskn1/frontend/app/node_modules/@tanstack/router-core/dist/esm/router.js:178:14)
    at file:///home/siegfriedneto/projects/servicedeskn1/frontend/app/node_modules/@tanstack/react-router/dist/esm/Transitioner.js:46:25
    at settleOwner (file:///home/siegfriedneto/projects/servicedeskn1/frontend/app/node_modules/@tanstack/react-router/dist/esm/Transitioner.js:10:10)
    at file:///home/siegfriedneto/projects/servicedeskn1/frontend/app/node_modules/@tanstack/react-router/dist/esm/Matches.js:38:39
    at Object.react_stack_bottom_frame (/home/siegfriedneto/projects/servicedeskn1/frontend/app/node_modules/react-dom/cjs/react-dom-client.development.js:25989:20)
    at runWithFiberInDEV (/home/siegfriedneto/projects/servicedeskn1/frontend/app/node_modules/react-dom/cjs/react-dom-client.development.js:874:13)
    at commitHookEffectListMount (/home/siegfriedneto/projects/servicedeskn1/frontend/app/node_modules/react-dom/cjs/react-dom-client.development.js:13249:29) [90mundefined[39m
Error: Not implemented: window.scrollTo
    at module.exports (/home/siegfriedneto/projects/servicedeskn1/frontend/app/node_modules/jsdom/lib/jsdom/browser/not-implemented.js:9:17)
    at /home/siegfriedneto/projects/servicedeskn1/frontend/app/node_modules/jsdom/lib/jsdom/browser/Window.js:960:7
    at Object.fn (file:///home/siegfriedneto/projects/servicedeskn1/frontend/app/node_modules/@tanstack/router-core/dist/esm/scroll-restoration.js:180:27)
    at RouterCore.emit (file:///home/siegfriedneto/projects/servicedeskn1/frontend/app/node_modules/@tanstack/router-core/dist/esm/router.js:178:14)
    at file:///home/siegfriedneto/projects/servicedeskn1/frontend/app/node_modules/@tanstack/react-router/dist/esm/Transitioner.js:46:25
    at settleOwner (file:///home/siegfriedneto/projects/servicedeskn1/frontend/app/node_modules/@tanstack/react-router/dist/esm/Transitioner.js:10:10)
    at file:///home/siegfriedneto/projects/servicedeskn1/frontend/app/node_modules/@tanstack/react-router/dist/esm/Matches.js:38:39
    at Object.react_stack_bottom_frame (/home/siegfriedneto/projects/servicedeskn1/frontend/app/node_modules/react-dom/cjs/react-dom-client.development.js:25989:20)
    at runWithFiberInDEV (/home/siegfriedneto/projects/servicedeskn1/frontend/app/node_modules/react-dom/cjs/react-dom-client.development.js:874:13)
    at commitHookEffectListMount (/home/siegfriedneto/projects/servicedeskn1/frontend/app/node_modules/react-dom/cjs/react-dom-client.development.js:13249:29) [90mundefined[39m
Error: Not implemented: window.scrollTo
    at module.exports (/home/siegfriedneto/projects/servicedeskn1/frontend/app/node_modules/jsdom/lib/jsdom/browser/not-implemented.js:9:17)
    at /home/siegfriedneto/projects/servicedeskn1/frontend/app/node_modules/jsdom/lib/jsdom/browser/Window.js:960:7
    at Object.fn (file:///home/siegfriedneto/projects/servicedeskn1/frontend/app/node_modules/@tanstack/router-core/dist/esm/scroll-restoration.js:180:27)
    at RouterCore.emit (file:///home/siegfriedneto/projects/servicedeskn1/frontend/app/node_modules/@tanstack/router-core/dist/esm/router.js:178:14)
    at file:///home/siegfriedneto/projects/servicedeskn1/frontend/app/node_modules/@tanstack/react-router/dist/esm/Transitioner.js:46:25
    at settleOwner (file:///home/siegfriedneto/projects/servicedeskn1/frontend/app/node_modules/@tanstack/react-router/dist/esm/Transitioner.js:10:10)
    at file:///home/siegfriedneto/projects/servicedeskn1/frontend/app/node_modules/@tanstack/react-router/dist/esm/Matches.js:38:39
    at Object.react_stack_bottom_frame (/home/siegfriedneto/projects/servicedeskn1/frontend/app/node_modules/react-dom/cjs/react-dom-client.development.js:25989:20)
    at runWithFiberInDEV (/home/siegfriedneto/projects/servicedeskn1/frontend/app/node_modules/react-dom/cjs/react-dom-client.development.js:874:13)
    at commitHookEffectListMount (/home/siegfriedneto/projects/servicedeskn1/frontend/app/node_modules/react-dom/cjs/react-dom-client.development.js:13249:29) [90mundefined[39m
Error: Not implemented: window.scrollTo
    at module.exports (/home/siegfriedneto/projects/servicedeskn1/frontend/app/node_modules/jsdom/lib/jsdom/browser/not-implemented.js:9:17)
    at /home/siegfriedneto/projects/servicedeskn1/frontend/app/node_modules/jsdom/lib/jsdom/browser/Window.js:960:7
    at Object.fn (file:///home/siegfriedneto/projects/servicedeskn1/frontend/app/node_modules/@tanstack/router-core/dist/esm/scroll-restoration.js:180:27)
    at RouterCore.emit (file:///home/siegfriedneto/projects/servicedeskn1/frontend/app/node_modules/@tanstack/router-core/dist/esm/router.js:178:14)
    at file:///home/siegfriedneto/projects/servicedeskn1/frontend/app/node_modules/@tanstack/react-router/dist/esm/Transitioner.js:46:25
    at settleOwner (file:///home/siegfriedneto/projects/servicedeskn1/frontend/app/node_modules/@tanstack/react-router/dist/esm/Transitioner.js:10:10)
    at file:///home/siegfriedneto/projects/servicedeskn1/frontend/app/node_modules/@tanstack/react-router/dist/esm/Matches.js:38:39
    at Object.react_stack_bottom_frame (/home/siegfriedneto/projects/servicedeskn1/frontend/app/node_modules/react-dom/cjs/react-dom-client.development.js:25989:20)
    at runWithFiberInDEV (/home/siegfriedneto/projects/servicedeskn1/frontend/app/node_modules/react-dom/cjs/react-dom-client.development.js:874:13)
    at commitHookEffectListMount (/home/siegfriedneto/projects/servicedeskn1/frontend/app/node_modules/react-dom/cjs/react-dom-client.development.js:13249:29) [90mundefined[39m
Error: Not implemented: window.scrollTo
    at module.exports (/home/siegfriedneto/projects/servicedeskn1/frontend/app/node_modules/jsdom/lib/jsdom/browser/not-implemented.js:9:17)
    at /home/siegfriedneto/projects/servicedeskn1/frontend/app/node_modules/jsdom/lib/jsdom/browser/Window.js:960:7
    at Object.fn (file:///home/siegfriedneto/projects/servicedeskn1/frontend/app/node_modules/@tanstack/router-core/dist/esm/scroll-restoration.js:180:27)
    at RouterCore.emit (file:///home/siegfriedneto/projects/servicedeskn1/frontend/app/node_modules/@tanstack/router-core/dist/esm/router.js:178:14)
    at file:///home/siegfriedneto/projects/servicedeskn1/frontend/app/node_modules/@tanstack/react-router/dist/esm/Transitioner.js:46:25
    at settleOwner (file:///home/siegfriedneto/projects/servicedeskn1/frontend/app/node_modules/@tanstack/react-router/dist/esm/Transitioner.js:10:10)
    at file:///home/siegfriedneto/projects/servicedeskn1/frontend/app/node_modules/@tanstack/react-router/dist/esm/Matches.js:38:39
    at Object.react_stack_bottom_frame (/home/siegfriedneto/projects/servicedeskn1/frontend/app/node_modules/react-dom/cjs/react-dom-client.development.js:25989:20)
    at runWithFiberInDEV (/home/siegfriedneto/projects/servicedeskn1/frontend/app/node_modules/react-dom/cjs/react-dom-client.development.js:874:13)
    at commitHookEffectListMount (/home/siegfriedneto/projects/servicedeskn1/frontend/app/node_modules/react-dom/cjs/react-dom-client.development.js:13249:29) [90mundefined[39m
Error: Not implemented: window.scrollTo
    at module.exports (/home/siegfriedneto/projects/servicedeskn1/frontend/app/node_modules/jsdom/lib/jsdom/browser/not-implemented.js:9:17)
    at /home/siegfriedneto/projects/servicedeskn1/frontend/app/node_modules/jsdom/lib/jsdom/browser/Window.js:960:7
    at Object.fn (file:///home/siegfriedneto/projects/servicedeskn1/frontend/app/node_modules/@tanstack/router-core/dist/esm/scroll-restoration.js:180:27)
    at RouterCore.emit (file:///home/siegfriedneto/projects/servicedeskn1/frontend/app/node_modules/@tanstack/router-core/dist/esm/router.js:178:14)
    at file:///home/siegfriedneto/projects/servicedeskn1/frontend/app/node_modules/@tanstack/react-router/dist/esm/Transitioner.js:46:25
    at settleOwner (file:///home/siegfriedneto/projects/servicedeskn1/frontend/app/node_modules/@tanstack/react-router/dist/esm/Transitioner.js:10:10)
    at file:///home/siegfriedneto/projects/servicedeskn1/frontend/app/node_modules/@tanstack/react-router/dist/esm/Matches.js:38:39
    at Object.react_stack_bottom_frame (/home/siegfriedneto/projects/servicedeskn1/frontend/app/node_modules/react-dom/cjs/react-dom-client.development.js:25989:20)
    at runWithFiberInDEV (/home/siegfriedneto/projects/servicedeskn1/frontend/app/node_modules/react-dom/cjs/react-dom-client.development.js:874:13)
    at commitHookEffectListMount (/home/siegfriedneto/projects/servicedeskn1/frontend/app/node_modules/react-dom/cjs/react-dom-client.development.js:13249:29) [90mundefined[39m
Error: Not implemented: window.scrollTo
    at module.exports (/home/siegfriedneto/projects/servicedeskn1/frontend/app/node_modules/jsdom/lib/jsdom/browser/not-implemented.js:9:17)
    at /home/siegfriedneto/projects/servicedeskn1/frontend/app/node_modules/jsdom/lib/jsdom/browser/Window.js:960:7
    at Object.fn (file:///home/siegfriedneto/projects/servicedeskn1/frontend/app/node_modules/@tanstack/router-core/dist/esm/scroll-restoration.js:180:27)
    at RouterCore.emit (file:///home/siegfriedneto/projects/servicedeskn1/frontend/app/node_modules/@tanstack/router-core/dist/esm/router.js:178:14)
    at file:///home/siegfriedneto/projects/servicedeskn1/frontend/app/node_modules/@tanstack/react-router/dist/esm/Transitioner.js:46:25
    at settleOwner (file:///home/siegfriedneto/projects/servicedeskn1/frontend/app/node_modules/@tanstack/react-router/dist/esm/Transitioner.js:10:10)
    at file:///home/siegfriedneto/projects/servicedeskn1/frontend/app/node_modules/@tanstack/react-router/dist/esm/Matches.js:38:39
    at Object.react_stack_bottom_frame (/home/siegfriedneto/projects/servicedeskn1/frontend/app/node_modules/react-dom/cjs/react-dom-client.development.js:25989:20)
    at runWithFiberInDEV (/home/siegfriedneto/projects/servicedeskn1/frontend/app/node_modules/react-dom/cjs/react-dom-client.development.js:874:13)
    at commitHookEffectListMount (/home/siegfriedneto/projects/servicedeskn1/frontend/app/node_modules/react-dom/cjs/react-dom-client.development.js:13249:29) [90mundefined[39m
Error: Not implemented: window.scrollTo
    at module.exports (/home/siegfriedneto/projects/servicedeskn1/frontend/app/node_modules/jsdom/lib/jsdom/browser/not-implemented.js:9:17)
    at /home/siegfriedneto/projects/servicedeskn1/frontend/app/node_modules/jsdom/lib/jsdom/browser/Window.js:960:7
    at Object.fn (file:///home/siegfriedneto/projects/servicedeskn1/frontend/app/node_modules/@tanstack/router-core/dist/esm/scroll-restoration.js:180:27)
    at RouterCore.emit (file:///home/siegfriedneto/projects/servicedeskn1/frontend/app/node_modules/@tanstack/router-core/dist/esm/router.js:178:14)
    at file:///home/siegfriedneto/projects/servicedeskn1/frontend/app/node_modules/@tanstack/react-router/dist/esm/Transitioner.js:46:25
    at settleOwner (file:///home/siegfriedneto/projects/servicedeskn1/frontend/app/node_modules/@tanstack/react-router/dist/esm/Transitioner.js:10:10)
    at file:///home/siegfriedneto/projects/servicedeskn1/frontend/app/node_modules/@tanstack/react-router/dist/esm/Matches.js:38:39
    at Object.react_stack_bottom_frame (/home/siegfriedneto/projects/servicedeskn1/frontend/app/node_modules/react-dom/cjs/react-dom-client.development.js:25989:20)
    at runWithFiberInDEV (/home/siegfriedneto/projects/servicedeskn1/frontend/app/node_modules/react-dom/cjs/react-dom-client.development.js:874:13)
    at commitHookEffectListMount (/home/siegfriedneto/projects/servicedeskn1/frontend/app/node_modules/react-dom/cjs/react-dom-client.development.js:13249:29) [90mundefined[39m
Error: Not implemented: window.scrollTo
    at module.exports (/home/siegfriedneto/projects/servicedeskn1/frontend/app/node_modules/jsdom/lib/jsdom/browser/not-implemented.js:9:17)
    at /home/siegfriedneto/projects/servicedeskn1/frontend/app/node_modules/jsdom/lib/jsdom/browser/Window.js:960:7
    at Object.fn (file:///home/siegfriedneto/projects/servicedeskn1/frontend/app/node_modules/@tanstack/router-core/dist/esm/scroll-restoration.js:180:27)
    at RouterCore.emit (file:///home/siegfriedneto/projects/servicedeskn1/frontend/app/node_modules/@tanstack/router-core/dist/esm/router.js:178:14)
    at file:///home/siegfriedneto/projects/servicedeskn1/frontend/app/node_modules/@tanstack/react-router/dist/esm/Transitioner.js:46:25
    at settleOwner (file:///home/siegfriedneto/projects/servicedeskn1/frontend/app/node_modules/@tanstack/react-router/dist/esm/Transitioner.js:10:10)
    at file:///home/siegfriedneto/projects/servicedeskn1/frontend/app/node_modules/@tanstack/react-router/dist/esm/Matches.js:38:39
    at Object.react_stack_bottom_frame (/home/siegfriedneto/projects/servicedeskn1/frontend/app/node_modules/react-dom/cjs/react-dom-client.development.js:25989:20)
    at runWithFiberInDEV (/home/siegfriedneto/projects/servicedeskn1/frontend/app/node_modules/react-dom/cjs/react-dom-client.development.js:874:13)
    at commitHookEffectListMount (/home/siegfriedneto/projects/servicedeskn1/frontend/app/node_modules/react-dom/cjs/react-dom-client.development.js:13249:29) [90mundefined[39m
Error: Not implemented: window.scrollTo
    at module.exports (/home/siegfriedneto/projects/servicedeskn1/frontend/app/node_modules/jsdom/lib/jsdom/browser/not-implemented.js:9:17)
    at /home/siegfriedneto/projects/servicedeskn1/frontend/app/node_modules/jsdom/lib/jsdom/browser/Window.js:960:7
    at Object.fn (file:///home/siegfriedneto/projects/servicedeskn1/frontend/app/node_modules/@tanstack/router-core/dist/esm/scroll-restoration.js:180:27)
    at RouterCore.emit (file:///home/siegfriedneto/projects/servicedeskn1/frontend/app/node_modules/@tanstack/router-core/dist/esm/router.js:178:14)
    at file:///home/siegfriedneto/projects/servicedeskn1/frontend/app/node_modules/@tanstack/react-router/dist/esm/Transitioner.js:46:25
    at settleOwner (file:///home/siegfriedneto/projects/servicedeskn1/frontend/app/node_modules/@tanstack/react-router/dist/esm/Transitioner.js:10:10)
    at file:///home/siegfriedneto/projects/servicedeskn1/frontend/app/node_modules/@tanstack/react-router/dist/esm/Matches.js:38:39
    at Object.react_stack_bottom_frame (/home/siegfriedneto/projects/servicedeskn1/frontend/app/node_modules/react-dom/cjs/react-dom-client.development.js:25989:20)
    at runWithFiberInDEV (/home/siegfriedneto/projects/servicedeskn1/frontend/app/node_modules/react-dom/cjs/react-dom-client.development.js:874:13)
    at commitHookEffectListMount (/home/siegfriedneto/projects/servicedeskn1/frontend/app/node_modules/react-dom/cjs/react-dom-client.development.js:13249:29) [90mundefined[39m
Error: Not implemented: window.scrollTo
    at module.exports (/home/siegfriedneto/projects/servicedeskn1/frontend/app/node_modules/jsdom/lib/jsdom/browser/not-implemented.js:9:17)
    at /home/siegfriedneto/projects/servicedeskn1/frontend/app/node_modules/jsdom/lib/jsdom/browser/Window.js:960:7
    at Object.fn (file:///home/siegfriedneto/projects/servicedeskn1/frontend/app/node_modules/@tanstack/router-core/dist/esm/scroll-restoration.js:180:27)
    at RouterCore.emit (file:///home/siegfriedneto/projects/servicedeskn1/frontend/app/node_modules/@tanstack/router-core/dist/esm/router.js:178:14)
    at file:///home/siegfriedneto/projects/servicedeskn1/frontend/app/node_modules/@tanstack/react-router/dist/esm/Transitioner.js:46:25
    at settleOwner (file:///home/siegfriedneto/projects/servicedeskn1/frontend/app/node_modules/@tanstack/react-router/dist/esm/Transitioner.js:10:10)
    at file:///home/siegfriedneto/projects/servicedeskn1/frontend/app/node_modules/@tanstack/react-router/dist/esm/Matches.js:38:39
    at Object.react_stack_bottom_frame (/home/siegfriedneto/projects/servicedeskn1/frontend/app/node_modules/react-dom/cjs/react-dom-client.development.js:25989:20)
    at runWithFiberInDEV (/home/siegfriedneto/projects/servicedeskn1/frontend/app/node_modules/react-dom/cjs/react-dom-client.development.js:874:13)
    at commitHookEffectListMount (/home/siegfriedneto/projects/servicedeskn1/frontend/app/node_modules/react-dom/cjs/react-dom-client.development.js:13249:29) [90mundefined[39m
Error: Not implemented: window.scrollTo
    at module.exports (/home/siegfriedneto/projects/servicedeskn1/frontend/app/node_modules/jsdom/lib/jsdom/browser/not-implemented.js:9:17)
    at /home/siegfriedneto/projects/servicedeskn1/frontend/app/node_modules/jsdom/lib/jsdom/browser/Window.js:960:7
    at Object.fn (file:///home/siegfriedneto/projects/servicedeskn1/frontend/app/node_modules/@tanstack/router-core/dist/esm/scroll-restoration.js:180:27)
    at RouterCore.emit (file:///home/siegfriedneto/projects/servicedeskn1/frontend/app/node_modules/@tanstack/router-core/dist/esm/router.js:178:14)
    at file:///home/siegfriedneto/projects/servicedeskn1/frontend/app/node_modules/@tanstack/react-router/dist/esm/Transitioner.js:46:25
    at settleOwner (file:///home/siegfriedneto/projects/servicedeskn1/frontend/app/node_modules/@tanstack/react-router/dist/esm/Transitioner.js:10:10)
    at file:///home/siegfriedneto/projects/servicedeskn1/frontend/app/node_modules/@tanstack/react-router/dist/esm/Matches.js:38:39
    at Object.react_stack_bottom_frame (/home/siegfriedneto/projects/servicedeskn1/frontend/app/node_modules/react-dom/cjs/react-dom-client.development.js:25989:20)
    at runWithFiberInDEV (/home/siegfriedneto/projects/servicedeskn1/frontend/app/node_modules/react-dom/cjs/react-dom-client.development.js:874:13)
    at commitHookEffectListMount (/home/siegfriedneto/projects/servicedeskn1/frontend/app/node_modules/react-dom/cjs/react-dom-client.development.js:13249:29) [90mundefined[39m
Error: Not implemented: window.scrollTo
    at module.exports (/home/siegfriedneto/projects/servicedeskn1/frontend/app/node_modules/jsdom/lib/jsdom/browser/not-implemented.js:9:17)
    at /home/siegfriedneto/projects/servicedeskn1/frontend/app/node_modules/jsdom/lib/jsdom/browser/Window.js:960:7
    at Object.fn (file:///home/siegfriedneto/projects/servicedeskn1/frontend/app/node_modules/@tanstack/router-core/dist/esm/scroll-restoration.js:180:27)
    at RouterCore.emit (file:///home/siegfriedneto/projects/servicedeskn1/frontend/app/node_modules/@tanstack/router-core/dist/esm/router.js:178:14)
    at file:///home/siegfriedneto/projects/servicedeskn1/frontend/app/node_modules/@tanstack/react-router/dist/esm/Transitioner.js:46:25
    at settleOwner (file:///home/siegfriedneto/projects/servicedeskn1/frontend/app/node_modules/@tanstack/react-router/dist/esm/Transitioner.js:10:10)
    at file:///home/siegfriedneto/projects/servicedeskn1/frontend/app/node_modules/@tanstack/react-router/dist/esm/Matches.js:38:39
    at Object.react_stack_bottom_frame (/home/siegfriedneto/projects/servicedeskn1/frontend/app/node_modules/react-dom/cjs/react-dom-client.development.js:25989:20)
    at runWithFiberInDEV (/home/siegfriedneto/projects/servicedeskn1/frontend/app/node_modules/react-dom/cjs/react-dom-client.development.js:874:13)
    at commitHookEffectListMount (/home/siegfriedneto/projects/servicedeskn1/frontend/app/node_modules/react-dom/cjs/react-dom-client.development.js:13249:29) [90mundefined[39m
Error: Not implemented: window.scrollTo
    at module.exports (/home/siegfriedneto/projects/servicedeskn1/frontend/app/node_modules/jsdom/lib/jsdom/browser/not-implemented.js:9:17)
    at /home/siegfriedneto/projects/servicedeskn1/frontend/app/node_modules/jsdom/lib/jsdom/browser/Window.js:960:7
    at Object.fn (file:///home/siegfriedneto/projects/servicedeskn1/frontend/app/node_modules/@tanstack/router-core/dist/esm/scroll-restoration.js:180:27)
    at RouterCore.emit (file:///home/siegfriedneto/projects/servicedeskn1/frontend/app/node_modules/@tanstack/router-core/dist/esm/router.js:178:14)
    at file:///home/siegfriedneto/projects/servicedeskn1/frontend/app/node_modules/@tanstack/react-router/dist/esm/Transitioner.js:46:25
    at settleOwner (file:///home/siegfriedneto/projects/servicedeskn1/frontend/app/node_modules/@tanstack/react-router/dist/esm/Transitioner.js:10:10)
    at file:///home/siegfriedneto/projects/servicedeskn1/frontend/app/node_modules/@tanstack/react-router/dist/esm/Matches.js:38:39
    at Object.react_stack_bottom_frame (/home/siegfriedneto/projects/servicedeskn1/frontend/app/node_modules/react-dom/cjs/react-dom-client.development.js:25989:20)
    at runWithFiberInDEV (/home/siegfriedneto/projects/servicedeskn1/frontend/app/node_modules/react-dom/cjs/react-dom-client.development.js:874:13)
    at commitHookEffectListMount (/home/siegfriedneto/projects/servicedeskn1/frontend/app/node_modules/react-dom/cjs/react-dom-client.development.js:13249:29) [90mundefined[39m
Error: Not implemented: window.scrollTo
    at module.exports (/home/siegfriedneto/projects/servicedeskn1/frontend/app/node_modules/jsdom/lib/jsdom/browser/not-implemented.js:9:17)
    at /home/siegfriedneto/projects/servicedeskn1/frontend/app/node_modules/jsdom/lib/jsdom/browser/Window.js:960:7
    at Object.fn (file:///home/siegfriedneto/projects/servicedeskn1/frontend/app/node_modules/@tanstack/router-core/dist/esm/scroll-restoration.js:180:27)
    at RouterCore.emit (file:///home/siegfriedneto/projects/servicedeskn1/frontend/app/node_modules/@tanstack/router-core/dist/esm/router.js:178:14)
    at file:///home/siegfriedneto/projects/servicedeskn1/frontend/app/node_modules/@tanstack/react-router/dist/esm/Transitioner.js:46:25
    at settleOwner (file:///home/siegfriedneto/projects/servicedeskn1/frontend/app/node_modules/@tanstack/react-router/dist/esm/Transitioner.js:10:10)
    at file:///home/siegfriedneto/projects/servicedeskn1/frontend/app/node_modules/@tanstack/react-router/dist/esm/Matches.js:38:39
    at Object.react_stack_bottom_frame (/home/siegfriedneto/projects/servicedeskn1/frontend/app/node_modules/react-dom/cjs/react-dom-client.development.js:25989:20)
    at runWithFiberInDEV (/home/siegfriedneto/projects/servicedeskn1/frontend/app/node_modules/react-dom/cjs/react-dom-client.development.js:874:13)
    at commitHookEffectListMount (/home/siegfriedneto/projects/servicedeskn1/frontend/app/node_modules/react-dom/cjs/react-dom-client.development.js:13249:29) [90mundefined[39m
Error: Not implemented: window.scrollTo
    at module.exports (/home/siegfriedneto/projects/servicedeskn1/frontend/app/node_modules/jsdom/lib/jsdom/browser/not-implemented.js:9:17)
    at /home/siegfriedneto/projects/servicedeskn1/frontend/app/node_modules/jsdom/lib/jsdom/browser/Window.js:960:7
    at Object.fn (file:///home/siegfriedneto/projects/servicedeskn1/frontend/app/node_modules/@tanstack/router-core/dist/esm/scroll-restoration.js:180:27)
    at RouterCore.emit (file:///home/siegfriedneto/projects/servicedeskn1/frontend/app/node_modules/@tanstack/router-core/dist/esm/router.js:178:14)
    at file:///home/siegfriedneto/projects/servicedeskn1/frontend/app/node_modules/@tanstack/react-router/dist/esm/Transitioner.js:46:25
    at settleOwner (file:///home/siegfriedneto/projects/servicedeskn1/frontend/app/node_modules/@tanstack/react-router/dist/esm/Transitioner.js:10:10)
    at file:///home/siegfriedneto/projects/servicedeskn1/frontend/app/node_modules/@tanstack/react-router/dist/esm/Matches.js:38:39
    at Object.react_stack_bottom_frame (/home/siegfriedneto/projects/servicedeskn1/frontend/app/node_modules/react-dom/cjs/react-dom-client.development.js:25989:20)
    at runWithFiberInDEV (/home/siegfriedneto/projects/servicedeskn1/frontend/app/node_modules/react-dom/cjs/react-dom-client.development.js:874:13)
    at commitHookEffectListMount (/home/siegfriedneto/projects/servicedeskn1/frontend/app/node_modules/react-dom/cjs/react-dom-client.development.js:13249:29) [90mundefined[39m
Error: Not implemented: window.scrollTo
    at module.exports (/home/siegfriedneto/projects/servicedeskn1/frontend/app/node_modules/jsdom/lib/jsdom/browser/not-implemented.js:9:17)
    at /home/siegfriedneto/projects/servicedeskn1/frontend/app/node_modules/jsdom/lib/jsdom/browser/Window.js:960:7
    at Object.fn (file:///home/siegfriedneto/projects/servicedeskn1/frontend/app/node_modules/@tanstack/router-core/dist/esm/scroll-restoration.js:180:27)
    at RouterCore.emit (file:///home/siegfriedneto/projects/servicedeskn1/frontend/app/node_modules/@tanstack/router-core/dist/esm/router.js:178:14)
    at file:///home/siegfriedneto/projects/servicedeskn1/frontend/app/node_modules/@tanstack/react-router/dist/esm/Transitioner.js:46:25
    at settleOwner (file:///home/siegfriedneto/projects/servicedeskn1/frontend/app/node_modules/@tanstack/react-router/dist/esm/Transitioner.js:10:10)
    at file:///home/siegfriedneto/projects/servicedeskn1/frontend/app/node_modules/@tanstack/react-router/dist/esm/Matches.js:38:39
    at Object.react_stack_bottom_frame (/home/siegfriedneto/projects/servicedeskn1/frontend/app/node_modules/react-dom/cjs/react-dom-client.development.js:25989:20)
    at runWithFiberInDEV (/home/siegfriedneto/projects/servicedeskn1/frontend/app/node_modules/react-dom/cjs/react-dom-client.development.js:874:13)
    at commitHookEffectListMount (/home/siegfriedneto/projects/servicedeskn1/frontend/app/node_modules/react-dom/cjs/react-dom-client.development.js:13249:29) [90mundefined[39m
Error: Not implemented: window.scrollTo
    at module.exports (/home/siegfriedneto/projects/servicedeskn1/frontend/app/node_modules/jsdom/lib/jsdom/browser/not-implemented.js:9:17)
    at /home/siegfriedneto/projects/servicedeskn1/frontend/app/node_modules/jsdom/lib/jsdom/browser/Window.js:960:7
    at Object.fn (file:///home/siegfriedneto/projects/servicedeskn1/frontend/app/node_modules/@tanstack/router-core/dist/esm/scroll-restoration.js:180:27)
    at RouterCore.emit (file:///home/siegfriedneto/projects/servicedeskn1/frontend/app/node_modules/@tanstack/router-core/dist/esm/router.js:178:14)
    at file:///home/siegfriedneto/projects/servicedeskn1/frontend/app/node_modules/@tanstack/react-router/dist/esm/Transitioner.js:46:25
    at settleOwner (file:///home/siegfriedneto/projects/servicedeskn1/frontend/app/node_modules/@tanstack/react-router/dist/esm/Transitioner.js:10:10)
    at file:///home/siegfriedneto/projects/servicedeskn1/frontend/app/node_modules/@tanstack/react-router/dist/esm/Matches.js:38:39
    at Object.react_stack_bottom_frame (/home/siegfriedneto/projects/servicedeskn1/frontend/app/node_modules/react-dom/cjs/react-dom-client.development.js:25989:20)
    at runWithFiberInDEV (/home/siegfriedneto/projects/servicedeskn1/frontend/app/node_modules/react-dom/cjs/react-dom-client.development.js:874:13)
    at commitHookEffectListMount (/home/siegfriedneto/projects/servicedeskn1/frontend/app/node_modules/react-dom/cjs/react-dom-client.development.js:13249:29) [90mundefined[39m
Error: Not implemented: window.scrollTo
    at module.exports (/home/siegfriedneto/projects/servicedeskn1/frontend/app/node_modules/jsdom/lib/jsdom/browser/not-implemented.js:9:17)
    at /home/siegfriedneto/projects/servicedeskn1/frontend/app/node_modules/jsdom/lib/jsdom/browser/Window.js:960:7
    at Object.fn (file:///home/siegfriedneto/projects/servicedeskn1/frontend/app/node_modules/@tanstack/router-core/dist/esm/scroll-restoration.js:180:27)
    at RouterCore.emit (file:///home/siegfriedneto/projects/servicedeskn1/frontend/app/node_modules/@tanstack/router-core/dist/esm/router.js:178:14)
    at file:///home/siegfriedneto/projects/servicedeskn1/frontend/app/node_modules/@tanstack/react-router/dist/esm/Transitioner.js:46:25
    at settleOwner (file:///home/siegfriedneto/projects/servicedeskn1/frontend/app/node_modules/@tanstack/react-router/dist/esm/Transitioner.js:10:10)
    at file:///home/siegfriedneto/projects/servicedeskn1/frontend/app/node_modules/@tanstack/react-router/dist/esm/Matches.js:38:39
    at Object.react_stack_bottom_frame (/home/siegfriedneto/projects/servicedeskn1/frontend/app/node_modules/react-dom/cjs/react-dom-client.development.js:25989:20)
    at runWithFiberInDEV (/home/siegfriedneto/projects/servicedeskn1/frontend/app/node_modules/react-dom/cjs/react-dom-client.development.js:874:13)
    at commitHookEffectListMount (/home/siegfriedneto/projects/servicedeskn1/frontend/app/node_modules/react-dom/cjs/react-dom-client.development.js:13249:29) [90mundefined[39m
Error: Not implemented: window.scrollTo
    at module.exports (/home/siegfriedneto/projects/servicedeskn1/frontend/app/node_modules/jsdom/lib/jsdom/browser/not-implemented.js:9:17)
    at /home/siegfriedneto/projects/servicedeskn1/frontend/app/node_modules/jsdom/lib/jsdom/browser/Window.js:960:7
    at Object.fn (file:///home/siegfriedneto/projects/servicedeskn1/frontend/app/node_modules/@tanstack/router-core/dist/esm/scroll-restoration.js:180:27)
    at RouterCore.emit (file:///home/siegfriedneto/projects/servicedeskn1/frontend/app/node_modules/@tanstack/router-core/dist/esm/router.js:178:14)
    at file:///home/siegfriedneto/projects/servicedeskn1/frontend/app/node_modules/@tanstack/react-router/dist/esm/Transitioner.js:46:25
    at settleOwner (file:///home/siegfriedneto/projects/servicedeskn1/frontend/app/node_modules/@tanstack/react-router/dist/esm/Transitioner.js:10:10)
    at file:///home/siegfriedneto/projects/servicedeskn1/frontend/app/node_modules/@tanstack/react-router/dist/esm/Matches.js:38:39
    at Object.react_stack_bottom_frame (/home/siegfriedneto/projects/servicedeskn1/frontend/app/node_modules/react-dom/cjs/react-dom-client.development.js:25989:20)
    at runWithFiberInDEV (/home/siegfriedneto/projects/servicedeskn1/frontend/app/node_modules/react-dom/cjs/react-dom-client.development.js:874:13)
    at commitHookEffectListMount (/home/siegfriedneto/projects/servicedeskn1/frontend/app/node_modules/react-dom/cjs/react-dom-client.development.js:13249:29) [90mundefined[39m
 ❯ src/hooks/use-case-simulation-cockpit-evaluations.spec.ts (9 tests | 1 failed) 1392ms
     × opens the Detail region for a hypothesis's evaluation from a single-hypothesis run, exactly as it would from a full-case run 129ms
Error: Not implemented: window.scrollTo
    at module.exports (/home/siegfriedneto/projects/servicedeskn1/frontend/app/node_modules/jsdom/lib/jsdom/browser/not-implemented.js:9:17)
    at /home/siegfriedneto/projects/servicedeskn1/frontend/app/node_modules/jsdom/lib/jsdom/browser/Window.js:960:7
    at Object.fn (file:///home/siegfriedneto/projects/servicedeskn1/frontend/app/node_modules/@tanstack/router-core/dist/esm/scroll-restoration.js:180:27)
    at RouterCore.emit (file:///home/siegfriedneto/projects/servicedeskn1/frontend/app/node_modules/@tanstack/router-core/dist/esm/router.js:178:14)
    at file:///home/siegfriedneto/projects/servicedeskn1/frontend/app/node_modules/@tanstack/react-router/dist/esm/Transitioner.js:46:25
    at settleOwner (file:///home/siegfriedneto/projects/servicedeskn1/frontend/app/node_modules/@tanstack/react-router/dist/esm/Transitioner.js:10:10)
    at file:///home/siegfriedneto/projects/servicedeskn1/frontend/app/node_modules/@tanstack/react-router/dist/esm/Matches.js:38:39
    at Object.react_stack_bottom_frame (/home/siegfriedneto/projects/servicedeskn1/frontend/app/node_modules/react-dom/cjs/react-dom-client.development.js:25989:20)
    at runWithFiberInDEV (/home/siegfriedneto/projects/servicedeskn1/frontend/app/node_modules/react-dom/cjs/react-dom-client.development.js:874:13)
    at commitHookEffectListMount (/home/siegfriedneto/projects/servicedeskn1/frontend/app/node_modules/react-dom/cjs/react-dom-client.development.js:13249:29) [90mundefined[39m
Error: Not implemented: window.scrollTo
    at module.exports (/home/siegfriedneto/projects/servicedeskn1/frontend/app/node_modules/jsdom/lib/jsdom/browser/not-implemented.js:9:17)
    at /home/siegfriedneto/projects/servicedeskn1/frontend/app/node_modules/jsdom/lib/jsdom/browser/Window.js:960:7
    at Object.fn (file:///home/siegfriedneto/projects/servicedeskn1/frontend/app/node_modules/@tanstack/router-core/dist/esm/scroll-restoration.js:180:27)
    at RouterCore.emit (file:///home/siegfriedneto/projects/servicedeskn1/frontend/app/node_modules/@tanstack/router-core/dist/esm/router.js:178:14)
    at file:///home/siegfriedneto/projects/servicedeskn1/frontend/app/node_modules/@tanstack/react-router/dist/esm/Transitioner.js:46:25
    at settleOwner (file:///home/siegfriedneto/projects/servicedeskn1/frontend/app/node_modules/@tanstack/react-router/dist/esm/Transitioner.js:10:10)
    at file:///home/siegfriedneto/projects/servicedeskn1/frontend/app/node_modules/@tanstack/react-router/dist/esm/Matches.js:38:39
    at Object.react_stack_bottom_frame (/home/siegfriedneto/projects/servicedeskn1/frontend/app/node_modules/react-dom/cjs/react-dom-client.development.js:25989:20)
    at runWithFiberInDEV (/home/siegfriedneto/projects/servicedeskn1/frontend/app/node_modules/react-dom/cjs/react-dom-client.development.js:874:13)
    at commitHookEffectListMount (/home/siegfriedneto/projects/servicedeskn1/frontend/app/node_modules/react-dom/cjs/react-dom-client.development.js:13249:29) [90mundefined[39m
Error: Not implemented: window.scrollTo
    at module.exports (/home/siegfriedneto/projects/servicedeskn1/frontend/app/node_modules/jsdom/lib/jsdom/browser/not-implemented.js:9:17)
    at /home/siegfriedneto/projects/servicedeskn1/frontend/app/node_modules/jsdom/lib/jsdom/browser/Window.js:960:7
    at Object.fn (file:///home/siegfriedneto/projects/servicedeskn1/frontend/app/node_modules/@tanstack/router-core/dist/esm/scroll-restoration.js:180:27)
    at RouterCore.emit (file:///home/siegfriedneto/projects/servicedeskn1/frontend/app/node_modules/@tanstack/router-core/dist/esm/router.js:178:14)
    at file:///home/siegfriedneto/projects/servicedeskn1/frontend/app/node_modules/@tanstack/react-router/dist/esm/Transitioner.js:46:25
    at settleOwner (file:///home/siegfriedneto/projects/servicedeskn1/frontend/app/node_modules/@tanstack/react-router/dist/esm/Transitioner.js:10:10)
    at file:///home/siegfriedneto/projects/servicedeskn1/frontend/app/node_modules/@tanstack/react-router/dist/esm/Matches.js:38:39
    at Object.react_stack_bottom_frame (/home/siegfriedneto/projects/servicedeskn1/frontend/app/node_modules/react-dom/cjs/react-dom-client.development.js:25989:20)
    at runWithFiberInDEV (/home/siegfriedneto/projects/servicedeskn1/frontend/app/node_modules/react-dom/cjs/react-dom-client.development.js:874:13)
    at commitHookEffectListMount (/home/siegfriedneto/projects/servicedeskn1/frontend/app/node_modules/react-dom/cjs/react-dom-client.development.js:13249:29) [90mundefined[39m
Error: Not implemented: window.scrollTo
    at module.exports (/home/siegfriedneto/projects/servicedeskn1/frontend/app/node_modules/jsdom/lib/jsdom/browser/not-implemented.js:9:17)
    at /home/siegfriedneto/projects/servicedeskn1/frontend/app/node_modules/jsdom/lib/jsdom/browser/Window.js:960:7
    at Object.fn (file:///home/siegfriedneto/projects/servicedeskn1/frontend/app/node_modules/@tanstack/router-core/dist/esm/scroll-restoration.js:180:27)
    at RouterCore.emit (file:///home/siegfriedneto/projects/servicedeskn1/frontend/app/node_modules/@tanstack/router-core/dist/esm/router.js:178:14)
    at file:///home/siegfriedneto/projects/servicedeskn1/frontend/app/node_modules/@tanstack/react-router/dist/esm/Transitioner.js:46:25
    at settleOwner (file:///home/siegfriedneto/projects/servicedeskn1/frontend/app/node_modules/@tanstack/react-router/dist/esm/Transitioner.js:10:10)
    at file:///home/siegfriedneto/projects/servicedeskn1/frontend/app/node_modules/@tanstack/react-router/dist/esm/Matches.js:38:39
    at Object.react_stack_bottom_frame (/home/siegfriedneto/projects/servicedeskn1/frontend/app/node_modules/react-dom/cjs/react-dom-client.development.js:25989:20)
    at runWithFiberInDEV (/home/siegfriedneto/projects/servicedeskn1/frontend/app/node_modules/react-dom/cjs/react-dom-client.development.js:874:13)
    at commitHookEffectListMount (/home/siegfriedneto/projects/servicedeskn1/frontend/app/node_modules/react-dom/cjs/react-dom-client.development.js:13249:29) [90mundefined[39m
Error: Not implemented: window.scrollTo
    at module.exports (/home/siegfriedneto/projects/servicedeskn1/frontend/app/node_modules/jsdom/lib/jsdom/browser/not-implemented.js:9:17)
    at /home/siegfriedneto/projects/servicedeskn1/frontend/app/node_modules/jsdom/lib/jsdom/browser/Window.js:960:7
    at Object.fn (file:///home/siegfriedneto/projects/servicedeskn1/frontend/app/node_modules/@tanstack/router-core/dist/esm/scroll-restoration.js:180:27)
    at RouterCore.emit (file:///home/siegfriedneto/projects/servicedeskn1/frontend/app/node_modules/@tanstack/router-core/dist/esm/router.js:178:14)
    at file:///home/siegfriedneto/projects/servicedeskn1/frontend/app/node_modules/@tanstack/react-router/dist/esm/Transitioner.js:46:25
    at settleOwner (file:///home/siegfriedneto/projects/servicedeskn1/frontend/app/node_modules/@tanstack/react-router/dist/esm/Transitioner.js:10:10)
    at file:///home/siegfriedneto/projects/servicedeskn1/frontend/app/node_modules/@tanstack/react-router/dist/esm/Matches.js:38:39
    at Object.react_stack_bottom_frame (/home/siegfriedneto/projects/servicedeskn1/frontend/app/node_modules/react-dom/cjs/react-dom-client.development.js:25989:20)
    at runWithFiberInDEV (/home/siegfriedneto/projects/servicedeskn1/frontend/app/node_modules/react-dom/cjs/react-dom-client.development.js:874:13)
    at commitHookEffectListMount (/home/siegfriedneto/projects/servicedeskn1/frontend/app/node_modules/react-dom/cjs/react-dom-client.development.js:13249:29) [90mundefined[39m
Error: Not implemented: window.scrollTo
    at module.exports (/home/siegfriedneto/projects/servicedeskn1/frontend/app/node_modules/jsdom/lib/jsdom/browser/not-implemented.js:9:17)
    at /home/siegfriedneto/projects/servicedeskn1/frontend/app/node_modules/jsdom/lib/jsdom/browser/Window.js:960:7
    at Object.fn (file:///home/siegfriedneto/projects/servicedeskn1/frontend/app/node_modules/@tanstack/router-core/dist/esm/scroll-restoration.js:180:27)
    at RouterCore.emit (file:///home/siegfriedneto/projects/servicedeskn1/frontend/app/node_modules/@tanstack/router-core/dist/esm/router.js:178:14)
    at file:///home/siegfriedneto/projects/servicedeskn1/frontend/app/node_modules/@tanstack/react-router/dist/esm/Transitioner.js:46:25
    at settleOwner (file:///home/siegfriedneto/projects/servicedeskn1/frontend/app/node_modules/@tanstack/react-router/dist/esm/Transitioner.js:10:10)
    at file:///home/siegfriedneto/projects/servicedeskn1/frontend/app/node_modules/@tanstack/react-router/dist/esm/Matches.js:38:39
    at Object.react_stack_bottom_frame (/home/siegfriedneto/projects/servicedeskn1/frontend/app/node_modules/react-dom/cjs/react-dom-client.development.js:25989:20)
    at runWithFiberInDEV (/home/siegfriedneto/projects/servicedeskn1/frontend/app/node_modules/react-dom/cjs/react-dom-client.development.js:874:13)
    at commitHookEffectListMount (/home/siegfriedneto/projects/servicedeskn1/frontend/app/node_modules/react-dom/cjs/react-dom-client.development.js:13249:29) [90mundefined[39m
Error: Not implemented: window.scrollTo
    at module.exports (/home/siegfriedneto/projects/servicedeskn1/frontend/app/node_modules/jsdom/lib/jsdom/browser/not-implemented.js:9:17)
    at /home/siegfriedneto/projects/servicedeskn1/frontend/app/node_modules/jsdom/lib/jsdom/browser/Window.js:960:7
    at Object.fn (file:///home/siegfriedneto/projects/servicedeskn1/frontend/app/node_modules/@tanstack/router-core/dist/esm/scroll-restoration.js:180:27)
    at RouterCore.emit (file:///home/siegfriedneto/projects/servicedeskn1/frontend/app/node_modules/@tanstack/router-core/dist/esm/router.js:178:14)
    at file:///home/siegfriedneto/projects/servicedeskn1/frontend/app/node_modules/@tanstack/react-router/dist/esm/Transitioner.js:46:25
    at settleOwner (file:///home/siegfriedneto/projects/servicedeskn1/frontend/app/node_modules/@tanstack/react-router/dist/esm/Transitioner.js:10:10)
    at file:///home/siegfriedneto/projects/servicedeskn1/frontend/app/node_modules/@tanstack/react-router/dist/esm/Matches.js:38:39
    at Object.react_stack_bottom_frame (/home/siegfriedneto/projects/servicedeskn1/frontend/app/node_modules/react-dom/cjs/react-dom-client.development.js:25989:20)
    at runWithFiberInDEV (/home/siegfriedneto/projects/servicedeskn1/frontend/app/node_modules/react-dom/cjs/react-dom-client.development.js:874:13)
    at commitHookEffectListMount (/home/siegfriedneto/projects/servicedeskn1/frontend/app/node_modules/react-dom/cjs/react-dom-client.development.js:13249:29) [90mundefined[39m
Error: Not implemented: window.scrollTo
    at module.exports (/home/siegfriedneto/projects/servicedeskn1/frontend/app/node_modules/jsdom/lib/jsdom/browser/not-implemented.js:9:17)
    at /home/siegfriedneto/projects/servicedeskn1/frontend/app/node_modules/jsdom/lib/jsdom/browser/Window.js:960:7
    at Object.fn (file:///home/siegfriedneto/projects/servicedeskn1/frontend/app/node_modules/@tanstack/router-core/dist/esm/scroll-restoration.js:180:27)
    at RouterCore.emit (file:///home/siegfriedneto/projects/servicedeskn1/frontend/app/node_modules/@tanstack/router-core/dist/esm/router.js:178:14)
    at file:///home/siegfriedneto/projects/servicedeskn1/frontend/app/node_modules/@tanstack/react-router/dist/esm/Transitioner.js:46:25
    at settleOwner (file:///home/siegfriedneto/projects/servicedeskn1/frontend/app/node_modules/@tanstack/react-router/dist/esm/Transitioner.js:10:10)
    at file:///home/siegfriedneto/projects/servicedeskn1/frontend/app/node_modules/@tanstack/react-router/dist/esm/Matches.js:38:39
    at Object.react_stack_bottom_frame (/home/siegfriedneto/projects/servicedeskn1/frontend/app/node_modules/react-dom/cjs/react-dom-client.development.js:25989:20)
    at runWithFiberInDEV (/home/siegfriedneto/projects/servicedeskn1/frontend/app/node_modules/react-dom/cjs/react-dom-client.development.js:874:13)
    at commitHookEffectListMount (/home/siegfriedneto/projects/servicedeskn1/frontend/app/node_modules/react-dom/cjs/react-dom-client.development.js:13249:29) [90mundefined[39m
Error: Not implemented: window.scrollTo
    at module.exports (/home/siegfriedneto/projects/servicedeskn1/frontend/app/node_modules/jsdom/lib/jsdom/browser/not-implemented.js:9:17)
    at /home/siegfriedneto/projects/servicedeskn1/frontend/app/node_modules/jsdom/lib/jsdom/browser/Window.js:960:7
    at Object.fn (file:///home/siegfriedneto/projects/servicedeskn1/frontend/app/node_modules/@tanstack/router-core/dist/esm/scroll-restoration.js:180:27)
    at RouterCore.emit (file:///home/siegfriedneto/projects/servicedeskn1/frontend/app/node_modules/@tanstack/router-core/dist/esm/router.js:178:14)
    at file:///home/siegfriedneto/projects/servicedeskn1/frontend/app/node_modules/@tanstack/react-router/dist/esm/Transitioner.js:46:25
    at settleOwner (file:///home/siegfriedneto/projects/servicedeskn1/frontend/app/node_modules/@tanstack/react-router/dist/esm/Transitioner.js:10:10)
    at file:///home/siegfriedneto/projects/servicedeskn1/frontend/app/node_modules/@tanstack/react-router/dist/esm/Matches.js:38:39
    at Object.react_stack_bottom_frame (/home/siegfriedneto/projects/servicedeskn1/frontend/app/node_modules/react-dom/cjs/react-dom-client.development.js:25989:20)
    at runWithFiberInDEV (/home/siegfriedneto/projects/servicedeskn1/frontend/app/node_modules/react-dom/cjs/react-dom-client.development.js:874:13)
    at commitHookEffectListMount (/home/siegfriedneto/projects/servicedeskn1/frontend/app/node_modules/react-dom/cjs/react-dom-client.development.js:13249:29) [90mundefined[39m
Error: Not implemented: window.scrollTo
    at module.exports (/home/siegfriedneto/projects/servicedeskn1/frontend/app/node_modules/jsdom/lib/jsdom/browser/not-implemented.js:9:17)
    at /home/siegfriedneto/projects/servicedeskn1/frontend/app/node_modules/jsdom/lib/jsdom/browser/Window.js:960:7
    at Object.fn (file:///home/siegfriedneto/projects/servicedeskn1/frontend/app/node_modules/@tanstack/router-core/dist/esm/scroll-restoration.js:180:27)
    at RouterCore.emit (file:///home/siegfriedneto/projects/servicedeskn1/frontend/app/node_modules/@tanstack/router-core/dist/esm/router.js:178:14)
    at file:///home/siegfriedneto/projects/servicedeskn1/frontend/app/node_modules/@tanstack/react-router/dist/esm/Transitioner.js:46:25
    at settleOwner (file:///home/siegfriedneto/projects/servicedeskn1/frontend/app/node_modules/@tanstack/react-router/dist/esm/Transitioner.js:10:10)
    at file:///home/siegfriedneto/projects/servicedeskn1/frontend/app/node_modules/@tanstack/react-router/dist/esm/Matches.js:38:39
    at Object.react_stack_bottom_frame (/home/siegfriedneto/projects/servicedeskn1/frontend/app/node_modules/react-dom/cjs/react-dom-client.development.js:25989:20)
    at runWithFiberInDEV (/home/siegfriedneto/projects/servicedeskn1/frontend/app/node_modules/react-dom/cjs/react-dom-client.development.js:874:13)
    at commitHookEffectListMount (/home/siegfriedneto/projects/servicedeskn1/frontend/app/node_modules/react-dom/cjs/react-dom-client.development.js:13249:29) [90mundefined[39m
Error: Not implemented: window.scrollTo
    at module.exports (/home/siegfriedneto/projects/servicedeskn1/frontend/app/node_modules/jsdom/lib/jsdom/browser/not-implemented.js:9:17)
    at /home/siegfriedneto/projects/servicedeskn1/frontend/app/node_modules/jsdom/lib/jsdom/browser/Window.js:960:7
    at Object.fn (file:///home/siegfriedneto/projects/servicedeskn1/frontend/app/node_modules/@tanstack/router-core/dist/esm/scroll-restoration.js:180:27)
    at RouterCore.emit (file:///home/siegfriedneto/projects/servicedeskn1/frontend/app/node_modules/@tanstack/router-core/dist/esm/router.js:178:14)
    at file:///home/siegfriedneto/projects/servicedeskn1/frontend/app/node_modules/@tanstack/react-router/dist/esm/Transitioner.js:46:25
    at settleOwner (file:///home/siegfriedneto/projects/servicedeskn1/frontend/app/node_modules/@tanstack/react-router/dist/esm/Transitioner.js:10:10)
    at file:///home/siegfriedneto/projects/servicedeskn1/frontend/app/node_modules/@tanstack/react-router/dist/esm/Matches.js:38:39
    at Object.react_stack_bottom_frame (/home/siegfriedneto/projects/servicedeskn1/frontend/app/node_modules/react-dom/cjs/react-dom-client.development.js:25989:20)
    at runWithFiberInDEV (/home/siegfriedneto/projects/servicedeskn1/frontend/app/node_modules/react-dom/cjs/react-dom-client.development.js:874:13)
    at commitHookEffectListMount (/home/siegfriedneto/projects/servicedeskn1/frontend/app/node_modules/react-dom/cjs/react-dom-client.development.js:13249:29) [90mundefined[39m
Error: Not implemented: window.scrollTo
    at module.exports (/home/siegfriedneto/projects/servicedeskn1/frontend/app/node_modules/jsdom/lib/jsdom/browser/not-implemented.js:9:17)
    at /home/siegfriedneto/projects/servicedeskn1/frontend/app/node_modules/jsdom/lib/jsdom/browser/Window.js:960:7
    at Object.fn (file:///home/siegfriedneto/projects/servicedeskn1/frontend/app/node_modules/@tanstack/router-core/dist/esm/scroll-restoration.js:180:27)
    at RouterCore.emit (file:///home/siegfriedneto/projects/servicedeskn1/frontend/app/node_modules/@tanstack/router-core/dist/esm/router.js:178:14)
    at file:///home/siegfriedneto/projects/servicedeskn1/frontend/app/node_modules/@tanstack/react-router/dist/esm/Transitioner.js:46:25
    at settleOwner (file:///home/siegfriedneto/projects/servicedeskn1/frontend/app/node_modules/@tanstack/react-router/dist/esm/Transitioner.js:10:10)
    at file:///home/siegfriedneto/projects/servicedeskn1/frontend/app/node_modules/@tanstack/react-router/dist/esm/Matches.js:38:39
    at Object.react_stack_bottom_frame (/home/siegfriedneto/projects/servicedeskn1/frontend/app/node_modules/react-dom/cjs/react-dom-client.development.js:25989:20)
    at runWithFiberInDEV (/home/siegfriedneto/projects/servicedeskn1/frontend/app/node_modules/react-dom/cjs/react-dom-client.development.js:874:13)
    at commitHookEffectListMount (/home/siegfriedneto/projects/servicedeskn1/frontend/app/node_modules/react-dom/cjs/react-dom-client.development.js:13249:29) [90mundefined[39m
Error: Not implemented: window.scrollTo
    at module.exports (/home/siegfriedneto/projects/servicedeskn1/frontend/app/node_modules/jsdom/lib/jsdom/browser/not-implemented.js:9:17)
    at /home/siegfriedneto/projects/servicedeskn1/frontend/app/node_modules/jsdom/lib/jsdom/browser/Window.js:960:7
    at Object.fn (file:///home/siegfriedneto/projects/servicedeskn1/frontend/app/node_modules/@tanstack/router-core/dist/esm/scroll-restoration.js:180:27)
    at RouterCore.emit (file:///home/siegfriedneto/projects/servicedeskn1/frontend/app/node_modules/@tanstack/router-core/dist/esm/router.js:178:14)
    at file:///home/siegfriedneto/projects/servicedeskn1/frontend/app/node_modules/@tanstack/react-router/dist/esm/Transitioner.js:46:25
    at settleOwner (file:///home/siegfriedneto/projects/servicedeskn1/frontend/app/node_modules/@tanstack/react-router/dist/esm/Transitioner.js:10:10)
    at file:///home/siegfriedneto/projects/servicedeskn1/frontend/app/node_modules/@tanstack/react-router/dist/esm/Matches.js:38:39
    at Object.react_stack_bottom_frame (/home/siegfriedneto/projects/servicedeskn1/frontend/app/node_modules/react-dom/cjs/react-dom-client.development.js:25989:20)
    at runWithFiberInDEV (/home/siegfriedneto/projects/servicedeskn1/frontend/app/node_modules/react-dom/cjs/react-dom-client.development.js:874:13)
    at commitHookEffectListMount (/home/siegfriedneto/projects/servicedeskn1/frontend/app/node_modules/react-dom/cjs/react-dom-client.development.js:13249:29) [90mundefined[39m
Error: Not implemented: window.scrollTo
    at module.exports (/home/siegfriedneto/projects/servicedeskn1/frontend/app/node_modules/jsdom/lib/jsdom/browser/not-implemented.js:9:17)
    at /home/siegfriedneto/projects/servicedeskn1/frontend/app/node_modules/jsdom/lib/jsdom/browser/Window.js:960:7
    at Object.fn (file:///home/siegfriedneto/projects/servicedeskn1/frontend/app/node_modules/@tanstack/router-core/dist/esm/scroll-restoration.js:180:27)
    at RouterCore.emit (file:///home/siegfriedneto/projects/servicedeskn1/frontend/app/node_modules/@tanstack/router-core/dist/esm/router.js:178:14)
    at file:///home/siegfriedneto/projects/servicedeskn1/frontend/app/node_modules/@tanstack/react-router/dist/esm/Transitioner.js:46:25
    at settleOwner (file:///home/siegfriedneto/projects/servicedeskn1/frontend/app/node_modules/@tanstack/react-router/dist/esm/Transitioner.js:10:10)
    at file:///home/siegfriedneto/projects/servicedeskn1/frontend/app/node_modules/@tanstack/react-router/dist/esm/Matches.js:38:39
    at Object.react_stack_bottom_frame (/home/siegfriedneto/projects/servicedeskn1/frontend/app/node_modules/react-dom/cjs/react-dom-client.development.js:25989:20)
    at runWithFiberInDEV (/home/siegfriedneto/projects/servicedeskn1/frontend/app/node_modules/react-dom/cjs/react-dom-client.development.js:874:13)
    at commitHookEffectListMount (/home/siegfriedneto/projects/servicedeskn1/frontend/app/node_modules/react-dom/cjs/react-dom-client.development.js:13249:29) [90mundefined[39m
Error: Not implemented: window.scrollTo
    at module.exports (/home/siegfriedneto/projects/servicedeskn1/frontend/app/node_modules/jsdom/lib/jsdom/browser/not-implemented.js:9:17)
    at /home/siegfriedneto/projects/servicedeskn1/frontend/app/node_modules/jsdom/lib/jsdom/browser/Window.js:960:7
    at Object.fn (file:///home/siegfriedneto/projects/servicedeskn1/frontend/app/node_modules/@tanstack/router-core/dist/esm/scroll-restoration.js:180:27)
    at RouterCore.emit (file:///home/siegfriedneto/projects/servicedeskn1/frontend/app/node_modules/@tanstack/router-core/dist/esm/router.js:178:14)
    at file:///home/siegfriedneto/projects/servicedeskn1/frontend/app/node_modules/@tanstack/react-router/dist/esm/Transitioner.js:46:25
    at settleOwner (file:///home/siegfriedneto/projects/servicedeskn1/frontend/app/node_modules/@tanstack/react-router/dist/esm/Transitioner.js:10:10)
    at file:///home/siegfriedneto/projects/servicedeskn1/frontend/app/node_modules/@tanstack/react-router/dist/esm/Matches.js:38:39
    at Object.react_stack_bottom_frame (/home/siegfriedneto/projects/servicedeskn1/frontend/app/node_modules/react-dom/cjs/react-dom-client.development.js:25989:20)
    at runWithFiberInDEV (/home/siegfriedneto/projects/servicedeskn1/frontend/app/node_modules/react-dom/cjs/react-dom-client.development.js:874:13)
    at commitHookEffectListMount (/home/siegfriedneto/projects/servicedeskn1/frontend/app/node_modules/react-dom/cjs/react-dom-client.development.js:13249:29) [90mundefined[39m
Error: Not implemented: window.scrollTo
    at module.exports (/home/siegfriedneto/projects/servicedeskn1/frontend/app/node_modules/jsdom/lib/jsdom/browser/not-implemented.js:9:17)
    at /home/siegfriedneto/projects/servicedeskn1/frontend/app/node_modules/jsdom/lib/jsdom/browser/Window.js:960:7
    at Object.fn (file:///home/siegfriedneto/projects/servicedeskn1/frontend/app/node_modules/@tanstack/router-core/dist/esm/scroll-restoration.js:180:27)
    at RouterCore.emit (file:///home/siegfriedneto/projects/servicedeskn1/frontend/app/node_modules/@tanstack/router-core/dist/esm/router.js:178:14)
    at file:///home/siegfriedneto/projects/servicedeskn1/frontend/app/node_modules/@tanstack/react-router/dist/esm/Transitioner.js:46:25
    at settleOwner (file:///home/siegfriedneto/projects/servicedeskn1/frontend/app/node_modules/@tanstack/react-router/dist/esm/Transitioner.js:10:10)
    at file:///home/siegfriedneto/projects/servicedeskn1/frontend/app/node_modules/@tanstack/react-router/dist/esm/Matches.js:38:39
    at Object.react_stack_bottom_frame (/home/siegfriedneto/projects/servicedeskn1/frontend/app/node_modules/react-dom/cjs/react-dom-client.development.js:25989:20)
    at runWithFiberInDEV (/home/siegfriedneto/projects/servicedeskn1/frontend/app/node_modules/react-dom/cjs/react-dom-client.development.js:874:13)
    at commitHookEffectListMount (/home/siegfriedneto/projects/servicedeskn1/frontend/app/node_modules/react-dom/cjs/react-dom-client.development.js:13249:29) [90mundefined[39m
Error: Not implemented: window.scrollTo
    at module.exports (/home/siegfriedneto/projects/servicedeskn1/frontend/app/node_modules/jsdom/lib/jsdom/browser/not-implemented.js:9:17)
    at /home/siegfriedneto/projects/servicedeskn1/frontend/app/node_modules/jsdom/lib/jsdom/browser/Window.js:960:7
    at Object.fn (file:///home/siegfriedneto/projects/servicedeskn1/frontend/app/node_modules/@tanstack/router-core/dist/esm/scroll-restoration.js:180:27)
    at RouterCore.emit (file:///home/siegfriedneto/projects/servicedeskn1/frontend/app/node_modules/@tanstack/router-core/dist/esm/router.js:178:14)
    at file:///home/siegfriedneto/projects/servicedeskn1/frontend/app/node_modules/@tanstack/react-router/dist/esm/Transitioner.js:46:25
    at settleOwner (file:///home/siegfriedneto/projects/servicedeskn1/frontend/app/node_modules/@tanstack/react-router/dist/esm/Transitioner.js:10:10)
    at file:///home/siegfriedneto/projects/servicedeskn1/frontend/app/node_modules/@tanstack/react-router/dist/esm/Matches.js:38:39
    at Object.react_stack_bottom_frame (/home/siegfriedneto/projects/servicedeskn1/frontend/app/node_modules/react-dom/cjs/react-dom-client.development.js:25989:20)
    at runWithFiberInDEV (/home/siegfriedneto/projects/servicedeskn1/frontend/app/node_modules/react-dom/cjs/react-dom-client.development.js:874:13)
    at commitHookEffectListMount (/home/siegfriedneto/projects/servicedeskn1/frontend/app/node_modules/react-dom/cjs/react-dom-client.development.js:13249:29) [90mundefined[39m
Error: Not implemented: window.scrollTo
    at module.exports (/home/siegfriedneto/projects/servicedeskn1/frontend/app/node_modules/jsdom/lib/jsdom/browser/not-implemented.js:9:17)
    at /home/siegfriedneto/projects/servicedeskn1/frontend/app/node_modules/jsdom/lib/jsdom/browser/Window.js:960:7
    at Object.fn (file:///home/siegfriedneto/projects/servicedeskn1/frontend/app/node_modules/@tanstack/router-core/dist/esm/scroll-restoration.js:180:27)
    at RouterCore.emit (file:///home/siegfriedneto/projects/servicedeskn1/frontend/app/node_modules/@tanstack/router-core/dist/esm/router.js:178:14)
    at file:///home/siegfriedneto/projects/servicedeskn1/frontend/app/node_modules/@tanstack/react-router/dist/esm/Transitioner.js:46:25
    at settleOwner (file:///home/siegfriedneto/projects/servicedeskn1/frontend/app/node_modules/@tanstack/react-router/dist/esm/Transitioner.js:10:10)
    at file:///home/siegfriedneto/projects/servicedeskn1/frontend/app/node_modules/@tanstack/react-router/dist/esm/Matches.js:38:39
    at Object.react_stack_bottom_frame (/home/siegfriedneto/projects/servicedeskn1/frontend/app/node_modules/react-dom/cjs/react-dom-client.development.js:25989:20)
    at runWithFiberInDEV (/home/siegfriedneto/projects/servicedeskn1/frontend/app/node_modules/react-dom/cjs/react-dom-client.development.js:874:13)
    at commitHookEffectListMount (/home/siegfriedneto/projects/servicedeskn1/frontend/app/node_modules/react-dom/cjs/react-dom-client.development.js:13249:29) [90mundefined[39m
Error: Not implemented: window.scrollTo
    at module.exports (/home/siegfriedneto/projects/servicedeskn1/frontend/app/node_modules/jsdom/lib/jsdom/browser/not-implemented.js:9:17)
    at /home/siegfriedneto/projects/servicedeskn1/frontend/app/node_modules/jsdom/lib/jsdom/browser/Window.js:960:7
    at Object.fn (file:///home/siegfriedneto/projects/servicedeskn1/frontend/app/node_modules/@tanstack/router-core/dist/esm/scroll-restoration.js:180:27)
    at RouterCore.emit (file:///home/siegfriedneto/projects/servicedeskn1/frontend/app/node_modules/@tanstack/router-core/dist/esm/router.js:178:14)
    at file:///home/siegfriedneto/projects/servicedeskn1/frontend/app/node_modules/@tanstack/react-router/dist/esm/Transitioner.js:46:25
    at settleOwner (file:///home/siegfriedneto/projects/servicedeskn1/frontend/app/node_modules/@tanstack/react-router/dist/esm/Transitioner.js:10:10)
    at file:///home/siegfriedneto/projects/servicedeskn1/frontend/app/node_modules/@tanstack/react-router/dist/esm/Matches.js:38:39
    at Object.react_stack_bottom_frame (/home/siegfriedneto/projects/servicedeskn1/frontend/app/node_modules/react-dom/cjs/react-dom-client.development.js:25989:20)
    at runWithFiberInDEV (/home/siegfriedneto/projects/servicedeskn1/frontend/app/node_modules/react-dom/cjs/react-dom-client.development.js:874:13)
    at commitHookEffectListMount (/home/siegfriedneto/projects/servicedeskn1/frontend/app/node_modules/react-dom/cjs/react-dom-client.development.js:13249:29) [90mundefined[39m
Error: Not implemented: window.scrollTo
    at module.exports (/home/siegfriedneto/projects/servicedeskn1/frontend/app/node_modules/jsdom/lib/jsdom/browser/not-implemented.js:9:17)
    at /home/siegfriedneto/projects/servicedeskn1/frontend/app/node_modules/jsdom/lib/jsdom/browser/Window.js:960:7
    at Object.fn (file:///home/siegfriedneto/projects/servicedeskn1/frontend/app/node_modules/@tanstack/router-core/dist/esm/scroll-restoration.js:180:27)
    at RouterCore.emit (file:///home/siegfriedneto/projects/servicedeskn1/frontend/app/node_modules/@tanstack/router-core/dist/esm/router.js:178:14)
    at file:///home/siegfriedneto/projects/servicedeskn1/frontend/app/node_modules/@tanstack/react-router/dist/esm/Transitioner.js:46:25
    at settleOwner (file:///home/siegfriedneto/projects/servicedeskn1/frontend/app/node_modules/@tanstack/react-router/dist/esm/Transitioner.js:10:10)
    at file:///home/siegfriedneto/projects/servicedeskn1/frontend/app/node_modules/@tanstack/react-router/dist/esm/Matches.js:38:39
    at Object.react_stack_bottom_frame (/home/siegfriedneto/projects/servicedeskn1/frontend/app/node_modules/react-dom/cjs/react-dom-client.development.js:25989:20)
    at runWithFiberInDEV (/home/siegfriedneto/projects/servicedeskn1/frontend/app/node_modules/react-dom/cjs/react-dom-client.development.js:874:13)
    at commitHookEffectListMount (/home/siegfriedneto/projects/servicedeskn1/frontend/app/node_modules/react-dom/cjs/react-dom-client.development.js:13249:29) [90mundefined[39m
Error: Not implemented: window.scrollTo
    at module.exports (/home/siegfriedneto/projects/servicedeskn1/frontend/app/node_modules/jsdom/lib/jsdom/browser/not-implemented.js:9:17)
    at /home/siegfriedneto/projects/servicedeskn1/frontend/app/node_modules/jsdom/lib/jsdom/browser/Window.js:960:7
    at Object.fn (file:///home/siegfriedneto/projects/servicedeskn1/frontend/app/node_modules/@tanstack/router-core/dist/esm/scroll-restoration.js:180:27)
    at RouterCore.emit (file:///home/siegfriedneto/projects/servicedeskn1/frontend/app/node_modules/@tanstack/router-core/dist/esm/router.js:178:14)
    at file:///home/siegfriedneto/projects/servicedeskn1/frontend/app/node_modules/@tanstack/react-router/dist/esm/Transitioner.js:46:25
    at settleOwner (file:///home/siegfriedneto/projects/servicedeskn1/frontend/app/node_modules/@tanstack/react-router/dist/esm/Transitioner.js:10:10)
    at file:///home/siegfriedneto/projects/servicedeskn1/frontend/app/node_modules/@tanstack/react-router/dist/esm/Matches.js:38:39
    at Object.react_stack_bottom_frame (/home/siegfriedneto/projects/servicedeskn1/frontend/app/node_modules/react-dom/cjs/react-dom-client.development.js:25989:20)
    at runWithFiberInDEV (/home/siegfriedneto/projects/servicedeskn1/frontend/app/node_modules/react-dom/cjs/react-dom-client.development.js:874:13)
    at commitHookEffectListMount (/home/siegfriedneto/projects/servicedeskn1/frontend/app/node_modules/react-dom/cjs/react-dom-client.development.js:13249:29) [90mundefined[39m
Error: Not implemented: window.scrollTo
    at module.exports (/home/siegfriedneto/projects/servicedeskn1/frontend/app/node_modules/jsdom/lib/jsdom/browser/not-implemented.js:9:17)
    at /home/siegfriedneto/projects/servicedeskn1/frontend/app/node_modules/jsdom/lib/jsdom/browser/Window.js:960:7
    at Object.fn (file:///home/siegfriedneto/projects/servicedeskn1/frontend/app/node_modules/@tanstack/router-core/dist/esm/scroll-restoration.js:180:27)
    at RouterCore.emit (file:///home/siegfriedneto/projects/servicedeskn1/frontend/app/node_modules/@tanstack/router-core/dist/esm/router.js:178:14)
    at file:///home/siegfriedneto/projects/servicedeskn1/frontend/app/node_modules/@tanstack/react-router/dist/esm/Transitioner.js:46:25
    at settleOwner (file:///home/siegfriedneto/projects/servicedeskn1/frontend/app/node_modules/@tanstack/react-router/dist/esm/Transitioner.js:10:10)
    at file:///home/siegfriedneto/projects/servicedeskn1/frontend/app/node_modules/@tanstack/react-router/dist/esm/Matches.js:38:39
    at Object.react_stack_bottom_frame (/home/siegfriedneto/projects/servicedeskn1/frontend/app/node_modules/react-dom/cjs/react-dom-client.development.js:25989:20)
    at runWithFiberInDEV (/home/siegfriedneto/projects/servicedeskn1/frontend/app/node_modules/react-dom/cjs/react-dom-client.development.js:874:13)
    at commitHookEffectListMount (/home/siegfriedneto/projects/servicedeskn1/frontend/app/node_modules/react-dom/cjs/react-dom-client.development.js:13249:29) [90mundefined[39m
Error: Not implemented: window.scrollTo
    at module.exports (/home/siegfriedneto/projects/servicedeskn1/frontend/app/node_modules/jsdom/lib/jsdom/browser/not-implemented.js:9:17)
    at /home/siegfriedneto/projects/servicedeskn1/frontend/app/node_modules/jsdom/lib/jsdom/browser/Window.js:960:7
    at Object.fn (file:///home/siegfriedneto/projects/servicedeskn1/frontend/app/node_modules/@tanstack/router-core/dist/esm/scroll-restoration.js:180:27)
    at RouterCore.emit (file:///home/siegfriedneto/projects/servicedeskn1/frontend/app/node_modules/@tanstack/router-core/dist/esm/router.js:178:14)
    at file:///home/siegfriedneto/projects/servicedeskn1/frontend/app/node_modules/@tanstack/react-router/dist/esm/Transitioner.js:46:25
    at settleOwner (file:///home/siegfriedneto/projects/servicedeskn1/frontend/app/node_modules/@tanstack/react-router/dist/esm/Transitioner.js:10:10)
    at file:///home/siegfriedneto/projects/servicedeskn1/frontend/app/node_modules/@tanstack/react-router/dist/esm/Matches.js:38:39
    at Object.react_stack_bottom_frame (/home/siegfriedneto/projects/servicedeskn1/frontend/app/node_modules/react-dom/cjs/react-dom-client.development.js:25989:20)
    at runWithFiberInDEV (/home/siegfriedneto/projects/servicedeskn1/frontend/app/node_modules/react-dom/cjs/react-dom-client.development.js:874:13)
    at commitHookEffectListMount (/home/siegfriedneto/projects/servicedeskn1/frontend/app/node_modules/react-dom/cjs/react-dom-client.development.js:13249:29) [90mundefined[39m
Error: Not implemented: window.scrollTo
    at module.exports (/home/siegfriedneto/projects/servicedeskn1/frontend/app/node_modules/jsdom/lib/jsdom/browser/not-implemented.js:9:17)
    at /home/siegfriedneto/projects/servicedeskn1/frontend/app/node_modules/jsdom/lib/jsdom/browser/Window.js:960:7
    at Object.fn (file:///home/siegfriedneto/projects/servicedeskn1/frontend/app/node_modules/@tanstack/router-core/dist/esm/scroll-restoration.js:180:27)
    at RouterCore.emit (file:///home/siegfriedneto/projects/servicedeskn1/frontend/app/node_modules/@tanstack/router-core/dist/esm/router.js:178:14)
    at file:///home/siegfriedneto/projects/servicedeskn1/frontend/app/node_modules/@tanstack/react-router/dist/esm/Transitioner.js:46:25
    at settleOwner (file:///home/siegfriedneto/projects/servicedeskn1/frontend/app/node_modules/@tanstack/react-router/dist/esm/Transitioner.js:10:10)
    at file:///home/siegfriedneto/projects/servicedeskn1/frontend/app/node_modules/@tanstack/react-router/dist/esm/Matches.js:38:39
    at Object.react_stack_bottom_frame (/home/siegfriedneto/projects/servicedeskn1/frontend/app/node_modules/react-dom/cjs/react-dom-client.development.js:25989:20)
    at runWithFiberInDEV (/home/siegfriedneto/projects/servicedeskn1/frontend/app/node_modules/react-dom/cjs/react-dom-client.development.js:874:13)
    at commitHookEffectListMount (/home/siegfriedneto/projects/servicedeskn1/frontend/app/node_modules/react-dom/cjs/react-dom-client.development.js:13249:29) [90mundefined[39m
Error: Not implemented: window.scrollTo
    at module.exports (/home/siegfriedneto/projects/servicedeskn1/frontend/app/node_modules/jsdom/lib/jsdom/browser/not-implemented.js:9:17)
    at /home/siegfriedneto/projects/servicedeskn1/frontend/app/node_modules/jsdom/lib/jsdom/browser/Window.js:960:7
    at Object.fn (file:///home/siegfriedneto/projects/servicedeskn1/frontend/app/node_modules/@tanstack/router-core/dist/esm/scroll-restoration.js:180:27)
    at RouterCore.emit (file:///home/siegfriedneto/projects/servicedeskn1/frontend/app/node_modules/@tanstack/router-core/dist/esm/router.js:178:14)
    at file:///home/siegfriedneto/projects/servicedeskn1/frontend/app/node_modules/@tanstack/react-router/dist/esm/Transitioner.js:46:25
    at settleOwner (file:///home/siegfriedneto/projects/servicedeskn1/frontend/app/node_modules/@tanstack/react-router/dist/esm/Transitioner.js:10:10)
    at file:///home/siegfriedneto/projects/servicedeskn1/frontend/app/node_modules/@tanstack/react-router/dist/esm/Matches.js:38:39
    at Object.react_stack_bottom_frame (/home/siegfriedneto/projects/servicedeskn1/frontend/app/node_modules/react-dom/cjs/react-dom-client.development.js:25989:20)
    at runWithFiberInDEV (/home/siegfriedneto/projects/servicedeskn1/frontend/app/node_modules/react-dom/cjs/react-dom-client.development.js:874:13)
    at commitHookEffectListMount (/home/siegfriedneto/projects/servicedeskn1/frontend/app/node_modules/react-dom/cjs/react-dom-client.development.js:13249:29) [90mundefined[39m
Error: Not implemented: window.scrollTo
    at module.exports (/home/siegfriedneto/projects/servicedeskn1/frontend/app/node_modules/jsdom/lib/jsdom/browser/not-implemented.js:9:17)
    at /home/siegfriedneto/projects/servicedeskn1/frontend/app/node_modules/jsdom/lib/jsdom/browser/Window.js:960:7
    at Object.fn (file:///home/siegfriedneto/projects/servicedeskn1/frontend/app/node_modules/@tanstack/router-core/dist/esm/scroll-restoration.js:180:27)
    at RouterCore.emit (file:///home/siegfriedneto/projects/servicedeskn1/frontend/app/node_modules/@tanstack/router-core/dist/esm/router.js:178:14)
    at file:///home/siegfriedneto/projects/servicedeskn1/frontend/app/node_modules/@tanstack/react-router/dist/esm/Transitioner.js:46:25
    at settleOwner (file:///home/siegfriedneto/projects/servicedeskn1/frontend/app/node_modules/@tanstack/react-router/dist/esm/Transitioner.js:10:10)
    at file:///home/siegfriedneto/projects/servicedeskn1/frontend/app/node_modules/@tanstack/react-router/dist/esm/Matches.js:38:39
    at Object.react_stack_bottom_frame (/home/siegfriedneto/projects/servicedeskn1/frontend/app/node_modules/react-dom/cjs/react-dom-client.development.js:25989:20)
    at runWithFiberInDEV (/home/siegfriedneto/projects/servicedeskn1/frontend/app/node_modules/react-dom/cjs/react-dom-client.development.js:874:13)
    at commitHookEffectListMount (/home/siegfriedneto/projects/servicedeskn1/frontend/app/node_modules/react-dom/cjs/react-dom-client.development.js:13249:29) [90mundefined[39m
Error: Not implemented: window.scrollTo
    at module.exports (/home/siegfriedneto/projects/servicedeskn1/frontend/app/node_modules/jsdom/lib/jsdom/browser/not-implemented.js:9:17)
    at /home/siegfriedneto/projects/servicedeskn1/frontend/app/node_modules/jsdom/lib/jsdom/browser/Window.js:960:7
    at Object.fn (file:///home/siegfriedneto/projects/servicedeskn1/frontend/app/node_modules/@tanstack/router-core/dist/esm/scroll-restoration.js:180:27)
    at RouterCore.emit (file:///home/siegfriedneto/projects/servicedeskn1/frontend/app/node_modules/@tanstack/router-core/dist/esm/router.js:178:14)
    at file:///home/siegfriedneto/projects/servicedeskn1/frontend/app/node_modules/@tanstack/react-router/dist/esm/Transitioner.js:46:25
    at settleOwner (file:///home/siegfriedneto/projects/servicedeskn1/frontend/app/node_modules/@tanstack/react-router/dist/esm/Transitioner.js:10:10)
    at file:///home/siegfriedneto/projects/servicedeskn1/frontend/app/node_modules/@tanstack/react-router/dist/esm/Matches.js:38:39
    at Object.react_stack_bottom_frame (/home/siegfriedneto/projects/servicedeskn1/frontend/app/node_modules/react-dom/cjs/react-dom-client.development.js:25989:20)
    at runWithFiberInDEV (/home/siegfriedneto/projects/servicedeskn1/frontend/app/node_modules/react-dom/cjs/react-dom-client.development.js:874:13)
    at commitHookEffectListMount (/home/siegfriedneto/projects/servicedeskn1/frontend/app/node_modules/react-dom/cjs/react-dom-client.development.js:13249:29) [90mundefined[39m
Error: Not implemented: window.scrollTo
    at module.exports (/home/siegfriedneto/projects/servicedeskn1/frontend/app/node_modules/jsdom/lib/jsdom/browser/not-implemented.js:9:17)
    at /home/siegfriedneto/projects/servicedeskn1/frontend/app/node_modules/jsdom/lib/jsdom/browser/Window.js:960:7
    at Object.fn (file:///home/siegfriedneto/projects/servicedeskn1/frontend/app/node_modules/@tanstack/router-core/dist/esm/scroll-restoration.js:180:27)
    at RouterCore.emit (file:///home/siegfriedneto/projects/servicedeskn1/frontend/app/node_modules/@tanstack/router-core/dist/esm/router.js:178:14)
    at file:///home/siegfriedneto/projects/servicedeskn1/frontend/app/node_modules/@tanstack/react-router/dist/esm/Transitioner.js:46:25
    at settleOwner (file:///home/siegfriedneto/projects/servicedeskn1/frontend/app/node_modules/@tanstack/react-router/dist/esm/Transitioner.js:10:10)
    at file:///home/siegfriedneto/projects/servicedeskn1/frontend/app/node_modules/@tanstack/react-router/dist/esm/Matches.js:38:39
    at Object.react_stack_bottom_frame (/home/siegfriedneto/projects/servicedeskn1/frontend/app/node_modules/react-dom/cjs/react-dom-client.development.js:25989:20)
    at runWithFiberInDEV (/home/siegfriedneto/projects/servicedeskn1/frontend/app/node_modules/react-dom/cjs/react-dom-client.development.js:874:13)
    at commitHookEffectListMount (/home/siegfriedneto/projects/servicedeskn1/frontend/app/node_modules/react-dom/cjs/react-dom-client.development.js:13249:29) [90mundefined[39m
Error: Not implemented: window.scrollTo
    at module.exports (/home/siegfriedneto/projects/servicedeskn1/frontend/app/node_modules/jsdom/lib/jsdom/browser/not-implemented.js:9:17)
    at /home/siegfriedneto/projects/servicedeskn1/frontend/app/node_modules/jsdom/lib/jsdom/browser/Window.js:960:7
    at Object.fn (file:///home/siegfriedneto/projects/servicedeskn1/frontend/app/node_modules/@tanstack/router-core/dist/esm/scroll-restoration.js:180:27)
    at RouterCore.emit (file:///home/siegfriedneto/projects/servicedeskn1/frontend/app/node_modules/@tanstack/router-core/dist/esm/router.js:178:14)
    at file:///home/siegfriedneto/projects/servicedeskn1/frontend/app/node_modules/@tanstack/react-router/dist/esm/Transitioner.js:46:25
    at settleOwner (file:///home/siegfriedneto/projects/servicedeskn1/frontend/app/node_modules/@tanstack/react-router/dist/esm/Transitioner.js:10:10)
    at file:///home/siegfriedneto/projects/servicedeskn1/frontend/app/node_modules/@tanstack/react-router/dist/esm/Matches.js:38:39
    at Object.react_stack_bottom_frame (/home/siegfriedneto/projects/servicedeskn1/frontend/app/node_modules/react-dom/cjs/react-dom-client.development.js:25989:20)
    at runWithFiberInDEV (/home/siegfriedneto/projects/servicedeskn1/frontend/app/node_modules/react-dom/cjs/react-dom-client.development.js:874:13)
    at commitHookEffectListMount (/home/siegfriedneto/projects/servicedeskn1/frontend/app/node_modules/react-dom/cjs/react-dom-client.development.js:13249:29) [90mundefined[39m
Error: Not implemented: window.scrollTo
    at module.exports (/home/siegfriedneto/projects/servicedeskn1/frontend/app/node_modules/jsdom/lib/jsdom/browser/not-implemented.js:9:17)
    at /home/siegfriedneto/projects/servicedeskn1/frontend/app/node_modules/jsdom/lib/jsdom/browser/Window.js:960:7
    at Object.fn (file:///home/siegfriedneto/projects/servicedeskn1/frontend/app/node_modules/@tanstack/router-core/dist/esm/scroll-restoration.js:180:27)
    at RouterCore.emit (file:///home/siegfriedneto/projects/servicedeskn1/frontend/app/node_modules/@tanstack/router-core/dist/esm/router.js:178:14)
    at file:///home/siegfriedneto/projects/servicedeskn1/frontend/app/node_modules/@tanstack/react-router/dist/esm/Transitioner.js:46:25
    at settleOwner (file:///home/siegfriedneto/projects/servicedeskn1/frontend/app/node_modules/@tanstack/react-router/dist/esm/Transitioner.js:10:10)
    at file:///home/siegfriedneto/projects/servicedeskn1/frontend/app/node_modules/@tanstack/react-router/dist/esm/Matches.js:38:39
    at Object.react_stack_bottom_frame (/home/siegfriedneto/projects/servicedeskn1/frontend/app/node_modules/react-dom/cjs/react-dom-client.development.js:25989:20)
    at runWithFiberInDEV (/home/siegfriedneto/projects/servicedeskn1/frontend/app/node_modules/react-dom/cjs/react-dom-client.development.js:874:13)
    at commitHookEffectListMount (/home/siegfriedneto/projects/servicedeskn1/frontend/app/node_modules/react-dom/cjs/react-dom-client.development.js:13249:29) [90mundefined[39m
Error: Not implemented: window.scrollTo
    at module.exports (/home/siegfriedneto/projects/servicedeskn1/frontend/app/node_modules/jsdom/lib/jsdom/browser/not-implemented.js:9:17)
    at /home/siegfriedneto/projects/servicedeskn1/frontend/app/node_modules/jsdom/lib/jsdom/browser/Window.js:960:7
    at Object.fn (file:///home/siegfriedneto/projects/servicedeskn1/frontend/app/node_modules/@tanstack/router-core/dist/esm/scroll-restoration.js:180:27)
    at RouterCore.emit (file:///home/siegfriedneto/projects/servicedeskn1/frontend/app/node_modules/@tanstack/router-core/dist/esm/router.js:178:14)
    at file:///home/siegfriedneto/projects/servicedeskn1/frontend/app/node_modules/@tanstack/react-router/dist/esm/Transitioner.js:46:25
    at settleOwner (file:///home/siegfriedneto/projects/servicedeskn1/frontend/app/node_modules/@tanstack/react-router/dist/esm/Transitioner.js:10:10)
    at file:///home/siegfriedneto/projects/servicedeskn1/frontend/app/node_modules/@tanstack/react-router/dist/esm/Matches.js:38:39
    at Object.react_stack_bottom_frame (/home/siegfriedneto/projects/servicedeskn1/frontend/app/node_modules/react-dom/cjs/react-dom-client.development.js:25989:20)
    at runWithFiberInDEV (/home/siegfriedneto/projects/servicedeskn1/frontend/app/node_modules/react-dom/cjs/react-dom-client.development.js:874:13)
    at commitHookEffectListMount (/home/siegfriedneto/projects/servicedeskn1/frontend/app/node_modules/react-dom/cjs/react-dom-client.development.js:13249:29) [90mundefined[39m
Error: Not implemented: window.scrollTo
    at module.exports (/home/siegfriedneto/projects/servicedeskn1/frontend/app/node_modules/jsdom/lib/jsdom/browser/not-implemented.js:9:17)
    at /home/siegfriedneto/projects/servicedeskn1/frontend/app/node_modules/jsdom/lib/jsdom/browser/Window.js:960:7
    at Object.fn (file:///home/siegfriedneto/projects/servicedeskn1/frontend/app/node_modules/@tanstack/router-core/dist/esm/scroll-restoration.js:180:27)
    at RouterCore.emit (file:///home/siegfriedneto/projects/servicedeskn1/frontend/app/node_modules/@tanstack/router-core/dist/esm/router.js:178:14)
    at file:///home/siegfriedneto/projects/servicedeskn1/frontend/app/node_modules/@tanstack/react-router/dist/esm/Transitioner.js:46:25
    at settleOwner (file:///home/siegfriedneto/projects/servicedeskn1/frontend/app/node_modules/@tanstack/react-router/dist/esm/Transitioner.js:10:10)
    at file:///home/siegfriedneto/projects/servicedeskn1/frontend/app/node_modules/@tanstack/react-router/dist/esm/Matches.js:38:39
    at Object.react_stack_bottom_frame (/home/siegfriedneto/projects/servicedeskn1/frontend/app/node_modules/react-dom/cjs/react-dom-client.development.js:25989:20)
    at runWithFiberInDEV (/home/siegfriedneto/projects/servicedeskn1/frontend/app/node_modules/react-dom/cjs/react-dom-client.development.js:874:13)
    at commitHookEffectListMount (/home/siegfriedneto/projects/servicedeskn1/frontend/app/node_modules/react-dom/cjs/react-dom-client.development.js:13249:29) [90mundefined[39m
Error: Not implemented: window.scrollTo
    at module.exports (/home/siegfriedneto/projects/servicedeskn1/frontend/app/node_modules/jsdom/lib/jsdom/browser/not-implemented.js:9:17)
    at /home/siegfriedneto/projects/servicedeskn1/frontend/app/node_modules/jsdom/lib/jsdom/browser/Window.js:960:7
    at Object.fn (file:///home/siegfriedneto/projects/servicedeskn1/frontend/app/node_modules/@tanstack/router-core/dist/esm/scroll-restoration.js:180:27)
    at RouterCore.emit (file:///home/siegfriedneto/projects/servicedeskn1/frontend/app/node_modules/@tanstack/router-core/dist/esm/router.js:178:14)
    at file:///home/siegfriedneto/projects/servicedeskn1/frontend/app/node_modules/@tanstack/react-router/dist/esm/Transitioner.js:46:25
    at settleOwner (file:///home/siegfriedneto/projects/servicedeskn1/frontend/app/node_modules/@tanstack/react-router/dist/esm/Transitioner.js:10:10)
    at file:///home/siegfriedneto/projects/servicedeskn1/frontend/app/node_modules/@tanstack/react-router/dist/esm/Matches.js:38:39
    at Object.react_stack_bottom_frame (/home/siegfriedneto/projects/servicedeskn1/frontend/app/node_modules/react-dom/cjs/react-dom-client.development.js:25989:20)
    at runWithFiberInDEV (/home/siegfriedneto/projects/servicedeskn1/frontend/app/node_modules/react-dom/cjs/react-dom-client.development.js:874:13)
    at commitHookEffectListMount (/home/siegfriedneto/projects/servicedeskn1/frontend/app/node_modules/react-dom/cjs/react-dom-client.development.js:13249:29) [90mundefined[39m
Error: Not implemented: window.scrollTo
    at module.exports (/home/siegfriedneto/projects/servicedeskn1/frontend/app/node_modules/jsdom/lib/jsdom/browser/not-implemented.js:9:17)
    at /home/siegfriedneto/projects/servicedeskn1/frontend/app/node_modules/jsdom/lib/jsdom/browser/Window.js:960:7
    at Object.fn (file:///home/siegfriedneto/projects/servicedeskn1/frontend/app/node_modules/@tanstack/router-core/dist/esm/scroll-restoration.js:180:27)
    at RouterCore.emit (file:///home/siegfriedneto/projects/servicedeskn1/frontend/app/node_modules/@tanstack/router-core/dist/esm/router.js:178:14)
    at file:///home/siegfriedneto/projects/servicedeskn1/frontend/app/node_modules/@tanstack/react-router/dist/esm/Transitioner.js:46:25
    at settleOwner (file:///home/siegfriedneto/projects/servicedeskn1/frontend/app/node_modules/@tanstack/react-router/dist/esm/Transitioner.js:10:10)
    at file:///home/siegfriedneto/projects/servicedeskn1/frontend/app/node_modules/@tanstack/react-router/dist/esm/Matches.js:38:39
    at Object.react_stack_bottom_frame (/home/siegfriedneto/projects/servicedeskn1/frontend/app/node_modules/react-dom/cjs/react-dom-client.development.js:25989:20)
    at runWithFiberInDEV (/home/siegfriedneto/projects/servicedeskn1/frontend/app/node_modules/react-dom/cjs/react-dom-client.development.js:874:13)
    at commitHookEffectListMount (/home/siegfriedneto/projects/servicedeskn1/frontend/app/node_modules/react-dom/cjs/react-dom-client.development.js:13249:29) [90mundefined[39m
Error: Not implemented: window.scrollTo
    at module.exports (/home/siegfriedneto/projects/servicedeskn1/frontend/app/node_modules/jsdom/lib/jsdom/browser/not-implemented.js:9:17)
    at /home/siegfriedneto/projects/servicedeskn1/frontend/app/node_modules/jsdom/lib/jsdom/browser/Window.js:960:7
    at Object.fn (file:///home/siegfriedneto/projects/servicedeskn1/frontend/app/node_modules/@tanstack/router-core/dist/esm/scroll-restoration.js:180:27)
    at RouterCore.emit (file:///home/siegfriedneto/projects/servicedeskn1/frontend/app/node_modules/@tanstack/router-core/dist/esm/router.js:178:14)
    at file:///home/siegfriedneto/projects/servicedeskn1/frontend/app/node_modules/@tanstack/react-router/dist/esm/Transitioner.js:46:25
    at settleOwner (file:///home/siegfriedneto/projects/servicedeskn1/frontend/app/node_modules/@tanstack/react-router/dist/esm/Transitioner.js:10:10)
    at file:///home/siegfriedneto/projects/servicedeskn1/frontend/app/node_modules/@tanstack/react-router/dist/esm/Matches.js:38:39
    at Object.react_stack_bottom_frame (/home/siegfriedneto/projects/servicedeskn1/frontend/app/node_modules/react-dom/cjs/react-dom-client.development.js:25989:20)
    at runWithFiberInDEV (/home/siegfriedneto/projects/servicedeskn1/frontend/app/node_modules/react-dom/cjs/react-dom-client.development.js:874:13)
    at commitHookEffectListMount (/home/siegfriedneto/projects/servicedeskn1/frontend/app/node_modules/react-dom/cjs/react-dom-client.development.js:13249:29) [90mundefined[39m
Error: Not implemented: window.scrollTo
    at module.exports (/home/siegfriedneto/projects/servicedeskn1/frontend/app/node_modules/jsdom/lib/jsdom/browser/not-implemented.js:9:17)
    at /home/siegfriedneto/projects/servicedeskn1/frontend/app/node_modules/jsdom/lib/jsdom/browser/Window.js:960:7
    at Object.fn (file:///home/siegfriedneto/projects/servicedeskn1/frontend/app/node_modules/@tanstack/router-core/dist/esm/scroll-restoration.js:180:27)
    at RouterCore.emit (file:///home/siegfriedneto/projects/servicedeskn1/frontend/app/node_modules/@tanstack/router-core/dist/esm/router.js:178:14)
    at file:///home/siegfriedneto/projects/servicedeskn1/frontend/app/node_modules/@tanstack/react-router/dist/esm/Transitioner.js:46:25
    at settleOwner (file:///home/siegfriedneto/projects/servicedeskn1/frontend/app/node_modules/@tanstack/react-router/dist/esm/Transitioner.js:10:10)
    at file:///home/siegfriedneto/projects/servicedeskn1/frontend/app/node_modules/@tanstack/react-router/dist/esm/Matches.js:38:39
    at Object.react_stack_bottom_frame (/home/siegfriedneto/projects/servicedeskn1/frontend/app/node_modules/react-dom/cjs/react-dom-client.development.js:25989:20)
    at runWithFiberInDEV (/home/siegfriedneto/projects/servicedeskn1/frontend/app/node_modules/react-dom/cjs/react-dom-client.development.js:874:13)
    at commitHookEffectListMount (/home/siegfriedneto/projects/servicedeskn1/frontend/app/node_modules/react-dom/cjs/react-dom-client.development.js:13249:29) [90mundefined[39m
Error: Not implemented: window.scrollTo
    at module.exports (/home/siegfriedneto/projects/servicedeskn1/frontend/app/node_modules/jsdom/lib/jsdom/browser/not-implemented.js:9:17)
    at /home/siegfriedneto/projects/servicedeskn1/frontend/app/node_modules/jsdom/lib/jsdom/browser/Window.js:960:7
    at Object.fn (file:///home/siegfriedneto/projects/servicedeskn1/frontend/app/node_modules/@tanstack/router-core/dist/esm/scroll-restoration.js:180:27)
    at RouterCore.emit (file:///home/siegfriedneto/projects/servicedeskn1/frontend/app/node_modules/@tanstack/router-core/dist/esm/router.js:178:14)
    at file:///home/siegfriedneto/projects/servicedeskn1/frontend/app/node_modules/@tanstack/react-router/dist/esm/Transitioner.js:46:25
    at settleOwner (file:///home/siegfriedneto/projects/servicedeskn1/frontend/app/node_modules/@tanstack/react-router/dist/esm/Transitioner.js:10:10)
    at file:///home/siegfriedneto/projects/servicedeskn1/frontend/app/node_modules/@tanstack/react-router/dist/esm/Matches.js:38:39
    at Object.react_stack_bottom_frame (/home/siegfriedneto/projects/servicedeskn1/frontend/app/node_modules/react-dom/cjs/react-dom-client.development.js:25989:20)
    at runWithFiberInDEV (/home/siegfriedneto/projects/servicedeskn1/frontend/app/node_modules/react-dom/cjs/react-dom-client.development.js:874:13)
    at commitHookEffectListMount (/home/siegfriedneto/projects/servicedeskn1/frontend/app/node_modules/react-dom/cjs/react-dom-client.development.js:13249:29) [90mundefined[39m
Error: Not implemented: window.scrollTo
    at module.exports (/home/siegfriedneto/projects/servicedeskn1/frontend/app/node_modules/jsdom/lib/jsdom/browser/not-implemented.js:9:17)
    at /home/siegfriedneto/projects/servicedeskn1/frontend/app/node_modules/jsdom/lib/jsdom/browser/Window.js:960:7
    at Object.fn (file:///home/siegfriedneto/projects/servicedeskn1/frontend/app/node_modules/@tanstack/router-core/dist/esm/scroll-restoration.js:180:27)
    at RouterCore.emit (file:///home/siegfriedneto/projects/servicedeskn1/frontend/app/node_modules/@tanstack/router-core/dist/esm/router.js:178:14)
    at file:///home/siegfriedneto/projects/servicedeskn1/frontend/app/node_modules/@tanstack/react-router/dist/esm/Transitioner.js:46:25
    at settleOwner (file:///home/siegfriedneto/projects/servicedeskn1/frontend/app/node_modules/@tanstack/react-router/dist/esm/Transitioner.js:10:10)
    at file:///home/siegfriedneto/projects/servicedeskn1/frontend/app/node_modules/@tanstack/react-router/dist/esm/Matches.js:38:39
    at Object.react_stack_bottom_frame (/home/siegfriedneto/projects/servicedeskn1/frontend/app/node_modules/react-dom/cjs/react-dom-client.development.js:25989:20)
    at runWithFiberInDEV (/home/siegfriedneto/projects/servicedeskn1/frontend/app/node_modules/react-dom/cjs/react-dom-client.development.js:874:13)
    at commitHookEffectListMount (/home/siegfriedneto/projects/servicedeskn1/frontend/app/node_modules/react-dom/cjs/react-dom-client.development.js:13249:29) [90mundefined[39m
Error: Not implemented: window.scrollTo
    at module.exports (/home/siegfriedneto/projects/servicedeskn1/frontend/app/node_modules/jsdom/lib/jsdom/browser/not-implemented.js:9:17)
    at /home/siegfriedneto/projects/servicedeskn1/frontend/app/node_modules/jsdom/lib/jsdom/browser/Window.js:960:7
    at Object.fn (file:///home/siegfriedneto/projects/servicedeskn1/frontend/app/node_modules/@tanstack/router-core/dist/esm/scroll-restoration.js:180:27)
    at RouterCore.emit (file:///home/siegfriedneto/projects/servicedeskn1/frontend/app/node_modules/@tanstack/router-core/dist/esm/router.js:178:14)
    at file:///home/siegfriedneto/projects/servicedeskn1/frontend/app/node_modules/@tanstack/react-router/dist/esm/Transitioner.js:46:25
    at settleOwner (file:///home/siegfriedneto/projects/servicedeskn1/frontend/app/node_modules/@tanstack/react-router/dist/esm/Transitioner.js:10:10)
    at file:///home/siegfriedneto/projects/servicedeskn1/frontend/app/node_modules/@tanstack/react-router/dist/esm/Matches.js:38:39
    at Object.react_stack_bottom_frame (/home/siegfriedneto/projects/servicedeskn1/frontend/app/node_modules/react-dom/cjs/react-dom-client.development.js:25989:20)
    at runWithFiberInDEV (/home/siegfriedneto/projects/servicedeskn1/frontend/app/node_modules/react-dom/cjs/react-dom-client.development.js:874:13)
    at commitHookEffectListMount (/home/siegfriedneto/projects/servicedeskn1/frontend/app/node_modules/react-dom/cjs/react-dom-client.development.js:13249:29) [90mundefined[39m
Error: Not implemented: window.scrollTo
    at module.exports (/home/siegfriedneto/projects/servicedeskn1/frontend/app/node_modules/jsdom/lib/jsdom/browser/not-implemented.js:9:17)
    at /home/siegfriedneto/projects/servicedeskn1/frontend/app/node_modules/jsdom/lib/jsdom/browser/Window.js:960:7
    at Object.fn (file:///home/siegfriedneto/projects/servicedeskn1/frontend/app/node_modules/@tanstack/router-core/dist/esm/scroll-restoration.js:180:27)
    at RouterCore.emit (file:///home/siegfriedneto/projects/servicedeskn1/frontend/app/node_modules/@tanstack/router-core/dist/esm/router.js:178:14)
    at file:///home/siegfriedneto/projects/servicedeskn1/frontend/app/node_modules/@tanstack/react-router/dist/esm/Transitioner.js:46:25
    at settleOwner (file:///home/siegfriedneto/projects/servicedeskn1/frontend/app/node_modules/@tanstack/react-router/dist/esm/Transitioner.js:10:10)
    at file:///home/siegfriedneto/projects/servicedeskn1/frontend/app/node_modules/@tanstack/react-router/dist/esm/Matches.js:38:39
    at Object.react_stack_bottom_frame (/home/siegfriedneto/projects/servicedeskn1/frontend/app/node_modules/react-dom/cjs/react-dom-client.development.js:25989:20)
    at runWithFiberInDEV (/home/siegfriedneto/projects/servicedeskn1/frontend/app/node_modules/react-dom/cjs/react-dom-client.development.js:874:13)
    at commitHookEffectListMount (/home/siegfriedneto/projects/servicedeskn1/frontend/app/node_modules/react-dom/cjs/react-dom-client.development.js:13249:29) [90mundefined[39m
Error: Not implemented: window.scrollTo
    at module.exports (/home/siegfriedneto/projects/servicedeskn1/frontend/app/node_modules/jsdom/lib/jsdom/browser/not-implemented.js:9:17)
    at /home/siegfriedneto/projects/servicedeskn1/frontend/app/node_modules/jsdom/lib/jsdom/browser/Window.js:960:7
    at Object.fn (file:///home/siegfriedneto/projects/servicedeskn1/frontend/app/node_modules/@tanstack/router-core/dist/esm/scroll-restoration.js:180:27)
    at RouterCore.emit (file:///home/siegfriedneto/projects/servicedeskn1/frontend/app/node_modules/@tanstack/router-core/dist/esm/router.js:178:14)
    at file:///home/siegfriedneto/projects/servicedeskn1/frontend/app/node_modules/@tanstack/react-router/dist/esm/Transitioner.js:46:25
    at settleOwner (file:///home/siegfriedneto/projects/servicedeskn1/frontend/app/node_modules/@tanstack/react-router/dist/esm/Transitioner.js:10:10)
    at file:///home/siegfriedneto/projects/servicedeskn1/frontend/app/node_modules/@tanstack/react-router/dist/esm/Matches.js:38:39
    at Object.react_stack_bottom_frame (/home/siegfriedneto/projects/servicedeskn1/frontend/app/node_modules/react-dom/cjs/react-dom-client.development.js:25989:20)
    at runWithFiberInDEV (/home/siegfriedneto/projects/servicedeskn1/frontend/app/node_modules/react-dom/cjs/react-dom-client.development.js:874:13)
    at commitHookEffectListMount (/home/siegfriedneto/projects/servicedeskn1/frontend/app/node_modules/react-dom/cjs/react-dom-client.development.js:13249:29) [90mundefined[39m
Error: Not implemented: window.scrollTo
    at module.exports (/home/siegfriedneto/projects/servicedeskn1/frontend/app/node_modules/jsdom/lib/jsdom/browser/not-implemented.js:9:17)
    at /home/siegfriedneto/projects/servicedeskn1/frontend/app/node_modules/jsdom/lib/jsdom/browser/Window.js:960:7
    at Object.fn (file:///home/siegfriedneto/projects/servicedeskn1/frontend/app/node_modules/@tanstack/router-core/dist/esm/scroll-restoration.js:180:27)
    at RouterCore.emit (file:///home/siegfriedneto/projects/servicedeskn1/frontend/app/node_modules/@tanstack/router-core/dist/esm/router.js:178:14)
    at file:///home/siegfriedneto/projects/servicedeskn1/frontend/app/node_modules/@tanstack/react-router/dist/esm/Transitioner.js:46:25
    at settleOwner (file:///home/siegfriedneto/projects/servicedeskn1/frontend/app/node_modules/@tanstack/react-router/dist/esm/Transitioner.js:10:10)
    at file:///home/siegfriedneto/projects/servicedeskn1/frontend/app/node_modules/@tanstack/react-router/dist/esm/Matches.js:38:39
    at Object.react_stack_bottom_frame (/home/siegfriedneto/projects/servicedeskn1/frontend/app/node_modules/react-dom/cjs/react-dom-client.development.js:25989:20)
    at runWithFiberInDEV (/home/siegfriedneto/projects/servicedeskn1/frontend/app/node_modules/react-dom/cjs/react-dom-client.development.js:874:13)
    at commitHookEffectListMount (/home/siegfriedneto/projects/servicedeskn1/frontend/app/node_modules/react-dom/cjs/react-dom-client.development.js:13249:29) [90mundefined[39m
Error: Not implemented: window.scrollTo
    at module.exports (/home/siegfriedneto/projects/servicedeskn1/frontend/app/node_modules/jsdom/lib/jsdom/browser/not-implemented.js:9:17)
    at /home/siegfriedneto/projects/servicedeskn1/frontend/app/node_modules/jsdom/lib/jsdom/browser/Window.js:960:7
    at Object.fn (file:///home/siegfriedneto/projects/servicedeskn1/frontend/app/node_modules/@tanstack/router-core/dist/esm/scroll-restoration.js:180:27)
    at RouterCore.emit (file:///home/siegfriedneto/projects/servicedeskn1/frontend/app/node_modules/@tanstack/router-core/dist/esm/router.js:178:14)
    at file:///home/siegfriedneto/projects/servicedeskn1/frontend/app/node_modules/@tanstack/react-router/dist/esm/Transitioner.js:46:25
    at settleOwner (file:///home/siegfriedneto/projects/servicedeskn1/frontend/app/node_modules/@tanstack/react-router/dist/esm/Transitioner.js:10:10)
    at file:///home/siegfriedneto/projects/servicedeskn1/frontend/app/node_modules/@tanstack/react-router/dist/esm/Matches.js:38:39
    at Object.react_stack_bottom_frame (/home/siegfriedneto/projects/servicedeskn1/frontend/app/node_modules/react-dom/cjs/react-dom-client.development.js:25989:20)
    at runWithFiberInDEV (/home/siegfriedneto/projects/servicedeskn1/frontend/app/node_modules/react-dom/cjs/react-dom-client.development.js:874:13)
    at commitHookEffectListMount (/home/siegfriedneto/projects/servicedeskn1/frontend/app/node_modules/react-dom/cjs/react-dom-client.development.js:13249:29) [90mundefined[39m
Error: Not implemented: window.scrollTo
    at module.exports (/home/siegfriedneto/projects/servicedeskn1/frontend/app/node_modules/jsdom/lib/jsdom/browser/not-implemented.js:9:17)
    at /home/siegfriedneto/projects/servicedeskn1/frontend/app/node_modules/jsdom/lib/jsdom/browser/Window.js:960:7
    at Object.fn (file:///home/siegfriedneto/projects/servicedeskn1/frontend/app/node_modules/@tanstack/router-core/dist/esm/scroll-restoration.js:180:27)
    at RouterCore.emit (file:///home/siegfriedneto/projects/servicedeskn1/frontend/app/node_modules/@tanstack/router-core/dist/esm/router.js:178:14)
    at file:///home/siegfriedneto/projects/servicedeskn1/frontend/app/node_modules/@tanstack/react-router/dist/esm/Transitioner.js:46:25
    at settleOwner (file:///home/siegfriedneto/projects/servicedeskn1/frontend/app/node_modules/@tanstack/react-router/dist/esm/Transitioner.js:10:10)
    at file:///home/siegfriedneto/projects/servicedeskn1/frontend/app/node_modules/@tanstack/react-router/dist/esm/Matches.js:38:39
    at Object.react_stack_bottom_frame (/home/siegfriedneto/projects/servicedeskn1/frontend/app/node_modules/react-dom/cjs/react-dom-client.development.js:25989:20)
    at runWithFiberInDEV (/home/siegfriedneto/projects/servicedeskn1/frontend/app/node_modules/react-dom/cjs/react-dom-client.development.js:874:13)
    at commitHookEffectListMount (/home/siegfriedneto/projects/servicedeskn1/frontend/app/node_modules/react-dom/cjs/react-dom-client.development.js:13249:29) [90mundefined[39m
Error: Not implemented: window.scrollTo
    at module.exports (/home/siegfriedneto/projects/servicedeskn1/frontend/app/node_modules/jsdom/lib/jsdom/browser/not-implemented.js:9:17)
    at /home/siegfriedneto/projects/servicedeskn1/frontend/app/node_modules/jsdom/lib/jsdom/browser/Window.js:960:7
    at Object.fn (file:///home/siegfriedneto/projects/servicedeskn1/frontend/app/node_modules/@tanstack/router-core/dist/esm/scroll-restoration.js:180:27)
    at RouterCore.emit (file:///home/siegfriedneto/projects/servicedeskn1/frontend/app/node_modules/@tanstack/router-core/dist/esm/router.js:178:14)
    at file:///home/siegfriedneto/projects/servicedeskn1/frontend/app/node_modules/@tanstack/react-router/dist/esm/Transitioner.js:46:25
    at settleOwner (file:///home/siegfriedneto/projects/servicedeskn1/frontend/app/node_modules/@tanstack/react-router/dist/esm/Transitioner.js:10:10)
    at file:///home/siegfriedneto/projects/servicedeskn1/frontend/app/node_modules/@tanstack/react-router/dist/esm/Matches.js:38:39
    at Object.react_stack_bottom_frame (/home/siegfriedneto/projects/servicedeskn1/frontend/app/node_modules/react-dom/cjs/react-dom-client.development.js:25989:20)
    at runWithFiberInDEV (/home/siegfriedneto/projects/servicedeskn1/frontend/app/node_modules/react-dom/cjs/react-dom-client.development.js:874:13)
    at commitHookEffectListMount (/home/siegfriedneto/projects/servicedeskn1/frontend/app/node_modules/react-dom/cjs/react-dom-client.development.js:13249:29) [90mundefined[39m
Error: Not implemented: window.scrollTo
    at module.exports (/home/siegfriedneto/projects/servicedeskn1/frontend/app/node_modules/jsdom/lib/jsdom/browser/not-implemented.js:9:17)
    at /home/siegfriedneto/projects/servicedeskn1/frontend/app/node_modules/jsdom/lib/jsdom/browser/Window.js:960:7
    at Object.fn (file:///home/siegfriedneto/projects/servicedeskn1/frontend/app/node_modules/@tanstack/router-core/dist/esm/scroll-restoration.js:180:27)
    at RouterCore.emit (file:///home/siegfriedneto/projects/servicedeskn1/frontend/app/node_modules/@tanstack/router-core/dist/esm/router.js:178:14)
    at file:///home/siegfriedneto/projects/servicedeskn1/frontend/app/node_modules/@tanstack/react-router/dist/esm/Transitioner.js:46:25
    at settleOwner (file:///home/siegfriedneto/projects/servicedeskn1/frontend/app/node_modules/@tanstack/react-router/dist/esm/Transitioner.js:10:10)
    at file:///home/siegfriedneto/projects/servicedeskn1/frontend/app/node_modules/@tanstack/react-router/dist/esm/Matches.js:38:39
    at Object.react_stack_bottom_frame (/home/siegfriedneto/projects/servicedeskn1/frontend/app/node_modules/react-dom/cjs/react-dom-client.development.js:25989:20)
    at runWithFiberInDEV (/home/siegfriedneto/projects/servicedeskn1/frontend/app/node_modules/react-dom/cjs/react-dom-client.development.js:874:13)
    at commitHookEffectListMount (/home/siegfriedneto/projects/servicedeskn1/frontend/app/node_modules/react-dom/cjs/react-dom-client.development.js:13249:29) [90mundefined[39m
Error: Not implemented: window.scrollTo
    at module.exports (/home/siegfriedneto/projects/servicedeskn1/frontend/app/node_modules/jsdom/lib/jsdom/browser/not-implemented.js:9:17)
    at /home/siegfriedneto/projects/servicedeskn1/frontend/app/node_modules/jsdom/lib/jsdom/browser/Window.js:960:7
    at Object.fn (file:///home/siegfriedneto/projects/servicedeskn1/frontend/app/node_modules/@tanstack/router-core/dist/esm/scroll-restoration.js:180:27)
    at RouterCore.emit (file:///home/siegfriedneto/projects/servicedeskn1/frontend/app/node_modules/@tanstack/router-core/dist/esm/router.js:178:14)
    at file:///home/siegfriedneto/projects/servicedeskn1/frontend/app/node_modules/@tanstack/react-router/dist/esm/Transitioner.js:46:25
    at settleOwner (file:///home/siegfriedneto/projects/servicedeskn1/frontend/app/node_modules/@tanstack/react-router/dist/esm/Transitioner.js:10:10)
    at file:///home/siegfriedneto/projects/servicedeskn1/frontend/app/node_modules/@tanstack/react-router/dist/esm/Matches.js:38:39
    at Object.react_stack_bottom_frame (/home/siegfriedneto/projects/servicedeskn1/frontend/app/node_modules/react-dom/cjs/react-dom-client.development.js:25989:20)
    at runWithFiberInDEV (/home/siegfriedneto/projects/servicedeskn1/frontend/app/node_modules/react-dom/cjs/react-dom-client.development.js:874:13)
    at commitHookEffectListMount (/home/siegfriedneto/projects/servicedeskn1/frontend/app/node_modules/react-dom/cjs/react-dom-client.development.js:13249:29) [90mundefined[39m
Error: Not implemented: window.scrollTo
    at module.exports (/home/siegfriedneto/projects/servicedeskn1/frontend/app/node_modules/jsdom/lib/jsdom/browser/not-implemented.js:9:17)
    at /home/siegfriedneto/projects/servicedeskn1/frontend/app/node_modules/jsdom/lib/jsdom/browser/Window.js:960:7
    at Object.fn (file:///home/siegfriedneto/projects/servicedeskn1/frontend/app/node_modules/@tanstack/router-core/dist/esm/scroll-restoration.js:180:27)
    at RouterCore.emit (file:///home/siegfriedneto/projects/servicedeskn1/frontend/app/node_modules/@tanstack/router-core/dist/esm/router.js:178:14)
    at file:///home/siegfriedneto/projects/servicedeskn1/frontend/app/node_modules/@tanstack/react-router/dist/esm/Transitioner.js:46:25
    at settleOwner (file:///home/siegfriedneto/projects/servicedeskn1/frontend/app/node_modules/@tanstack/react-router/dist/esm/Transitioner.js:10:10)
    at file:///home/siegfriedneto/projects/servicedeskn1/frontend/app/node_modules/@tanstack/react-router/dist/esm/Matches.js:38:39
    at Object.react_stack_bottom_frame (/home/siegfriedneto/projects/servicedeskn1/frontend/app/node_modules/react-dom/cjs/react-dom-client.development.js:25989:20)
    at runWithFiberInDEV (/home/siegfriedneto/projects/servicedeskn1/frontend/app/node_modules/react-dom/cjs/react-dom-client.development.js:874:13)
    at commitHookEffectListMount (/home/siegfriedneto/projects/servicedeskn1/frontend/app/node_modules/react-dom/cjs/react-dom-client.development.js:13249:29) [90mundefined[39m
Error: Not implemented: window.scrollTo
    at module.exports (/home/siegfriedneto/projects/servicedeskn1/frontend/app/node_modules/jsdom/lib/jsdom/browser/not-implemented.js:9:17)
    at /home/siegfriedneto/projects/servicedeskn1/frontend/app/node_modules/jsdom/lib/jsdom/browser/Window.js:960:7
    at Object.fn (file:///home/siegfriedneto/projects/servicedeskn1/frontend/app/node_modules/@tanstack/router-core/dist/esm/scroll-restoration.js:180:27)
    at RouterCore.emit (file:///home/siegfriedneto/projects/servicedeskn1/frontend/app/node_modules/@tanstack/router-core/dist/esm/router.js:178:14)
    at file:///home/siegfriedneto/projects/servicedeskn1/frontend/app/node_modules/@tanstack/react-router/dist/esm/Transitioner.js:46:25
    at settleOwner (file:///home/siegfriedneto/projects/servicedeskn1/frontend/app/node_modules/@tanstack/react-router/dist/esm/Transitioner.js:10:10)
    at file:///home/siegfriedneto/projects/servicedeskn1/frontend/app/node_modules/@tanstack/react-router/dist/esm/Matches.js:38:39
    at Object.react_stack_bottom_frame (/home/siegfriedneto/projects/servicedeskn1/frontend/app/node_modules/react-dom/cjs/react-dom-client.development.js:25989:20)
    at runWithFiberInDEV (/home/siegfriedneto/projects/servicedeskn1/frontend/app/node_modules/react-dom/cjs/react-dom-client.development.js:874:13)
    at commitHookEffectListMount (/home/siegfriedneto/projects/servicedeskn1/frontend/app/node_modules/react-dom/cjs/react-dom-client.development.js:13249:29) [90mundefined[39m
Error: Not implemented: window.scrollTo
    at module.exports (/home/siegfriedneto/projects/servicedeskn1/frontend/app/node_modules/jsdom/lib/jsdom/browser/not-implemented.js:9:17)
    at /home/siegfriedneto/projects/servicedeskn1/frontend/app/node_modules/jsdom/lib/jsdom/browser/Window.js:960:7
    at Object.fn (file:///home/siegfriedneto/projects/servicedeskn1/frontend/app/node_modules/@tanstack/router-core/dist/esm/scroll-restoration.js:180:27)
    at RouterCore.emit (file:///home/siegfriedneto/projects/servicedeskn1/frontend/app/node_modules/@tanstack/router-core/dist/esm/router.js:178:14)
    at file:///home/siegfriedneto/projects/servicedeskn1/frontend/app/node_modules/@tanstack/react-router/dist/esm/Transitioner.js:46:25
    at settleOwner (file:///home/siegfriedneto/projects/servicedeskn1/frontend/app/node_modules/@tanstack/react-router/dist/esm/Transitioner.js:10:10)
    at file:///home/siegfriedneto/projects/servicedeskn1/frontend/app/node_modules/@tanstack/react-router/dist/esm/Matches.js:38:39
    at Object.react_stack_bottom_frame (/home/siegfriedneto/projects/servicedeskn1/frontend/app/node_modules/react-dom/cjs/react-dom-client.development.js:25989:20)
    at runWithFiberInDEV (/home/siegfriedneto/projects/servicedeskn1/frontend/app/node_modules/react-dom/cjs/react-dom-client.development.js:874:13)
    at commitHookEffectListMount (/home/siegfriedneto/projects/servicedeskn1/frontend/app/node_modules/react-dom/cjs/react-dom-client.development.js:13249:29) [90mundefined[39m
Error: Not implemented: window.scrollTo
    at module.exports (/home/siegfriedneto/projects/servicedeskn1/frontend/app/node_modules/jsdom/lib/jsdom/browser/not-implemented.js:9:17)
    at /home/siegfriedneto/projects/servicedeskn1/frontend/app/node_modules/jsdom/lib/jsdom/browser/Window.js:960:7
    at Object.fn (file:///home/siegfriedneto/projects/servicedeskn1/frontend/app/node_modules/@tanstack/router-core/dist/esm/scroll-restoration.js:180:27)
    at RouterCore.emit (file:///home/siegfriedneto/projects/servicedeskn1/frontend/app/node_modules/@tanstack/router-core/dist/esm/router.js:178:14)
    at file:///home/siegfriedneto/projects/servicedeskn1/frontend/app/node_modules/@tanstack/react-router/dist/esm/Transitioner.js:46:25
    at settleOwner (file:///home/siegfriedneto/projects/servicedeskn1/frontend/app/node_modules/@tanstack/react-router/dist/esm/Transitioner.js:10:10)
    at file:///home/siegfriedneto/projects/servicedeskn1/frontend/app/node_modules/@tanstack/react-router/dist/esm/Matches.js:38:39
    at Object.react_stack_bottom_frame (/home/siegfriedneto/projects/servicedeskn1/frontend/app/node_modules/react-dom/cjs/react-dom-client.development.js:25989:20)
    at runWithFiberInDEV (/home/siegfriedneto/projects/servicedeskn1/frontend/app/node_modules/react-dom/cjs/react-dom-client.development.js:874:13)
    at commitHookEffectListMount (/home/siegfriedneto/projects/servicedeskn1/frontend/app/node_modules/react-dom/cjs/react-dom-client.development.js:13249:29) [90mundefined[39m
Error: Not implemented: window.scrollTo
    at module.exports (/home/siegfriedneto/projects/servicedeskn1/frontend/app/node_modules/jsdom/lib/jsdom/browser/not-implemented.js:9:17)
    at /home/siegfriedneto/projects/servicedeskn1/frontend/app/node_modules/jsdom/lib/jsdom/browser/Window.js:960:7
    at Object.fn (file:///home/siegfriedneto/projects/servicedeskn1/frontend/app/node_modules/@tanstack/router-core/dist/esm/scroll-restoration.js:180:27)
    at RouterCore.emit (file:///home/siegfriedneto/projects/servicedeskn1/frontend/app/node_modules/@tanstack/router-core/dist/esm/router.js:178:14)
    at file:///home/siegfriedneto/projects/servicedeskn1/frontend/app/node_modules/@tanstack/react-router/dist/esm/Transitioner.js:46:25
    at settleOwner (file:///home/siegfriedneto/projects/servicedeskn1/frontend/app/node_modules/@tanstack/react-router/dist/esm/Transitioner.js:10:10)
    at file:///home/siegfriedneto/projects/servicedeskn1/frontend/app/node_modules/@tanstack/react-router/dist/esm/Matches.js:38:39
    at Object.react_stack_bottom_frame (/home/siegfriedneto/projects/servicedeskn1/frontend/app/node_modules/react-dom/cjs/react-dom-client.development.js:25989:20)
    at runWithFiberInDEV (/home/siegfriedneto/projects/servicedeskn1/frontend/app/node_modules/react-dom/cjs/react-dom-client.development.js:874:13)
    at commitHookEffectListMount (/home/siegfriedneto/projects/servicedeskn1/frontend/app/node_modules/react-dom/cjs/react-dom-client.development.js:13249:29) [90mundefined[39m
Error: Not implemented: window.scrollTo
    at module.exports (/home/siegfriedneto/projects/servicedeskn1/frontend/app/node_modules/jsdom/lib/jsdom/browser/not-implemented.js:9:17)
    at /home/siegfriedneto/projects/servicedeskn1/frontend/app/node_modules/jsdom/lib/jsdom/browser/Window.js:960:7
    at Object.fn (file:///home/siegfriedneto/projects/servicedeskn1/frontend/app/node_modules/@tanstack/router-core/dist/esm/scroll-restoration.js:180:27)
    at RouterCore.emit (file:///home/siegfriedneto/projects/servicedeskn1/frontend/app/node_modules/@tanstack/router-core/dist/esm/router.js:178:14)
    at file:///home/siegfriedneto/projects/servicedeskn1/frontend/app/node_modules/@tanstack/react-router/dist/esm/Transitioner.js:46:25
    at settleOwner (file:///home/siegfriedneto/projects/servicedeskn1/frontend/app/node_modules/@tanstack/react-router/dist/esm/Transitioner.js:10:10)
    at file:///home/siegfriedneto/projects/servicedeskn1/frontend/app/node_modules/@tanstack/react-router/dist/esm/Matches.js:38:39
    at Object.react_stack_bottom_frame (/home/siegfriedneto/projects/servicedeskn1/frontend/app/node_modules/react-dom/cjs/react-dom-client.development.js:25989:20)
    at runWithFiberInDEV (/home/siegfriedneto/projects/servicedeskn1/frontend/app/node_modules/react-dom/cjs/react-dom-client.development.js:874:13)
    at commitHookEffectListMount (/home/siegfriedneto/projects/servicedeskn1/frontend/app/node_modules/react-dom/cjs/react-dom-client.development.js:13249:29) [90mundefined[39m
Error: Not implemented: window.scrollTo
    at module.exports (/home/siegfriedneto/projects/servicedeskn1/frontend/app/node_modules/jsdom/lib/jsdom/browser/not-implemented.js:9:17)
    at /home/siegfriedneto/projects/servicedeskn1/frontend/app/node_modules/jsdom/lib/jsdom/browser/Window.js:960:7
    at Object.fn (file:///home/siegfriedneto/projects/servicedeskn1/frontend/app/node_modules/@tanstack/router-core/dist/esm/scroll-restoration.js:180:27)
    at RouterCore.emit (file:///home/siegfriedneto/projects/servicedeskn1/frontend/app/node_modules/@tanstack/router-core/dist/esm/router.js:178:14)
    at file:///home/siegfriedneto/projects/servicedeskn1/frontend/app/node_modules/@tanstack/react-router/dist/esm/Transitioner.js:46:25
    at settleOwner (file:///home/siegfriedneto/projects/servicedeskn1/frontend/app/node_modules/@tanstack/react-router/dist/esm/Transitioner.js:10:10)
    at file:///home/siegfriedneto/projects/servicedeskn1/frontend/app/node_modules/@tanstack/react-router/dist/esm/Matches.js:38:39
    at Object.react_stack_bottom_frame (/home/siegfriedneto/projects/servicedeskn1/frontend/app/node_modules/react-dom/cjs/react-dom-client.development.js:25989:20)
    at runWithFiberInDEV (/home/siegfriedneto/projects/servicedeskn1/frontend/app/node_modules/react-dom/cjs/react-dom-client.development.js:874:13)
    at commitHookEffectListMount (/home/siegfriedneto/projects/servicedeskn1/frontend/app/node_modules/react-dom/cjs/react-dom-client.development.js:13249:29) [90mundefined[39m
Error: Not implemented: window.scrollTo
    at module.exports (/home/siegfriedneto/projects/servicedeskn1/frontend/app/node_modules/jsdom/lib/jsdom/browser/not-implemented.js:9:17)
    at /home/siegfriedneto/projects/servicedeskn1/frontend/app/node_modules/jsdom/lib/jsdom/browser/Window.js:960:7
    at Object.fn (file:///home/siegfriedneto/projects/servicedeskn1/frontend/app/node_modules/@tanstack/router-core/dist/esm/scroll-restoration.js:180:27)
    at RouterCore.emit (file:///home/siegfriedneto/projects/servicedeskn1/frontend/app/node_modules/@tanstack/router-core/dist/esm/router.js:178:14)
    at file:///home/siegfriedneto/projects/servicedeskn1/frontend/app/node_modules/@tanstack/react-router/dist/esm/Transitioner.js:46:25
    at settleOwner (file:///home/siegfriedneto/projects/servicedeskn1/frontend/app/node_modules/@tanstack/react-router/dist/esm/Transitioner.js:10:10)
    at file:///home/siegfriedneto/projects/servicedeskn1/frontend/app/node_modules/@tanstack/react-router/dist/esm/Matches.js:38:39
    at Object.react_stack_bottom_frame (/home/siegfriedneto/projects/servicedeskn1/frontend/app/node_modules/react-dom/cjs/react-dom-client.development.js:25989:20)
    at runWithFiberInDEV (/home/siegfriedneto/projects/servicedeskn1/frontend/app/node_modules/react-dom/cjs/react-dom-client.development.js:874:13)
    at commitHookEffectListMount (/home/siegfriedneto/projects/servicedeskn1/frontend/app/node_modules/react-dom/cjs/react-dom-client.development.js:13249:29) [90mundefined[39m
Error: Not implemented: window.scrollTo
    at module.exports (/home/siegfriedneto/projects/servicedeskn1/frontend/app/node_modules/jsdom/lib/jsdom/browser/not-implemented.js:9:17)
    at /home/siegfriedneto/projects/servicedeskn1/frontend/app/node_modules/jsdom/lib/jsdom/browser/Window.js:960:7
    at Object.fn (file:///home/siegfriedneto/projects/servicedeskn1/frontend/app/node_modules/@tanstack/router-core/dist/esm/scroll-restoration.js:180:27)
    at RouterCore.emit (file:///home/siegfriedneto/projects/servicedeskn1/frontend/app/node_modules/@tanstack/router-core/dist/esm/router.js:178:14)
    at file:///home/siegfriedneto/projects/servicedeskn1/frontend/app/node_modules/@tanstack/react-router/dist/esm/Transitioner.js:46:25
    at settleOwner (file:///home/siegfriedneto/projects/servicedeskn1/frontend/app/node_modules/@tanstack/react-router/dist/esm/Transitioner.js:10:10)
    at file:///home/siegfriedneto/projects/servicedeskn1/frontend/app/node_modules/@tanstack/react-router/dist/esm/Matches.js:38:39
    at Object.react_stack_bottom_frame (/home/siegfriedneto/projects/servicedeskn1/frontend/app/node_modules/react-dom/cjs/react-dom-client.development.js:25989:20)
    at runWithFiberInDEV (/home/siegfriedneto/projects/servicedeskn1/frontend/app/node_modules/react-dom/cjs/react-dom-client.development.js:874:13)
    at commitHookEffectListMount (/home/siegfriedneto/projects/servicedeskn1/frontend/app/node_modules/react-dom/cjs/react-dom-client.development.js:13249:29) [90mundefined[39m
Error: Not implemented: window.scrollTo
    at module.exports (/home/siegfriedneto/projects/servicedeskn1/frontend/app/node_modules/jsdom/lib/jsdom/browser/not-implemented.js:9:17)
    at /home/siegfriedneto/projects/servicedeskn1/frontend/app/node_modules/jsdom/lib/jsdom/browser/Window.js:960:7
    at Object.fn (file:///home/siegfriedneto/projects/servicedeskn1/frontend/app/node_modules/@tanstack/router-core/dist/esm/scroll-restoration.js:180:27)
    at RouterCore.emit (file:///home/siegfriedneto/projects/servicedeskn1/frontend/app/node_modules/@tanstack/router-core/dist/esm/router.js:178:14)
    at file:///home/siegfriedneto/projects/servicedeskn1/frontend/app/node_modules/@tanstack/react-router/dist/esm/Transitioner.js:46:25
    at settleOwner (file:///home/siegfriedneto/projects/servicedeskn1/frontend/app/node_modules/@tanstack/react-router/dist/esm/Transitioner.js:10:10)
    at file:///home/siegfriedneto/projects/servicedeskn1/frontend/app/node_modules/@tanstack/react-router/dist/esm/Matches.js:38:39
    at Object.react_stack_bottom_frame (/home/siegfriedneto/projects/servicedeskn1/frontend/app/node_modules/react-dom/cjs/react-dom-client.development.js:25989:20)
    at runWithFiberInDEV (/home/siegfriedneto/projects/servicedeskn1/frontend/app/node_modules/react-dom/cjs/react-dom-client.development.js:874:13)
    at commitHookEffectListMount (/home/siegfriedneto/projects/servicedeskn1/frontend/app/node_modules/react-dom/cjs/react-dom-client.development.js:13249:29) [90mundefined[39m
Error: Not implemented: window.scrollTo
    at module.exports (/home/siegfriedneto/projects/servicedeskn1/frontend/app/node_modules/jsdom/lib/jsdom/browser/not-implemented.js:9:17)
    at /home/siegfriedneto/projects/servicedeskn1/frontend/app/node_modules/jsdom/lib/jsdom/browser/Window.js:960:7
    at Object.fn (file:///home/siegfriedneto/projects/servicedeskn1/frontend/app/node_modules/@tanstack/router-core/dist/esm/scroll-restoration.js:180:27)
    at RouterCore.emit (file:///home/siegfriedneto/projects/servicedeskn1/frontend/app/node_modules/@tanstack/router-core/dist/esm/router.js:178:14)
    at file:///home/siegfriedneto/projects/servicedeskn1/frontend/app/node_modules/@tanstack/react-router/dist/esm/Transitioner.js:46:25
    at settleOwner (file:///home/siegfriedneto/projects/servicedeskn1/frontend/app/node_modules/@tanstack/react-router/dist/esm/Transitioner.js:10:10)
    at file:///home/siegfriedneto/projects/servicedeskn1/frontend/app/node_modules/@tanstack/react-router/dist/esm/Matches.js:38:39
    at Object.react_stack_bottom_frame (/home/siegfriedneto/projects/servicedeskn1/frontend/app/node_modules/react-dom/cjs/react-dom-client.development.js:25989:20)
    at runWithFiberInDEV (/home/siegfriedneto/projects/servicedeskn1/frontend/app/node_modules/react-dom/cjs/react-dom-client.development.js:874:13)
    at commitHookEffectListMount (/home/siegfriedneto/projects/servicedeskn1/frontend/app/node_modules/react-dom/cjs/react-dom-client.development.js:13249:29) [90mundefined[39m
Error: Not implemented: window.scrollTo
    at module.exports (/home/siegfriedneto/projects/servicedeskn1/frontend/app/node_modules/jsdom/lib/jsdom/browser/not-implemented.js:9:17)
    at /home/siegfriedneto/projects/servicedeskn1/frontend/app/node_modules/jsdom/lib/jsdom/browser/Window.js:960:7
    at Object.fn (file:///home/siegfriedneto/projects/servicedeskn1/frontend/app/node_modules/@tanstack/router-core/dist/esm/scroll-restoration.js:180:27)
    at RouterCore.emit (file:///home/siegfriedneto/projects/servicedeskn1/frontend/app/node_modules/@tanstack/router-core/dist/esm/router.js:178:14)
    at file:///home/siegfriedneto/projects/servicedeskn1/frontend/app/node_modules/@tanstack/react-router/dist/esm/Transitioner.js:46:25
    at settleOwner (file:///home/siegfriedneto/projects/servicedeskn1/frontend/app/node_modules/@tanstack/react-router/dist/esm/Transitioner.js:10:10)
    at file:///home/siegfriedneto/projects/servicedeskn1/frontend/app/node_modules/@tanstack/react-router/dist/esm/Matches.js:38:39
    at Object.react_stack_bottom_frame (/home/siegfriedneto/projects/servicedeskn1/frontend/app/node_modules/react-dom/cjs/react-dom-client.development.js:25989:20)
    at runWithFiberInDEV (/home/siegfriedneto/projects/servicedeskn1/frontend/app/node_modules/react-dom/cjs/react-dom-client.development.js:874:13)
    at commitHookEffectListMount (/home/siegfriedneto/projects/servicedeskn1/frontend/app/node_modules/react-dom/cjs/react-dom-client.development.js:13249:29) [90mundefined[39m
Error: Not implemented: window.scrollTo
    at module.exports (/home/siegfriedneto/projects/servicedeskn1/frontend/app/node_modules/jsdom/lib/jsdom/browser/not-implemented.js:9:17)
    at /home/siegfriedneto/projects/servicedeskn1/frontend/app/node_modules/jsdom/lib/jsdom/browser/Window.js:960:7
    at Object.fn (file:///home/siegfriedneto/projects/servicedeskn1/frontend/app/node_modules/@tanstack/router-core/dist/esm/scroll-restoration.js:180:27)
    at RouterCore.emit (file:///home/siegfriedneto/projects/servicedeskn1/frontend/app/node_modules/@tanstack/router-core/dist/esm/router.js:178:14)
    at file:///home/siegfriedneto/projects/servicedeskn1/frontend/app/node_modules/@tanstack/react-router/dist/esm/Transitioner.js:46:25
    at settleOwner (file:///home/siegfriedneto/projects/servicedeskn1/frontend/app/node_modules/@tanstack/react-router/dist/esm/Transitioner.js:10:10)
    at file:///home/siegfriedneto/projects/servicedeskn1/frontend/app/node_modules/@tanstack/react-router/dist/esm/Matches.js:38:39
    at Object.react_stack_bottom_frame (/home/siegfriedneto/projects/servicedeskn1/frontend/app/node_modules/react-dom/cjs/react-dom-client.development.js:25989:20)
    at runWithFiberInDEV (/home/siegfriedneto/projects/servicedeskn1/frontend/app/node_modules/react-dom/cjs/react-dom-client.development.js:874:13)
    at commitHookEffectListMount (/home/siegfriedneto/projects/servicedeskn1/frontend/app/node_modules/react-dom/cjs/react-dom-client.development.js:13249:29) [90mundefined[39m
Error: Not implemented: window.scrollTo
    at module.exports (/home/siegfriedneto/projects/servicedeskn1/frontend/app/node_modules/jsdom/lib/jsdom/browser/not-implemented.js:9:17)
    at /home/siegfriedneto/projects/servicedeskn1/frontend/app/node_modules/jsdom/lib/jsdom/browser/Window.js:960:7
    at Object.fn (file:///home/siegfriedneto/projects/servicedeskn1/frontend/app/node_modules/@tanstack/router-core/dist/esm/scroll-restoration.js:180:27)
    at RouterCore.emit (file:///home/siegfriedneto/projects/servicedeskn1/frontend/app/node_modules/@tanstack/router-core/dist/esm/router.js:178:14)
    at file:///home/siegfriedneto/projects/servicedeskn1/frontend/app/node_modules/@tanstack/react-router/dist/esm/Transitioner.js:46:25
    at settleOwner (file:///home/siegfriedneto/projects/servicedeskn1/frontend/app/node_modules/@tanstack/react-router/dist/esm/Transitioner.js:10:10)
    at file:///home/siegfriedneto/projects/servicedeskn1/frontend/app/node_modules/@tanstack/react-router/dist/esm/Matches.js:38:39
    at Object.react_stack_bottom_frame (/home/siegfriedneto/projects/servicedeskn1/frontend/app/node_modules/react-dom/cjs/react-dom-client.development.js:25989:20)
    at runWithFiberInDEV (/home/siegfriedneto/projects/servicedeskn1/frontend/app/node_modules/react-dom/cjs/react-dom-client.development.js:874:13)
    at commitHookEffectListMount (/home/siegfriedneto/projects/servicedeskn1/frontend/app/node_modules/react-dom/cjs/react-dom-client.development.js:13249:29) [90mundefined[39m
Error: Not implemented: window.scrollTo
    at module.exports (/home/siegfriedneto/projects/servicedeskn1/frontend/app/node_modules/jsdom/lib/jsdom/browser/not-implemented.js:9:17)
    at /home/siegfriedneto/projects/servicedeskn1/frontend/app/node_modules/jsdom/lib/jsdom/browser/Window.js:960:7
    at Object.fn (file:///home/siegfriedneto/projects/servicedeskn1/frontend/app/node_modules/@tanstack/router-core/dist/esm/scroll-restoration.js:180:27)
    at RouterCore.emit (file:///home/siegfriedneto/projects/servicedeskn1/frontend/app/node_modules/@tanstack/router-core/dist/esm/router.js:178:14)
    at file:///home/siegfriedneto/projects/servicedeskn1/frontend/app/node_modules/@tanstack/react-router/dist/esm/Transitioner.js:46:25
    at settleOwner (file:///home/siegfriedneto/projects/servicedeskn1/frontend/app/node_modules/@tanstack/react-router/dist/esm/Transitioner.js:10:10)
    at file:///home/siegfriedneto/projects/servicedeskn1/frontend/app/node_modules/@tanstack/react-router/dist/esm/Matches.js:38:39
    at Object.react_stack_bottom_frame (/home/siegfriedneto/projects/servicedeskn1/frontend/app/node_modules/react-dom/cjs/react-dom-client.development.js:25989:20)
    at runWithFiberInDEV (/home/siegfriedneto/projects/servicedeskn1/frontend/app/node_modules/react-dom/cjs/react-dom-client.development.js:874:13)
    at commitHookEffectListMount (/home/siegfriedneto/projects/servicedeskn1/frontend/app/node_modules/react-dom/cjs/react-dom-client.development.js:13249:29) [90mundefined[39m
Error: Not implemented: window.scrollTo
    at module.exports (/home/siegfriedneto/projects/servicedeskn1/frontend/app/node_modules/jsdom/lib/jsdom/browser/not-implemented.js:9:17)
    at /home/siegfriedneto/projects/servicedeskn1/frontend/app/node_modules/jsdom/lib/jsdom/browser/Window.js:960:7
    at Object.fn (file:///home/siegfriedneto/projects/servicedeskn1/frontend/app/node_modules/@tanstack/router-core/dist/esm/scroll-restoration.js:180:27)
    at RouterCore.emit (file:///home/siegfriedneto/projects/servicedeskn1/frontend/app/node_modules/@tanstack/router-core/dist/esm/router.js:178:14)
    at file:///home/siegfriedneto/projects/servicedeskn1/frontend/app/node_modules/@tanstack/react-router/dist/esm/Transitioner.js:46:25
    at settleOwner (file:///home/siegfriedneto/projects/servicedeskn1/frontend/app/node_modules/@tanstack/react-router/dist/esm/Transitioner.js:10:10)
    at file:///home/siegfriedneto/projects/servicedeskn1/frontend/app/node_modules/@tanstack/react-router/dist/esm/Matches.js:38:39
    at Object.react_stack_bottom_frame (/home/siegfriedneto/projects/servicedeskn1/frontend/app/node_modules/react-dom/cjs/react-dom-client.development.js:25989:20)
    at runWithFiberInDEV (/home/siegfriedneto/projects/servicedeskn1/frontend/app/node_modules/react-dom/cjs/react-dom-client.development.js:874:13)
    at commitHookEffectListMount (/home/siegfriedneto/projects/servicedeskn1/frontend/app/node_modules/react-dom/cjs/react-dom-client.development.js:13249:29) [90mundefined[39m
Error: Not implemented: window.scrollTo
    at module.exports (/home/siegfriedneto/projects/servicedeskn1/frontend/app/node_modules/jsdom/lib/jsdom/browser/not-implemented.js:9:17)
    at /home/siegfriedneto/projects/servicedeskn1/frontend/app/node_modules/jsdom/lib/jsdom/browser/Window.js:960:7
    at Object.fn (file:///home/siegfriedneto/projects/servicedeskn1/frontend/app/node_modules/@tanstack/router-core/dist/esm/scroll-restoration.js:180:27)
    at RouterCore.emit (file:///home/siegfriedneto/projects/servicedeskn1/frontend/app/node_modules/@tanstack/router-core/dist/esm/router.js:178:14)
    at file:///home/siegfriedneto/projects/servicedeskn1/frontend/app/node_modules/@tanstack/react-router/dist/esm/Transitioner.js:46:25
    at settleOwner (file:///home/siegfriedneto/projects/servicedeskn1/frontend/app/node_modules/@tanstack/react-router/dist/esm/Transitioner.js:10:10)
    at file:///home/siegfriedneto/projects/servicedeskn1/frontend/app/node_modules/@tanstack/react-router/dist/esm/Matches.js:38:39
    at Object.react_stack_bottom_frame (/home/siegfriedneto/projects/servicedeskn1/frontend/app/node_modules/react-dom/cjs/react-dom-client.development.js:25989:20)
    at runWithFiberInDEV (/home/siegfriedneto/projects/servicedeskn1/frontend/app/node_modules/react-dom/cjs/react-dom-client.development.js:874:13)
    at commitHookEffectListMount (/home/siegfriedneto/projects/servicedeskn1/frontend/app/node_modules/react-dom/cjs/react-dom-client.development.js:13249:29) [90mundefined[39m
Error: Not implemented: window.scrollTo
    at module.exports (/home/siegfriedneto/projects/servicedeskn1/frontend/app/node_modules/jsdom/lib/jsdom/browser/not-implemented.js:9:17)
    at /home/siegfriedneto/projects/servicedeskn1/frontend/app/node_modules/jsdom/lib/jsdom/browser/Window.js:960:7
    at Object.fn (file:///home/siegfriedneto/projects/servicedeskn1/frontend/app/node_modules/@tanstack/router-core/dist/esm/scroll-restoration.js:180:27)
    at RouterCore.emit (file:///home/siegfriedneto/projects/servicedeskn1/frontend/app/node_modules/@tanstack/router-core/dist/esm/router.js:178:14)
    at file:///home/siegfriedneto/projects/servicedeskn1/frontend/app/node_modules/@tanstack/react-router/dist/esm/Transitioner.js:46:25
    at settleOwner (file:///home/siegfriedneto/projects/servicedeskn1/frontend/app/node_modules/@tanstack/react-router/dist/esm/Transitioner.js:10:10)
    at file:///home/siegfriedneto/projects/servicedeskn1/frontend/app/node_modules/@tanstack/react-router/dist/esm/Matches.js:38:39
    at Object.react_stack_bottom_frame (/home/siegfriedneto/projects/servicedeskn1/frontend/app/node_modules/react-dom/cjs/react-dom-client.development.js:25989:20)
    at runWithFiberInDEV (/home/siegfriedneto/projects/servicedeskn1/frontend/app/node_modules/react-dom/cjs/react-dom-client.development.js:874:13)
    at commitHookEffectListMount (/home/siegfriedneto/projects/servicedeskn1/frontend/app/node_modules/react-dom/cjs/react-dom-client.development.js:13249:29) [90mundefined[39m
Error: Not implemented: window.scrollTo
    at module.exports (/home/siegfriedneto/projects/servicedeskn1/frontend/app/node_modules/jsdom/lib/jsdom/browser/not-implemented.js:9:17)
    at /home/siegfriedneto/projects/servicedeskn1/frontend/app/node_modules/jsdom/lib/jsdom/browser/Window.js:960:7
    at Object.fn (file:///home/siegfriedneto/projects/servicedeskn1/frontend/app/node_modules/@tanstack/router-core/dist/esm/scroll-restoration.js:180:27)
    at RouterCore.emit (file:///home/siegfriedneto/projects/servicedeskn1/frontend/app/node_modules/@tanstack/router-core/dist/esm/router.js:178:14)
    at file:///home/siegfriedneto/projects/servicedeskn1/frontend/app/node_modules/@tanstack/react-router/dist/esm/Transitioner.js:46:25
    at settleOwner (file:///home/siegfriedneto/projects/servicedeskn1/frontend/app/node_modules/@tanstack/react-router/dist/esm/Transitioner.js:10:10)
    at file:///home/siegfriedneto/projects/servicedeskn1/frontend/app/node_modules/@tanstack/react-router/dist/esm/Matches.js:38:39
    at Object.react_stack_bottom_frame (/home/siegfriedneto/projects/servicedeskn1/frontend/app/node_modules/react-dom/cjs/react-dom-client.development.js:25989:20)
    at runWithFiberInDEV (/home/siegfriedneto/projects/servicedeskn1/frontend/app/node_modules/react-dom/cjs/react-dom-client.development.js:874:13)
    at commitHookEffectListMount (/home/siegfriedneto/projects/servicedeskn1/frontend/app/node_modules/react-dom/cjs/react-dom-client.development.js:13249:29) [90mundefined[39m
Error: Not implemented: window.scrollTo
    at module.exports (/home/siegfriedneto/projects/servicedeskn1/frontend/app/node_modules/jsdom/lib/jsdom/browser/not-implemented.js:9:17)
    at /home/siegfriedneto/projects/servicedeskn1/frontend/app/node_modules/jsdom/lib/jsdom/browser/Window.js:960:7
    at Object.fn (file:///home/siegfriedneto/projects/servicedeskn1/frontend/app/node_modules/@tanstack/router-core/dist/esm/scroll-restoration.js:180:27)
    at RouterCore.emit (file:///home/siegfriedneto/projects/servicedeskn1/frontend/app/node_modules/@tanstack/router-core/dist/esm/router.js:178:14)
    at file:///home/siegfriedneto/projects/servicedeskn1/frontend/app/node_modules/@tanstack/react-router/dist/esm/Transitioner.js:46:25
    at settleOwner (file:///home/siegfriedneto/projects/servicedeskn1/frontend/app/node_modules/@tanstack/react-router/dist/esm/Transitioner.js:10:10)
    at file:///home/siegfriedneto/projects/servicedeskn1/frontend/app/node_modules/@tanstack/react-router/dist/esm/Matches.js:38:39
    at Object.react_stack_bottom_frame (/home/siegfriedneto/projects/servicedeskn1/frontend/app/node_modules/react-dom/cjs/react-dom-client.development.js:25989:20)
    at runWithFiberInDEV (/home/siegfriedneto/projects/servicedeskn1/frontend/app/node_modules/react-dom/cjs/react-dom-client.development.js:874:13)
    at commitHookEffectListMount (/home/siegfriedneto/projects/servicedeskn1/frontend/app/node_modules/react-dom/cjs/react-dom-client.development.js:13249:29) [90mundefined[39m
Error: Not implemented: window.scrollTo
    at module.exports (/home/siegfriedneto/projects/servicedeskn1/frontend/app/node_modules/jsdom/lib/jsdom/browser/not-implemented.js:9:17)
    at /home/siegfriedneto/projects/servicedeskn1/frontend/app/node_modules/jsdom/lib/jsdom/browser/Window.js:960:7
    at Object.fn (file:///home/siegfriedneto/projects/servicedeskn1/frontend/app/node_modules/@tanstack/router-core/dist/esm/scroll-restoration.js:180:27)
    at RouterCore.emit (file:///home/siegfriedneto/projects/servicedeskn1/frontend/app/node_modules/@tanstack/router-core/dist/esm/router.js:178:14)
    at file:///home/siegfriedneto/projects/servicedeskn1/frontend/app/node_modules/@tanstack/react-router/dist/esm/Transitioner.js:46:25
    at settleOwner (file:///home/siegfriedneto/projects/servicedeskn1/frontend/app/node_modules/@tanstack/react-router/dist/esm/Transitioner.js:10:10)
    at file:///home/siegfriedneto/projects/servicedeskn1/frontend/app/node_modules/@tanstack/react-router/dist/esm/Matches.js:38:39
    at Object.react_stack_bottom_frame (/home/siegfriedneto/projects/servicedeskn1/frontend/app/node_modules/react-dom/cjs/react-dom-client.development.js:25989:20)
    at runWithFiberInDEV (/home/siegfriedneto/projects/servicedeskn1/frontend/app/node_modules/react-dom/cjs/react-dom-client.development.js:874:13)
    at commitHookEffectListMount (/home/siegfriedneto/projects/servicedeskn1/frontend/app/node_modules/react-dom/cjs/react-dom-client.development.js:13249:29) [90mundefined[39m
Error: Not implemented: window.scrollTo
    at module.exports (/home/siegfriedneto/projects/servicedeskn1/frontend/app/node_modules/jsdom/lib/jsdom/browser/not-implemented.js:9:17)
    at /home/siegfriedneto/projects/servicedeskn1/frontend/app/node_modules/jsdom/lib/jsdom/browser/Window.js:960:7
    at Object.fn (file:///home/siegfriedneto/projects/servicedeskn1/frontend/app/node_modules/@tanstack/router-core/dist/esm/scroll-restoration.js:180:27)
    at RouterCore.emit (file:///home/siegfriedneto/projects/servicedeskn1/frontend/app/node_modules/@tanstack/router-core/dist/esm/router.js:178:14)
    at file:///home/siegfriedneto/projects/servicedeskn1/frontend/app/node_modules/@tanstack/react-router/dist/esm/Transitioner.js:46:25
    at settleOwner (file:///home/siegfriedneto/projects/servicedeskn1/frontend/app/node_modules/@tanstack/react-router/dist/esm/Transitioner.js:10:10)
    at file:///home/siegfriedneto/projects/servicedeskn1/frontend/app/node_modules/@tanstack/react-router/dist/esm/Matches.js:38:39
    at Object.react_stack_bottom_frame (/home/siegfriedneto/projects/servicedeskn1/frontend/app/node_modules/react-dom/cjs/react-dom-client.development.js:25989:20)
    at runWithFiberInDEV (/home/siegfriedneto/projects/servicedeskn1/frontend/app/node_modules/react-dom/cjs/react-dom-client.development.js:874:13)
    at commitHookEffectListMount (/home/siegfriedneto/projects/servicedeskn1/frontend/app/node_modules/react-dom/cjs/react-dom-client.development.js:13249:29) [90mundefined[39m
Error: Not implemented: window.scrollTo
    at module.exports (/home/siegfriedneto/projects/servicedeskn1/frontend/app/node_modules/jsdom/lib/jsdom/browser/not-implemented.js:9:17)
    at /home/siegfriedneto/projects/servicedeskn1/frontend/app/node_modules/jsdom/lib/jsdom/browser/Window.js:960:7
    at Object.fn (file:///home/siegfriedneto/projects/servicedeskn1/frontend/app/node_modules/@tanstack/router-core/dist/esm/scroll-restoration.js:180:27)
    at RouterCore.emit (file:///home/siegfriedneto/projects/servicedeskn1/frontend/app/node_modules/@tanstack/router-core/dist/esm/router.js:178:14)
    at file:///home/siegfriedneto/projects/servicedeskn1/frontend/app/node_modules/@tanstack/react-router/dist/esm/Transitioner.js:46:25
    at settleOwner (file:///home/siegfriedneto/projects/servicedeskn1/frontend/app/node_modules/@tanstack/react-router/dist/esm/Transitioner.js:10:10)
    at file:///home/siegfriedneto/projects/servicedeskn1/frontend/app/node_modules/@tanstack/react-router/dist/esm/Matches.js:38:39
    at Object.react_stack_bottom_frame (/home/siegfriedneto/projects/servicedeskn1/frontend/app/node_modules/react-dom/cjs/react-dom-client.development.js:25989:20)
    at runWithFiberInDEV (/home/siegfriedneto/projects/servicedeskn1/frontend/app/node_modules/react-dom/cjs/react-dom-client.development.js:874:13)
    at commitHookEffectListMount (/home/siegfriedneto/projects/servicedeskn1/frontend/app/node_modules/react-dom/cjs/react-dom-client.development.js:13249:29) [90mundefined[39m
Error: Not implemented: window.scrollTo
    at module.exports (/home/siegfriedneto/projects/servicedeskn1/frontend/app/node_modules/jsdom/lib/jsdom/browser/not-implemented.js:9:17)
    at /home/siegfriedneto/projects/servicedeskn1/frontend/app/node_modules/jsdom/lib/jsdom/browser/Window.js:960:7
    at Object.fn (file:///home/siegfriedneto/projects/servicedeskn1/frontend/app/node_modules/@tanstack/router-core/dist/esm/scroll-restoration.js:180:27)
    at RouterCore.emit (file:///home/siegfriedneto/projects/servicedeskn1/frontend/app/node_modules/@tanstack/router-core/dist/esm/router.js:178:14)
    at file:///home/siegfriedneto/projects/servicedeskn1/frontend/app/node_modules/@tanstack/react-router/dist/esm/Transitioner.js:46:25
    at settleOwner (file:///home/siegfriedneto/projects/servicedeskn1/frontend/app/node_modules/@tanstack/react-router/dist/esm/Transitioner.js:10:10)
    at file:///home/siegfriedneto/projects/servicedeskn1/frontend/app/node_modules/@tanstack/react-router/dist/esm/Matches.js:38:39
    at Object.react_stack_bottom_frame (/home/siegfriedneto/projects/servicedeskn1/frontend/app/node_modules/react-dom/cjs/react-dom-client.development.js:25989:20)
    at runWithFiberInDEV (/home/siegfriedneto/projects/servicedeskn1/frontend/app/node_modules/react-dom/cjs/react-dom-client.development.js:874:13)
    at commitHookEffectListMount (/home/siegfriedneto/projects/servicedeskn1/frontend/app/node_modules/react-dom/cjs/react-dom-client.development.js:13249:29) [90mundefined[39m
Error: Not implemented: window.scrollTo
    at module.exports (/home/siegfriedneto/projects/servicedeskn1/frontend/app/node_modules/jsdom/lib/jsdom/browser/not-implemented.js:9:17)
    at /home/siegfriedneto/projects/servicedeskn1/frontend/app/node_modules/jsdom/lib/jsdom/browser/Window.js:960:7
    at Object.fn (file:///home/siegfriedneto/projects/servicedeskn1/frontend/app/node_modules/@tanstack/router-core/dist/esm/scroll-restoration.js:180:27)
    at RouterCore.emit (file:///home/siegfriedneto/projects/servicedeskn1/frontend/app/node_modules/@tanstack/router-core/dist/esm/router.js:178:14)
    at file:///home/siegfriedneto/projects/servicedeskn1/frontend/app/node_modules/@tanstack/react-router/dist/esm/Transitioner.js:46:25
    at settleOwner (file:///home/siegfriedneto/projects/servicedeskn1/frontend/app/node_modules/@tanstack/react-router/dist/esm/Transitioner.js:10:10)
    at file:///home/siegfriedneto/projects/servicedeskn1/frontend/app/node_modules/@tanstack/react-router/dist/esm/Matches.js:38:39
    at Object.react_stack_bottom_frame (/home/siegfriedneto/projects/servicedeskn1/frontend/app/node_modules/react-dom/cjs/react-dom-client.development.js:25989:20)
    at runWithFiberInDEV (/home/siegfriedneto/projects/servicedeskn1/frontend/app/node_modules/react-dom/cjs/react-dom-client.development.js:874:13)
    at commitHookEffectListMount (/home/siegfriedneto/projects/servicedeskn1/frontend/app/node_modules/react-dom/cjs/react-dom-client.development.js:13249:29) [90mundefined[39m
Error: Not implemented: window.scrollTo
    at module.exports (/home/siegfriedneto/projects/servicedeskn1/frontend/app/node_modules/jsdom/lib/jsdom/browser/not-implemented.js:9:17)
    at /home/siegfriedneto/projects/servicedeskn1/frontend/app/node_modules/jsdom/lib/jsdom/browser/Window.js:960:7
    at Object.fn (file:///home/siegfriedneto/projects/servicedeskn1/frontend/app/node_modules/@tanstack/router-core/dist/esm/scroll-restoration.js:180:27)
    at RouterCore.emit (file:///home/siegfriedneto/projects/servicedeskn1/frontend/app/node_modules/@tanstack/router-core/dist/esm/router.js:178:14)
    at file:///home/siegfriedneto/projects/servicedeskn1/frontend/app/node_modules/@tanstack/react-router/dist/esm/Transitioner.js:46:25
    at settleOwner (file:///home/siegfriedneto/projects/servicedeskn1/frontend/app/node_modules/@tanstack/react-router/dist/esm/Transitioner.js:10:10)
    at file:///home/siegfriedneto/projects/servicedeskn1/frontend/app/node_modules/@tanstack/react-router/dist/esm/Matches.js:38:39
    at Object.react_stack_bottom_frame (/home/siegfriedneto/projects/servicedeskn1/frontend/app/node_modules/react-dom/cjs/react-dom-client.development.js:25989:20)
    at runWithFiberInDEV (/home/siegfriedneto/projects/servicedeskn1/frontend/app/node_modules/react-dom/cjs/react-dom-client.development.js:874:13)
    at commitHookEffectListMount (/home/siegfriedneto/projects/servicedeskn1/frontend/app/node_modules/react-dom/cjs/react-dom-client.development.js:13249:29) [90mundefined[39m
Error: Not implemented: window.scrollTo
    at module.exports (/home/siegfriedneto/projects/servicedeskn1/frontend/app/node_modules/jsdom/lib/jsdom/browser/not-implemented.js:9:17)
    at /home/siegfriedneto/projects/servicedeskn1/frontend/app/node_modules/jsdom/lib/jsdom/browser/Window.js:960:7
    at Object.fn (file:///home/siegfriedneto/projects/servicedeskn1/frontend/app/node_modules/@tanstack/router-core/dist/esm/scroll-restoration.js:180:27)
    at RouterCore.emit (file:///home/siegfriedneto/projects/servicedeskn1/frontend/app/node_modules/@tanstack/router-core/dist/esm/router.js:178:14)
    at file:///home/siegfriedneto/projects/servicedeskn1/frontend/app/node_modules/@tanstack/react-router/dist/esm/Transitioner.js:46:25
    at settleOwner (file:///home/siegfriedneto/projects/servicedeskn1/frontend/app/node_modules/@tanstack/react-router/dist/esm/Transitioner.js:10:10)
    at file:///home/siegfriedneto/projects/servicedeskn1/frontend/app/node_modules/@tanstack/react-router/dist/esm/Matches.js:38:39
    at Object.react_stack_bottom_frame (/home/siegfriedneto/projects/servicedeskn1/frontend/app/node_modules/react-dom/cjs/react-dom-client.development.js:25989:20)
    at runWithFiberInDEV (/home/siegfriedneto/projects/servicedeskn1/frontend/app/node_modules/react-dom/cjs/react-dom-client.development.js:874:13)
    at commitHookEffectListMount (/home/siegfriedneto/projects/servicedeskn1/frontend/app/node_modules/react-dom/cjs/react-dom-client.development.js:13249:29) [90mundefined[39m
Error: Not implemented: window.scrollTo
    at module.exports (/home/siegfriedneto/projects/servicedeskn1/frontend/app/node_modules/jsdom/lib/jsdom/browser/not-implemented.js:9:17)
    at /home/siegfriedneto/projects/servicedeskn1/frontend/app/node_modules/jsdom/lib/jsdom/browser/Window.js:960:7
    at Object.fn (file:///home/siegfriedneto/projects/servicedeskn1/frontend/app/node_modules/@tanstack/router-core/dist/esm/scroll-restoration.js:180:27)
    at RouterCore.emit (file:///home/siegfriedneto/projects/servicedeskn1/frontend/app/node_modules/@tanstack/router-core/dist/esm/router.js:178:14)
    at file:///home/siegfriedneto/projects/servicedeskn1/frontend/app/node_modules/@tanstack/react-router/dist/esm/Transitioner.js:46:25
    at settleOwner (file:///home/siegfriedneto/projects/servicedeskn1/frontend/app/node_modules/@tanstack/react-router/dist/esm/Transitioner.js:10:10)
    at file:///home/siegfriedneto/projects/servicedeskn1/frontend/app/node_modules/@tanstack/react-router/dist/esm/Matches.js:38:39
    at Object.react_stack_bottom_frame (/home/siegfriedneto/projects/servicedeskn1/frontend/app/node_modules/react-dom/cjs/react-dom-client.development.js:25989:20)
    at runWithFiberInDEV (/home/siegfriedneto/projects/servicedeskn1/frontend/app/node_modules/react-dom/cjs/react-dom-client.development.js:874:13)
    at commitHookEffectListMount (/home/siegfriedneto/projects/servicedeskn1/frontend/app/node_modules/react-dom/cjs/react-dom-client.development.js:13249:29) [90mundefined[39m
Error: Not implemented: window.scrollTo
    at module.exports (/home/siegfriedneto/projects/servicedeskn1/frontend/app/node_modules/jsdom/lib/jsdom/browser/not-implemented.js:9:17)
    at /home/siegfriedneto/projects/servicedeskn1/frontend/app/node_modules/jsdom/lib/jsdom/browser/Window.js:960:7
    at Object.fn (file:///home/siegfriedneto/projects/servicedeskn1/frontend/app/node_modules/@tanstack/router-core/dist/esm/scroll-restoration.js:180:27)
    at RouterCore.emit (file:///home/siegfriedneto/projects/servicedeskn1/frontend/app/node_modules/@tanstack/router-core/dist/esm/router.js:178:14)
    at file:///home/siegfriedneto/projects/servicedeskn1/frontend/app/node_modules/@tanstack/react-router/dist/esm/Transitioner.js:46:25
    at settleOwner (file:///home/siegfriedneto/projects/servicedeskn1/frontend/app/node_modules/@tanstack/react-router/dist/esm/Transitioner.js:10:10)
    at file:///home/siegfriedneto/projects/servicedeskn1/frontend/app/node_modules/@tanstack/react-router/dist/esm/Matches.js:38:39
    at Object.react_stack_bottom_frame (/home/siegfriedneto/projects/servicedeskn1/frontend/app/node_modules/react-dom/cjs/react-dom-client.development.js:25989:20)
    at runWithFiberInDEV (/home/siegfriedneto/projects/servicedeskn1/frontend/app/node_modules/react-dom/cjs/react-dom-client.development.js:874:13)
    at commitHookEffectListMount (/home/siegfriedneto/projects/servicedeskn1/frontend/app/node_modules/react-dom/cjs/react-dom-client.development.js:13249:29) [90mundefined[39m
Error: Not implemented: window.scrollTo
    at module.exports (/home/siegfriedneto/projects/servicedeskn1/frontend/app/node_modules/jsdom/lib/jsdom/browser/not-implemented.js:9:17)
    at /home/siegfriedneto/projects/servicedeskn1/frontend/app/node_modules/jsdom/lib/jsdom/browser/Window.js:960:7
    at Object.fn (file:///home/siegfriedneto/projects/servicedeskn1/frontend/app/node_modules/@tanstack/router-core/dist/esm/scroll-restoration.js:180:27)
    at RouterCore.emit (file:///home/siegfriedneto/projects/servicedeskn1/frontend/app/node_modules/@tanstack/router-core/dist/esm/router.js:178:14)
    at file:///home/siegfriedneto/projects/servicedeskn1/frontend/app/node_modules/@tanstack/react-router/dist/esm/Transitioner.js:46:25
    at settleOwner (file:///home/siegfriedneto/projects/servicedeskn1/frontend/app/node_modules/@tanstack/react-router/dist/esm/Transitioner.js:10:10)
    at file:///home/siegfriedneto/projects/servicedeskn1/frontend/app/node_modules/@tanstack/react-router/dist/esm/Matches.js:38:39
    at Object.react_stack_bottom_frame (/home/siegfriedneto/projects/servicedeskn1/frontend/app/node_modules/react-dom/cjs/react-dom-client.development.js:25989:20)
    at runWithFiberInDEV (/home/siegfriedneto/projects/servicedeskn1/frontend/app/node_modules/react-dom/cjs/react-dom-client.development.js:874:13)
    at commitHookEffectListMount (/home/siegfriedneto/projects/servicedeskn1/frontend/app/node_modules/react-dom/cjs/react-dom-client.development.js:13249:29) [90mundefined[39m
Error: Not implemented: window.scrollTo
    at module.exports (/home/siegfriedneto/projects/servicedeskn1/frontend/app/node_modules/jsdom/lib/jsdom/browser/not-implemented.js:9:17)
    at /home/siegfriedneto/projects/servicedeskn1/frontend/app/node_modules/jsdom/lib/jsdom/browser/Window.js:960:7
    at Object.fn (file:///home/siegfriedneto/projects/servicedeskn1/frontend/app/node_modules/@tanstack/router-core/dist/esm/scroll-restoration.js:180:27)
    at RouterCore.emit (file:///home/siegfriedneto/projects/servicedeskn1/frontend/app/node_modules/@tanstack/router-core/dist/esm/router.js:178:14)
    at file:///home/siegfriedneto/projects/servicedeskn1/frontend/app/node_modules/@tanstack/react-router/dist/esm/Transitioner.js:46:25
    at settleOwner (file:///home/siegfriedneto/projects/servicedeskn1/frontend/app/node_modules/@tanstack/react-router/dist/esm/Transitioner.js:10:10)
    at file:///home/siegfriedneto/projects/servicedeskn1/frontend/app/node_modules/@tanstack/react-router/dist/esm/Matches.js:38:39
    at Object.react_stack_bottom_frame (/home/siegfriedneto/projects/servicedeskn1/frontend/app/node_modules/react-dom/cjs/react-dom-client.development.js:25989:20)
    at runWithFiberInDEV (/home/siegfriedneto/projects/servicedeskn1/frontend/app/node_modules/react-dom/cjs/react-dom-client.development.js:874:13)
    at commitHookEffectListMount (/home/siegfriedneto/projects/servicedeskn1/frontend/app/node_modules/react-dom/cjs/react-dom-client.development.js:13249:29) [90mundefined[39m
Error: Not implemented: window.scrollTo
    at module.exports (/home/siegfriedneto/projects/servicedeskn1/frontend/app/node_modules/jsdom/lib/jsdom/browser/not-implemented.js:9:17)
    at /home/siegfriedneto/projects/servicedeskn1/frontend/app/node_modules/jsdom/lib/jsdom/browser/Window.js:960:7
    at Object.fn (file:///home/siegfriedneto/projects/servicedeskn1/frontend/app/node_modules/@tanstack/router-core/dist/esm/scroll-restoration.js:180:27)
    at RouterCore.emit (file:///home/siegfriedneto/projects/servicedeskn1/frontend/app/node_modules/@tanstack/router-core/dist/esm/router.js:178:14)
    at file:///home/siegfriedneto/projects/servicedeskn1/frontend/app/node_modules/@tanstack/react-router/dist/esm/Transitioner.js:46:25
    at settleOwner (file:///home/siegfriedneto/projects/servicedeskn1/frontend/app/node_modules/@tanstack/react-router/dist/esm/Transitioner.js:10:10)
    at file:///home/siegfriedneto/projects/servicedeskn1/frontend/app/node_modules/@tanstack/react-router/dist/esm/Matches.js:38:39
    at Object.react_stack_bottom_frame (/home/siegfriedneto/projects/servicedeskn1/frontend/app/node_modules/react-dom/cjs/react-dom-client.development.js:25989:20)
    at runWithFiberInDEV (/home/siegfriedneto/projects/servicedeskn1/frontend/app/node_modules/react-dom/cjs/react-dom-client.development.js:874:13)
    at commitHookEffectListMount (/home/siegfriedneto/projects/servicedeskn1/frontend/app/node_modules/react-dom/cjs/react-dom-client.development.js:13249:29) [90mundefined[39m
Error: Not implemented: window.scrollTo
    at module.exports (/home/siegfriedneto/projects/servicedeskn1/frontend/app/node_modules/jsdom/lib/jsdom/browser/not-implemented.js:9:17)
    at /home/siegfriedneto/projects/servicedeskn1/frontend/app/node_modules/jsdom/lib/jsdom/browser/Window.js:960:7
    at Object.fn (file:///home/siegfriedneto/projects/servicedeskn1/frontend/app/node_modules/@tanstack/router-core/dist/esm/scroll-restoration.js:180:27)
    at RouterCore.emit (file:///home/siegfriedneto/projects/servicedeskn1/frontend/app/node_modules/@tanstack/router-core/dist/esm/router.js:178:14)
    at file:///home/siegfriedneto/projects/servicedeskn1/frontend/app/node_modules/@tanstack/react-router/dist/esm/Transitioner.js:46:25
    at settleOwner (file:///home/siegfriedneto/projects/servicedeskn1/frontend/app/node_modules/@tanstack/react-router/dist/esm/Transitioner.js:10:10)
    at file:///home/siegfriedneto/projects/servicedeskn1/frontend/app/node_modules/@tanstack/react-router/dist/esm/Matches.js:38:39
    at Object.react_stack_bottom_frame (/home/siegfriedneto/projects/servicedeskn1/frontend/app/node_modules/react-dom/cjs/react-dom-client.development.js:25989:20)
    at runWithFiberInDEV (/home/siegfriedneto/projects/servicedeskn1/frontend/app/node_modules/react-dom/cjs/react-dom-client.development.js:874:13)
    at commitHookEffectListMount (/home/siegfriedneto/projects/servicedeskn1/frontend/app/node_modules/react-dom/cjs/react-dom-client.development.js:13249:29) [90mundefined[39m
Error: Not implemented: window.scrollTo
    at module.exports (/home/siegfriedneto/projects/servicedeskn1/frontend/app/node_modules/jsdom/lib/jsdom/browser/not-implemented.js:9:17)
    at /home/siegfriedneto/projects/servicedeskn1/frontend/app/node_modules/jsdom/lib/jsdom/browser/Window.js:960:7
    at Object.fn (file:///home/siegfriedneto/projects/servicedeskn1/frontend/app/node_modules/@tanstack/router-core/dist/esm/scroll-restoration.js:180:27)
    at RouterCore.emit (file:///home/siegfriedneto/projects/servicedeskn1/frontend/app/node_modules/@tanstack/router-core/dist/esm/router.js:178:14)
    at file:///home/siegfriedneto/projects/servicedeskn1/frontend/app/node_modules/@tanstack/react-router/dist/esm/Transitioner.js:46:25
    at settleOwner (file:///home/siegfriedneto/projects/servicedeskn1/frontend/app/node_modules/@tanstack/react-router/dist/esm/Transitioner.js:10:10)
    at file:///home/siegfriedneto/projects/servicedeskn1/frontend/app/node_modules/@tanstack/react-router/dist/esm/Matches.js:38:39
    at Object.react_stack_bottom_frame (/home/siegfriedneto/projects/servicedeskn1/frontend/app/node_modules/react-dom/cjs/react-dom-client.development.js:25989:20)
    at runWithFiberInDEV (/home/siegfriedneto/projects/servicedeskn1/frontend/app/node_modules/react-dom/cjs/react-dom-client.development.js:874:13)
    at commitHookEffectListMount (/home/siegfriedneto/projects/servicedeskn1/frontend/app/node_modules/react-dom/cjs/react-dom-client.development.js:13249:29) [90mundefined[39m
Error: Not implemented: window.scrollTo
    at module.exports (/home/siegfriedneto/projects/servicedeskn1/frontend/app/node_modules/jsdom/lib/jsdom/browser/not-implemented.js:9:17)
    at /home/siegfriedneto/projects/servicedeskn1/frontend/app/node_modules/jsdom/lib/jsdom/browser/Window.js:960:7
    at Object.fn (file:///home/siegfriedneto/projects/servicedeskn1/frontend/app/node_modules/@tanstack/router-core/dist/esm/scroll-restoration.js:180:27)
    at RouterCore.emit (file:///home/siegfriedneto/projects/servicedeskn1/frontend/app/node_modules/@tanstack/router-core/dist/esm/router.js:178:14)
    at file:///home/siegfriedneto/projects/servicedeskn1/frontend/app/node_modules/@tanstack/react-router/dist/esm/Transitioner.js:46:25
    at settleOwner (file:///home/siegfriedneto/projects/servicedeskn1/frontend/app/node_modules/@tanstack/react-router/dist/esm/Transitioner.js:10:10)
    at file:///home/siegfriedneto/projects/servicedeskn1/frontend/app/node_modules/@tanstack/react-router/dist/esm/Matches.js:38:39
    at Object.react_stack_bottom_frame (/home/siegfriedneto/projects/servicedeskn1/frontend/app/node_modules/react-dom/cjs/react-dom-client.development.js:25989:20)
    at runWithFiberInDEV (/home/siegfriedneto/projects/servicedeskn1/frontend/app/node_modules/react-dom/cjs/react-dom-client.development.js:874:13)
    at commitHookEffectListMount (/home/siegfriedneto/projects/servicedeskn1/frontend/app/node_modules/react-dom/cjs/react-dom-client.development.js:13249:29) [90mundefined[39m
Error: Not implemented: window.scrollTo
    at module.exports (/home/siegfriedneto/projects/servicedeskn1/frontend/app/node_modules/jsdom/lib/jsdom/browser/not-implemented.js:9:17)
    at /home/siegfriedneto/projects/servicedeskn1/frontend/app/node_modules/jsdom/lib/jsdom/browser/Window.js:960:7
    at Object.fn (file:///home/siegfriedneto/projects/servicedeskn1/frontend/app/node_modules/@tanstack/router-core/dist/esm/scroll-restoration.js:180:27)
    at RouterCore.emit (file:///home/siegfriedneto/projects/servicedeskn1/frontend/app/node_modules/@tanstack/router-core/dist/esm/router.js:178:14)
    at file:///home/siegfriedneto/projects/servicedeskn1/frontend/app/node_modules/@tanstack/react-router/dist/esm/Transitioner.js:46:25
    at settleOwner (file:///home/siegfriedneto/projects/servicedeskn1/frontend/app/node_modules/@tanstack/react-router/dist/esm/Transitioner.js:10:10)
    at file:///home/siegfriedneto/projects/servicedeskn1/frontend/app/node_modules/@tanstack/react-router/dist/esm/Matches.js:38:39
    at Object.react_stack_bottom_frame (/home/siegfriedneto/projects/servicedeskn1/frontend/app/node_modules/react-dom/cjs/react-dom-client.development.js:25989:20)
    at runWithFiberInDEV (/home/siegfriedneto/projects/servicedeskn1/frontend/app/node_modules/react-dom/cjs/react-dom-client.development.js:874:13)
    at commitHookEffectListMount (/home/siegfriedneto/projects/servicedeskn1/frontend/app/node_modules/react-dom/cjs/react-dom-client.development.js:13249:29) [90mundefined[39m
Error: Not implemented: window.scrollTo
    at module.exports (/home/siegfriedneto/projects/servicedeskn1/frontend/app/node_modules/jsdom/lib/jsdom/browser/not-implemented.js:9:17)
    at /home/siegfriedneto/projects/servicedeskn1/frontend/app/node_modules/jsdom/lib/jsdom/browser/Window.js:960:7
    at Object.fn (file:///home/siegfriedneto/projects/servicedeskn1/frontend/app/node_modules/@tanstack/router-core/dist/esm/scroll-restoration.js:180:27)
    at RouterCore.emit (file:///home/siegfriedneto/projects/servicedeskn1/frontend/app/node_modules/@tanstack/router-core/dist/esm/router.js:178:14)
    at file:///home/siegfriedneto/projects/servicedeskn1/frontend/app/node_modules/@tanstack/react-router/dist/esm/Transitioner.js:46:25
    at settleOwner (file:///home/siegfriedneto/projects/servicedeskn1/frontend/app/node_modules/@tanstack/react-router/dist/esm/Transitioner.js:10:10)
    at file:///home/siegfriedneto/projects/servicedeskn1/frontend/app/node_modules/@tanstack/react-router/dist/esm/Matches.js:38:39
    at Object.react_stack_bottom_frame (/home/siegfriedneto/projects/servicedeskn1/frontend/app/node_modules/react-dom/cjs/react-dom-client.development.js:25989:20)
    at runWithFiberInDEV (/home/siegfriedneto/projects/servicedeskn1/frontend/app/node_modules/react-dom/cjs/react-dom-client.development.js:874:13)
    at commitHookEffectListMount (/home/siegfriedneto/projects/servicedeskn1/frontend/app/node_modules/react-dom/cjs/react-dom-client.development.js:13249:29) [90mundefined[39m
Error: Not implemented: window.scrollTo
    at module.exports (/home/siegfriedneto/projects/servicedeskn1/frontend/app/node_modules/jsdom/lib/jsdom/browser/not-implemented.js:9:17)
    at /home/siegfriedneto/projects/servicedeskn1/frontend/app/node_modules/jsdom/lib/jsdom/browser/Window.js:960:7
    at Object.fn (file:///home/siegfriedneto/projects/servicedeskn1/frontend/app/node_modules/@tanstack/router-core/dist/esm/scroll-restoration.js:180:27)
    at RouterCore.emit (file:///home/siegfriedneto/projects/servicedeskn1/frontend/app/node_modules/@tanstack/router-core/dist/esm/router.js:178:14)
    at file:///home/siegfriedneto/projects/servicedeskn1/frontend/app/node_modules/@tanstack/react-router/dist/esm/Transitioner.js:46:25
    at settleOwner (file:///home/siegfriedneto/projects/servicedeskn1/frontend/app/node_modules/@tanstack/react-router/dist/esm/Transitioner.js:10:10)
    at file:///home/siegfriedneto/projects/servicedeskn1/frontend/app/node_modules/@tanstack/react-router/dist/esm/Matches.js:38:39
    at Object.react_stack_bottom_frame (/home/siegfriedneto/projects/servicedeskn1/frontend/app/node_modules/react-dom/cjs/react-dom-client.development.js:25989:20)
    at runWithFiberInDEV (/home/siegfriedneto/projects/servicedeskn1/frontend/app/node_modules/react-dom/cjs/react-dom-client.development.js:874:13)
    at commitHookEffectListMount (/home/siegfriedneto/projects/servicedeskn1/frontend/app/node_modules/react-dom/cjs/react-dom-client.development.js:13249:29) [90mundefined[39m
Error: Not implemented: window.scrollTo
    at module.exports (/home/siegfriedneto/projects/servicedeskn1/frontend/app/node_modules/jsdom/lib/jsdom/browser/not-implemented.js:9:17)
    at /home/siegfriedneto/projects/servicedeskn1/frontend/app/node_modules/jsdom/lib/jsdom/browser/Window.js:960:7
    at Object.fn (file:///home/siegfriedneto/projects/servicedeskn1/frontend/app/node_modules/@tanstack/router-core/dist/esm/scroll-restoration.js:180:27)
    at RouterCore.emit (file:///home/siegfriedneto/projects/servicedeskn1/frontend/app/node_modules/@tanstack/router-core/dist/esm/router.js:178:14)
    at file:///home/siegfriedneto/projects/servicedeskn1/frontend/app/node_modules/@tanstack/react-router/dist/esm/Transitioner.js:46:25
    at settleOwner (file:///home/siegfriedneto/projects/servicedeskn1/frontend/app/node_modules/@tanstack/react-router/dist/esm/Transitioner.js:10:10)
    at file:///home/siegfriedneto/projects/servicedeskn1/frontend/app/node_modules/@tanstack/react-router/dist/esm/Matches.js:38:39
    at Object.react_stack_bottom_frame (/home/siegfriedneto/projects/servicedeskn1/frontend/app/node_modules/react-dom/cjs/react-dom-client.development.js:25989:20)
    at runWithFiberInDEV (/home/siegfriedneto/projects/servicedeskn1/frontend/app/node_modules/react-dom/cjs/react-dom-client.development.js:874:13)
    at commitHookEffectListMount (/home/siegfriedneto/projects/servicedeskn1/frontend/app/node_modules/react-dom/cjs/react-dom-client.development.js:13249:29) [90mundefined[39m
Error: Not implemented: window.scrollTo
    at module.exports (/home/siegfriedneto/projects/servicedeskn1/frontend/app/node_modules/jsdom/lib/jsdom/browser/not-implemented.js:9:17)
    at /home/siegfriedneto/projects/servicedeskn1/frontend/app/node_modules/jsdom/lib/jsdom/browser/Window.js:960:7
    at Object.fn (file:///home/siegfriedneto/projects/servicedeskn1/frontend/app/node_modules/@tanstack/router-core/dist/esm/scroll-restoration.js:180:27)
    at RouterCore.emit (file:///home/siegfriedneto/projects/servicedeskn1/frontend/app/node_modules/@tanstack/router-core/dist/esm/router.js:178:14)
    at file:///home/siegfriedneto/projects/servicedeskn1/frontend/app/node_modules/@tanstack/react-router/dist/esm/Transitioner.js:46:25
    at settleOwner (file:///home/siegfriedneto/projects/servicedeskn1/frontend/app/node_modules/@tanstack/react-router/dist/esm/Transitioner.js:10:10)
    at file:///home/siegfriedneto/projects/servicedeskn1/frontend/app/node_modules/@tanstack/react-router/dist/esm/Matches.js:38:39
    at Object.react_stack_bottom_frame (/home/siegfriedneto/projects/servicedeskn1/frontend/app/node_modules/react-dom/cjs/react-dom-client.development.js:25989:20)
    at runWithFiberInDEV (/home/siegfriedneto/projects/servicedeskn1/frontend/app/node_modules/react-dom/cjs/react-dom-client.development.js:874:13)
    at commitHookEffectListMount (/home/siegfriedneto/projects/servicedeskn1/frontend/app/node_modules/react-dom/cjs/react-dom-client.development.js:13249:29) [90mundefined[39m
Error: Not implemented: window.scrollTo
    at module.exports (/home/siegfriedneto/projects/servicedeskn1/frontend/app/node_modules/jsdom/lib/jsdom/browser/not-implemented.js:9:17)
    at /home/siegfriedneto/projects/servicedeskn1/frontend/app/node_modules/jsdom/lib/jsdom/browser/Window.js:960:7
    at Object.fn (file:///home/siegfriedneto/projects/servicedeskn1/frontend/app/node_modules/@tanstack/router-core/dist/esm/scroll-restoration.js:180:27)
    at RouterCore.emit (file:///home/siegfriedneto/projects/servicedeskn1/frontend/app/node_modules/@tanstack/router-core/dist/esm/router.js:178:14)
    at file:///home/siegfriedneto/projects/servicedeskn1/frontend/app/node_modules/@tanstack/react-router/dist/esm/Transitioner.js:46:25
    at settleOwner (file:///home/siegfriedneto/projects/servicedeskn1/frontend/app/node_modules/@tanstack/react-router/dist/esm/Transitioner.js:10:10)
    at file:///home/siegfriedneto/projects/servicedeskn1/frontend/app/node_modules/@tanstack/react-router/dist/esm/Matches.js:38:39
    at Object.react_stack_bottom_frame (/home/siegfriedneto/projects/servicedeskn1/frontend/app/node_modules/react-dom/cjs/react-dom-client.development.js:25989:20)
    at runWithFiberInDEV (/home/siegfriedneto/projects/servicedeskn1/frontend/app/node_modules/react-dom/cjs/react-dom-client.development.js:874:13)
    at commitHookEffectListMount (/home/siegfriedneto/projects/servicedeskn1/frontend/app/node_modules/react-dom/cjs/react-dom-client.development.js:13249:29) [90mundefined[39m
Error: Not implemented: window.scrollTo
    at module.exports (/home/siegfriedneto/projects/servicedeskn1/frontend/app/node_modules/jsdom/lib/jsdom/browser/not-implemented.js:9:17)
    at /home/siegfriedneto/projects/servicedeskn1/frontend/app/node_modules/jsdom/lib/jsdom/browser/Window.js:960:7
    at Object.fn (file:///home/siegfriedneto/projects/servicedeskn1/frontend/app/node_modules/@tanstack/router-core/dist/esm/scroll-restoration.js:180:27)
    at RouterCore.emit (file:///home/siegfriedneto/projects/servicedeskn1/frontend/app/node_modules/@tanstack/router-core/dist/esm/router.js:178:14)
    at file:///home/siegfriedneto/projects/servicedeskn1/frontend/app/node_modules/@tanstack/react-router/dist/esm/Transitioner.js:46:25
    at settleOwner (file:///home/siegfriedneto/projects/servicedeskn1/frontend/app/node_modules/@tanstack/react-router/dist/esm/Transitioner.js:10:10)
    at file:///home/siegfriedneto/projects/servicedeskn1/frontend/app/node_modules/@tanstack/react-router/dist/esm/Matches.js:38:39
    at Object.react_stack_bottom_frame (/home/siegfriedneto/projects/servicedeskn1/frontend/app/node_modules/react-dom/cjs/react-dom-client.development.js:25989:20)
    at runWithFiberInDEV (/home/siegfriedneto/projects/servicedeskn1/frontend/app/node_modules/react-dom/cjs/react-dom-client.development.js:874:13)
    at commitHookEffectListMount (/home/siegfriedneto/projects/servicedeskn1/frontend/app/node_modules/react-dom/cjs/react-dom-client.development.js:13249:29) [90mundefined[39m
Error: Not implemented: window.scrollTo
    at module.exports (/home/siegfriedneto/projects/servicedeskn1/frontend/app/node_modules/jsdom/lib/jsdom/browser/not-implemented.js:9:17)
    at /home/siegfriedneto/projects/servicedeskn1/frontend/app/node_modules/jsdom/lib/jsdom/browser/Window.js:960:7
    at Object.fn (file:///home/siegfriedneto/projects/servicedeskn1/frontend/app/node_modules/@tanstack/router-core/dist/esm/scroll-restoration.js:180:27)
    at RouterCore.emit (file:///home/siegfriedneto/projects/servicedeskn1/frontend/app/node_modules/@tanstack/router-core/dist/esm/router.js:178:14)
    at file:///home/siegfriedneto/projects/servicedeskn1/frontend/app/node_modules/@tanstack/react-router/dist/esm/Transitioner.js:46:25
    at settleOwner (file:///home/siegfriedneto/projects/servicedeskn1/frontend/app/node_modules/@tanstack/react-router/dist/esm/Transitioner.js:10:10)
    at file:///home/siegfriedneto/projects/servicedeskn1/frontend/app/node_modules/@tanstack/react-router/dist/esm/Matches.js:38:39
    at Object.react_stack_bottom_frame (/home/siegfriedneto/projects/servicedeskn1/frontend/app/node_modules/react-dom/cjs/react-dom-client.development.js:25989:20)
    at runWithFiberInDEV (/home/siegfriedneto/projects/servicedeskn1/frontend/app/node_modules/react-dom/cjs/react-dom-client.development.js:874:13)
    at commitHookEffectListMount (/home/siegfriedneto/projects/servicedeskn1/frontend/app/node_modules/react-dom/cjs/react-dom-client.development.js:13249:29) [90mundefined[39m
Error: Not implemented: window.scrollTo
    at module.exports (/home/siegfriedneto/projects/servicedeskn1/frontend/app/node_modules/jsdom/lib/jsdom/browser/not-implemented.js:9:17)
    at /home/siegfriedneto/projects/servicedeskn1/frontend/app/node_modules/jsdom/lib/jsdom/browser/Window.js:960:7
    at Object.fn (file:///home/siegfriedneto/projects/servicedeskn1/frontend/app/node_modules/@tanstack/router-core/dist/esm/scroll-restoration.js:180:27)
    at RouterCore.emit (file:///home/siegfriedneto/projects/servicedeskn1/frontend/app/node_modules/@tanstack/router-core/dist/esm/router.js:178:14)
    at file:///home/siegfriedneto/projects/servicedeskn1/frontend/app/node_modules/@tanstack/react-router/dist/esm/Transitioner.js:46:25
    at settleOwner (file:///home/siegfriedneto/projects/servicedeskn1/frontend/app/node_modules/@tanstack/react-router/dist/esm/Transitioner.js:10:10)
    at file:///home/siegfriedneto/projects/servicedeskn1/frontend/app/node_modules/@tanstack/react-router/dist/esm/Matches.js:38:39
    at Object.react_stack_bottom_frame (/home/siegfriedneto/projects/servicedeskn1/frontend/app/node_modules/react-dom/cjs/react-dom-client.development.js:25989:20)
    at runWithFiberInDEV (/home/siegfriedneto/projects/servicedeskn1/frontend/app/node_modules/react-dom/cjs/react-dom-client.development.js:874:13)
    at commitHookEffectListMount (/home/siegfriedneto/projects/servicedeskn1/frontend/app/node_modules/react-dom/cjs/react-dom-client.development.js:13249:29) [90mundefined[39m
Error: Not implemented: window.scrollTo
    at module.exports (/home/siegfriedneto/projects/servicedeskn1/frontend/app/node_modules/jsdom/lib/jsdom/browser/not-implemented.js:9:17)
    at /home/siegfriedneto/projects/servicedeskn1/frontend/app/node_modules/jsdom/lib/jsdom/browser/Window.js:960:7
    at Object.fn (file:///home/siegfriedneto/projects/servicedeskn1/frontend/app/node_modules/@tanstack/router-core/dist/esm/scroll-restoration.js:180:27)
    at RouterCore.emit (file:///home/siegfriedneto/projects/servicedeskn1/frontend/app/node_modules/@tanstack/router-core/dist/esm/router.js:178:14)
    at file:///home/siegfriedneto/projects/servicedeskn1/frontend/app/node_modules/@tanstack/react-router/dist/esm/Transitioner.js:46:25
    at settleOwner (file:///home/siegfriedneto/projects/servicedeskn1/frontend/app/node_modules/@tanstack/react-router/dist/esm/Transitioner.js:10:10)
    at file:///home/siegfriedneto/projects/servicedeskn1/frontend/app/node_modules/@tanstack/react-router/dist/esm/Matches.js:38:39
    at Object.react_stack_bottom_frame (/home/siegfriedneto/projects/servicedeskn1/frontend/app/node_modules/react-dom/cjs/react-dom-client.development.js:25989:20)
    at runWithFiberInDEV (/home/siegfriedneto/projects/servicedeskn1/frontend/app/node_modules/react-dom/cjs/react-dom-client.development.js:874:13)
    at commitHookEffectListMount (/home/siegfriedneto/projects/servicedeskn1/frontend/app/node_modules/react-dom/cjs/react-dom-client.development.js:13249:29) [90mundefined[39m
Error: Not implemented: window.scrollTo
    at module.exports (/home/siegfriedneto/projects/servicedeskn1/frontend/app/node_modules/jsdom/lib/jsdom/browser/not-implemented.js:9:17)
    at /home/siegfriedneto/projects/servicedeskn1/frontend/app/node_modules/jsdom/lib/jsdom/browser/Window.js:960:7
    at Object.fn (file:///home/siegfriedneto/projects/servicedeskn1/frontend/app/node_modules/@tanstack/router-core/dist/esm/scroll-restoration.js:180:27)
    at RouterCore.emit (file:///home/siegfriedneto/projects/servicedeskn1/frontend/app/node_modules/@tanstack/router-core/dist/esm/router.js:178:14)
    at file:///home/siegfriedneto/projects/servicedeskn1/frontend/app/node_modules/@tanstack/react-router/dist/esm/Transitioner.js:46:25
    at settleOwner (file:///home/siegfriedneto/projects/servicedeskn1/frontend/app/node_modules/@tanstack/react-router/dist/esm/Transitioner.js:10:10)
    at file:///home/siegfriedneto/projects/servicedeskn1/frontend/app/node_modules/@tanstack/react-router/dist/esm/Matches.js:38:39
    at Object.react_stack_bottom_frame (/home/siegfriedneto/projects/servicedeskn1/frontend/app/node_modules/react-dom/cjs/react-dom-client.development.js:25989:20)
    at runWithFiberInDEV (/home/siegfriedneto/projects/servicedeskn1/frontend/app/node_modules/react-dom/cjs/react-dom-client.development.js:874:13)
    at commitHookEffectListMount (/home/siegfriedneto/projects/servicedeskn1/frontend/app/node_modules/react-dom/cjs/react-dom-client.development.js:13249:29) [90mundefined[39m
Error: Not implemented: window.scrollTo
    at module.exports (/home/siegfriedneto/projects/servicedeskn1/frontend/app/node_modules/jsdom/lib/jsdom/browser/not-implemented.js:9:17)
    at /home/siegfriedneto/projects/servicedeskn1/frontend/app/node_modules/jsdom/lib/jsdom/browser/Window.js:960:7
    at Object.fn (file:///home/siegfriedneto/projects/servicedeskn1/frontend/app/node_modules/@tanstack/router-core/dist/esm/scroll-restoration.js:180:27)
    at RouterCore.emit (file:///home/siegfriedneto/projects/servicedeskn1/frontend/app/node_modules/@tanstack/router-core/dist/esm/router.js:178:14)
    at file:///home/siegfriedneto/projects/servicedeskn1/frontend/app/node_modules/@tanstack/react-router/dist/esm/Transitioner.js:46:25
    at settleOwner (file:///home/siegfriedneto/projects/servicedeskn1/frontend/app/node_modules/@tanstack/react-router/dist/esm/Transitioner.js:10:10)
    at file:///home/siegfriedneto/projects/servicedeskn1/frontend/app/node_modules/@tanstack/react-router/dist/esm/Matches.js:38:39
    at Object.react_stack_bottom_frame (/home/siegfriedneto/projects/servicedeskn1/frontend/app/node_modules/react-dom/cjs/react-dom-client.development.js:25989:20)
    at runWithFiberInDEV (/home/siegfriedneto/projects/servicedeskn1/frontend/app/node_modules/react-dom/cjs/react-dom-client.development.js:874:13)
    at commitHookEffectListMount (/home/siegfriedneto/projects/servicedeskn1/frontend/app/node_modules/react-dom/cjs/react-dom-client.development.js:13249:29) [90mundefined[39m
Error: Not implemented: window.scrollTo
    at module.exports (/home/siegfriedneto/projects/servicedeskn1/frontend/app/node_modules/jsdom/lib/jsdom/browser/not-implemented.js:9:17)
    at /home/siegfriedneto/projects/servicedeskn1/frontend/app/node_modules/jsdom/lib/jsdom/browser/Window.js:960:7
    at Object.fn (file:///home/siegfriedneto/projects/servicedeskn1/frontend/app/node_modules/@tanstack/router-core/dist/esm/scroll-restoration.js:180:27)
    at RouterCore.emit (file:///home/siegfriedneto/projects/servicedeskn1/frontend/app/node_modules/@tanstack/router-core/dist/esm/router.js:178:14)
    at file:///home/siegfriedneto/projects/servicedeskn1/frontend/app/node_modules/@tanstack/react-router/dist/esm/Transitioner.js:46:25
    at settleOwner (file:///home/siegfriedneto/projects/servicedeskn1/frontend/app/node_modules/@tanstack/react-router/dist/esm/Transitioner.js:10:10)
    at file:///home/siegfriedneto/projects/servicedeskn1/frontend/app/node_modules/@tanstack/react-router/dist/esm/Matches.js:38:39
    at Object.react_stack_bottom_frame (/home/siegfriedneto/projects/servicedeskn1/frontend/app/node_modules/react-dom/cjs/react-dom-client.development.js:25989:20)
    at runWithFiberInDEV (/home/siegfriedneto/projects/servicedeskn1/frontend/app/node_modules/react-dom/cjs/react-dom-client.development.js:874:13)
    at commitHookEffectListMount (/home/siegfriedneto/projects/servicedeskn1/frontend/app/node_modules/react-dom/cjs/react-dom-client.development.js:13249:29) [90mundefined[39m
Error: Not implemented: window.scrollTo
    at module.exports (/home/siegfriedneto/projects/servicedeskn1/frontend/app/node_modules/jsdom/lib/jsdom/browser/not-implemented.js:9:17)
    at /home/siegfriedneto/projects/servicedeskn1/frontend/app/node_modules/jsdom/lib/jsdom/browser/Window.js:960:7
    at Object.fn (file:///home/siegfriedneto/projects/servicedeskn1/frontend/app/node_modules/@tanstack/router-core/dist/esm/scroll-restoration.js:180:27)
    at RouterCore.emit (file:///home/siegfriedneto/projects/servicedeskn1/frontend/app/node_modules/@tanstack/router-core/dist/esm/router.js:178:14)
    at file:///home/siegfriedneto/projects/servicedeskn1/frontend/app/node_modules/@tanstack/router-core/dist/esm/load-client.js:943:46
    at Router.batch (file:///home/siegfriedneto/projects/servicedeskn1/frontend/app/node_modules/@tanstack/store/dist/esm/atom.js:39:5)
    at file:///home/siegfriedneto/projects/servicedeskn1/frontend/app/node_modules/@tanstack/router-core/dist/esm/load-client.js:936:10
    at runClientTransaction (file:///home/siegfriedneto/projects/servicedeskn1/frontend/app/node_modules/@tanstack/router-core/dist/esm/load-client.js:902:2)
    at loadClientRoute (file:///home/siegfriedneto/projects/servicedeskn1/frontend/app/node_modules/@tanstack/router-core/dist/esm/load-client.js:1034:2)
    at RouterCore.load (file:///home/siegfriedneto/projects/servicedeskn1/frontend/app/node_modules/@tanstack/router-core/dist/esm/router.js:489:4) [90mundefined[39m
Error: Not implemented: window.scrollTo
    at module.exports (/home/siegfriedneto/projects/servicedeskn1/frontend/app/node_modules/jsdom/lib/jsdom/browser/not-implemented.js:9:17)
    at /home/siegfriedneto/projects/servicedeskn1/frontend/app/node_modules/jsdom/lib/jsdom/browser/Window.js:960:7
    at Object.fn (file:///home/siegfriedneto/projects/servicedeskn1/frontend/app/node_modules/@tanstack/router-core/dist/esm/scroll-restoration.js:180:27)
    at RouterCore.emit (file:///home/siegfriedneto/projects/servicedeskn1/frontend/app/node_modules/@tanstack/router-core/dist/esm/router.js:178:14)
    at file:///home/siegfriedneto/projects/servicedeskn1/frontend/app/node_modules/@tanstack/react-router/dist/esm/Transitioner.js:46:25
    at settleOwner (file:///home/siegfriedneto/projects/servicedeskn1/frontend/app/node_modules/@tanstack/react-router/dist/esm/Transitioner.js:10:10)
    at file:///home/siegfriedneto/projects/servicedeskn1/frontend/app/node_modules/@tanstack/react-router/dist/esm/Matches.js:38:39
    at Object.react_stack_bottom_frame (/home/siegfriedneto/projects/servicedeskn1/frontend/app/node_modules/react-dom/cjs/react-dom-client.development.js:25989:20)
    at runWithFiberInDEV (/home/siegfriedneto/projects/servicedeskn1/frontend/app/node_modules/react-dom/cjs/react-dom-client.development.js:874:13)
    at commitHookEffectListMount (/home/siegfriedneto/projects/servicedeskn1/frontend/app/node_modules/react-dom/cjs/react-dom-client.development.js:13249:29) [90mundefined[39m
Error: Not implemented: window.scrollTo
    at module.exports (/home/siegfriedneto/projects/servicedeskn1/frontend/app/node_modules/jsdom/lib/jsdom/browser/not-implemented.js:9:17)
    at /home/siegfriedneto/projects/servicedeskn1/frontend/app/node_modules/jsdom/lib/jsdom/browser/Window.js:960:7
    at Object.fn (file:///home/siegfriedneto/projects/servicedeskn1/frontend/app/node_modules/@tanstack/router-core/dist/esm/scroll-restoration.js:180:27)
    at RouterCore.emit (file:///home/siegfriedneto/projects/servicedeskn1/frontend/app/node_modules/@tanstack/router-core/dist/esm/router.js:178:14)
    at file:///home/siegfriedneto/projects/servicedeskn1/frontend/app/node_modules/@tanstack/react-router/dist/esm/Transitioner.js:46:25
    at settleOwner (file:///home/siegfriedneto/projects/servicedeskn1/frontend/app/node_modules/@tanstack/react-router/dist/esm/Transitioner.js:10:10)
    at file:///home/siegfriedneto/projects/servicedeskn1/frontend/app/node_modules/@tanstack/react-router/dist/esm/Matches.js:38:39
    at Object.react_stack_bottom_frame (/home/siegfriedneto/projects/servicedeskn1/frontend/app/node_modules/react-dom/cjs/react-dom-client.development.js:25989:20)
    at runWithFiberInDEV (/home/siegfriedneto/projects/servicedeskn1/frontend/app/node_modules/react-dom/cjs/react-dom-client.development.js:874:13)
    at commitHookEffectListMount (/home/siegfriedneto/projects/servicedeskn1/frontend/app/node_modules/react-dom/cjs/react-dom-client.development.js:13249:29) [90mundefined[39m
Error: Not implemented: window.scrollTo
    at module.exports (/home/siegfriedneto/projects/servicedeskn1/frontend/app/node_modules/jsdom/lib/jsdom/browser/not-implemented.js:9:17)
    at /home/siegfriedneto/projects/servicedeskn1/frontend/app/node_modules/jsdom/lib/jsdom/browser/Window.js:960:7
    at Object.fn (file:///home/siegfriedneto/projects/servicedeskn1/frontend/app/node_modules/@tanstack/router-core/dist/esm/scroll-restoration.js:180:27)
    at RouterCore.emit (file:///home/siegfriedneto/projects/servicedeskn1/frontend/app/node_modules/@tanstack/router-core/dist/esm/router.js:178:14)
    at file:///home/siegfriedneto/projects/servicedeskn1/frontend/app/node_modules/@tanstack/react-router/dist/esm/Transitioner.js:46:25
    at settleOwner (file:///home/siegfriedneto/projects/servicedeskn1/frontend/app/node_modules/@tanstack/react-router/dist/esm/Transitioner.js:10:10)
    at file:///home/siegfriedneto/projects/servicedeskn1/frontend/app/node_modules/@tanstack/react-router/dist/esm/Matches.js:38:39
    at Object.react_stack_bottom_frame (/home/siegfriedneto/projects/servicedeskn1/frontend/app/node_modules/react-dom/cjs/react-dom-client.development.js:25989:20)
    at runWithFiberInDEV (/home/siegfriedneto/projects/servicedeskn1/frontend/app/node_modules/react-dom/cjs/react-dom-client.development.js:874:13)
    at commitHookEffectListMount (/home/siegfriedneto/projects/servicedeskn1/frontend/app/node_modules/react-dom/cjs/react-dom-client.development.js:13249:29) [90mundefined[39m
Error: Not implemented: window.scrollTo
    at module.exports (/home/siegfriedneto/projects/servicedeskn1/frontend/app/node_modules/jsdom/lib/jsdom/browser/not-implemented.js:9:17)
    at /home/siegfriedneto/projects/servicedeskn1/frontend/app/node_modules/jsdom/lib/jsdom/browser/Window.js:960:7
    at Object.fn (file:///home/siegfriedneto/projects/servicedeskn1/frontend/app/node_modules/@tanstack/router-core/dist/esm/scroll-restoration.js:180:27)
    at RouterCore.emit (file:///home/siegfriedneto/projects/servicedeskn1/frontend/app/node_modules/@tanstack/router-core/dist/esm/router.js:178:14)
    at file:///home/siegfriedneto/projects/servicedeskn1/frontend/app/node_modules/@tanstack/react-router/dist/esm/Transitioner.js:46:25
    at settleOwner (file:///home/siegfriedneto/projects/servicedeskn1/frontend/app/node_modules/@tanstack/react-router/dist/esm/Transitioner.js:10:10)
    at file:///home/siegfriedneto/projects/servicedeskn1/frontend/app/node_modules/@tanstack/react-router/dist/esm/Matches.js:38:39
    at Object.react_stack_bottom_frame (/home/siegfriedneto/projects/servicedeskn1/frontend/app/node_modules/react-dom/cjs/react-dom-client.development.js:25989:20)
    at runWithFiberInDEV (/home/siegfriedneto/projects/servicedeskn1/frontend/app/node_modules/react-dom/cjs/react-dom-client.development.js:874:13)
    at commitHookEffectListMount (/home/siegfriedneto/projects/servicedeskn1/frontend/app/node_modules/react-dom/cjs/react-dom-client.development.js:13249:29) [90mundefined[39m
Error: Not implemented: window.scrollTo
    at module.exports (/home/siegfriedneto/projects/servicedeskn1/frontend/app/node_modules/jsdom/lib/jsdom/browser/not-implemented.js:9:17)
    at /home/siegfriedneto/projects/servicedeskn1/frontend/app/node_modules/jsdom/lib/jsdom/browser/Window.js:960:7
    at Object.fn (file:///home/siegfriedneto/projects/servicedeskn1/frontend/app/node_modules/@tanstack/router-core/dist/esm/scroll-restoration.js:180:27)
    at RouterCore.emit (file:///home/siegfriedneto/projects/servicedeskn1/frontend/app/node_modules/@tanstack/router-core/dist/esm/router.js:178:14)
    at file:///home/siegfriedneto/projects/servicedeskn1/frontend/app/node_modules/@tanstack/react-router/dist/esm/Transitioner.js:46:25
    at settleOwner (file:///home/siegfriedneto/projects/servicedeskn1/frontend/app/node_modules/@tanstack/react-router/dist/esm/Transitioner.js:10:10)
    at file:///home/siegfriedneto/projects/servicedeskn1/frontend/app/node_modules/@tanstack/react-router/dist/esm/Matches.js:38:39
    at Object.react_stack_bottom_frame (/home/siegfriedneto/projects/servicedeskn1/frontend/app/node_modules/react-dom/cjs/react-dom-client.development.js:25989:20)
    at runWithFiberInDEV (/home/siegfriedneto/projects/servicedeskn1/frontend/app/node_modules/react-dom/cjs/react-dom-client.development.js:874:13)
    at commitHookEffectListMount (/home/siegfriedneto/projects/servicedeskn1/frontend/app/node_modules/react-dom/cjs/react-dom-client.development.js:13249:29) [90mundefined[39m
Error: Not implemented: window.scrollTo
    at module.exports (/home/siegfriedneto/projects/servicedeskn1/frontend/app/node_modules/jsdom/lib/jsdom/browser/not-implemented.js:9:17)
    at /home/siegfriedneto/projects/servicedeskn1/frontend/app/node_modules/jsdom/lib/jsdom/browser/Window.js:960:7
    at Object.fn (file:///home/siegfriedneto/projects/servicedeskn1/frontend/app/node_modules/@tanstack/router-core/dist/esm/scroll-restoration.js:180:27)
    at RouterCore.emit (file:///home/siegfriedneto/projects/servicedeskn1/frontend/app/node_modules/@tanstack/router-core/dist/esm/router.js:178:14)
    at file:///home/siegfriedneto/projects/servicedeskn1/frontend/app/node_modules/@tanstack/router-core/dist/esm/load-client.js:943:46
    at Router.batch (file:///home/siegfriedneto/projects/servicedeskn1/frontend/app/node_modules/@tanstack/store/dist/esm/atom.js:39:5)
    at file:///home/siegfriedneto/projects/servicedeskn1/frontend/app/node_modules/@tanstack/router-core/dist/esm/load-client.js:936:10
    at runClientTransaction (file:///home/siegfriedneto/projects/servicedeskn1/frontend/app/node_modules/@tanstack/router-core/dist/esm/load-client.js:902:2)
    at loadClientRoute (file:///home/siegfriedneto/projects/servicedeskn1/frontend/app/node_modules/@tanstack/router-core/dist/esm/load-client.js:1034:2)
    at RouterCore.load (file:///home/siegfriedneto/projects/servicedeskn1/frontend/app/node_modules/@tanstack/router-core/dist/esm/router.js:489:4) [90mundefined[39m
Error: Not implemented: window.scrollTo
    at module.exports (/home/siegfriedneto/projects/servicedeskn1/frontend/app/node_modules/jsdom/lib/jsdom/browser/not-implemented.js:9:17)
    at /home/siegfriedneto/projects/servicedeskn1/frontend/app/node_modules/jsdom/lib/jsdom/browser/Window.js:960:7
    at Object.fn (file:///home/siegfriedneto/projects/servicedeskn1/frontend/app/node_modules/@tanstack/router-core/dist/esm/scroll-restoration.js:180:27)
    at RouterCore.emit (file:///home/siegfriedneto/projects/servicedeskn1/frontend/app/node_modules/@tanstack/router-core/dist/esm/router.js:178:14)
    at file:///home/siegfriedneto/projects/servicedeskn1/frontend/app/node_modules/@tanstack/react-router/dist/esm/Transitioner.js:46:25
    at settleOwner (file:///home/siegfriedneto/projects/servicedeskn1/frontend/app/node_modules/@tanstack/react-router/dist/esm/Transitioner.js:10:10)
    at file:///home/siegfriedneto/projects/servicedeskn1/frontend/app/node_modules/@tanstack/react-router/dist/esm/Matches.js:38:39
    at Object.react_stack_bottom_frame (/home/siegfriedneto/projects/servicedeskn1/frontend/app/node_modules/react-dom/cjs/react-dom-client.development.js:25989:20)
    at runWithFiberInDEV (/home/siegfriedneto/projects/servicedeskn1/frontend/app/node_modules/react-dom/cjs/react-dom-client.development.js:874:13)
    at commitHookEffectListMount (/home/siegfriedneto/projects/servicedeskn1/frontend/app/node_modules/react-dom/cjs/react-dom-client.development.js:13249:29) [90mundefined[39m
Error: Not implemented: window.scrollTo
    at module.exports (/home/siegfriedneto/projects/servicedeskn1/frontend/app/node_modules/jsdom/lib/jsdom/browser/not-implemented.js:9:17)
    at /home/siegfriedneto/projects/servicedeskn1/frontend/app/node_modules/jsdom/lib/jsdom/browser/Window.js:960:7
    at Object.fn (file:///home/siegfriedneto/projects/servicedeskn1/frontend/app/node_modules/@tanstack/router-core/dist/esm/scroll-restoration.js:180:27)
    at RouterCore.emit (file:///home/siegfriedneto/projects/servicedeskn1/frontend/app/node_modules/@tanstack/router-core/dist/esm/router.js:178:14)
    at file:///home/siegfriedneto/projects/servicedeskn1/frontend/app/node_modules/@tanstack/react-router/dist/esm/Transitioner.js:46:25
    at settleOwner (file:///home/siegfriedneto/projects/servicedeskn1/frontend/app/node_modules/@tanstack/react-router/dist/esm/Transitioner.js:10:10)
    at file:///home/siegfriedneto/projects/servicedeskn1/frontend/app/node_modules/@tanstack/react-router/dist/esm/Matches.js:38:39
    at Object.react_stack_bottom_frame (/home/siegfriedneto/projects/servicedeskn1/frontend/app/node_modules/react-dom/cjs/react-dom-client.development.js:25989:20)
    at runWithFiberInDEV (/home/siegfriedneto/projects/servicedeskn1/frontend/app/node_modules/react-dom/cjs/react-dom-client.development.js:874:13)
    at commitHookEffectListMount (/home/siegfriedneto/projects/servicedeskn1/frontend/app/node_modules/react-dom/cjs/react-dom-client.development.js:13249:29) [90mundefined[39m
Error: Not implemented: window.scrollTo
    at module.exports (/home/siegfriedneto/projects/servicedeskn1/frontend/app/node_modules/jsdom/lib/jsdom/browser/not-implemented.js:9:17)
    at /home/siegfriedneto/projects/servicedeskn1/frontend/app/node_modules/jsdom/lib/jsdom/browser/Window.js:960:7
    at Object.fn (file:///home/siegfriedneto/projects/servicedeskn1/frontend/app/node_modules/@tanstack/router-core/dist/esm/scroll-restoration.js:180:27)
    at RouterCore.emit (file:///home/siegfriedneto/projects/servicedeskn1/frontend/app/node_modules/@tanstack/router-core/dist/esm/router.js:178:14)
    at file:///home/siegfriedneto/projects/servicedeskn1/frontend/app/node_modules/@tanstack/react-router/dist/esm/Transitioner.js:46:25
    at settleOwner (file:///home/siegfriedneto/projects/servicedeskn1/frontend/app/node_modules/@tanstack/react-router/dist/esm/Transitioner.js:10:10)
    at file:///home/siegfriedneto/projects/servicedeskn1/frontend/app/node_modules/@tanstack/react-router/dist/esm/Matches.js:38:39
    at Object.react_stack_bottom_frame (/home/siegfriedneto/projects/servicedeskn1/frontend/app/node_modules/react-dom/cjs/react-dom-client.development.js:25989:20)
    at runWithFiberInDEV (/home/siegfriedneto/projects/servicedeskn1/frontend/app/node_modules/react-dom/cjs/react-dom-client.development.js:874:13)
    at commitHookEffectListMount (/home/siegfriedneto/projects/servicedeskn1/frontend/app/node_modules/react-dom/cjs/react-dom-client.development.js:13249:29) [90mundefined[39m
Error: Not implemented: window.scrollTo
    at module.exports (/home/siegfriedneto/projects/servicedeskn1/frontend/app/node_modules/jsdom/lib/jsdom/browser/not-implemented.js:9:17)
    at /home/siegfriedneto/projects/servicedeskn1/frontend/app/node_modules/jsdom/lib/jsdom/browser/Window.js:960:7
    at Object.fn (file:///home/siegfriedneto/projects/servicedeskn1/frontend/app/node_modules/@tanstack/router-core/dist/esm/scroll-restoration.js:180:27)
    at RouterCore.emit (file:///home/siegfriedneto/projects/servicedeskn1/frontend/app/node_modules/@tanstack/router-core/dist/esm/router.js:178:14)
    at file:///home/siegfriedneto/projects/servicedeskn1/frontend/app/node_modules/@tanstack/react-router/dist/esm/Transitioner.js:46:25
    at settleOwner (file:///home/siegfriedneto/projects/servicedeskn1/frontend/app/node_modules/@tanstack/react-router/dist/esm/Transitioner.js:10:10)
    at file:///home/siegfriedneto/projects/servicedeskn1/frontend/app/node_modules/@tanstack/react-router/dist/esm/Matches.js:38:39
    at Object.react_stack_bottom_frame (/home/siegfriedneto/projects/servicedeskn1/frontend/app/node_modules/react-dom/cjs/react-dom-client.development.js:25989:20)
    at runWithFiberInDEV (/home/siegfriedneto/projects/servicedeskn1/frontend/app/node_modules/react-dom/cjs/react-dom-client.development.js:874:13)
    at commitHookEffectListMount (/home/siegfriedneto/projects/servicedeskn1/frontend/app/node_modules/react-dom/cjs/react-dom-client.development.js:13249:29) [90mundefined[39m
Error: Not implemented: window.scrollTo
    at module.exports (/home/siegfriedneto/projects/servicedeskn1/frontend/app/node_modules/jsdom/lib/jsdom/browser/not-implemented.js:9:17)
    at /home/siegfriedneto/projects/servicedeskn1/frontend/app/node_modules/jsdom/lib/jsdom/browser/Window.js:960:7
    at Object.fn (file:///home/siegfriedneto/projects/servicedeskn1/frontend/app/node_modules/@tanstack/router-core/dist/esm/scroll-restoration.js:180:27)
    at RouterCore.emit (file:///home/siegfriedneto/projects/servicedeskn1/frontend/app/node_modules/@tanstack/router-core/dist/esm/router.js:178:14)
    at file:///home/siegfriedneto/projects/servicedeskn1/frontend/app/node_modules/@tanstack/react-router/dist/esm/Transitioner.js:46:25
    at settleOwner (file:///home/siegfriedneto/projects/servicedeskn1/frontend/app/node_modules/@tanstack/react-router/dist/esm/Transitioner.js:10:10)
    at file:///home/siegfriedneto/projects/servicedeskn1/frontend/app/node_modules/@tanstack/react-router/dist/esm/Matches.js:38:39
    at Object.react_stack_bottom_frame (/home/siegfriedneto/projects/servicedeskn1/frontend/app/node_modules/react-dom/cjs/react-dom-client.development.js:25989:20)
    at runWithFiberInDEV (/home/siegfriedneto/projects/servicedeskn1/frontend/app/node_modules/react-dom/cjs/react-dom-client.development.js:874:13)
    at commitHookEffectListMount (/home/siegfriedneto/projects/servicedeskn1/frontend/app/node_modules/react-dom/cjs/react-dom-client.development.js:13249:29) [90mundefined[39m
Error: Not implemented: window.scrollTo
    at module.exports (/home/siegfriedneto/projects/servicedeskn1/frontend/app/node_modules/jsdom/lib/jsdom/browser/not-implemented.js:9:17)
    at /home/siegfriedneto/projects/servicedeskn1/frontend/app/node_modules/jsdom/lib/jsdom/browser/Window.js:960:7
    at Object.fn (file:///home/siegfriedneto/projects/servicedeskn1/frontend/app/node_modules/@tanstack/router-core/dist/esm/scroll-restoration.js:180:27)
    at RouterCore.emit (file:///home/siegfriedneto/projects/servicedeskn1/frontend/app/node_modules/@tanstack/router-core/dist/esm/router.js:178:14)
    at file:///home/siegfriedneto/projects/servicedeskn1/frontend/app/node_modules/@tanstack/react-router/dist/esm/Transitioner.js:46:25
    at settleOwner (file:///home/siegfriedneto/projects/servicedeskn1/frontend/app/node_modules/@tanstack/react-router/dist/esm/Transitioner.js:10:10)
    at file:///home/siegfriedneto/projects/servicedeskn1/frontend/app/node_modules/@tanstack/react-router/dist/esm/Matches.js:38:39
    at Object.react_stack_bottom_frame (/home/siegfriedneto/projects/servicedeskn1/frontend/app/node_modules/react-dom/cjs/react-dom-client.development.js:25989:20)
    at runWithFiberInDEV (/home/siegfriedneto/projects/servicedeskn1/frontend/app/node_modules/react-dom/cjs/react-dom-client.development.js:874:13)
    at commitHookEffectListMount (/home/siegfriedneto/projects/servicedeskn1/frontend/app/node_modules/react-dom/cjs/react-dom-client.development.js:13249:29) [90mundefined[39m
Error: Not implemented: window.scrollTo
    at module.exports (/home/siegfriedneto/projects/servicedeskn1/frontend/app/node_modules/jsdom/lib/jsdom/browser/not-implemented.js:9:17)
    at /home/siegfriedneto/projects/servicedeskn1/frontend/app/node_modules/jsdom/lib/jsdom/browser/Window.js:960:7
    at Object.fn (file:///home/siegfriedneto/projects/servicedeskn1/frontend/app/node_modules/@tanstack/router-core/dist/esm/scroll-restoration.js:180:27)
    at RouterCore.emit (file:///home/siegfriedneto/projects/servicedeskn1/frontend/app/node_modules/@tanstack/router-core/dist/esm/router.js:178:14)
    at file:///home/siegfriedneto/projects/servicedeskn1/frontend/app/node_modules/@tanstack/router-core/dist/esm/load-client.js:943:46
    at Router.batch (file:///home/siegfriedneto/projects/servicedeskn1/frontend/app/node_modules/@tanstack/store/dist/esm/atom.js:39:5)
    at file:///home/siegfriedneto/projects/servicedeskn1/frontend/app/node_modules/@tanstack/router-core/dist/esm/load-client.js:936:10
    at runClientTransaction (file:///home/siegfriedneto/projects/servicedeskn1/frontend/app/node_modules/@tanstack/router-core/dist/esm/load-client.js:902:2)
    at loadClientRoute (file:///home/siegfriedneto/projects/servicedeskn1/frontend/app/node_modules/@tanstack/router-core/dist/esm/load-client.js:1034:2)
    at RouterCore.load (file:///home/siegfriedneto/projects/servicedeskn1/frontend/app/node_modules/@tanstack/router-core/dist/esm/router.js:489:4) [90mundefined[39m
Error: Not implemented: window.scrollTo
    at module.exports (/home/siegfriedneto/projects/servicedeskn1/frontend/app/node_modules/jsdom/lib/jsdom/browser/not-implemented.js:9:17)
    at /home/siegfriedneto/projects/servicedeskn1/frontend/app/node_modules/jsdom/lib/jsdom/browser/Window.js:960:7
    at Object.fn (file:///home/siegfriedneto/projects/servicedeskn1/frontend/app/node_modules/@tanstack/router-core/dist/esm/scroll-restoration.js:180:27)
    at RouterCore.emit (file:///home/siegfriedneto/projects/servicedeskn1/frontend/app/node_modules/@tanstack/router-core/dist/esm/router.js:178:14)
    at file:///home/siegfriedneto/projects/servicedeskn1/frontend/app/node_modules/@tanstack/router-core/dist/esm/load-client.js:943:46
    at Router.batch (file:///home/siegfriedneto/projects/servicedeskn1/frontend/app/node_modules/@tanstack/store/dist/esm/atom.js:39:5)
    at file:///home/siegfriedneto/projects/servicedeskn1/frontend/app/node_modules/@tanstack/router-core/dist/esm/load-client.js:936:10
    at runClientTransaction (file:///home/siegfriedneto/projects/servicedeskn1/frontend/app/node_modules/@tanstack/router-core/dist/esm/load-client.js:902:2)
    at loadClientRoute (file:///home/siegfriedneto/projects/servicedeskn1/frontend/app/node_modules/@tanstack/router-core/dist/esm/load-client.js:1034:2)
    at RouterCore.load (file:///home/siegfriedneto/projects/servicedeskn1/frontend/app/node_modules/@tanstack/router-core/dist/esm/router.js:489:4) [90mundefined[39m
Error: Not implemented: window.scrollTo
    at module.exports (/home/siegfriedneto/projects/servicedeskn1/frontend/app/node_modules/jsdom/lib/jsdom/browser/not-implemented.js:9:17)
    at /home/siegfriedneto/projects/servicedeskn1/frontend/app/node_modules/jsdom/lib/jsdom/browser/Window.js:960:7
    at Object.fn (file:///home/siegfriedneto/projects/servicedeskn1/frontend/app/node_modules/@tanstack/router-core/dist/esm/scroll-restoration.js:180:27)
    at RouterCore.emit (file:///home/siegfriedneto/projects/servicedeskn1/frontend/app/node_modules/@tanstack/router-core/dist/esm/router.js:178:14)
    at file:///home/siegfriedneto/projects/servicedeskn1/frontend/app/node_modules/@tanstack/react-router/dist/esm/Transitioner.js:46:25
    at settleOwner (file:///home/siegfriedneto/projects/servicedeskn1/frontend/app/node_modules/@tanstack/react-router/dist/esm/Transitioner.js:10:10)
    at file:///home/siegfriedneto/projects/servicedeskn1/frontend/app/node_modules/@tanstack/react-router/dist/esm/Matches.js:38:39
    at Object.react_stack_bottom_frame (/home/siegfriedneto/projects/servicedeskn1/frontend/app/node_modules/react-dom/cjs/react-dom-client.development.js:25989:20)
    at runWithFiberInDEV (/home/siegfriedneto/projects/servicedeskn1/frontend/app/node_modules/react-dom/cjs/react-dom-client.development.js:874:13)
    at commitHookEffectListMount (/home/siegfriedneto/projects/servicedeskn1/frontend/app/node_modules/react-dom/cjs/react-dom-client.development.js:13249:29) [90mundefined[39m
Error: Not implemented: window.scrollTo
    at module.exports (/home/siegfriedneto/projects/servicedeskn1/frontend/app/node_modules/jsdom/lib/jsdom/browser/not-implemented.js:9:17)
    at /home/siegfriedneto/projects/servicedeskn1/frontend/app/node_modules/jsdom/lib/jsdom/browser/Window.js:960:7
    at Object.fn (file:///home/siegfriedneto/projects/servicedeskn1/frontend/app/node_modules/@tanstack/router-core/dist/esm/scroll-restoration.js:180:27)
    at RouterCore.emit (file:///home/siegfriedneto/projects/servicedeskn1/frontend/app/node_modules/@tanstack/router-core/dist/esm/router.js:178:14)
    at file:///home/siegfriedneto/projects/servicedeskn1/frontend/app/node_modules/@tanstack/react-router/dist/esm/Transitioner.js:46:25
    at settleOwner (file:///home/siegfriedneto/projects/servicedeskn1/frontend/app/node_modules/@tanstack/react-router/dist/esm/Transitioner.js:10:10)
    at file:///home/siegfriedneto/projects/servicedeskn1/frontend/app/node_modules/@tanstack/react-router/dist/esm/Matches.js:38:39
    at Object.react_stack_bottom_frame (/home/siegfriedneto/projects/servicedeskn1/frontend/app/node_modules/react-dom/cjs/react-dom-client.development.js:25989:20)
    at runWithFiberInDEV (/home/siegfriedneto/projects/servicedeskn1/frontend/app/node_modules/react-dom/cjs/react-dom-client.development.js:874:13)
    at commitHookEffectListMount (/home/siegfriedneto/projects/servicedeskn1/frontend/app/node_modules/react-dom/cjs/react-dom-client.development.js:13249:29) [90mundefined[39m
Error: Not implemented: window.scrollTo
    at module.exports (/home/siegfriedneto/projects/servicedeskn1/frontend/app/node_modules/jsdom/lib/jsdom/browser/not-implemented.js:9:17)
    at /home/siegfriedneto/projects/servicedeskn1/frontend/app/node_modules/jsdom/lib/jsdom/browser/Window.js:960:7
    at Object.fn (file:///home/siegfriedneto/projects/servicedeskn1/frontend/app/node_modules/@tanstack/router-core/dist/esm/scroll-restoration.js:180:27)
    at RouterCore.emit (file:///home/siegfriedneto/projects/servicedeskn1/frontend/app/node_modules/@tanstack/router-core/dist/esm/router.js:178:14)
    at file:///home/siegfriedneto/projects/servicedeskn1/frontend/app/node_modules/@tanstack/react-router/dist/esm/Transitioner.js:46:25
    at settleOwner (file:///home/siegfriedneto/projects/servicedeskn1/frontend/app/node_modules/@tanstack/react-router/dist/esm/Transitioner.js:10:10)
    at file:///home/siegfriedneto/projects/servicedeskn1/frontend/app/node_modules/@tanstack/react-router/dist/esm/Matches.js:38:39
    at Object.react_stack_bottom_frame (/home/siegfriedneto/projects/servicedeskn1/frontend/app/node_modules/react-dom/cjs/react-dom-client.development.js:25989:20)
    at runWithFiberInDEV (/home/siegfriedneto/projects/servicedeskn1/frontend/app/node_modules/react-dom/cjs/react-dom-client.development.js:874:13)
    at commitHookEffectListMount (/home/siegfriedneto/projects/servicedeskn1/frontend/app/node_modules/react-dom/cjs/react-dom-client.development.js:13249:29) [90mundefined[39m
Error: Not implemented: window.scrollTo
    at module.exports (/home/siegfriedneto/projects/servicedeskn1/frontend/app/node_modules/jsdom/lib/jsdom/browser/not-implemented.js:9:17)
    at /home/siegfriedneto/projects/servicedeskn1/frontend/app/node_modules/jsdom/lib/jsdom/browser/Window.js:960:7
    at Object.fn (file:///home/siegfriedneto/projects/servicedeskn1/frontend/app/node_modules/@tanstack/router-core/dist/esm/scroll-restoration.js:180:27)
    at RouterCore.emit (file:///home/siegfriedneto/projects/servicedeskn1/frontend/app/node_modules/@tanstack/router-core/dist/esm/router.js:178:14)
    at file:///home/siegfriedneto/projects/servicedeskn1/frontend/app/node_modules/@tanstack/react-router/dist/esm/Transitioner.js:46:25
    at settleOwner (file:///home/siegfriedneto/projects/servicedeskn1/frontend/app/node_modules/@tanstack/react-router/dist/esm/Transitioner.js:10:10)
    at file:///home/siegfriedneto/projects/servicedeskn1/frontend/app/node_modules/@tanstack/react-router/dist/esm/Matches.js:38:39
    at Object.react_stack_bottom_frame (/home/siegfriedneto/projects/servicedeskn1/frontend/app/node_modules/react-dom/cjs/react-dom-client.development.js:25989:20)
    at runWithFiberInDEV (/home/siegfriedneto/projects/servicedeskn1/frontend/app/node_modules/react-dom/cjs/react-dom-client.development.js:874:13)
    at commitHookEffectListMount (/home/siegfriedneto/projects/servicedeskn1/frontend/app/node_modules/react-dom/cjs/react-dom-client.development.js:13249:29) [90mundefined[39m
Error: Not implemented: window.scrollTo
    at module.exports (/home/siegfriedneto/projects/servicedeskn1/frontend/app/node_modules/jsdom/lib/jsdom/browser/not-implemented.js:9:17)
    at /home/siegfriedneto/projects/servicedeskn1/frontend/app/node_modules/jsdom/lib/jsdom/browser/Window.js:960:7
    at Object.fn (file:///home/siegfriedneto/projects/servicedeskn1/frontend/app/node_modules/@tanstack/router-core/dist/esm/scroll-restoration.js:180:27)
    at RouterCore.emit (file:///home/siegfriedneto/projects/servicedeskn1/frontend/app/node_modules/@tanstack/router-core/dist/esm/router.js:178:14)
    at file:///home/siegfriedneto/projects/servicedeskn1/frontend/app/node_modules/@tanstack/react-router/dist/esm/Transitioner.js:46:25
    at settleOwner (file:///home/siegfriedneto/projects/servicedeskn1/frontend/app/node_modules/@tanstack/react-router/dist/esm/Transitioner.js:10:10)
    at file:///home/siegfriedneto/projects/servicedeskn1/frontend/app/node_modules/@tanstack/react-router/dist/esm/Matches.js:38:39
    at Object.react_stack_bottom_frame (/home/siegfriedneto/projects/servicedeskn1/frontend/app/node_modules/react-dom/cjs/react-dom-client.development.js:25989:20)
    at runWithFiberInDEV (/home/siegfriedneto/projects/servicedeskn1/frontend/app/node_modules/react-dom/cjs/react-dom-client.development.js:874:13)
    at commitHookEffectListMount (/home/siegfriedneto/projects/servicedeskn1/frontend/app/node_modules/react-dom/cjs/react-dom-client.development.js:13249:29) [90mundefined[39m
Error: Not implemented: window.scrollTo
    at module.exports (/home/siegfriedneto/projects/servicedeskn1/frontend/app/node_modules/jsdom/lib/jsdom/browser/not-implemented.js:9:17)
    at /home/siegfriedneto/projects/servicedeskn1/frontend/app/node_modules/jsdom/lib/jsdom/browser/Window.js:960:7
    at Object.fn (file:///home/siegfriedneto/projects/servicedeskn1/frontend/app/node_modules/@tanstack/router-core/dist/esm/scroll-restoration.js:180:27)
    at RouterCore.emit (file:///home/siegfriedneto/projects/servicedeskn1/frontend/app/node_modules/@tanstack/router-core/dist/esm/router.js:178:14)
    at file:///home/siegfriedneto/projects/servicedeskn1/frontend/app/node_modules/@tanstack/react-router/dist/esm/Transitioner.js:46:25
    at settleOwner (file:///home/siegfriedneto/projects/servicedeskn1/frontend/app/node_modules/@tanstack/react-router/dist/esm/Transitioner.js:10:10)
    at file:///home/siegfriedneto/projects/servicedeskn1/frontend/app/node_modules/@tanstack/react-router/dist/esm/Matches.js:38:39
    at Object.react_stack_bottom_frame (/home/siegfriedneto/projects/servicedeskn1/frontend/app/node_modules/react-dom/cjs/react-dom-client.development.js:25989:20)
    at runWithFiberInDEV (/home/siegfriedneto/projects/servicedeskn1/frontend/app/node_modules/react-dom/cjs/react-dom-client.development.js:874:13)
    at commitHookEffectListMount (/home/siegfriedneto/projects/servicedeskn1/frontend/app/node_modules/react-dom/cjs/react-dom-client.development.js:13249:29) [90mundefined[39m
Error: Not implemented: window.scrollTo
    at module.exports (/home/siegfriedneto/projects/servicedeskn1/frontend/app/node_modules/jsdom/lib/jsdom/browser/not-implemented.js:9:17)
    at /home/siegfriedneto/projects/servicedeskn1/frontend/app/node_modules/jsdom/lib/jsdom/browser/Window.js:960:7
    at Object.fn (file:///home/siegfriedneto/projects/servicedeskn1/frontend/app/node_modules/@tanstack/router-core/dist/esm/scroll-restoration.js:180:27)
    at RouterCore.emit (file:///home/siegfriedneto/projects/servicedeskn1/frontend/app/node_modules/@tanstack/router-core/dist/esm/router.js:178:14)
    at file:///home/siegfriedneto/projects/servicedeskn1/frontend/app/node_modules/@tanstack/react-router/dist/esm/Transitioner.js:46:25
    at settleOwner (file:///home/siegfriedneto/projects/servicedeskn1/frontend/app/node_modules/@tanstack/react-router/dist/esm/Transitioner.js:10:10)
    at file:///home/siegfriedneto/projects/servicedeskn1/frontend/app/node_modules/@tanstack/react-router/dist/esm/Matches.js:38:39
    at Object.react_stack_bottom_frame (/home/siegfriedneto/projects/servicedeskn1/frontend/app/node_modules/react-dom/cjs/react-dom-client.development.js:25989:20)
    at runWithFiberInDEV (/home/siegfriedneto/projects/servicedeskn1/frontend/app/node_modules/react-dom/cjs/react-dom-client.development.js:874:13)
    at commitHookEffectListMount (/home/siegfriedneto/projects/servicedeskn1/frontend/app/node_modules/react-dom/cjs/react-dom-client.development.js:13249:29) [90mundefined[39m
Error: Not implemented: window.scrollTo
    at module.exports (/home/siegfriedneto/projects/servicedeskn1/frontend/app/node_modules/jsdom/lib/jsdom/browser/not-implemented.js:9:17)
    at /home/siegfriedneto/projects/servicedeskn1/frontend/app/node_modules/jsdom/lib/jsdom/browser/Window.js:960:7
    at Object.fn (file:///home/siegfriedneto/projects/servicedeskn1/frontend/app/node_modules/@tanstack/router-core/dist/esm/scroll-restoration.js:180:27)
    at RouterCore.emit (file:///home/siegfriedneto/projects/servicedeskn1/frontend/app/node_modules/@tanstack/router-core/dist/esm/router.js:178:14)
    at file:///home/siegfriedneto/projects/servicedeskn1/frontend/app/node_modules/@tanstack/router-core/dist/esm/load-client.js:943:46
    at Router.batch (file:///home/siegfriedneto/projects/servicedeskn1/frontend/app/node_modules/@tanstack/store/dist/esm/atom.js:39:5)
    at file:///home/siegfriedneto/projects/servicedeskn1/frontend/app/node_modules/@tanstack/router-core/dist/esm/load-client.js:936:10
    at runClientTransaction (file:///home/siegfriedneto/projects/servicedeskn1/frontend/app/node_modules/@tanstack/router-core/dist/esm/load-client.js:902:2)
    at loadClientRoute (file:///home/siegfriedneto/projects/servicedeskn1/frontend/app/node_modules/@tanstack/router-core/dist/esm/load-client.js:1034:2)
    at RouterCore.load (file:///home/siegfriedneto/projects/servicedeskn1/frontend/app/node_modules/@tanstack/router-core/dist/esm/router.js:489:4) [90mundefined[39m
Error: Not implemented: window.scrollTo
    at module.exports (/home/siegfriedneto/projects/servicedeskn1/frontend/app/node_modules/jsdom/lib/jsdom/browser/not-implemented.js:9:17)
    at /home/siegfriedneto/projects/servicedeskn1/frontend/app/node_modules/jsdom/lib/jsdom/browser/Window.js:960:7
    at Object.fn (file:///home/siegfriedneto/projects/servicedeskn1/frontend/app/node_modules/@tanstack/router-core/dist/esm/scroll-restoration.js:180:27)
    at RouterCore.emit (file:///home/siegfriedneto/projects/servicedeskn1/frontend/app/node_modules/@tanstack/router-core/dist/esm/router.js:178:14)
    at file:///home/siegfriedneto/projects/servicedeskn1/frontend/app/node_modules/@tanstack/react-router/dist/esm/Transitioner.js:46:25
    at settleOwner (file:///home/siegfriedneto/projects/servicedeskn1/frontend/app/node_modules/@tanstack/react-router/dist/esm/Transitioner.js:10:10)
    at file:///home/siegfriedneto/projects/servicedeskn1/frontend/app/node_modules/@tanstack/react-router/dist/esm/Matches.js:38:39
    at Object.react_stack_bottom_frame (/home/siegfriedneto/projects/servicedeskn1/frontend/app/node_modules/react-dom/cjs/react-dom-client.development.js:25989:20)
    at runWithFiberInDEV (/home/siegfriedneto/projects/servicedeskn1/frontend/app/node_modules/react-dom/cjs/react-dom-client.development.js:874:13)
    at commitHookEffectListMount (/home/siegfriedneto/projects/servicedeskn1/frontend/app/node_modules/react-dom/cjs/react-dom-client.development.js:13249:29) [90mundefined[39m
Error: Not implemented: window.scrollTo
    at module.exports (/home/siegfriedneto/projects/servicedeskn1/frontend/app/node_modules/jsdom/lib/jsdom/browser/not-implemented.js:9:17)
    at /home/siegfriedneto/projects/servicedeskn1/frontend/app/node_modules/jsdom/lib/jsdom/browser/Window.js:960:7
    at Object.fn (file:///home/siegfriedneto/projects/servicedeskn1/frontend/app/node_modules/@tanstack/router-core/dist/esm/scroll-restoration.js:180:27)
    at RouterCore.emit (file:///home/siegfriedneto/projects/servicedeskn1/frontend/app/node_modules/@tanstack/router-core/dist/esm/router.js:178:14)
    at file:///home/siegfriedneto/projects/servicedeskn1/frontend/app/node_modules/@tanstack/react-router/dist/esm/Transitioner.js:46:25
    at settleOwner (file:///home/siegfriedneto/projects/servicedeskn1/frontend/app/node_modules/@tanstack/react-router/dist/esm/Transitioner.js:10:10)
    at file:///home/siegfriedneto/projects/servicedeskn1/frontend/app/node_modules/@tanstack/react-router/dist/esm/Matches.js:38:39
    at Object.react_stack_bottom_frame (/home/siegfriedneto/projects/servicedeskn1/frontend/app/node_modules/react-dom/cjs/react-dom-client.development.js:25989:20)
    at runWithFiberInDEV (/home/siegfriedneto/projects/servicedeskn1/frontend/app/node_modules/react-dom/cjs/react-dom-client.development.js:874:13)
    at commitHookEffectListMount (/home/siegfriedneto/projects/servicedeskn1/frontend/app/node_modules/react-dom/cjs/react-dom-client.development.js:13249:29) [90mundefined[39m
Error: Not implemented: window.scrollTo
    at module.exports (/home/siegfriedneto/projects/servicedeskn1/frontend/app/node_modules/jsdom/lib/jsdom/browser/not-implemented.js:9:17)
    at /home/siegfriedneto/projects/servicedeskn1/frontend/app/node_modules/jsdom/lib/jsdom/browser/Window.js:960:7
    at Object.fn (file:///home/siegfriedneto/projects/servicedeskn1/frontend/app/node_modules/@tanstack/router-core/dist/esm/scroll-restoration.js:180:27)
    at RouterCore.emit (file:///home/siegfriedneto/projects/servicedeskn1/frontend/app/node_modules/@tanstack/router-core/dist/esm/router.js:178:14)
    at file:///home/siegfriedneto/projects/servicedeskn1/frontend/app/node_modules/@tanstack/react-router/dist/esm/Transitioner.js:46:25
    at settleOwner (file:///home/siegfriedneto/projects/servicedeskn1/frontend/app/node_modules/@tanstack/react-router/dist/esm/Transitioner.js:10:10)
    at file:///home/siegfriedneto/projects/servicedeskn1/frontend/app/node_modules/@tanstack/react-router/dist/esm/Matches.js:38:39
    at Object.react_stack_bottom_frame (/home/siegfriedneto/projects/servicedeskn1/frontend/app/node_modules/react-dom/cjs/react-dom-client.development.js:25989:20)
    at runWithFiberInDEV (/home/siegfriedneto/projects/servicedeskn1/frontend/app/node_modules/react-dom/cjs/react-dom-client.development.js:874:13)
    at commitHookEffectListMount (/home/siegfriedneto/projects/servicedeskn1/frontend/app/node_modules/react-dom/cjs/react-dom-client.development.js:13249:29) [90mundefined[39m
Error: Not implemented: window.scrollTo
    at module.exports (/home/siegfriedneto/projects/servicedeskn1/frontend/app/node_modules/jsdom/lib/jsdom/browser/not-implemented.js:9:17)
    at /home/siegfriedneto/projects/servicedeskn1/frontend/app/node_modules/jsdom/lib/jsdom/browser/Window.js:960:7
    at Object.fn (file:///home/siegfriedneto/projects/servicedeskn1/frontend/app/node_modules/@tanstack/router-core/dist/esm/scroll-restoration.js:180:27)
    at RouterCore.emit (file:///home/siegfriedneto/projects/servicedeskn1/frontend/app/node_modules/@tanstack/router-core/dist/esm/router.js:178:14)
    at file:///home/siegfriedneto/projects/servicedeskn1/frontend/app/node_modules/@tanstack/router-core/dist/esm/load-client.js:943:46
    at Router.batch (file:///home/siegfriedneto/projects/servicedeskn1/frontend/app/node_modules/@tanstack/store/dist/esm/atom.js:39:5)
    at file:///home/siegfriedneto/projects/servicedeskn1/frontend/app/node_modules/@tanstack/router-core/dist/esm/load-client.js:936:10
    at runClientTransaction (file:///home/siegfriedneto/projects/servicedeskn1/frontend/app/node_modules/@tanstack/router-core/dist/esm/load-client.js:902:2)
    at loadClientRoute (file:///home/siegfriedneto/projects/servicedeskn1/frontend/app/node_modules/@tanstack/router-core/dist/esm/load-client.js:1034:2)
    at RouterCore.load (file:///home/siegfriedneto/projects/servicedeskn1/frontend/app/node_modules/@tanstack/router-core/dist/esm/router.js:489:4) [90mundefined[39m
Error: Not implemented: window.scrollTo
    at module.exports (/home/siegfriedneto/projects/servicedeskn1/frontend/app/node_modules/jsdom/lib/jsdom/browser/not-implemented.js:9:17)
    at /home/siegfriedneto/projects/servicedeskn1/frontend/app/node_modules/jsdom/lib/jsdom/browser/Window.js:960:7
    at Object.fn (file:///home/siegfriedneto/projects/servicedeskn1/frontend/app/node_modules/@tanstack/router-core/dist/esm/scroll-restoration.js:180:27)
    at RouterCore.emit (file:///home/siegfriedneto/projects/servicedeskn1/frontend/app/node_modules/@tanstack/router-core/dist/esm/router.js:178:14)
    at file:///home/siegfriedneto/projects/servicedeskn1/frontend/app/node_modules/@tanstack/react-router/dist/esm/Transitioner.js:46:25
    at settleOwner (file:///home/siegfriedneto/projects/servicedeskn1/frontend/app/node_modules/@tanstack/react-router/dist/esm/Transitioner.js:10:10)
    at file:///home/siegfriedneto/projects/servicedeskn1/frontend/app/node_modules/@tanstack/react-router/dist/esm/Matches.js:38:39
    at Object.react_stack_bottom_frame (/home/siegfriedneto/projects/servicedeskn1/frontend/app/node_modules/react-dom/cjs/react-dom-client.development.js:25989:20)
    at runWithFiberInDEV (/home/siegfriedneto/projects/servicedeskn1/frontend/app/node_modules/react-dom/cjs/react-dom-client.development.js:874:13)
    at commitHookEffectListMount (/home/siegfriedneto/projects/servicedeskn1/frontend/app/node_modules/react-dom/cjs/react-dom-client.development.js:13249:29) [90mundefined[39m
Error: Not implemented: window.scrollTo
    at module.exports (/home/siegfriedneto/projects/servicedeskn1/frontend/app/node_modules/jsdom/lib/jsdom/browser/not-implemented.js:9:17)
    at /home/siegfriedneto/projects/servicedeskn1/frontend/app/node_modules/jsdom/lib/jsdom/browser/Window.js:960:7
    at Object.fn (file:///home/siegfriedneto/projects/servicedeskn1/frontend/app/node_modules/@tanstack/router-core/dist/esm/scroll-restoration.js:180:27)
    at RouterCore.emit (file:///home/siegfriedneto/projects/servicedeskn1/frontend/app/node_modules/@tanstack/router-core/dist/esm/router.js:178:14)
    at file:///home/siegfriedneto/projects/servicedeskn1/frontend/app/node_modules/@tanstack/router-core/dist/esm/load-client.js:943:46
    at Router.batch (file:///home/siegfriedneto/projects/servicedeskn1/frontend/app/node_modules/@tanstack/store/dist/esm/atom.js:39:5)
    at file:///home/siegfriedneto/projects/servicedeskn1/frontend/app/node_modules/@tanstack/router-core/dist/esm/load-client.js:936:10
    at runClientTransaction (file:///home/siegfriedneto/projects/servicedeskn1/frontend/app/node_modules/@tanstack/router-core/dist/esm/load-client.js:902:2)
    at loadClientRoute (file:///home/siegfriedneto/projects/servicedeskn1/frontend/app/node_modules/@tanstack/router-core/dist/esm/load-client.js:1034:2)
    at RouterCore.load (file:///home/siegfriedneto/projects/servicedeskn1/frontend/app/node_modules/@tanstack/router-core/dist/esm/router.js:489:4) [90mundefined[39m
Error: Not implemented: window.scrollTo
    at module.exports (/home/siegfriedneto/projects/servicedeskn1/frontend/app/node_modules/jsdom/lib/jsdom/browser/not-implemented.js:9:17)
    at /home/siegfriedneto/projects/servicedeskn1/frontend/app/node_modules/jsdom/lib/jsdom/browser/Window.js:960:7
    at Object.fn (file:///home/siegfriedneto/projects/servicedeskn1/frontend/app/node_modules/@tanstack/router-core/dist/esm/scroll-restoration.js:180:27)
    at RouterCore.emit (file:///home/siegfriedneto/projects/servicedeskn1/frontend/app/node_modules/@tanstack/router-core/dist/esm/router.js:178:14)
    at file:///home/siegfriedneto/projects/servicedeskn1/frontend/app/node_modules/@tanstack/react-router/dist/esm/Transitioner.js:46:25
    at settleOwner (file:///home/siegfriedneto/projects/servicedeskn1/frontend/app/node_modules/@tanstack/react-router/dist/esm/Transitioner.js:10:10)
    at file:///home/siegfriedneto/projects/servicedeskn1/frontend/app/node_modules/@tanstack/react-router/dist/esm/Matches.js:38:39
    at Object.react_stack_bottom_frame (/home/siegfriedneto/projects/servicedeskn1/frontend/app/node_modules/react-dom/cjs/react-dom-client.development.js:25989:20)
    at runWithFiberInDEV (/home/siegfriedneto/projects/servicedeskn1/frontend/app/node_modules/react-dom/cjs/react-dom-client.development.js:874:13)
    at commitHookEffectListMount (/home/siegfriedneto/projects/servicedeskn1/frontend/app/node_modules/react-dom/cjs/react-dom-client.development.js:13249:29) [90mundefined[39m
Error: Not implemented: window.scrollTo
    at module.exports (/home/siegfriedneto/projects/servicedeskn1/frontend/app/node_modules/jsdom/lib/jsdom/browser/not-implemented.js:9:17)
    at /home/siegfriedneto/projects/servicedeskn1/frontend/app/node_modules/jsdom/lib/jsdom/browser/Window.js:960:7
    at Object.fn (file:///home/siegfriedneto/projects/servicedeskn1/frontend/app/node_modules/@tanstack/router-core/dist/esm/scroll-restoration.js:180:27)
    at RouterCore.emit (file:///home/siegfriedneto/projects/servicedeskn1/frontend/app/node_modules/@tanstack/router-core/dist/esm/router.js:178:14)
    at file:///home/siegfriedneto/projects/servicedeskn1/frontend/app/node_modules/@tanstack/react-router/dist/esm/Transitioner.js:46:25
    at settleOwner (file:///home/siegfriedneto/projects/servicedeskn1/frontend/app/node_modules/@tanstack/react-router/dist/esm/Transitioner.js:10:10)
    at file:///home/siegfriedneto/projects/servicedeskn1/frontend/app/node_modules/@tanstack/react-router/dist/esm/Matches.js:38:39
    at Object.react_stack_bottom_frame (/home/siegfriedneto/projects/servicedeskn1/frontend/app/node_modules/react-dom/cjs/react-dom-client.development.js:25989:20)
    at runWithFiberInDEV (/home/siegfriedneto/projects/servicedeskn1/frontend/app/node_modules/react-dom/cjs/react-dom-client.development.js:874:13)
    at commitHookEffectListMount (/home/siegfriedneto/projects/servicedeskn1/frontend/app/node_modules/react-dom/cjs/react-dom-client.development.js:13249:29) [90mundefined[39m
Error: Not implemented: window.scrollTo
    at module.exports (/home/siegfriedneto/projects/servicedeskn1/frontend/app/node_modules/jsdom/lib/jsdom/browser/not-implemented.js:9:17)
    at /home/siegfriedneto/projects/servicedeskn1/frontend/app/node_modules/jsdom/lib/jsdom/browser/Window.js:960:7
    at Object.fn (file:///home/siegfriedneto/projects/servicedeskn1/frontend/app/node_modules/@tanstack/router-core/dist/esm/scroll-restoration.js:180:27)
    at RouterCore.emit (file:///home/siegfriedneto/projects/servicedeskn1/frontend/app/node_modules/@tanstack/router-core/dist/esm/router.js:178:14)
    at file:///home/siegfriedneto/projects/servicedeskn1/frontend/app/node_modules/@tanstack/react-router/dist/esm/Transitioner.js:46:25
    at settleOwner (file:///home/siegfriedneto/projects/servicedeskn1/frontend/app/node_modules/@tanstack/react-router/dist/esm/Transitioner.js:10:10)
    at file:///home/siegfriedneto/projects/servicedeskn1/frontend/app/node_modules/@tanstack/react-router/dist/esm/Matches.js:38:39
    at Object.react_stack_bottom_frame (/home/siegfriedneto/projects/servicedeskn1/frontend/app/node_modules/react-dom/cjs/react-dom-client.development.js:25989:20)
    at runWithFiberInDEV (/home/siegfriedneto/projects/servicedeskn1/frontend/app/node_modules/react-dom/cjs/react-dom-client.development.js:874:13)
    at commitHookEffectListMount (/home/siegfriedneto/projects/servicedeskn1/frontend/app/node_modules/react-dom/cjs/react-dom-client.development.js:13249:29) [90mundefined[39m
Error: Not implemented: window.scrollTo
    at module.exports (/home/siegfriedneto/projects/servicedeskn1/frontend/app/node_modules/jsdom/lib/jsdom/browser/not-implemented.js:9:17)
    at /home/siegfriedneto/projects/servicedeskn1/frontend/app/node_modules/jsdom/lib/jsdom/browser/Window.js:960:7
    at Object.fn (file:///home/siegfriedneto/projects/servicedeskn1/frontend/app/node_modules/@tanstack/router-core/dist/esm/scroll-restoration.js:180:27)
    at RouterCore.emit (file:///home/siegfriedneto/projects/servicedeskn1/frontend/app/node_modules/@tanstack/router-core/dist/esm/router.js:178:14)
    at file:///home/siegfriedneto/projects/servicedeskn1/frontend/app/node_modules/@tanstack/react-router/dist/esm/Transitioner.js:46:25
    at settleOwner (file:///home/siegfriedneto/projects/servicedeskn1/frontend/app/node_modules/@tanstack/react-router/dist/esm/Transitioner.js:10:10)
    at file:///home/siegfriedneto/projects/servicedeskn1/frontend/app/node_modules/@tanstack/react-router/dist/esm/Matches.js:38:39
    at Object.react_stack_bottom_frame (/home/siegfriedneto/projects/servicedeskn1/frontend/app/node_modules/react-dom/cjs/react-dom-client.development.js:25989:20)
    at runWithFiberInDEV (/home/siegfriedneto/projects/servicedeskn1/frontend/app/node_modules/react-dom/cjs/react-dom-client.development.js:874:13)
    at commitHookEffectListMount (/home/siegfriedneto/projects/servicedeskn1/frontend/app/node_modules/react-dom/cjs/react-dom-client.development.js:13249:29) [90mundefined[39m
Error: Not implemented: window.scrollTo
    at module.exports (/home/siegfriedneto/projects/servicedeskn1/frontend/app/node_modules/jsdom/lib/jsdom/browser/not-implemented.js:9:17)
    at /home/siegfriedneto/projects/servicedeskn1/frontend/app/node_modules/jsdom/lib/jsdom/browser/Window.js:960:7
    at Object.fn (file:///home/siegfriedneto/projects/servicedeskn1/frontend/app/node_modules/@tanstack/router-core/dist/esm/scroll-restoration.js:180:27)
    at RouterCore.emit (file:///home/siegfriedneto/projects/servicedeskn1/frontend/app/node_modules/@tanstack/router-core/dist/esm/router.js:178:14)
    at file:///home/siegfriedneto/projects/servicedeskn1/frontend/app/node_modules/@tanstack/react-router/dist/esm/Transitioner.js:46:25
    at settleOwner (file:///home/siegfriedneto/projects/servicedeskn1/frontend/app/node_modules/@tanstack/react-router/dist/esm/Transitioner.js:10:10)
    at file:///home/siegfriedneto/projects/servicedeskn1/frontend/app/node_modules/@tanstack/react-router/dist/esm/Matches.js:38:39
    at Object.react_stack_bottom_frame (/home/siegfriedneto/projects/servicedeskn1/frontend/app/node_modules/react-dom/cjs/react-dom-client.development.js:25989:20)
    at runWithFiberInDEV (/home/siegfriedneto/projects/servicedeskn1/frontend/app/node_modules/react-dom/cjs/react-dom-client.development.js:874:13)
    at commitHookEffectListMount (/home/siegfriedneto/projects/servicedeskn1/frontend/app/node_modules/react-dom/cjs/react-dom-client.development.js:13249:29) [90mundefined[39m
Error: Not implemented: window.scrollTo
    at module.exports (/home/siegfriedneto/projects/servicedeskn1/frontend/app/node_modules/jsdom/lib/jsdom/browser/not-implemented.js:9:17)
    at /home/siegfriedneto/projects/servicedeskn1/frontend/app/node_modules/jsdom/lib/jsdom/browser/Window.js:960:7
    at Object.fn (file:///home/siegfriedneto/projects/servicedeskn1/frontend/app/node_modules/@tanstack/router-core/dist/esm/scroll-restoration.js:180:27)
    at RouterCore.emit (file:///home/siegfriedneto/projects/servicedeskn1/frontend/app/node_modules/@tanstack/router-core/dist/esm/router.js:178:14)
    at file:///home/siegfriedneto/projects/servicedeskn1/frontend/app/node_modules/@tanstack/router-core/dist/esm/load-client.js:943:46
    at Router.batch (file:///home/siegfriedneto/projects/servicedeskn1/frontend/app/node_modules/@tanstack/store/dist/esm/atom.js:39:5)
    at file:///home/siegfriedneto/projects/servicedeskn1/frontend/app/node_modules/@tanstack/router-core/dist/esm/load-client.js:936:10
    at runClientTransaction (file:///home/siegfriedneto/projects/servicedeskn1/frontend/app/node_modules/@tanstack/router-core/dist/esm/load-client.js:902:2)
    at loadClientRoute (file:///home/siegfriedneto/projects/servicedeskn1/frontend/app/node_modules/@tanstack/router-core/dist/esm/load-client.js:1034:2)
    at RouterCore.load (file:///home/siegfriedneto/projects/servicedeskn1/frontend/app/node_modules/@tanstack/router-core/dist/esm/router.js:489:4) [90mundefined[39m
Error: Not implemented: window.scrollTo
    at module.exports (/home/siegfriedneto/projects/servicedeskn1/frontend/app/node_modules/jsdom/lib/jsdom/browser/not-implemented.js:9:17)
    at /home/siegfriedneto/projects/servicedeskn1/frontend/app/node_modules/jsdom/lib/jsdom/browser/Window.js:960:7
    at Object.fn (file:///home/siegfriedneto/projects/servicedeskn1/frontend/app/node_modules/@tanstack/router-core/dist/esm/scroll-restoration.js:180:27)
    at RouterCore.emit (file:///home/siegfriedneto/projects/servicedeskn1/frontend/app/node_modules/@tanstack/router-core/dist/esm/router.js:178:14)
    at file:///home/siegfriedneto/projects/servicedeskn1/frontend/app/node_modules/@tanstack/react-router/dist/esm/Transitioner.js:46:25
    at settleOwner (file:///home/siegfriedneto/projects/servicedeskn1/frontend/app/node_modules/@tanstack/react-router/dist/esm/Transitioner.js:10:10)
    at file:///home/siegfriedneto/projects/servicedeskn1/frontend/app/node_modules/@tanstack/react-router/dist/esm/Matches.js:38:39
    at Object.react_stack_bottom_frame (/home/siegfriedneto/projects/servicedeskn1/frontend/app/node_modules/react-dom/cjs/react-dom-client.development.js:25989:20)
    at runWithFiberInDEV (/home/siegfriedneto/projects/servicedeskn1/frontend/app/node_modules/react-dom/cjs/react-dom-client.development.js:874:13)
    at commitHookEffectListMount (/home/siegfriedneto/projects/servicedeskn1/frontend/app/node_modules/react-dom/cjs/react-dom-client.development.js:13249:29) [90mundefined[39m
Error: Not implemented: window.scrollTo
    at module.exports (/home/siegfriedneto/projects/servicedeskn1/frontend/app/node_modules/jsdom/lib/jsdom/browser/not-implemented.js:9:17)
    at /home/siegfriedneto/projects/servicedeskn1/frontend/app/node_modules/jsdom/lib/jsdom/browser/Window.js:960:7
    at Object.fn (file:///home/siegfriedneto/projects/servicedeskn1/frontend/app/node_modules/@tanstack/router-core/dist/esm/scroll-restoration.js:180:27)
    at RouterCore.emit (file:///home/siegfriedneto/projects/servicedeskn1/frontend/app/node_modules/@tanstack/router-core/dist/esm/router.js:178:14)
    at file:///home/siegfriedneto/projects/servicedeskn1/frontend/app/node_modules/@tanstack/react-router/dist/esm/Transitioner.js:46:25
    at settleOwner (file:///home/siegfriedneto/projects/servicedeskn1/frontend/app/node_modules/@tanstack/react-router/dist/esm/Transitioner.js:10:10)
    at file:///home/siegfriedneto/projects/servicedeskn1/frontend/app/node_modules/@tanstack/react-router/dist/esm/Matches.js:38:39
    at Object.react_stack_bottom_frame (/home/siegfriedneto/projects/servicedeskn1/frontend/app/node_modules/react-dom/cjs/react-dom-client.development.js:25989:20)
    at runWithFiberInDEV (/home/siegfriedneto/projects/servicedeskn1/frontend/app/node_modules/react-dom/cjs/react-dom-client.development.js:874:13)
    at commitHookEffectListMount (/home/siegfriedneto/projects/servicedeskn1/frontend/app/node_modules/react-dom/cjs/react-dom-client.development.js:13249:29) [90mundefined[39m
Error: Not implemented: window.scrollTo
    at module.exports (/home/siegfriedneto/projects/servicedeskn1/frontend/app/node_modules/jsdom/lib/jsdom/browser/not-implemented.js:9:17)
    at /home/siegfriedneto/projects/servicedeskn1/frontend/app/node_modules/jsdom/lib/jsdom/browser/Window.js:960:7
    at Object.fn (file:///home/siegfriedneto/projects/servicedeskn1/frontend/app/node_modules/@tanstack/router-core/dist/esm/scroll-restoration.js:180:27)
    at RouterCore.emit (file:///home/siegfriedneto/projects/servicedeskn1/frontend/app/node_modules/@tanstack/router-core/dist/esm/router.js:178:14)
    at file:///home/siegfriedneto/projects/servicedeskn1/frontend/app/node_modules/@tanstack/react-router/dist/esm/Transitioner.js:46:25
    at settleOwner (file:///home/siegfriedneto/projects/servicedeskn1/frontend/app/node_modules/@tanstack/react-router/dist/esm/Transitioner.js:10:10)
    at file:///home/siegfriedneto/projects/servicedeskn1/frontend/app/node_modules/@tanstack/react-router/dist/esm/Matches.js:38:39
    at Object.react_stack_bottom_frame (/home/siegfriedneto/projects/servicedeskn1/frontend/app/node_modules/react-dom/cjs/react-dom-client.development.js:25989:20)
    at runWithFiberInDEV (/home/siegfriedneto/projects/servicedeskn1/frontend/app/node_modules/react-dom/cjs/react-dom-client.development.js:874:13)
    at commitHookEffectListMount (/home/siegfriedneto/projects/servicedeskn1/frontend/app/node_modules/react-dom/cjs/react-dom-client.development.js:13249:29) [90mundefined[39m
Error: Not implemented: window.scrollTo
    at module.exports (/home/siegfriedneto/projects/servicedeskn1/frontend/app/node_modules/jsdom/lib/jsdom/browser/not-implemented.js:9:17)
    at /home/siegfriedneto/projects/servicedeskn1/frontend/app/node_modules/jsdom/lib/jsdom/browser/Window.js:960:7
    at Object.fn (file:///home/siegfriedneto/projects/servicedeskn1/frontend/app/node_modules/@tanstack/router-core/dist/esm/scroll-restoration.js:180:27)
    at RouterCore.emit (file:///home/siegfriedneto/projects/servicedeskn1/frontend/app/node_modules/@tanstack/router-core/dist/esm/router.js:178:14)
    at file:///home/siegfriedneto/projects/servicedeskn1/frontend/app/node_modules/@tanstack/router-core/dist/esm/load-client.js:943:46
    at Router.batch (file:///home/siegfriedneto/projects/servicedeskn1/frontend/app/node_modules/@tanstack/store/dist/esm/atom.js:39:5)
    at file:///home/siegfriedneto/projects/servicedeskn1/frontend/app/node_modules/@tanstack/router-core/dist/esm/load-client.js:936:10
    at runClientTransaction (file:///home/siegfriedneto/projects/servicedeskn1/frontend/app/node_modules/@tanstack/router-core/dist/esm/load-client.js:902:2)
    at loadClientRoute (file:///home/siegfriedneto/projects/servicedeskn1/frontend/app/node_modules/@tanstack/router-core/dist/esm/load-client.js:1034:2)
    at RouterCore.load (file:///home/siegfriedneto/projects/servicedeskn1/frontend/app/node_modules/@tanstack/router-core/dist/esm/router.js:489:4) [90mundefined[39m
Error: Not implemented: window.scrollTo
    at module.exports (/home/siegfriedneto/projects/servicedeskn1/frontend/app/node_modules/jsdom/lib/jsdom/browser/not-implemented.js:9:17)
    at /home/siegfriedneto/projects/servicedeskn1/frontend/app/node_modules/jsdom/lib/jsdom/browser/Window.js:960:7
    at Object.fn (file:///home/siegfriedneto/projects/servicedeskn1/frontend/app/node_modules/@tanstack/router-core/dist/esm/scroll-restoration.js:180:27)
    at RouterCore.emit (file:///home/siegfriedneto/projects/servicedeskn1/frontend/app/node_modules/@tanstack/router-core/dist/esm/router.js:178:14)
    at file:///home/siegfriedneto/projects/servicedeskn1/frontend/app/node_modules/@tanstack/react-router/dist/esm/Transitioner.js:46:25
    at settleOwner (file:///home/siegfriedneto/projects/servicedeskn1/frontend/app/node_modules/@tanstack/react-router/dist/esm/Transitioner.js:10:10)
    at file:///home/siegfriedneto/projects/servicedeskn1/frontend/app/node_modules/@tanstack/react-router/dist/esm/Matches.js:38:39
    at Object.react_stack_bottom_frame (/home/siegfriedneto/projects/servicedeskn1/frontend/app/node_modules/react-dom/cjs/react-dom-client.development.js:25989:20)
    at runWithFiberInDEV (/home/siegfriedneto/projects/servicedeskn1/frontend/app/node_modules/react-dom/cjs/react-dom-client.development.js:874:13)
    at commitHookEffectListMount (/home/siegfriedneto/projects/servicedeskn1/frontend/app/node_modules/react-dom/cjs/react-dom-client.development.js:13249:29) [90mundefined[39m
Error: Not implemented: window.scrollTo
    at module.exports (/home/siegfriedneto/projects/servicedeskn1/frontend/app/node_modules/jsdom/lib/jsdom/browser/not-implemented.js:9:17)
    at /home/siegfriedneto/projects/servicedeskn1/frontend/app/node_modules/jsdom/lib/jsdom/browser/Window.js:960:7
    at Object.fn (file:///home/siegfriedneto/projects/servicedeskn1/frontend/app/node_modules/@tanstack/router-core/dist/esm/scroll-restoration.js:180:27)
    at RouterCore.emit (file:///home/siegfriedneto/projects/servicedeskn1/frontend/app/node_modules/@tanstack/router-core/dist/esm/router.js:178:14)
    at file:///home/siegfriedneto/projects/servicedeskn1/frontend/app/node_modules/@tanstack/react-router/dist/esm/Transitioner.js:46:25
    at settleOwner (file:///home/siegfriedneto/projects/servicedeskn1/frontend/app/node_modules/@tanstack/react-router/dist/esm/Transitioner.js:10:10)
    at file:///home/siegfriedneto/projects/servicedeskn1/frontend/app/node_modules/@tanstack/react-router/dist/esm/Matches.js:38:39
    at Object.react_stack_bottom_frame (/home/siegfriedneto/projects/servicedeskn1/frontend/app/node_modules/react-dom/cjs/react-dom-client.development.js:25989:20)
    at runWithFiberInDEV (/home/siegfriedneto/projects/servicedeskn1/frontend/app/node_modules/react-dom/cjs/react-dom-client.development.js:874:13)
    at commitHookEffectListMount (/home/siegfriedneto/projects/servicedeskn1/frontend/app/node_modules/react-dom/cjs/react-dom-client.development.js:13249:29) [90mundefined[39m
Error: Not implemented: window.scrollTo
    at module.exports (/home/siegfriedneto/projects/servicedeskn1/frontend/app/node_modules/jsdom/lib/jsdom/browser/not-implemented.js:9:17)
    at /home/siegfriedneto/projects/servicedeskn1/frontend/app/node_modules/jsdom/lib/jsdom/browser/Window.js:960:7
    at Object.fn (file:///home/siegfriedneto/projects/servicedeskn1/frontend/app/node_modules/@tanstack/router-core/dist/esm/scroll-restoration.js:180:27)
    at RouterCore.emit (file:///home/siegfriedneto/projects/servicedeskn1/frontend/app/node_modules/@tanstack/router-core/dist/esm/router.js:178:14)
    at file:///home/siegfriedneto/projects/servicedeskn1/frontend/app/node_modules/@tanstack/router-core/dist/esm/load-client.js:943:46
    at Router.batch (file:///home/siegfriedneto/projects/servicedeskn1/frontend/app/node_modules/@tanstack/store/dist/esm/atom.js:39:5)
    at file:///home/siegfriedneto/projects/servicedeskn1/frontend/app/node_modules/@tanstack/router-core/dist/esm/load-client.js:936:10
    at runClientTransaction (file:///home/siegfriedneto/projects/servicedeskn1/frontend/app/node_modules/@tanstack/router-core/dist/esm/load-client.js:902:2)
    at loadClientRoute (file:///home/siegfriedneto/projects/servicedeskn1/frontend/app/node_modules/@tanstack/router-core/dist/esm/load-client.js:1034:2)
    at RouterCore.load (file:///home/siegfriedneto/projects/servicedeskn1/frontend/app/node_modules/@tanstack/router-core/dist/esm/router.js:489:4) [90mundefined[39m
Error: Not implemented: window.scrollTo
    at module.exports (/home/siegfriedneto/projects/servicedeskn1/frontend/app/node_modules/jsdom/lib/jsdom/browser/not-implemented.js:9:17)
    at /home/siegfriedneto/projects/servicedeskn1/frontend/app/node_modules/jsdom/lib/jsdom/browser/Window.js:960:7
    at Object.fn (file:///home/siegfriedneto/projects/servicedeskn1/frontend/app/node_modules/@tanstack/router-core/dist/esm/scroll-restoration.js:180:27)
    at RouterCore.emit (file:///home/siegfriedneto/projects/servicedeskn1/frontend/app/node_modules/@tanstack/router-core/dist/esm/router.js:178:14)
    at file:///home/siegfriedneto/projects/servicedeskn1/frontend/app/node_modules/@tanstack/react-router/dist/esm/Transitioner.js:46:25
    at settleOwner (file:///home/siegfriedneto/projects/servicedeskn1/frontend/app/node_modules/@tanstack/react-router/dist/esm/Transitioner.js:10:10)
    at file:///home/siegfriedneto/projects/servicedeskn1/frontend/app/node_modules/@tanstack/react-router/dist/esm/Matches.js:38:39
    at Object.react_stack_bottom_frame (/home/siegfriedneto/projects/servicedeskn1/frontend/app/node_modules/react-dom/cjs/react-dom-client.development.js:25989:20)
    at runWithFiberInDEV (/home/siegfriedneto/projects/servicedeskn1/frontend/app/node_modules/react-dom/cjs/react-dom-client.development.js:874:13)
    at commitHookEffectListMount (/home/siegfriedneto/projects/servicedeskn1/frontend/app/node_modules/react-dom/cjs/react-dom-client.development.js:13249:29) [90mundefined[39m
Error: Not implemented: window.scrollTo
    at module.exports (/home/siegfriedneto/projects/servicedeskn1/frontend/app/node_modules/jsdom/lib/jsdom/browser/not-implemented.js:9:17)
    at /home/siegfriedneto/projects/servicedeskn1/frontend/app/node_modules/jsdom/lib/jsdom/browser/Window.js:960:7
    at Object.fn (file:///home/siegfriedneto/projects/servicedeskn1/frontend/app/node_modules/@tanstack/router-core/dist/esm/scroll-restoration.js:180:27)
    at RouterCore.emit (file:///home/siegfriedneto/projects/servicedeskn1/frontend/app/node_modules/@tanstack/router-core/dist/esm/router.js:178:14)
    at file:///home/siegfriedneto/projects/servicedeskn1/frontend/app/node_modules/@tanstack/react-router/dist/esm/Transitioner.js:46:25
    at settleOwner (file:///home/siegfriedneto/projects/servicedeskn1/frontend/app/node_modules/@tanstack/react-router/dist/esm/Transitioner.js:10:10)
    at file:///home/siegfriedneto/projects/servicedeskn1/frontend/app/node_modules/@tanstack/react-router/dist/esm/Matches.js:38:39
    at Object.react_stack_bottom_frame (/home/siegfriedneto/projects/servicedeskn1/frontend/app/node_modules/react-dom/cjs/react-dom-client.development.js:25989:20)
    at runWithFiberInDEV (/home/siegfriedneto/projects/servicedeskn1/frontend/app/node_modules/react-dom/cjs/react-dom-client.development.js:874:13)
    at commitHookEffectListMount (/home/siegfriedneto/projects/servicedeskn1/frontend/app/node_modules/react-dom/cjs/react-dom-client.development.js:13249:29) [90mundefined[39m
Error: Not implemented: window.scrollTo
    at module.exports (/home/siegfriedneto/projects/servicedeskn1/frontend/app/node_modules/jsdom/lib/jsdom/browser/not-implemented.js:9:17)
    at /home/siegfriedneto/projects/servicedeskn1/frontend/app/node_modules/jsdom/lib/jsdom/browser/Window.js:960:7
    at Object.fn (file:///home/siegfriedneto/projects/servicedeskn1/frontend/app/node_modules/@tanstack/router-core/dist/esm/scroll-restoration.js:180:27)
    at RouterCore.emit (file:///home/siegfriedneto/projects/servicedeskn1/frontend/app/node_modules/@tanstack/router-core/dist/esm/router.js:178:14)
    at file:///home/siegfriedneto/projects/servicedeskn1/frontend/app/node_modules/@tanstack/react-router/dist/esm/Transitioner.js:46:25
    at settleOwner (file:///home/siegfriedneto/projects/servicedeskn1/frontend/app/node_modules/@tanstack/react-router/dist/esm/Transitioner.js:10:10)
    at file:///home/siegfriedneto/projects/servicedeskn1/frontend/app/node_modules/@tanstack/react-router/dist/esm/Matches.js:38:39
    at Object.react_stack_bottom_frame (/home/siegfriedneto/projects/servicedeskn1/frontend/app/node_modules/react-dom/cjs/react-dom-client.development.js:25989:20)
    at runWithFiberInDEV (/home/siegfriedneto/projects/servicedeskn1/frontend/app/node_modules/react-dom/cjs/react-dom-client.development.js:874:13)
    at commitHookEffectListMount (/home/siegfriedneto/projects/servicedeskn1/frontend/app/node_modules/react-dom/cjs/react-dom-client.development.js:13249:29) [90mundefined[39m
Error: Not implemented: window.scrollTo
    at module.exports (/home/siegfriedneto/projects/servicedeskn1/frontend/app/node_modules/jsdom/lib/jsdom/browser/not-implemented.js:9:17)
    at /home/siegfriedneto/projects/servicedeskn1/frontend/app/node_modules/jsdom/lib/jsdom/browser/Window.js:960:7
    at Object.fn (file:///home/siegfriedneto/projects/servicedeskn1/frontend/app/node_modules/@tanstack/router-core/dist/esm/scroll-restoration.js:180:27)
    at RouterCore.emit (file:///home/siegfriedneto/projects/servicedeskn1/frontend/app/node_modules/@tanstack/router-core/dist/esm/router.js:178:14)
    at file:///home/siegfriedneto/projects/servicedeskn1/frontend/app/node_modules/@tanstack/router-core/dist/esm/load-client.js:943:46
    at Router.batch (file:///home/siegfriedneto/projects/servicedeskn1/frontend/app/node_modules/@tanstack/store/dist/esm/atom.js:39:5)
    at file:///home/siegfriedneto/projects/servicedeskn1/frontend/app/node_modules/@tanstack/router-core/dist/esm/load-client.js:936:10
    at runClientTransaction (file:///home/siegfriedneto/projects/servicedeskn1/frontend/app/node_modules/@tanstack/router-core/dist/esm/load-client.js:902:2)
    at loadClientRoute (file:///home/siegfriedneto/projects/servicedeskn1/frontend/app/node_modules/@tanstack/router-core/dist/esm/load-client.js:1034:2)
    at RouterCore.load (file:///home/siegfriedneto/projects/servicedeskn1/frontend/app/node_modules/@tanstack/router-core/dist/esm/router.js:489:4) [90mundefined[39m
Error: Not implemented: window.scrollTo
    at module.exports (/home/siegfriedneto/projects/servicedeskn1/frontend/app/node_modules/jsdom/lib/jsdom/browser/not-implemented.js:9:17)
    at /home/siegfriedneto/projects/servicedeskn1/frontend/app/node_modules/jsdom/lib/jsdom/browser/Window.js:960:7
    at Object.fn (file:///home/siegfriedneto/projects/servicedeskn1/frontend/app/node_modules/@tanstack/router-core/dist/esm/scroll-restoration.js:180:27)
    at RouterCore.emit (file:///home/siegfriedneto/projects/servicedeskn1/frontend/app/node_modules/@tanstack/router-core/dist/esm/router.js:178:14)
    at file:///home/siegfriedneto/projects/servicedeskn1/frontend/app/node_modules/@tanstack/react-router/dist/esm/Transitioner.js:46:25
    at settleOwner (file:///home/siegfriedneto/projects/servicedeskn1/frontend/app/node_modules/@tanstack/react-router/dist/esm/Transitioner.js:10:10)
    at file:///home/siegfriedneto/projects/servicedeskn1/frontend/app/node_modules/@tanstack/react-router/dist/esm/Matches.js:38:39
    at Object.react_stack_bottom_frame (/home/siegfriedneto/projects/servicedeskn1/frontend/app/node_modules/react-dom/cjs/react-dom-client.development.js:25989:20)
    at runWithFiberInDEV (/home/siegfriedneto/projects/servicedeskn1/frontend/app/node_modules/react-dom/cjs/react-dom-client.development.js:874:13)
    at commitHookEffectListMount (/home/siegfriedneto/projects/servicedeskn1/frontend/app/node_modules/react-dom/cjs/react-dom-client.development.js:13249:29) [90mundefined[39m
Error: Not implemented: window.scrollTo
    at module.exports (/home/siegfriedneto/projects/servicedeskn1/frontend/app/node_modules/jsdom/lib/jsdom/browser/not-implemented.js:9:17)
    at /home/siegfriedneto/projects/servicedeskn1/frontend/app/node_modules/jsdom/lib/jsdom/browser/Window.js:960:7
    at Object.fn (file:///home/siegfriedneto/projects/servicedeskn1/frontend/app/node_modules/@tanstack/router-core/dist/esm/scroll-restoration.js:180:27)
    at RouterCore.emit (file:///home/siegfriedneto/projects/servicedeskn1/frontend/app/node_modules/@tanstack/router-core/dist/esm/router.js:178:14)
    at file:///home/siegfriedneto/projects/servicedeskn1/frontend/app/node_modules/@tanstack/react-router/dist/esm/Transitioner.js:46:25
    at settleOwner (file:///home/siegfriedneto/projects/servicedeskn1/frontend/app/node_modules/@tanstack/react-router/dist/esm/Transitioner.js:10:10)
    at file:///home/siegfriedneto/projects/servicedeskn1/frontend/app/node_modules/@tanstack/react-router/dist/esm/Matches.js:38:39
    at Object.react_stack_bottom_frame (/home/siegfriedneto/projects/servicedeskn1/frontend/app/node_modules/react-dom/cjs/react-dom-client.development.js:25989:20)
    at runWithFiberInDEV (/home/siegfriedneto/projects/servicedeskn1/frontend/app/node_modules/react-dom/cjs/react-dom-client.development.js:874:13)
    at commitHookEffectListMount (/home/siegfriedneto/projects/servicedeskn1/frontend/app/node_modules/react-dom/cjs/react-dom-client.development.js:13249:29) [90mundefined[39m
Error: Not implemented: window.scrollTo
    at module.exports (/home/siegfriedneto/projects/servicedeskn1/frontend/app/node_modules/jsdom/lib/jsdom/browser/not-implemented.js:9:17)
    at /home/siegfriedneto/projects/servicedeskn1/frontend/app/node_modules/jsdom/lib/jsdom/browser/Window.js:960:7
    at Object.fn (file:///home/siegfriedneto/projects/servicedeskn1/frontend/app/node_modules/@tanstack/router-core/dist/esm/scroll-restoration.js:180:27)
    at RouterCore.emit (file:///home/siegfriedneto/projects/servicedeskn1/frontend/app/node_modules/@tanstack/router-core/dist/esm/router.js:178:14)
    at file:///home/siegfriedneto/projects/servicedeskn1/frontend/app/node_modules/@tanstack/react-router/dist/esm/Transitioner.js:46:25
    at settleOwner (file:///home/siegfriedneto/projects/servicedeskn1/frontend/app/node_modules/@tanstack/react-router/dist/esm/Transitioner.js:10:10)
    at file:///home/siegfriedneto/projects/servicedeskn1/frontend/app/node_modules/@tanstack/react-router/dist/esm/Matches.js:38:39
    at Object.react_stack_bottom_frame (/home/siegfriedneto/projects/servicedeskn1/frontend/app/node_modules/react-dom/cjs/react-dom-client.development.js:25989:20)
    at runWithFiberInDEV (/home/siegfriedneto/projects/servicedeskn1/frontend/app/node_modules/react-dom/cjs/react-dom-client.development.js:874:13)
    at commitHookEffectListMount (/home/siegfriedneto/projects/servicedeskn1/frontend/app/node_modules/react-dom/cjs/react-dom-client.development.js:13249:29) [90mundefined[39m
Error: Not implemented: window.scrollTo
    at module.exports (/home/siegfriedneto/projects/servicedeskn1/frontend/app/node_modules/jsdom/lib/jsdom/browser/not-implemented.js:9:17)
    at /home/siegfriedneto/projects/servicedeskn1/frontend/app/node_modules/jsdom/lib/jsdom/browser/Window.js:960:7
    at Object.fn (file:///home/siegfriedneto/projects/servicedeskn1/frontend/app/node_modules/@tanstack/router-core/dist/esm/scroll-restoration.js:180:27)
    at RouterCore.emit (file:///home/siegfriedneto/projects/servicedeskn1/frontend/app/node_modules/@tanstack/router-core/dist/esm/router.js:178:14)
    at file:///home/siegfriedneto/projects/servicedeskn1/frontend/app/node_modules/@tanstack/react-router/dist/esm/Transitioner.js:46:25
    at settleOwner (file:///home/siegfriedneto/projects/servicedeskn1/frontend/app/node_modules/@tanstack/react-router/dist/esm/Transitioner.js:10:10)
    at file:///home/siegfriedneto/projects/servicedeskn1/frontend/app/node_modules/@tanstack/react-router/dist/esm/Matches.js:38:39
    at Object.react_stack_bottom_frame (/home/siegfriedneto/projects/servicedeskn1/frontend/app/node_modules/react-dom/cjs/react-dom-client.development.js:25989:20)
    at runWithFiberInDEV (/home/siegfriedneto/projects/servicedeskn1/frontend/app/node_modules/react-dom/cjs/react-dom-client.development.js:874:13)
    at commitHookEffectListMount (/home/siegfriedneto/projects/servicedeskn1/frontend/app/node_modules/react-dom/cjs/react-dom-client.development.js:13249:29) [90mundefined[39m
Error: Not implemented: window.scrollTo
    at module.exports (/home/siegfriedneto/projects/servicedeskn1/frontend/app/node_modules/jsdom/lib/jsdom/browser/not-implemented.js:9:17)
    at /home/siegfriedneto/projects/servicedeskn1/frontend/app/node_modules/jsdom/lib/jsdom/browser/Window.js:960:7
    at Object.fn (file:///home/siegfriedneto/projects/servicedeskn1/frontend/app/node_modules/@tanstack/router-core/dist/esm/scroll-restoration.js:180:27)
    at RouterCore.emit (file:///home/siegfriedneto/projects/servicedeskn1/frontend/app/node_modules/@tanstack/router-core/dist/esm/router.js:178:14)
    at file:///home/siegfriedneto/projects/servicedeskn1/frontend/app/node_modules/@tanstack/react-router/dist/esm/Transitioner.js:46:25
    at settleOwner (file:///home/siegfriedneto/projects/servicedeskn1/frontend/app/node_modules/@tanstack/react-router/dist/esm/Transitioner.js:10:10)
    at file:///home/siegfriedneto/projects/servicedeskn1/frontend/app/node_modules/@tanstack/react-router/dist/esm/Matches.js:38:39
    at Object.react_stack_bottom_frame (/home/siegfriedneto/projects/servicedeskn1/frontend/app/node_modules/react-dom/cjs/react-dom-client.development.js:25989:20)
    at runWithFiberInDEV (/home/siegfriedneto/projects/servicedeskn1/frontend/app/node_modules/react-dom/cjs/react-dom-client.development.js:874:13)
    at commitHookEffectListMount (/home/siegfriedneto/projects/servicedeskn1/frontend/app/node_modules/react-dom/cjs/react-dom-client.development.js:13249:29) [90mundefined[39m
Error: Not implemented: window.scrollTo
    at module.exports (/home/siegfriedneto/projects/servicedeskn1/frontend/app/node_modules/jsdom/lib/jsdom/browser/not-implemented.js:9:17)
    at /home/siegfriedneto/projects/servicedeskn1/frontend/app/node_modules/jsdom/lib/jsdom/browser/Window.js:960:7
    at Object.fn (file:///home/siegfriedneto/projects/servicedeskn1/frontend/app/node_modules/@tanstack/router-core/dist/esm/scroll-restoration.js:180:27)
    at RouterCore.emit (file:///home/siegfriedneto/projects/servicedeskn1/frontend/app/node_modules/@tanstack/router-core/dist/esm/router.js:178:14)
    at file:///home/siegfriedneto/projects/servicedeskn1/frontend/app/node_modules/@tanstack/react-router/dist/esm/Transitioner.js:46:25
    at settleOwner (file:///home/siegfriedneto/projects/servicedeskn1/frontend/app/node_modules/@tanstack/react-router/dist/esm/Transitioner.js:10:10)
    at file:///home/siegfriedneto/projects/servicedeskn1/frontend/app/node_modules/@tanstack/react-router/dist/esm/Matches.js:38:39
    at Object.react_stack_bottom_frame (/home/siegfriedneto/projects/servicedeskn1/frontend/app/node_modules/react-dom/cjs/react-dom-client.development.js:25989:20)
    at runWithFiberInDEV (/home/siegfriedneto/projects/servicedeskn1/frontend/app/node_modules/react-dom/cjs/react-dom-client.development.js:874:13)
    at commitHookEffectListMount (/home/siegfriedneto/projects/servicedeskn1/frontend/app/node_modules/react-dom/cjs/react-dom-client.development.js:13249:29) [90mundefined[39m
Error: Not implemented: window.scrollTo
    at module.exports (/home/siegfriedneto/projects/servicedeskn1/frontend/app/node_modules/jsdom/lib/jsdom/browser/not-implemented.js:9:17)
    at /home/siegfriedneto/projects/servicedeskn1/frontend/app/node_modules/jsdom/lib/jsdom/browser/Window.js:960:7
    at Object.fn (file:///home/siegfriedneto/projects/servicedeskn1/frontend/app/node_modules/@tanstack/router-core/dist/esm/scroll-restoration.js:180:27)
    at RouterCore.emit (file:///home/siegfriedneto/projects/servicedeskn1/frontend/app/node_modules/@tanstack/router-core/dist/esm/router.js:178:14)
    at file:///home/siegfriedneto/projects/servicedeskn1/frontend/app/node_modules/@tanstack/react-router/dist/esm/Transitioner.js:46:25
    at settleOwner (file:///home/siegfriedneto/projects/servicedeskn1/frontend/app/node_modules/@tanstack/react-router/dist/esm/Transitioner.js:10:10)
    at file:///home/siegfriedneto/projects/servicedeskn1/frontend/app/node_modules/@tanstack/react-router/dist/esm/Matches.js:38:39
    at Object.react_stack_bottom_frame (/home/siegfriedneto/projects/servicedeskn1/frontend/app/node_modules/react-dom/cjs/react-dom-client.development.js:25989:20)
    at runWithFiberInDEV (/home/siegfriedneto/projects/servicedeskn1/frontend/app/node_modules/react-dom/cjs/react-dom-client.development.js:874:13)
    at commitHookEffectListMount (/home/siegfriedneto/projects/servicedeskn1/frontend/app/node_modules/react-dom/cjs/react-dom-client.development.js:13249:29) [90mundefined[39m
Error: Not implemented: window.scrollTo
    at module.exports (/home/siegfriedneto/projects/servicedeskn1/frontend/app/node_modules/jsdom/lib/jsdom/browser/not-implemented.js:9:17)
    at /home/siegfriedneto/projects/servicedeskn1/frontend/app/node_modules/jsdom/lib/jsdom/browser/Window.js:960:7
    at Object.fn (file:///home/siegfriedneto/projects/servicedeskn1/frontend/app/node_modules/@tanstack/router-core/dist/esm/scroll-restoration.js:180:27)
    at RouterCore.emit (file:///home/siegfriedneto/projects/servicedeskn1/frontend/app/node_modules/@tanstack/router-core/dist/esm/router.js:178:14)
    at file:///home/siegfriedneto/projects/servicedeskn1/frontend/app/node_modules/@tanstack/react-router/dist/esm/Transitioner.js:46:25
    at settleOwner (file:///home/siegfriedneto/projects/servicedeskn1/frontend/app/node_modules/@tanstack/react-router/dist/esm/Transitioner.js:10:10)
    at file:///home/siegfriedneto/projects/servicedeskn1/frontend/app/node_modules/@tanstack/react-router/dist/esm/Matches.js:38:39
    at Object.react_stack_bottom_frame (/home/siegfriedneto/projects/servicedeskn1/frontend/app/node_modules/react-dom/cjs/react-dom-client.development.js:25989:20)
    at runWithFiberInDEV (/home/siegfriedneto/projects/servicedeskn1/frontend/app/node_modules/react-dom/cjs/react-dom-client.development.js:874:13)
    at commitHookEffectListMount (/home/siegfriedneto/projects/servicedeskn1/frontend/app/node_modules/react-dom/cjs/react-dom-client.development.js:13249:29) [90mundefined[39m
Error: Not implemented: window.scrollTo
    at module.exports (/home/siegfriedneto/projects/servicedeskn1/frontend/app/node_modules/jsdom/lib/jsdom/browser/not-implemented.js:9:17)
    at /home/siegfriedneto/projects/servicedeskn1/frontend/app/node_modules/jsdom/lib/jsdom/browser/Window.js:960:7
    at Object.fn (file:///home/siegfriedneto/projects/servicedeskn1/frontend/app/node_modules/@tanstack/router-core/dist/esm/scroll-restoration.js:180:27)
    at RouterCore.emit (file:///home/siegfriedneto/projects/servicedeskn1/frontend/app/node_modules/@tanstack/router-core/dist/esm/router.js:178:14)
    at file:///home/siegfriedneto/projects/servicedeskn1/frontend/app/node_modules/@tanstack/react-router/dist/esm/Transitioner.js:46:25
    at settleOwner (file:///home/siegfriedneto/projects/servicedeskn1/frontend/app/node_modules/@tanstack/react-router/dist/esm/Transitioner.js:10:10)
    at file:///home/siegfriedneto/projects/servicedeskn1/frontend/app/node_modules/@tanstack/react-router/dist/esm/Matches.js:38:39
    at Object.react_stack_bottom_frame (/home/siegfriedneto/projects/servicedeskn1/frontend/app/node_modules/react-dom/cjs/react-dom-client.development.js:25989:20)
    at runWithFiberInDEV (/home/siegfriedneto/projects/servicedeskn1/frontend/app/node_modules/react-dom/cjs/react-dom-client.development.js:874:13)
    at commitHookEffectListMount (/home/siegfriedneto/projects/servicedeskn1/frontend/app/node_modules/react-dom/cjs/react-dom-client.development.js:13249:29) [90mundefined[39m
Error: Not implemented: window.scrollTo
    at module.exports (/home/siegfriedneto/projects/servicedeskn1/frontend/app/node_modules/jsdom/lib/jsdom/browser/not-implemented.js:9:17)
    at /home/siegfriedneto/projects/servicedeskn1/frontend/app/node_modules/jsdom/lib/jsdom/browser/Window.js:960:7
    at Object.fn (file:///home/siegfriedneto/projects/servicedeskn1/frontend/app/node_modules/@tanstack/router-core/dist/esm/scroll-restoration.js:180:27)
    at RouterCore.emit (file:///home/siegfriedneto/projects/servicedeskn1/frontend/app/node_modules/@tanstack/router-core/dist/esm/router.js:178:14)
    at file:///home/siegfriedneto/projects/servicedeskn1/frontend/app/node_modules/@tanstack/react-router/dist/esm/Transitioner.js:46:25
    at settleOwner (file:///home/siegfriedneto/projects/servicedeskn1/frontend/app/node_modules/@tanstack/react-router/dist/esm/Transitioner.js:10:10)
    at file:///home/siegfriedneto/projects/servicedeskn1/frontend/app/node_modules/@tanstack/react-router/dist/esm/Matches.js:38:39
    at Object.react_stack_bottom_frame (/home/siegfriedneto/projects/servicedeskn1/frontend/app/node_modules/react-dom/cjs/react-dom-client.development.js:25989:20)
    at runWithFiberInDEV (/home/siegfriedneto/projects/servicedeskn1/frontend/app/node_modules/react-dom/cjs/react-dom-client.development.js:874:13)
    at commitHookEffectListMount (/home/siegfriedneto/projects/servicedeskn1/frontend/app/node_modules/react-dom/cjs/react-dom-client.development.js:13249:29) [90mundefined[39m
Error: Not implemented: window.scrollTo
    at module.exports (/home/siegfriedneto/projects/servicedeskn1/frontend/app/node_modules/jsdom/lib/jsdom/browser/not-implemented.js:9:17)
    at /home/siegfriedneto/projects/servicedeskn1/frontend/app/node_modules/jsdom/lib/jsdom/browser/Window.js:960:7
    at Object.fn (file:///home/siegfriedneto/projects/servicedeskn1/frontend/app/node_modules/@tanstack/router-core/dist/esm/scroll-restoration.js:180:27)
    at RouterCore.emit (file:///home/siegfriedneto/projects/servicedeskn1/frontend/app/node_modules/@tanstack/router-core/dist/esm/router.js:178:14)
    at file:///home/siegfriedneto/projects/servicedeskn1/frontend/app/node_modules/@tanstack/react-router/dist/esm/Transitioner.js:46:25
    at settleOwner (file:///home/siegfriedneto/projects/servicedeskn1/frontend/app/node_modules/@tanstack/react-router/dist/esm/Transitioner.js:10:10)
    at file:///home/siegfriedneto/projects/servicedeskn1/frontend/app/node_modules/@tanstack/react-router/dist/esm/Matches.js:38:39
    at Object.react_stack_bottom_frame (/home/siegfriedneto/projects/servicedeskn1/frontend/app/node_modules/react-dom/cjs/react-dom-client.development.js:25989:20)
    at runWithFiberInDEV (/home/siegfriedneto/projects/servicedeskn1/frontend/app/node_modules/react-dom/cjs/react-dom-client.development.js:874:13)
    at commitHookEffectListMount (/home/siegfriedneto/projects/servicedeskn1/frontend/app/node_modules/react-dom/cjs/react-dom-client.development.js:13249:29) [90mundefined[39m
Error: Not implemented: window.scrollTo
    at module.exports (/home/siegfriedneto/projects/servicedeskn1/frontend/app/node_modules/jsdom/lib/jsdom/browser/not-implemented.js:9:17)
    at /home/siegfriedneto/projects/servicedeskn1/frontend/app/node_modules/jsdom/lib/jsdom/browser/Window.js:960:7
    at Object.fn (file:///home/siegfriedneto/projects/servicedeskn1/frontend/app/node_modules/@tanstack/router-core/dist/esm/scroll-restoration.js:180:27)
    at RouterCore.emit (file:///home/siegfriedneto/projects/servicedeskn1/frontend/app/node_modules/@tanstack/router-core/dist/esm/router.js:178:14)
    at file:///home/siegfriedneto/projects/servicedeskn1/frontend/app/node_modules/@tanstack/router-core/dist/esm/load-client.js:943:46
    at Router.batch (file:///home/siegfriedneto/projects/servicedeskn1/frontend/app/node_modules/@tanstack/store/dist/esm/atom.js:39:5)
    at file:///home/siegfriedneto/projects/servicedeskn1/frontend/app/node_modules/@tanstack/router-core/dist/esm/load-client.js:936:10
    at runClientTransaction (file:///home/siegfriedneto/projects/servicedeskn1/frontend/app/node_modules/@tanstack/router-core/dist/esm/load-client.js:902:2)
    at loadClientRoute (file:///home/siegfriedneto/projects/servicedeskn1/frontend/app/node_modules/@tanstack/router-core/dist/esm/load-client.js:1034:2)
    at RouterCore.load (file:///home/siegfriedneto/projects/servicedeskn1/frontend/app/node_modules/@tanstack/router-core/dist/esm/router.js:489:4) [90mundefined[39m
Error: Not implemented: window.scrollTo
    at module.exports (/home/siegfriedneto/projects/servicedeskn1/frontend/app/node_modules/jsdom/lib/jsdom/browser/not-implemented.js:9:17)
    at /home/siegfriedneto/projects/servicedeskn1/frontend/app/node_modules/jsdom/lib/jsdom/browser/Window.js:960:7
    at Object.fn (file:///home/siegfriedneto/projects/servicedeskn1/frontend/app/node_modules/@tanstack/router-core/dist/esm/scroll-restoration.js:180:27)
    at RouterCore.emit (file:///home/siegfriedneto/projects/servicedeskn1/frontend/app/node_modules/@tanstack/router-core/dist/esm/router.js:178:14)
    at file:///home/siegfriedneto/projects/servicedeskn1/frontend/app/node_modules/@tanstack/react-router/dist/esm/Transitioner.js:46:25
    at settleOwner (file:///home/siegfriedneto/projects/servicedeskn1/frontend/app/node_modules/@tanstack/react-router/dist/esm/Transitioner.js:10:10)
    at file:///home/siegfriedneto/projects/servicedeskn1/frontend/app/node_modules/@tanstack/react-router/dist/esm/Matches.js:38:39
    at Object.react_stack_bottom_frame (/home/siegfriedneto/projects/servicedeskn1/frontend/app/node_modules/react-dom/cjs/react-dom-client.development.js:25989:20)
    at runWithFiberInDEV (/home/siegfriedneto/projects/servicedeskn1/frontend/app/node_modules/react-dom/cjs/react-dom-client.development.js:874:13)
    at commitHookEffectListMount (/home/siegfriedneto/projects/servicedeskn1/frontend/app/node_modules/react-dom/cjs/react-dom-client.development.js:13249:29) [90mundefined[39m
Error: Not implemented: window.scrollTo
    at module.exports (/home/siegfriedneto/projects/servicedeskn1/frontend/app/node_modules/jsdom/lib/jsdom/browser/not-implemented.js:9:17)
    at /home/siegfriedneto/projects/servicedeskn1/frontend/app/node_modules/jsdom/lib/jsdom/browser/Window.js:960:7
    at Object.fn (file:///home/siegfriedneto/projects/servicedeskn1/frontend/app/node_modules/@tanstack/router-core/dist/esm/scroll-restoration.js:180:27)
    at RouterCore.emit (file:///home/siegfriedneto/projects/servicedeskn1/frontend/app/node_modules/@tanstack/router-core/dist/esm/router.js:178:14)
    at file:///home/siegfriedneto/projects/servicedeskn1/frontend/app/node_modules/@tanstack/react-router/dist/esm/Transitioner.js:46:25
    at settleOwner (file:///home/siegfriedneto/projects/servicedeskn1/frontend/app/node_modules/@tanstack/react-router/dist/esm/Transitioner.js:10:10)
    at file:///home/siegfriedneto/projects/servicedeskn1/frontend/app/node_modules/@tanstack/react-router/dist/esm/Matches.js:38:39
    at Object.react_stack_bottom_frame (/home/siegfriedneto/projects/servicedeskn1/frontend/app/node_modules/react-dom/cjs/react-dom-client.development.js:25989:20)
    at runWithFiberInDEV (/home/siegfriedneto/projects/servicedeskn1/frontend/app/node_modules/react-dom/cjs/react-dom-client.development.js:874:13)
    at commitHookEffectListMount (/home/siegfriedneto/projects/servicedeskn1/frontend/app/node_modules/react-dom/cjs/react-dom-client.development.js:13249:29) [90mundefined[39m
Error: Not implemented: window.scrollTo
    at module.exports (/home/siegfriedneto/projects/servicedeskn1/frontend/app/node_modules/jsdom/lib/jsdom/browser/not-implemented.js:9:17)
    at /home/siegfriedneto/projects/servicedeskn1/frontend/app/node_modules/jsdom/lib/jsdom/browser/Window.js:960:7
    at Object.fn (file:///home/siegfriedneto/projects/servicedeskn1/frontend/app/node_modules/@tanstack/router-core/dist/esm/scroll-restoration.js:180:27)
    at RouterCore.emit (file:///home/siegfriedneto/projects/servicedeskn1/frontend/app/node_modules/@tanstack/router-core/dist/esm/router.js:178:14)
    at file:///home/siegfriedneto/projects/servicedeskn1/frontend/app/node_modules/@tanstack/react-router/dist/esm/Transitioner.js:46:25
    at settleOwner (file:///home/siegfriedneto/projects/servicedeskn1/frontend/app/node_modules/@tanstack/react-router/dist/esm/Transitioner.js:10:10)
    at file:///home/siegfriedneto/projects/servicedeskn1/frontend/app/node_modules/@tanstack/react-router/dist/esm/Matches.js:38:39
    at Object.react_stack_bottom_frame (/home/siegfriedneto/projects/servicedeskn1/frontend/app/node_modules/react-dom/cjs/react-dom-client.development.js:25989:20)
    at runWithFiberInDEV (/home/siegfriedneto/projects/servicedeskn1/frontend/app/node_modules/react-dom/cjs/react-dom-client.development.js:874:13)
    at commitHookEffectListMount (/home/siegfriedneto/projects/servicedeskn1/frontend/app/node_modules/react-dom/cjs/react-dom-client.development.js:13249:29) [90mundefined[39m
Error: Not implemented: window.scrollTo
    at module.exports (/home/siegfriedneto/projects/servicedeskn1/frontend/app/node_modules/jsdom/lib/jsdom/browser/not-implemented.js:9:17)
    at /home/siegfriedneto/projects/servicedeskn1/frontend/app/node_modules/jsdom/lib/jsdom/browser/Window.js:960:7
    at Object.fn (file:///home/siegfriedneto/projects/servicedeskn1/frontend/app/node_modules/@tanstack/router-core/dist/esm/scroll-restoration.js:180:27)
    at RouterCore.emit (file:///home/siegfriedneto/projects/servicedeskn1/frontend/app/node_modules/@tanstack/router-core/dist/esm/router.js:178:14)
    at file:///home/siegfriedneto/projects/servicedeskn1/frontend/app/node_modules/@tanstack/react-router/dist/esm/Transitioner.js:46:25
    at settleOwner (file:///home/siegfriedneto/projects/servicedeskn1/frontend/app/node_modules/@tanstack/react-router/dist/esm/Transitioner.js:10:10)
    at file:///home/siegfriedneto/projects/servicedeskn1/frontend/app/node_modules/@tanstack/react-router/dist/esm/Matches.js:38:39
    at Object.react_stack_bottom_frame (/home/siegfriedneto/projects/servicedeskn1/frontend/app/node_modules/react-dom/cjs/react-dom-client.development.js:25989:20)
    at runWithFiberInDEV (/home/siegfriedneto/projects/servicedeskn1/frontend/app/node_modules/react-dom/cjs/react-dom-client.development.js:874:13)
    at commitHookEffectListMount (/home/siegfriedneto/projects/servicedeskn1/frontend/app/node_modules/react-dom/cjs/react-dom-client.development.js:13249:29) [90mundefined[39m
Error: Not implemented: window.scrollTo
    at module.exports (/home/siegfriedneto/projects/servicedeskn1/frontend/app/node_modules/jsdom/lib/jsdom/browser/not-implemented.js:9:17)
    at /home/siegfriedneto/projects/servicedeskn1/frontend/app/node_modules/jsdom/lib/jsdom/browser/Window.js:960:7
    at Object.fn (file:///home/siegfriedneto/projects/servicedeskn1/frontend/app/node_modules/@tanstack/router-core/dist/esm/scroll-restoration.js:180:27)
    at RouterCore.emit (file:///home/siegfriedneto/projects/servicedeskn1/frontend/app/node_modules/@tanstack/router-core/dist/esm/router.js:178:14)
    at file:///home/siegfriedneto/projects/servicedeskn1/frontend/app/node_modules/@tanstack/react-router/dist/esm/Transitioner.js:46:25
    at settleOwner (file:///home/siegfriedneto/projects/servicedeskn1/frontend/app/node_modules/@tanstack/react-router/dist/esm/Transitioner.js:10:10)
    at file:///home/siegfriedneto/projects/servicedeskn1/frontend/app/node_modules/@tanstack/react-router/dist/esm/Matches.js:38:39
    at Object.react_stack_bottom_frame (/home/siegfriedneto/projects/servicedeskn1/frontend/app/node_modules/react-dom/cjs/react-dom-client.development.js:25989:20)
    at runWithFiberInDEV (/home/siegfriedneto/projects/servicedeskn1/frontend/app/node_modules/react-dom/cjs/react-dom-client.development.js:874:13)
    at commitHookEffectListMount (/home/siegfriedneto/projects/servicedeskn1/frontend/app/node_modules/react-dom/cjs/react-dom-client.development.js:13249:29) [90mundefined[39m
Error: Not implemented: window.scrollTo
    at module.exports (/home/siegfriedneto/projects/servicedeskn1/frontend/app/node_modules/jsdom/lib/jsdom/browser/not-implemented.js:9:17)
    at /home/siegfriedneto/projects/servicedeskn1/frontend/app/node_modules/jsdom/lib/jsdom/browser/Window.js:960:7
    at Object.fn (file:///home/siegfriedneto/projects/servicedeskn1/frontend/app/node_modules/@tanstack/router-core/dist/esm/scroll-restoration.js:180:27)
    at RouterCore.emit (file:///home/siegfriedneto/projects/servicedeskn1/frontend/app/node_modules/@tanstack/router-core/dist/esm/router.js:178:14)
    at file:///home/siegfriedneto/projects/servicedeskn1/frontend/app/node_modules/@tanstack/router-core/dist/esm/load-client.js:943:46
    at Router.batch (file:///home/siegfriedneto/projects/servicedeskn1/frontend/app/node_modules/@tanstack/store/dist/esm/atom.js:39:5)
    at file:///home/siegfriedneto/projects/servicedeskn1/frontend/app/node_modules/@tanstack/router-core/dist/esm/load-client.js:936:10
    at runClientTransaction (file:///home/siegfriedneto/projects/servicedeskn1/frontend/app/node_modules/@tanstack/router-core/dist/esm/load-client.js:902:2)
    at loadClientRoute (file:///home/siegfriedneto/projects/servicedeskn1/frontend/app/node_modules/@tanstack/router-core/dist/esm/load-client.js:1034:2)
    at RouterCore.load (file:///home/siegfriedneto/projects/servicedeskn1/frontend/app/node_modules/@tanstack/router-core/dist/esm/router.js:489:4) [90mundefined[39m
Error: Not implemented: window.scrollTo
    at module.exports (/home/siegfriedneto/projects/servicedeskn1/frontend/app/node_modules/jsdom/lib/jsdom/browser/not-implemented.js:9:17)
    at /home/siegfriedneto/projects/servicedeskn1/frontend/app/node_modules/jsdom/lib/jsdom/browser/Window.js:960:7
    at Object.fn (file:///home/siegfriedneto/projects/servicedeskn1/frontend/app/node_modules/@tanstack/router-core/dist/esm/scroll-restoration.js:180:27)
    at RouterCore.emit (file:///home/siegfriedneto/projects/servicedeskn1/frontend/app/node_modules/@tanstack/router-core/dist/esm/router.js:178:14)
    at file:///home/siegfriedneto/projects/servicedeskn1/frontend/app/node_modules/@tanstack/react-router/dist/esm/Transitioner.js:46:25
    at settleOwner (file:///home/siegfriedneto/projects/servicedeskn1/frontend/app/node_modules/@tanstack/react-router/dist/esm/Transitioner.js:10:10)
    at file:///home/siegfriedneto/projects/servicedeskn1/frontend/app/node_modules/@tanstack/react-router/dist/esm/Matches.js:38:39
    at Object.react_stack_bottom_frame (/home/siegfriedneto/projects/servicedeskn1/frontend/app/node_modules/react-dom/cjs/react-dom-client.development.js:25989:20)
    at runWithFiberInDEV (/home/siegfriedneto/projects/servicedeskn1/frontend/app/node_modules/react-dom/cjs/react-dom-client.development.js:874:13)
    at commitHookEffectListMount (/home/siegfriedneto/projects/servicedeskn1/frontend/app/node_modules/react-dom/cjs/react-dom-client.development.js:13249:29) [90mundefined[39m
Error: Not implemented: window.scrollTo
    at module.exports (/home/siegfriedneto/projects/servicedeskn1/frontend/app/node_modules/jsdom/lib/jsdom/browser/not-implemented.js:9:17)
    at /home/siegfriedneto/projects/servicedeskn1/frontend/app/node_modules/jsdom/lib/jsdom/browser/Window.js:960:7
    at Object.fn (file:///home/siegfriedneto/projects/servicedeskn1/frontend/app/node_modules/@tanstack/router-core/dist/esm/scroll-restoration.js:180:27)
    at RouterCore.emit (file:///home/siegfriedneto/projects/servicedeskn1/frontend/app/node_modules/@tanstack/router-core/dist/esm/router.js:178:14)
    at file:///home/siegfriedneto/projects/servicedeskn1/frontend/app/node_modules/@tanstack/react-router/dist/esm/Transitioner.js:46:25
    at settleOwner (file:///home/siegfriedneto/projects/servicedeskn1/frontend/app/node_modules/@tanstack/react-router/dist/esm/Transitioner.js:10:10)
    at file:///home/siegfriedneto/projects/servicedeskn1/frontend/app/node_modules/@tanstack/react-router/dist/esm/Matches.js:38:39
    at Object.react_stack_bottom_frame (/home/siegfriedneto/projects/servicedeskn1/frontend/app/node_modules/react-dom/cjs/react-dom-client.development.js:25989:20)
    at runWithFiberInDEV (/home/siegfriedneto/projects/servicedeskn1/frontend/app/node_modules/react-dom/cjs/react-dom-client.development.js:874:13)
    at commitHookEffectListMount (/home/siegfriedneto/projects/servicedeskn1/frontend/app/node_modules/react-dom/cjs/react-dom-client.development.js:13249:29) [90mundefined[39m
Error: Not implemented: window.scrollTo
    at module.exports (/home/siegfriedneto/projects/servicedeskn1/frontend/app/node_modules/jsdom/lib/jsdom/browser/not-implemented.js:9:17)
    at /home/siegfriedneto/projects/servicedeskn1/frontend/app/node_modules/jsdom/lib/jsdom/browser/Window.js:960:7
    at Object.fn (file:///home/siegfriedneto/projects/servicedeskn1/frontend/app/node_modules/@tanstack/router-core/dist/esm/scroll-restoration.js:180:27)
    at RouterCore.emit (file:///home/siegfriedneto/projects/servicedeskn1/frontend/app/node_modules/@tanstack/router-core/dist/esm/router.js:178:14)
    at file:///home/siegfriedneto/projects/servicedeskn1/frontend/app/node_modules/@tanstack/react-router/dist/esm/Transitioner.js:46:25
    at settleOwner (file:///home/siegfriedneto/projects/servicedeskn1/frontend/app/node_modules/@tanstack/react-router/dist/esm/Transitioner.js:10:10)
    at file:///home/siegfriedneto/projects/servicedeskn1/frontend/app/node_modules/@tanstack/react-router/dist/esm/Matches.js:38:39
    at Object.react_stack_bottom_frame (/home/siegfriedneto/projects/servicedeskn1/frontend/app/node_modules/react-dom/cjs/react-dom-client.development.js:25989:20)
    at runWithFiberInDEV (/home/siegfriedneto/projects/servicedeskn1/frontend/app/node_modules/react-dom/cjs/react-dom-client.development.js:874:13)
    at commitHookEffectListMount (/home/siegfriedneto/projects/servicedeskn1/frontend/app/node_modules/react-dom/cjs/react-dom-client.development.js:13249:29) [90mundefined[39m
Error: Not implemented: window.scrollTo
    at module.exports (/home/siegfriedneto/projects/servicedeskn1/frontend/app/node_modules/jsdom/lib/jsdom/browser/not-implemented.js:9:17)
    at /home/siegfriedneto/projects/servicedeskn1/frontend/app/node_modules/jsdom/lib/jsdom/browser/Window.js:960:7
    at Object.fn (file:///home/siegfriedneto/projects/servicedeskn1/frontend/app/node_modules/@tanstack/router-core/dist/esm/scroll-restoration.js:180:27)
    at RouterCore.emit (file:///home/siegfriedneto/projects/servicedeskn1/frontend/app/node_modules/@tanstack/router-core/dist/esm/router.js:178:14)
    at file:///home/siegfriedneto/projects/servicedeskn1/frontend/app/node_modules/@tanstack/react-router/dist/esm/Transitioner.js:46:25
    at settleOwner (file:///home/siegfriedneto/projects/servicedeskn1/frontend/app/node_modules/@tanstack/react-router/dist/esm/Transitioner.js:10:10)
    at file:///home/siegfriedneto/projects/servicedeskn1/frontend/app/node_modules/@tanstack/react-router/dist/esm/Matches.js:38:39
    at Object.react_stack_bottom_frame (/home/siegfriedneto/projects/servicedeskn1/frontend/app/node_modules/react-dom/cjs/react-dom-client.development.js:25989:20)
    at runWithFiberInDEV (/home/siegfriedneto/projects/servicedeskn1/frontend/app/node_modules/react-dom/cjs/react-dom-client.development.js:874:13)
    at commitHookEffectListMount (/home/siegfriedneto/projects/servicedeskn1/frontend/app/node_modules/react-dom/cjs/react-dom-client.development.js:13249:29) [90mundefined[39m
Error: Not implemented: window.scrollTo
    at module.exports (/home/siegfriedneto/projects/servicedeskn1/frontend/app/node_modules/jsdom/lib/jsdom/browser/not-implemented.js:9:17)
    at /home/siegfriedneto/projects/servicedeskn1/frontend/app/node_modules/jsdom/lib/jsdom/browser/Window.js:960:7
    at Object.fn (file:///home/siegfriedneto/projects/servicedeskn1/frontend/app/node_modules/@tanstack/router-core/dist/esm/scroll-restoration.js:180:27)
    at RouterCore.emit (file:///home/siegfriedneto/projects/servicedeskn1/frontend/app/node_modules/@tanstack/router-core/dist/esm/router.js:178:14)
    at file:///home/siegfriedneto/projects/servicedeskn1/frontend/app/node_modules/@tanstack/router-core/dist/esm/load-client.js:943:46
    at Router.batch (file:///home/siegfriedneto/projects/servicedeskn1/frontend/app/node_modules/@tanstack/store/dist/esm/atom.js:39:5)
    at file:///home/siegfriedneto/projects/servicedeskn1/frontend/app/node_modules/@tanstack/router-core/dist/esm/load-client.js:936:10
    at runClientTransaction (file:///home/siegfriedneto/projects/servicedeskn1/frontend/app/node_modules/@tanstack/router-core/dist/esm/load-client.js:902:2)
    at loadClientRoute (file:///home/siegfriedneto/projects/servicedeskn1/frontend/app/node_modules/@tanstack/router-core/dist/esm/load-client.js:1034:2)
    at RouterCore.load (file:///home/siegfriedneto/projects/servicedeskn1/frontend/app/node_modules/@tanstack/router-core/dist/esm/router.js:489:4) [90mundefined[39m
Error: Not implemented: window.scrollTo
    at module.exports (/home/siegfriedneto/projects/servicedeskn1/frontend/app/node_modules/jsdom/lib/jsdom/browser/not-implemented.js:9:17)
    at /home/siegfriedneto/projects/servicedeskn1/frontend/app/node_modules/jsdom/lib/jsdom/browser/Window.js:960:7
    at Object.fn (file:///home/siegfriedneto/projects/servicedeskn1/frontend/app/node_modules/@tanstack/router-core/dist/esm/scroll-restoration.js:180:27)
    at RouterCore.emit (file:///home/siegfriedneto/projects/servicedeskn1/frontend/app/node_modules/@tanstack/router-core/dist/esm/router.js:178:14)
    at file:///home/siegfriedneto/projects/servicedeskn1/frontend/app/node_modules/@tanstack/react-router/dist/esm/Transitioner.js:46:25
    at settleOwner (file:///home/siegfriedneto/projects/servicedeskn1/frontend/app/node_modules/@tanstack/react-router/dist/esm/Transitioner.js:10:10)
    at file:///home/siegfriedneto/projects/servicedeskn1/frontend/app/node_modules/@tanstack/react-router/dist/esm/Matches.js:38:39
    at Object.react_stack_bottom_frame (/home/siegfriedneto/projects/servicedeskn1/frontend/app/node_modules/react-dom/cjs/react-dom-client.development.js:25989:20)
    at runWithFiberInDEV (/home/siegfriedneto/projects/servicedeskn1/frontend/app/node_modules/react-dom/cjs/react-dom-client.development.js:874:13)
    at commitHookEffectListMount (/home/siegfriedneto/projects/servicedeskn1/frontend/app/node_modules/react-dom/cjs/react-dom-client.development.js:13249:29) [90mundefined[39m
Error: Not implemented: window.scrollTo
    at module.exports (/home/siegfriedneto/projects/servicedeskn1/frontend/app/node_modules/jsdom/lib/jsdom/browser/not-implemented.js:9:17)
    at /home/siegfriedneto/projects/servicedeskn1/frontend/app/node_modules/jsdom/lib/jsdom/browser/Window.js:960:7
    at Object.fn (file:///home/siegfriedneto/projects/servicedeskn1/frontend/app/node_modules/@tanstack/router-core/dist/esm/scroll-restoration.js:180:27)
    at RouterCore.emit (file:///home/siegfriedneto/projects/servicedeskn1/frontend/app/node_modules/@tanstack/router-core/dist/esm/router.js:178:14)
    at file:///home/siegfriedneto/projects/servicedeskn1/frontend/app/node_modules/@tanstack/router-core/dist/esm/load-client.js:943:46
    at Router.batch (file:///home/siegfriedneto/projects/servicedeskn1/frontend/app/node_modules/@tanstack/store/dist/esm/atom.js:39:5)
    at file:///home/siegfriedneto/projects/servicedeskn1/frontend/app/node_modules/@tanstack/router-core/dist/esm/load-client.js:936:10
    at runClientTransaction (file:///home/siegfriedneto/projects/servicedeskn1/frontend/app/node_modules/@tanstack/router-core/dist/esm/load-client.js:902:2)
    at loadClientRoute (file:///home/siegfriedneto/projects/servicedeskn1/frontend/app/node_modules/@tanstack/router-core/dist/esm/load-client.js:1034:2)
    at RouterCore.load (file:///home/siegfriedneto/projects/servicedeskn1/frontend/app/node_modules/@tanstack/router-core/dist/esm/router.js:489:4) [90mundefined[39m
Error: Not implemented: window.scrollTo
    at module.exports (/home/siegfriedneto/projects/servicedeskn1/frontend/app/node_modules/jsdom/lib/jsdom/browser/not-implemented.js:9:17)
    at /home/siegfriedneto/projects/servicedeskn1/frontend/app/node_modules/jsdom/lib/jsdom/browser/Window.js:960:7
    at Object.fn (file:///home/siegfriedneto/projects/servicedeskn1/frontend/app/node_modules/@tanstack/router-core/dist/esm/scroll-restoration.js:180:27)
    at RouterCore.emit (file:///home/siegfriedneto/projects/servicedeskn1/frontend/app/node_modules/@tanstack/router-core/dist/esm/router.js:178:14)
    at file:///home/siegfriedneto/projects/servicedeskn1/frontend/app/node_modules/@tanstack/react-router/dist/esm/Transitioner.js:46:25
    at settleOwner (file:///home/siegfriedneto/projects/servicedeskn1/frontend/app/node_modules/@tanstack/react-router/dist/esm/Transitioner.js:10:10)
    at file:///home/siegfriedneto/projects/servicedeskn1/frontend/app/node_modules/@tanstack/react-router/dist/esm/Matches.js:38:39
    at Object.react_stack_bottom_frame (/home/siegfriedneto/projects/servicedeskn1/frontend/app/node_modules/react-dom/cjs/react-dom-client.development.js:25989:20)
    at runWithFiberInDEV (/home/siegfriedneto/projects/servicedeskn1/frontend/app/node_modules/react-dom/cjs/react-dom-client.development.js:874:13)
    at commitHookEffectListMount (/home/siegfriedneto/projects/servicedeskn1/frontend/app/node_modules/react-dom/cjs/react-dom-client.development.js:13249:29) [90mundefined[39m
Error: Not implemented: window.scrollTo
    at module.exports (/home/siegfriedneto/projects/servicedeskn1/frontend/app/node_modules/jsdom/lib/jsdom/browser/not-implemented.js:9:17)
    at /home/siegfriedneto/projects/servicedeskn1/frontend/app/node_modules/jsdom/lib/jsdom/browser/Window.js:960:7
    at Object.fn (file:///home/siegfriedneto/projects/servicedeskn1/frontend/app/node_modules/@tanstack/router-core/dist/esm/scroll-restoration.js:180:27)
    at RouterCore.emit (file:///home/siegfriedneto/projects/servicedeskn1/frontend/app/node_modules/@tanstack/router-core/dist/esm/router.js:178:14)
    at file:///home/siegfriedneto/projects/servicedeskn1/frontend/app/node_modules/@tanstack/router-core/dist/esm/load-client.js:943:46
    at Router.batch (file:///home/siegfriedneto/projects/servicedeskn1/frontend/app/node_modules/@tanstack/store/dist/esm/atom.js:39:5)
    at file:///home/siegfriedneto/projects/servicedeskn1/frontend/app/node_modules/@tanstack/router-core/dist/esm/load-client.js:936:10
    at runClientTransaction (file:///home/siegfriedneto/projects/servicedeskn1/frontend/app/node_modules/@tanstack/router-core/dist/esm/load-client.js:902:2)
    at loadClientRoute (file:///home/siegfriedneto/projects/servicedeskn1/frontend/app/node_modules/@tanstack/router-core/dist/esm/load-client.js:1034:2)
    at RouterCore.load (file:///home/siegfriedneto/projects/servicedeskn1/frontend/app/node_modules/@tanstack/router-core/dist/esm/router.js:489:4) [90mundefined[39m
Error: Not implemented: window.scrollTo
    at module.exports (/home/siegfriedneto/projects/servicedeskn1/frontend/app/node_modules/jsdom/lib/jsdom/browser/not-implemented.js:9:17)
    at /home/siegfriedneto/projects/servicedeskn1/frontend/app/node_modules/jsdom/lib/jsdom/browser/Window.js:960:7
    at Object.fn (file:///home/siegfriedneto/projects/servicedeskn1/frontend/app/node_modules/@tanstack/router-core/dist/esm/scroll-restoration.js:180:27)
    at RouterCore.emit (file:///home/siegfriedneto/projects/servicedeskn1/frontend/app/node_modules/@tanstack/router-core/dist/esm/router.js:178:14)
    at file:///home/siegfriedneto/projects/servicedeskn1/frontend/app/node_modules/@tanstack/react-router/dist/esm/Transitioner.js:46:25
    at settleOwner (file:///home/siegfriedneto/projects/servicedeskn1/frontend/app/node_modules/@tanstack/react-router/dist/esm/Transitioner.js:10:10)
    at file:///home/siegfriedneto/projects/servicedeskn1/frontend/app/node_modules/@tanstack/react-router/dist/esm/Matches.js:38:39
    at Object.react_stack_bottom_frame (/home/siegfriedneto/projects/servicedeskn1/frontend/app/node_modules/react-dom/cjs/react-dom-client.development.js:25989:20)
    at runWithFiberInDEV (/home/siegfriedneto/projects/servicedeskn1/frontend/app/node_modules/react-dom/cjs/react-dom-client.development.js:874:13)
    at commitHookEffectListMount (/home/siegfriedneto/projects/servicedeskn1/frontend/app/node_modules/react-dom/cjs/react-dom-client.development.js:13249:29) [90mundefined[39m
Error: Not implemented: window.scrollTo
    at module.exports (/home/siegfriedneto/projects/servicedeskn1/frontend/app/node_modules/jsdom/lib/jsdom/browser/not-implemented.js:9:17)
    at /home/siegfriedneto/projects/servicedeskn1/frontend/app/node_modules/jsdom/lib/jsdom/browser/Window.js:960:7
    at Object.fn (file:///home/siegfriedneto/projects/servicedeskn1/frontend/app/node_modules/@tanstack/router-core/dist/esm/scroll-restoration.js:180:27)
    at RouterCore.emit (file:///home/siegfriedneto/projects/servicedeskn1/frontend/app/node_modules/@tanstack/router-core/dist/esm/router.js:178:14)
    at file:///home/siegfriedneto/projects/servicedeskn1/frontend/app/node_modules/@tanstack/react-router/dist/esm/Transitioner.js:46:25
    at settleOwner (file:///home/siegfriedneto/projects/servicedeskn1/frontend/app/node_modules/@tanstack/react-router/dist/esm/Transitioner.js:10:10)
    at file:///home/siegfriedneto/projects/servicedeskn1/frontend/app/node_modules/@tanstack/react-router/dist/esm/Matches.js:38:39
    at Object.react_stack_bottom_frame (/home/siegfriedneto/projects/servicedeskn1/frontend/app/node_modules/react-dom/cjs/react-dom-client.development.js:25989:20)
    at runWithFiberInDEV (/home/siegfriedneto/projects/servicedeskn1/frontend/app/node_modules/react-dom/cjs/react-dom-client.development.js:874:13)
    at commitHookEffectListMount (/home/siegfriedneto/projects/servicedeskn1/frontend/app/node_modules/react-dom/cjs/react-dom-client.development.js:13249:29) [90mundefined[39m
Error: Not implemented: window.scrollTo
    at module.exports (/home/siegfriedneto/projects/servicedeskn1/frontend/app/node_modules/jsdom/lib/jsdom/browser/not-implemented.js:9:17)
    at /home/siegfriedneto/projects/servicedeskn1/frontend/app/node_modules/jsdom/lib/jsdom/browser/Window.js:960:7
    at Object.fn (file:///home/siegfriedneto/projects/servicedeskn1/frontend/app/node_modules/@tanstack/router-core/dist/esm/scroll-restoration.js:180:27)
    at RouterCore.emit (file:///home/siegfriedneto/projects/servicedeskn1/frontend/app/node_modules/@tanstack/router-core/dist/esm/router.js:178:14)
    at file:///home/siegfriedneto/projects/servicedeskn1/frontend/app/node_modules/@tanstack/router-core/dist/esm/load-client.js:943:46
    at Router.batch (file:///home/siegfriedneto/projects/servicedeskn1/frontend/app/node_modules/@tanstack/store/dist/esm/atom.js:39:5)
    at file:///home/siegfriedneto/projects/servicedeskn1/frontend/app/node_modules/@tanstack/router-core/dist/esm/load-client.js:936:10
    at runClientTransaction (file:///home/siegfriedneto/projects/servicedeskn1/frontend/app/node_modules/@tanstack/router-core/dist/esm/load-client.js:902:2)
    at loadClientRoute (file:///home/siegfriedneto/projects/servicedeskn1/frontend/app/node_modules/@tanstack/router-core/dist/esm/load-client.js:1034:2)
    at RouterCore.load (file:///home/siegfriedneto/projects/servicedeskn1/frontend/app/node_modules/@tanstack/router-core/dist/esm/router.js:489:4) [90mundefined[39m
Error: Not implemented: window.scrollTo
    at module.exports (/home/siegfriedneto/projects/servicedeskn1/frontend/app/node_modules/jsdom/lib/jsdom/browser/not-implemented.js:9:17)
    at /home/siegfriedneto/projects/servicedeskn1/frontend/app/node_modules/jsdom/lib/jsdom/browser/Window.js:960:7
    at Object.fn (file:///home/siegfriedneto/projects/servicedeskn1/frontend/app/node_modules/@tanstack/router-core/dist/esm/scroll-restoration.js:180:27)
    at RouterCore.emit (file:///home/siegfriedneto/projects/servicedeskn1/frontend/app/node_modules/@tanstack/router-core/dist/esm/router.js:178:14)
    at file:///home/siegfriedneto/projects/servicedeskn1/frontend/app/node_modules/@tanstack/react-router/dist/esm/Transitioner.js:46:25
    at settleOwner (file:///home/siegfriedneto/projects/servicedeskn1/frontend/app/node_modules/@tanstack/react-router/dist/esm/Transitioner.js:10:10)
    at file:///home/siegfriedneto/projects/servicedeskn1/frontend/app/node_modules/@tanstack/react-router/dist/esm/Matches.js:38:39
    at Object.react_stack_bottom_frame (/home/siegfriedneto/projects/servicedeskn1/frontend/app/node_modules/react-dom/cjs/react-dom-client.development.js:25989:20)
    at runWithFiberInDEV (/home/siegfriedneto/projects/servicedeskn1/frontend/app/node_modules/react-dom/cjs/react-dom-client.development.js:874:13)
    at commitHookEffectListMount (/home/siegfriedneto/projects/servicedeskn1/frontend/app/node_modules/react-dom/cjs/react-dom-client.development.js:13249:29) [90mundefined[39m
Error: Not implemented: window.scrollTo
    at module.exports (/home/siegfriedneto/projects/servicedeskn1/frontend/app/node_modules/jsdom/lib/jsdom/browser/not-implemented.js:9:17)
    at /home/siegfriedneto/projects/servicedeskn1/frontend/app/node_modules/jsdom/lib/jsdom/browser/Window.js:960:7
    at Object.fn (file:///home/siegfriedneto/projects/servicedeskn1/frontend/app/node_modules/@tanstack/router-core/dist/esm/scroll-restoration.js:180:27)
    at RouterCore.emit (file:///home/siegfriedneto/projects/servicedeskn1/frontend/app/node_modules/@tanstack/router-core/dist/esm/router.js:178:14)
    at file:///home/siegfriedneto/projects/servicedeskn1/frontend/app/node_modules/@tanstack/react-router/dist/esm/Transitioner.js:46:25
    at settleOwner (file:///home/siegfriedneto/projects/servicedeskn1/frontend/app/node_modules/@tanstack/react-router/dist/esm/Transitioner.js:10:10)
    at file:///home/siegfriedneto/projects/servicedeskn1/frontend/app/node_modules/@tanstack/react-router/dist/esm/Matches.js:38:39
    at Object.react_stack_bottom_frame (/home/siegfriedneto/projects/servicedeskn1/frontend/app/node_modules/react-dom/cjs/react-dom-client.development.js:25989:20)
    at runWithFiberInDEV (/home/siegfriedneto/projects/servicedeskn1/frontend/app/node_modules/react-dom/cjs/react-dom-client.development.js:874:13)
    at commitHookEffectListMount (/home/siegfriedneto/projects/servicedeskn1/frontend/app/node_modules/react-dom/cjs/react-dom-client.development.js:13249:29) [90mundefined[39m
Error: Not implemented: window.scrollTo
    at module.exports (/home/siegfriedneto/projects/servicedeskn1/frontend/app/node_modules/jsdom/lib/jsdom/browser/not-implemented.js:9:17)
    at /home/siegfriedneto/projects/servicedeskn1/frontend/app/node_modules/jsdom/lib/jsdom/browser/Window.js:960:7
    at Object.fn (file:///home/siegfriedneto/projects/servicedeskn1/frontend/app/node_modules/@tanstack/router-core/dist/esm/scroll-restoration.js:180:27)
    at RouterCore.emit (file:///home/siegfriedneto/projects/servicedeskn1/frontend/app/node_modules/@tanstack/router-core/dist/esm/router.js:178:14)
    at file:///home/siegfriedneto/projects/servicedeskn1/frontend/app/node_modules/@tanstack/react-router/dist/esm/Transitioner.js:46:25
    at settleOwner (file:///home/siegfriedneto/projects/servicedeskn1/frontend/app/node_modules/@tanstack/react-router/dist/esm/Transitioner.js:10:10)
    at file:///home/siegfriedneto/projects/servicedeskn1/frontend/app/node_modules/@tanstack/react-router/dist/esm/Matches.js:38:39
    at Object.react_stack_bottom_frame (/home/siegfriedneto/projects/servicedeskn1/frontend/app/node_modules/react-dom/cjs/react-dom-client.development.js:25989:20)
    at runWithFiberInDEV (/home/siegfriedneto/projects/servicedeskn1/frontend/app/node_modules/react-dom/cjs/react-dom-client.development.js:874:13)
    at commitHookEffectListMount (/home/siegfriedneto/projects/servicedeskn1/frontend/app/node_modules/react-dom/cjs/react-dom-client.development.js:13249:29) [90mundefined[39m
Error: Not implemented: window.scrollTo
    at module.exports (/home/siegfriedneto/projects/servicedeskn1/frontend/app/node_modules/jsdom/lib/jsdom/browser/not-implemented.js:9:17)
    at /home/siegfriedneto/projects/servicedeskn1/frontend/app/node_modules/jsdom/lib/jsdom/browser/Window.js:960:7
    at Object.fn (file:///home/siegfriedneto/projects/servicedeskn1/frontend/app/node_modules/@tanstack/router-core/dist/esm/scroll-restoration.js:180:27)
    at RouterCore.emit (file:///home/siegfriedneto/projects/servicedeskn1/frontend/app/node_modules/@tanstack/router-core/dist/esm/router.js:178:14)
    at file:///home/siegfriedneto/projects/servicedeskn1/frontend/app/node_modules/@tanstack/react-router/dist/esm/Transitioner.js:46:25
    at settleOwner (file:///home/siegfriedneto/projects/servicedeskn1/frontend/app/node_modules/@tanstack/react-router/dist/esm/Transitioner.js:10:10)
    at file:///home/siegfriedneto/projects/servicedeskn1/frontend/app/node_modules/@tanstack/react-router/dist/esm/Matches.js:38:39
    at Object.react_stack_bottom_frame (/home/siegfriedneto/projects/servicedeskn1/frontend/app/node_modules/react-dom/cjs/react-dom-client.development.js:25989:20)
    at runWithFiberInDEV (/home/siegfriedneto/projects/servicedeskn1/frontend/app/node_modules/react-dom/cjs/react-dom-client.development.js:874:13)
    at commitHookEffectListMount (/home/siegfriedneto/projects/servicedeskn1/frontend/app/node_modules/react-dom/cjs/react-dom-client.development.js:13249:29) [90mundefined[39m
Error: Not implemented: window.scrollTo
    at module.exports (/home/siegfriedneto/projects/servicedeskn1/frontend/app/node_modules/jsdom/lib/jsdom/browser/not-implemented.js:9:17)
    at /home/siegfriedneto/projects/servicedeskn1/frontend/app/node_modules/jsdom/lib/jsdom/browser/Window.js:960:7
    at Object.fn (file:///home/siegfriedneto/projects/servicedeskn1/frontend/app/node_modules/@tanstack/router-core/dist/esm/scroll-restoration.js:180:27)
    at RouterCore.emit (file:///home/siegfriedneto/projects/servicedeskn1/frontend/app/node_modules/@tanstack/router-core/dist/esm/router.js:178:14)
    at file:///home/siegfriedneto/projects/servicedeskn1/frontend/app/node_modules/@tanstack/react-router/dist/esm/Transitioner.js:46:25
    at settleOwner (file:///home/siegfriedneto/projects/servicedeskn1/frontend/app/node_modules/@tanstack/react-router/dist/esm/Transitioner.js:10:10)
    at file:///home/siegfriedneto/projects/servicedeskn1/frontend/app/node_modules/@tanstack/react-router/dist/esm/Matches.js:38:39
    at Object.react_stack_bottom_frame (/home/siegfriedneto/projects/servicedeskn1/frontend/app/node_modules/react-dom/cjs/react-dom-client.development.js:25989:20)
    at runWithFiberInDEV (/home/siegfriedneto/projects/servicedeskn1/frontend/app/node_modules/react-dom/cjs/react-dom-client.development.js:874:13)
    at commitHookEffectListMount (/home/siegfriedneto/projects/servicedeskn1/frontend/app/node_modules/react-dom/cjs/react-dom-client.development.js:13249:29) [90mundefined[39m
Error: Not implemented: window.scrollTo
    at module.exports (/home/siegfriedneto/projects/servicedeskn1/frontend/app/node_modules/jsdom/lib/jsdom/browser/not-implemented.js:9:17)
    at /home/siegfriedneto/projects/servicedeskn1/frontend/app/node_modules/jsdom/lib/jsdom/browser/Window.js:960:7
    at Object.fn (file:///home/siegfriedneto/projects/servicedeskn1/frontend/app/node_modules/@tanstack/router-core/dist/esm/scroll-restoration.js:180:27)
    at RouterCore.emit (file:///home/siegfriedneto/projects/servicedeskn1/frontend/app/node_modules/@tanstack/router-core/dist/esm/router.js:178:14)
    at file:///home/siegfriedneto/projects/servicedeskn1/frontend/app/node_modules/@tanstack/react-router/dist/esm/Transitioner.js:46:25
    at settleOwner (file:///home/siegfriedneto/projects/servicedeskn1/frontend/app/node_modules/@tanstack/react-router/dist/esm/Transitioner.js:10:10)
    at file:///home/siegfriedneto/projects/servicedeskn1/frontend/app/node_modules/@tanstack/react-router/dist/esm/Matches.js:38:39
    at Object.react_stack_bottom_frame (/home/siegfriedneto/projects/servicedeskn1/frontend/app/node_modules/react-dom/cjs/react-dom-client.development.js:25989:20)
    at runWithFiberInDEV (/home/siegfriedneto/projects/servicedeskn1/frontend/app/node_modules/react-dom/cjs/react-dom-client.development.js:874:13)
    at commitHookEffectListMount (/home/siegfriedneto/projects/servicedeskn1/frontend/app/node_modules/react-dom/cjs/react-dom-client.development.js:13249:29) [90mundefined[39m
Error: Not implemented: window.scrollTo
    at module.exports (/home/siegfriedneto/projects/servicedeskn1/frontend/app/node_modules/jsdom/lib/jsdom/browser/not-implemented.js:9:17)
    at /home/siegfriedneto/projects/servicedeskn1/frontend/app/node_modules/jsdom/lib/jsdom/browser/Window.js:960:7
    at Object.fn (file:///home/siegfriedneto/projects/servicedeskn1/frontend/app/node_modules/@tanstack/router-core/dist/esm/scroll-restoration.js:180:27)
    at RouterCore.emit (file:///home/siegfriedneto/projects/servicedeskn1/frontend/app/node_modules/@tanstack/router-core/dist/esm/router.js:178:14)
    at file:///home/siegfriedneto/projects/servicedeskn1/frontend/app/node_modules/@tanstack/react-router/dist/esm/Transitioner.js:46:25
    at settleOwner (file:///home/siegfriedneto/projects/servicedeskn1/frontend/app/node_modules/@tanstack/react-router/dist/esm/Transitioner.js:10:10)
    at file:///home/siegfriedneto/projects/servicedeskn1/frontend/app/node_modules/@tanstack/react-router/dist/esm/Matches.js:38:39
    at Object.react_stack_bottom_frame (/home/siegfriedneto/projects/servicedeskn1/frontend/app/node_modules/react-dom/cjs/react-dom-client.development.js:25989:20)
    at runWithFiberInDEV (/home/siegfriedneto/projects/servicedeskn1/frontend/app/node_modules/react-dom/cjs/react-dom-client.development.js:874:13)
    at commitHookEffectListMount (/home/siegfriedneto/projects/servicedeskn1/frontend/app/node_modules/react-dom/cjs/react-dom-client.development.js:13249:29) [90mundefined[39m
Error: Not implemented: window.scrollTo
    at module.exports (/home/siegfriedneto/projects/servicedeskn1/frontend/app/node_modules/jsdom/lib/jsdom/browser/not-implemented.js:9:17)
    at /home/siegfriedneto/projects/servicedeskn1/frontend/app/node_modules/jsdom/lib/jsdom/browser/Window.js:960:7
    at Object.fn (file:///home/siegfriedneto/projects/servicedeskn1/frontend/app/node_modules/@tanstack/router-core/dist/esm/scroll-restoration.js:180:27)
    at RouterCore.emit (file:///home/siegfriedneto/projects/servicedeskn1/frontend/app/node_modules/@tanstack/router-core/dist/esm/router.js:178:14)
    at file:///home/siegfriedneto/projects/servicedeskn1/frontend/app/node_modules/@tanstack/react-router/dist/esm/Transitioner.js:46:25
    at settleOwner (file:///home/siegfriedneto/projects/servicedeskn1/frontend/app/node_modules/@tanstack/react-router/dist/esm/Transitioner.js:10:10)
    at file:///home/siegfriedneto/projects/servicedeskn1/frontend/app/node_modules/@tanstack/react-router/dist/esm/Matches.js:38:39
    at Object.react_stack_bottom_frame (/home/siegfriedneto/projects/servicedeskn1/frontend/app/node_modules/react-dom/cjs/react-dom-client.development.js:25989:20)
    at runWithFiberInDEV (/home/siegfriedneto/projects/servicedeskn1/frontend/app/node_modules/react-dom/cjs/react-dom-client.development.js:874:13)
    at commitHookEffectListMount (/home/siegfriedneto/projects/servicedeskn1/frontend/app/node_modules/react-dom/cjs/react-dom-client.development.js:13249:29) [90mundefined[39m
Error: Not implemented: window.scrollTo
    at module.exports (/home/siegfriedneto/projects/servicedeskn1/frontend/app/node_modules/jsdom/lib/jsdom/browser/not-implemented.js:9:17)
    at /home/siegfriedneto/projects/servicedeskn1/frontend/app/node_modules/jsdom/lib/jsdom/browser/Window.js:960:7
    at Object.fn (file:///home/siegfriedneto/projects/servicedeskn1/frontend/app/node_modules/@tanstack/router-core/dist/esm/scroll-restoration.js:180:27)
    at RouterCore.emit (file:///home/siegfriedneto/projects/servicedeskn1/frontend/app/node_modules/@tanstack/router-core/dist/esm/router.js:178:14)
    at file:///home/siegfriedneto/projects/servicedeskn1/frontend/app/node_modules/@tanstack/react-router/dist/esm/Transitioner.js:46:25
    at settleOwner (file:///home/siegfriedneto/projects/servicedeskn1/frontend/app/node_modules/@tanstack/react-router/dist/esm/Transitioner.js:10:10)
    at file:///home/siegfriedneto/projects/servicedeskn1/frontend/app/node_modules/@tanstack/react-router/dist/esm/Matches.js:38:39
    at Object.react_stack_bottom_frame (/home/siegfriedneto/projects/servicedeskn1/frontend/app/node_modules/react-dom/cjs/react-dom-client.development.js:25989:20)
    at runWithFiberInDEV (/home/siegfriedneto/projects/servicedeskn1/frontend/app/node_modules/react-dom/cjs/react-dom-client.development.js:874:13)
    at commitHookEffectListMount (/home/siegfriedneto/projects/servicedeskn1/frontend/app/node_modules/react-dom/cjs/react-dom-client.development.js:13249:29) [90mundefined[39m
Error: Not implemented: window.scrollTo
    at module.exports (/home/siegfriedneto/projects/servicedeskn1/frontend/app/node_modules/jsdom/lib/jsdom/browser/not-implemented.js:9:17)
    at /home/siegfriedneto/projects/servicedeskn1/frontend/app/node_modules/jsdom/lib/jsdom/browser/Window.js:960:7
    at Object.fn (file:///home/siegfriedneto/projects/servicedeskn1/frontend/app/node_modules/@tanstack/router-core/dist/esm/scroll-restoration.js:180:27)
    at RouterCore.emit (file:///home/siegfriedneto/projects/servicedeskn1/frontend/app/node_modules/@tanstack/router-core/dist/esm/router.js:178:14)
    at file:///home/siegfriedneto/projects/servicedeskn1/frontend/app/node_modules/@tanstack/react-router/dist/esm/Transitioner.js:46:25
    at settleOwner (file:///home/siegfriedneto/projects/servicedeskn1/frontend/app/node_modules/@tanstack/react-router/dist/esm/Transitioner.js:10:10)
    at file:///home/siegfriedneto/projects/servicedeskn1/frontend/app/node_modules/@tanstack/react-router/dist/esm/Matches.js:38:39
    at Object.react_stack_bottom_frame (/home/siegfriedneto/projects/servicedeskn1/frontend/app/node_modules/react-dom/cjs/react-dom-client.development.js:25989:20)
    at runWithFiberInDEV (/home/siegfriedneto/projects/servicedeskn1/frontend/app/node_modules/react-dom/cjs/react-dom-client.development.js:874:13)
    at commitHookEffectListMount (/home/siegfriedneto/projects/servicedeskn1/frontend/app/node_modules/react-dom/cjs/react-dom-client.development.js:13249:29) [90mundefined[39m
Error: Not implemented: window.scrollTo
    at module.exports (/home/siegfriedneto/projects/servicedeskn1/frontend/app/node_modules/jsdom/lib/jsdom/browser/not-implemented.js:9:17)
    at /home/siegfriedneto/projects/servicedeskn1/frontend/app/node_modules/jsdom/lib/jsdom/browser/Window.js:960:7
    at Object.fn (file:///home/siegfriedneto/projects/servicedeskn1/frontend/app/node_modules/@tanstack/router-core/dist/esm/scroll-restoration.js:180:27)
    at RouterCore.emit (file:///home/siegfriedneto/projects/servicedeskn1/frontend/app/node_modules/@tanstack/router-core/dist/esm/router.js:178:14)
    at file:///home/siegfriedneto/projects/servicedeskn1/frontend/app/node_modules/@tanstack/router-core/dist/esm/load-client.js:943:46
    at Router.batch (file:///home/siegfriedneto/projects/servicedeskn1/frontend/app/node_modules/@tanstack/store/dist/esm/atom.js:39:5)
    at file:///home/siegfriedneto/projects/servicedeskn1/frontend/app/node_modules/@tanstack/router-core/dist/esm/load-client.js:936:10
    at runClientTransaction (file:///home/siegfriedneto/projects/servicedeskn1/frontend/app/node_modules/@tanstack/router-core/dist/esm/load-client.js:902:2)
    at loadClientRoute (file:///home/siegfriedneto/projects/servicedeskn1/frontend/app/node_modules/@tanstack/router-core/dist/esm/load-client.js:1034:2)
    at RouterCore.load (file:///home/siegfriedneto/projects/servicedeskn1/frontend/app/node_modules/@tanstack/router-core/dist/esm/router.js:489:4) [90mundefined[39m
Error: Not implemented: window.scrollTo
    at module.exports (/home/siegfriedneto/projects/servicedeskn1/frontend/app/node_modules/jsdom/lib/jsdom/browser/not-implemented.js:9:17)
    at /home/siegfriedneto/projects/servicedeskn1/frontend/app/node_modules/jsdom/lib/jsdom/browser/Window.js:960:7
    at Object.fn (file:///home/siegfriedneto/projects/servicedeskn1/frontend/app/node_modules/@tanstack/router-core/dist/esm/scroll-restoration.js:180:27)
    at RouterCore.emit (file:///home/siegfriedneto/projects/servicedeskn1/frontend/app/node_modules/@tanstack/router-core/dist/esm/router.js:178:14)
    at file:///home/siegfriedneto/projects/servicedeskn1/frontend/app/node_modules/@tanstack/react-router/dist/esm/Transitioner.js:46:25
    at settleOwner (file:///home/siegfriedneto/projects/servicedeskn1/frontend/app/node_modules/@tanstack/react-router/dist/esm/Transitioner.js:10:10)
    at file:///home/siegfriedneto/projects/servicedeskn1/frontend/app/node_modules/@tanstack/react-router/dist/esm/Matches.js:38:39
    at Object.react_stack_bottom_frame (/home/siegfriedneto/projects/servicedeskn1/frontend/app/node_modules/react-dom/cjs/react-dom-client.development.js:25989:20)
    at runWithFiberInDEV (/home/siegfriedneto/projects/servicedeskn1/frontend/app/node_modules/react-dom/cjs/react-dom-client.development.js:874:13)
    at commitHookEffectListMount (/home/siegfriedneto/projects/servicedeskn1/frontend/app/node_modules/react-dom/cjs/react-dom-client.development.js:13249:29) [90mundefined[39m
Error: Not implemented: window.scrollTo
    at module.exports (/home/siegfriedneto/projects/servicedeskn1/frontend/app/node_modules/jsdom/lib/jsdom/browser/not-implemented.js:9:17)
    at /home/siegfriedneto/projects/servicedeskn1/frontend/app/node_modules/jsdom/lib/jsdom/browser/Window.js:960:7
    at Object.fn (file:///home/siegfriedneto/projects/servicedeskn1/frontend/app/node_modules/@tanstack/router-core/dist/esm/scroll-restoration.js:180:27)
    at RouterCore.emit (file:///home/siegfriedneto/projects/servicedeskn1/frontend/app/node_modules/@tanstack/router-core/dist/esm/router.js:178:14)
    at file:///home/siegfriedneto/projects/servicedeskn1/frontend/app/node_modules/@tanstack/react-router/dist/esm/Transitioner.js:46:25
    at settleOwner (file:///home/siegfriedneto/projects/servicedeskn1/frontend/app/node_modules/@tanstack/react-router/dist/esm/Transitioner.js:10:10)
    at file:///home/siegfriedneto/projects/servicedeskn1/frontend/app/node_modules/@tanstack/react-router/dist/esm/Matches.js:38:39
    at Object.react_stack_bottom_frame (/home/siegfriedneto/projects/servicedeskn1/frontend/app/node_modules/react-dom/cjs/react-dom-client.development.js:25989:20)
    at runWithFiberInDEV (/home/siegfriedneto/projects/servicedeskn1/frontend/app/node_modules/react-dom/cjs/react-dom-client.development.js:874:13)
    at commitHookEffectListMount (/home/siegfriedneto/projects/servicedeskn1/frontend/app/node_modules/react-dom/cjs/react-dom-client.development.js:13249:29) [90mundefined[39m
Error: Not implemented: window.scrollTo
    at module.exports (/home/siegfriedneto/projects/servicedeskn1/frontend/app/node_modules/jsdom/lib/jsdom/browser/not-implemented.js:9:17)
    at /home/siegfriedneto/projects/servicedeskn1/frontend/app/node_modules/jsdom/lib/jsdom/browser/Window.js:960:7
    at Object.fn (file:///home/siegfriedneto/projects/servicedeskn1/frontend/app/node_modules/@tanstack/router-core/dist/esm/scroll-restoration.js:180:27)
    at RouterCore.emit (file:///home/siegfriedneto/projects/servicedeskn1/frontend/app/node_modules/@tanstack/router-core/dist/esm/router.js:178:14)
    at file:///home/siegfriedneto/projects/servicedeskn1/frontend/app/node_modules/@tanstack/react-router/dist/esm/Transitioner.js:46:25
    at settleOwner (file:///home/siegfriedneto/projects/servicedeskn1/frontend/app/node_modules/@tanstack/react-router/dist/esm/Transitioner.js:10:10)
    at file:///home/siegfriedneto/projects/servicedeskn1/frontend/app/node_modules/@tanstack/react-router/dist/esm/Matches.js:38:39
    at Object.react_stack_bottom_frame (/home/siegfriedneto/projects/servicedeskn1/frontend/app/node_modules/react-dom/cjs/react-dom-client.development.js:25989:20)
    at runWithFiberInDEV (/home/siegfriedneto/projects/servicedeskn1/frontend/app/node_modules/react-dom/cjs/react-dom-client.development.js:874:13)
    at commitHookEffectListMount (/home/siegfriedneto/projects/servicedeskn1/frontend/app/node_modules/react-dom/cjs/react-dom-client.development.js:13249:29) [90mundefined[39m
Error: Not implemented: window.scrollTo
    at module.exports (/home/siegfriedneto/projects/servicedeskn1/frontend/app/node_modules/jsdom/lib/jsdom/browser/not-implemented.js:9:17)
    at /home/siegfriedneto/projects/servicedeskn1/frontend/app/node_modules/jsdom/lib/jsdom/browser/Window.js:960:7
    at Object.fn (file:///home/siegfriedneto/projects/servicedeskn1/frontend/app/node_modules/@tanstack/router-core/dist/esm/scroll-restoration.js:180:27)
    at RouterCore.emit (file:///home/siegfriedneto/projects/servicedeskn1/frontend/app/node_modules/@tanstack/router-core/dist/esm/router.js:178:14)
    at file:///home/siegfriedneto/projects/servicedeskn1/frontend/app/node_modules/@tanstack/react-router/dist/esm/Transitioner.js:46:25
    at settleOwner (file:///home/siegfriedneto/projects/servicedeskn1/frontend/app/node_modules/@tanstack/react-router/dist/esm/Transitioner.js:10:10)
    at file:///home/siegfriedneto/projects/servicedeskn1/frontend/app/node_modules/@tanstack/react-router/dist/esm/Matches.js:38:39
    at Object.react_stack_bottom_frame (/home/siegfriedneto/projects/servicedeskn1/frontend/app/node_modules/react-dom/cjs/react-dom-client.development.js:25989:20)
    at runWithFiberInDEV (/home/siegfriedneto/projects/servicedeskn1/frontend/app/node_modules/react-dom/cjs/react-dom-client.development.js:874:13)
    at commitHookEffectListMount (/home/siegfriedneto/projects/servicedeskn1/frontend/app/node_modules/react-dom/cjs/react-dom-client.development.js:13249:29) [90mundefined[39m
Error: Not implemented: window.scrollTo
    at module.exports (/home/siegfriedneto/projects/servicedeskn1/frontend/app/node_modules/jsdom/lib/jsdom/browser/not-implemented.js:9:17)
    at /home/siegfriedneto/projects/servicedeskn1/frontend/app/node_modules/jsdom/lib/jsdom/browser/Window.js:960:7
    at Object.fn (file:///home/siegfriedneto/projects/servicedeskn1/frontend/app/node_modules/@tanstack/router-core/dist/esm/scroll-restoration.js:180:27)
    at RouterCore.emit (file:///home/siegfriedneto/projects/servicedeskn1/frontend/app/node_modules/@tanstack/router-core/dist/esm/router.js:178:14)
    at file:///home/siegfriedneto/projects/servicedeskn1/frontend/app/node_modules/@tanstack/router-core/dist/esm/load-client.js:943:46
    at Router.batch (file:///home/siegfriedneto/projects/servicedeskn1/frontend/app/node_modules/@tanstack/store/dist/esm/atom.js:39:5)
    at file:///home/siegfriedneto/projects/servicedeskn1/frontend/app/node_modules/@tanstack/router-core/dist/esm/load-client.js:936:10
    at runClientTransaction (file:///home/siegfriedneto/projects/servicedeskn1/frontend/app/node_modules/@tanstack/router-core/dist/esm/load-client.js:902:2)
    at loadClientRoute (file:///home/siegfriedneto/projects/servicedeskn1/frontend/app/node_modules/@tanstack/router-core/dist/esm/load-client.js:1034:2)
    at RouterCore.load (file:///home/siegfriedneto/projects/servicedeskn1/frontend/app/node_modules/@tanstack/router-core/dist/esm/router.js:489:4) [90mundefined[39m
Error: Not implemented: window.scrollTo
    at module.exports (/home/siegfriedneto/projects/servicedeskn1/frontend/app/node_modules/jsdom/lib/jsdom/browser/not-implemented.js:9:17)
    at /home/siegfriedneto/projects/servicedeskn1/frontend/app/node_modules/jsdom/lib/jsdom/browser/Window.js:960:7
    at Object.fn (file:///home/siegfriedneto/projects/servicedeskn1/frontend/app/node_modules/@tanstack/router-core/dist/esm/scroll-restoration.js:180:27)
    at RouterCore.emit (file:///home/siegfriedneto/projects/servicedeskn1/frontend/app/node_modules/@tanstack/router-core/dist/esm/router.js:178:14)
    at file:///home/siegfriedneto/projects/servicedeskn1/frontend/app/node_modules/@tanstack/react-router/dist/esm/Transitioner.js:46:25
    at settleOwner (file:///home/siegfriedneto/projects/servicedeskn1/frontend/app/node_modules/@tanstack/react-router/dist/esm/Transitioner.js:10:10)
    at file:///home/siegfriedneto/projects/servicedeskn1/frontend/app/node_modules/@tanstack/react-router/dist/esm/Matches.js:38:39
    at Object.react_stack_bottom_frame (/home/siegfriedneto/projects/servicedeskn1/frontend/app/node_modules/react-dom/cjs/react-dom-client.development.js:25989:20)
    at runWithFiberInDEV (/home/siegfriedneto/projects/servicedeskn1/frontend/app/node_modules/react-dom/cjs/react-dom-client.development.js:874:13)
    at commitHookEffectListMount (/home/siegfriedneto/projects/servicedeskn1/frontend/app/node_modules/react-dom/cjs/react-dom-client.development.js:13249:29) [90mundefined[39m
Error: Not implemented: window.scrollTo
    at module.exports (/home/siegfriedneto/projects/servicedeskn1/frontend/app/node_modules/jsdom/lib/jsdom/browser/not-implemented.js:9:17)
    at /home/siegfriedneto/projects/servicedeskn1/frontend/app/node_modules/jsdom/lib/jsdom/browser/Window.js:960:7
    at Object.fn (file:///home/siegfriedneto/projects/servicedeskn1/frontend/app/node_modules/@tanstack/router-core/dist/esm/scroll-restoration.js:180:27)
    at RouterCore.emit (file:///home/siegfriedneto/projects/servicedeskn1/frontend/app/node_modules/@tanstack/router-core/dist/esm/router.js:178:14)
    at file:///home/siegfriedneto/projects/servicedeskn1/frontend/app/node_modules/@tanstack/router-core/dist/esm/load-client.js:943:46
    at Router.batch (file:///home/siegfriedneto/projects/servicedeskn1/frontend/app/node_modules/@tanstack/store/dist/esm/atom.js:39:5)
    at file:///home/siegfriedneto/projects/servicedeskn1/frontend/app/node_modules/@tanstack/router-core/dist/esm/load-client.js:936:10
    at runClientTransaction (file:///home/siegfriedneto/projects/servicedeskn1/frontend/app/node_modules/@tanstack/router-core/dist/esm/load-client.js:902:2)
    at loadClientRoute (file:///home/siegfriedneto/projects/servicedeskn1/frontend/app/node_modules/@tanstack/router-core/dist/esm/load-client.js:1034:2)
    at RouterCore.load (file:///home/siegfriedneto/projects/servicedeskn1/frontend/app/node_modules/@tanstack/router-core/dist/esm/router.js:489:4) [90mundefined[39m
Error: Not implemented: window.scrollTo
    at module.exports (/home/siegfriedneto/projects/servicedeskn1/frontend/app/node_modules/jsdom/lib/jsdom/browser/not-implemented.js:9:17)
    at /home/siegfriedneto/projects/servicedeskn1/frontend/app/node_modules/jsdom/lib/jsdom/browser/Window.js:960:7
    at Object.fn (file:///home/siegfriedneto/projects/servicedeskn1/frontend/app/node_modules/@tanstack/router-core/dist/esm/scroll-restoration.js:180:27)
    at RouterCore.emit (file:///home/siegfriedneto/projects/servicedeskn1/frontend/app/node_modules/@tanstack/router-core/dist/esm/router.js:178:14)
    at file:///home/siegfriedneto/projects/servicedeskn1/frontend/app/node_modules/@tanstack/router-core/dist/esm/load-client.js:943:46
    at Router.batch (file:///home/siegfriedneto/projects/servicedeskn1/frontend/app/node_modules/@tanstack/store/dist/esm/atom.js:39:5)
    at file:///home/siegfriedneto/projects/servicedeskn1/frontend/app/node_modules/@tanstack/router-core/dist/esm/load-client.js:936:10
    at runClientTransaction (file:///home/siegfriedneto/projects/servicedeskn1/frontend/app/node_modules/@tanstack/router-core/dist/esm/load-client.js:902:2)
    at loadClientRoute (file:///home/siegfriedneto/projects/servicedeskn1/frontend/app/node_modules/@tanstack/router-core/dist/esm/load-client.js:1034:2)
    at RouterCore.load (file:///home/siegfriedneto/projects/servicedeskn1/frontend/app/node_modules/@tanstack/router-core/dist/esm/router.js:489:4) [90mundefined[39m
Error: Not implemented: window.scrollTo
    at module.exports (/home/siegfriedneto/projects/servicedeskn1/frontend/app/node_modules/jsdom/lib/jsdom/browser/not-implemented.js:9:17)
    at /home/siegfriedneto/projects/servicedeskn1/frontend/app/node_modules/jsdom/lib/jsdom/browser/Window.js:960:7
    at Object.fn (file:///home/siegfriedneto/projects/servicedeskn1/frontend/app/node_modules/@tanstack/router-core/dist/esm/scroll-restoration.js:180:27)
    at RouterCore.emit (file:///home/siegfriedneto/projects/servicedeskn1/frontend/app/node_modules/@tanstack/router-core/dist/esm/router.js:178:14)
    at file:///home/siegfriedneto/projects/servicedeskn1/frontend/app/node_modules/@tanstack/react-router/dist/esm/Transitioner.js:46:25
    at settleOwner (file:///home/siegfriedneto/projects/servicedeskn1/frontend/app/node_modules/@tanstack/react-router/dist/esm/Transitioner.js:10:10)
    at file:///home/siegfriedneto/projects/servicedeskn1/frontend/app/node_modules/@tanstack/react-router/dist/esm/Matches.js:38:39
    at Object.react_stack_bottom_frame (/home/siegfriedneto/projects/servicedeskn1/frontend/app/node_modules/react-dom/cjs/react-dom-client.development.js:25989:20)
    at runWithFiberInDEV (/home/siegfriedneto/projects/servicedeskn1/frontend/app/node_modules/react-dom/cjs/react-dom-client.development.js:874:13)
    at commitHookEffectListMount (/home/siegfriedneto/projects/servicedeskn1/frontend/app/node_modules/react-dom/cjs/react-dom-client.development.js:13249:29) [90mundefined[39m
Error: Not implemented: window.scrollTo
    at module.exports (/home/siegfriedneto/projects/servicedeskn1/frontend/app/node_modules/jsdom/lib/jsdom/browser/not-implemented.js:9:17)
    at /home/siegfriedneto/projects/servicedeskn1/frontend/app/node_modules/jsdom/lib/jsdom/browser/Window.js:960:7
    at Object.fn (file:///home/siegfriedneto/projects/servicedeskn1/frontend/app/node_modules/@tanstack/router-core/dist/esm/scroll-restoration.js:180:27)
    at RouterCore.emit (file:///home/siegfriedneto/projects/servicedeskn1/frontend/app/node_modules/@tanstack/router-core/dist/esm/router.js:178:14)
    at file:///home/siegfriedneto/projects/servicedeskn1/frontend/app/node_modules/@tanstack/react-router/dist/esm/Transitioner.js:46:25
    at settleOwner (file:///home/siegfriedneto/projects/servicedeskn1/frontend/app/node_modules/@tanstack/react-router/dist/esm/Transitioner.js:10:10)
    at file:///home/siegfriedneto/projects/servicedeskn1/frontend/app/node_modules/@tanstack/react-router/dist/esm/Matches.js:38:39
    at Object.react_stack_bottom_frame (/home/siegfriedneto/projects/servicedeskn1/frontend/app/node_modules/react-dom/cjs/react-dom-client.development.js:25989:20)
    at runWithFiberInDEV (/home/siegfriedneto/projects/servicedeskn1/frontend/app/node_modules/react-dom/cjs/react-dom-client.development.js:874:13)
    at commitHookEffectListMount (/home/siegfriedneto/projects/servicedeskn1/frontend/app/node_modules/react-dom/cjs/react-dom-client.development.js:13249:29) [90mundefined[39m
Error: Not implemented: window.scrollTo
    at module.exports (/home/siegfriedneto/projects/servicedeskn1/frontend/app/node_modules/jsdom/lib/jsdom/browser/not-implemented.js:9:17)
    at /home/siegfriedneto/projects/servicedeskn1/frontend/app/node_modules/jsdom/lib/jsdom/browser/Window.js:960:7
    at Object.fn (file:///home/siegfriedneto/projects/servicedeskn1/frontend/app/node_modules/@tanstack/router-core/dist/esm/scroll-restoration.js:180:27)
    at RouterCore.emit (file:///home/siegfriedneto/projects/servicedeskn1/frontend/app/node_modules/@tanstack/router-core/dist/esm/router.js:178:14)
    at file:///home/siegfriedneto/projects/servicedeskn1/frontend/app/node_modules/@tanstack/react-router/dist/esm/Transitioner.js:46:25
    at settleOwner (file:///home/siegfriedneto/projects/servicedeskn1/frontend/app/node_modules/@tanstack/react-router/dist/esm/Transitioner.js:10:10)
    at file:///home/siegfriedneto/projects/servicedeskn1/frontend/app/node_modules/@tanstack/react-router/dist/esm/Matches.js:38:39
    at Object.react_stack_bottom_frame (/home/siegfriedneto/projects/servicedeskn1/frontend/app/node_modules/react-dom/cjs/react-dom-client.development.js:25989:20)
    at runWithFiberInDEV (/home/siegfriedneto/projects/servicedeskn1/frontend/app/node_modules/react-dom/cjs/react-dom-client.development.js:874:13)
    at commitHookEffectListMount (/home/siegfriedneto/projects/servicedeskn1/frontend/app/node_modules/react-dom/cjs/react-dom-client.development.js:13249:29) [90mundefined[39m
Error: Not implemented: window.scrollTo
    at module.exports (/home/siegfriedneto/projects/servicedeskn1/frontend/app/node_modules/jsdom/lib/jsdom/browser/not-implemented.js:9:17)
    at /home/siegfriedneto/projects/servicedeskn1/frontend/app/node_modules/jsdom/lib/jsdom/browser/Window.js:960:7
    at Object.fn (file:///home/siegfriedneto/projects/servicedeskn1/frontend/app/node_modules/@tanstack/router-core/dist/esm/scroll-restoration.js:180:27)
    at RouterCore.emit (file:///home/siegfriedneto/projects/servicedeskn1/frontend/app/node_modules/@tanstack/router-core/dist/esm/router.js:178:14)
    at file:///home/siegfriedneto/projects/servicedeskn1/frontend/app/node_modules/@tanstack/react-router/dist/esm/Transitioner.js:46:25
    at settleOwner (file:///home/siegfriedneto/projects/servicedeskn1/frontend/app/node_modules/@tanstack/react-router/dist/esm/Transitioner.js:10:10)
    at file:///home/siegfriedneto/projects/servicedeskn1/frontend/app/node_modules/@tanstack/react-router/dist/esm/Matches.js:38:39
    at Object.react_stack_bottom_frame (/home/siegfriedneto/projects/servicedeskn1/frontend/app/node_modules/react-dom/cjs/react-dom-client.development.js:25989:20)
    at runWithFiberInDEV (/home/siegfriedneto/projects/servicedeskn1/frontend/app/node_modules/react-dom/cjs/react-dom-client.development.js:874:13)
    at commitHookEffectListMount (/home/siegfriedneto/projects/servicedeskn1/frontend/app/node_modules/react-dom/cjs/react-dom-client.development.js:13249:29) [90mundefined[39m
Error: Not implemented: window.scrollTo
    at module.exports (/home/siegfriedneto/projects/servicedeskn1/frontend/app/node_modules/jsdom/lib/jsdom/browser/not-implemented.js:9:17)
    at /home/siegfriedneto/projects/servicedeskn1/frontend/app/node_modules/jsdom/lib/jsdom/browser/Window.js:960:7
    at Object.fn (file:///home/siegfriedneto/projects/servicedeskn1/frontend/app/node_modules/@tanstack/router-core/dist/esm/scroll-restoration.js:180:27)
    at RouterCore.emit (file:///home/siegfriedneto/projects/servicedeskn1/frontend/app/node_modules/@tanstack/router-core/dist/esm/router.js:178:14)
    at file:///home/siegfriedneto/projects/servicedeskn1/frontend/app/node_modules/@tanstack/react-router/dist/esm/Transitioner.js:46:25
    at settleOwner (file:///home/siegfriedneto/projects/servicedeskn1/frontend/app/node_modules/@tanstack/react-router/dist/esm/Transitioner.js:10:10)
    at file:///home/siegfriedneto/projects/servicedeskn1/frontend/app/node_modules/@tanstack/react-router/dist/esm/Matches.js:38:39
    at Object.react_stack_bottom_frame (/home/siegfriedneto/projects/servicedeskn1/frontend/app/node_modules/react-dom/cjs/react-dom-client.development.js:25989:20)
    at runWithFiberInDEV (/home/siegfriedneto/projects/servicedeskn1/frontend/app/node_modules/react-dom/cjs/react-dom-client.development.js:874:13)
    at commitHookEffectListMount (/home/siegfriedneto/projects/servicedeskn1/frontend/app/node_modules/react-dom/cjs/react-dom-client.development.js:13249:29) [90mundefined[39m
Error: Not implemented: window.scrollTo
    at module.exports (/home/siegfriedneto/projects/servicedeskn1/frontend/app/node_modules/jsdom/lib/jsdom/browser/not-implemented.js:9:17)
    at /home/siegfriedneto/projects/servicedeskn1/frontend/app/node_modules/jsdom/lib/jsdom/browser/Window.js:960:7
    at Object.fn (file:///home/siegfriedneto/projects/servicedeskn1/frontend/app/node_modules/@tanstack/router-core/dist/esm/scroll-restoration.js:180:27)
    at RouterCore.emit (file:///home/siegfriedneto/projects/servicedeskn1/frontend/app/node_modules/@tanstack/router-core/dist/esm/router.js:178:14)
    at file:///home/siegfriedneto/projects/servicedeskn1/frontend/app/node_modules/@tanstack/router-core/dist/esm/load-client.js:943:46
    at Router.batch (file:///home/siegfriedneto/projects/servicedeskn1/frontend/app/node_modules/@tanstack/store/dist/esm/atom.js:39:5)
    at file:///home/siegfriedneto/projects/servicedeskn1/frontend/app/node_modules/@tanstack/router-core/dist/esm/load-client.js:936:10
    at runClientTransaction (file:///home/siegfriedneto/projects/servicedeskn1/frontend/app/node_modules/@tanstack/router-core/dist/esm/load-client.js:902:2)
    at loadClientRoute (file:///home/siegfriedneto/projects/servicedeskn1/frontend/app/node_modules/@tanstack/router-core/dist/esm/load-client.js:1034:2)
    at RouterCore.load (file:///home/siegfriedneto/projects/servicedeskn1/frontend/app/node_modules/@tanstack/router-core/dist/esm/router.js:489:4) [90mundefined[39m
Error: Not implemented: window.scrollTo
    at module.exports (/home/siegfriedneto/projects/servicedeskn1/frontend/app/node_modules/jsdom/lib/jsdom/browser/not-implemented.js:9:17)
    at /home/siegfriedneto/projects/servicedeskn1/frontend/app/node_modules/jsdom/lib/jsdom/browser/Window.js:960:7
    at Object.fn (file:///home/siegfriedneto/projects/servicedeskn1/frontend/app/node_modules/@tanstack/router-core/dist/esm/scroll-restoration.js:180:27)
    at RouterCore.emit (file:///home/siegfriedneto/projects/servicedeskn1/frontend/app/node_modules/@tanstack/router-core/dist/esm/router.js:178:14)
    at file:///home/siegfriedneto/projects/servicedeskn1/frontend/app/node_modules/@tanstack/react-router/dist/esm/Transitioner.js:46:25
    at settleOwner (file:///home/siegfriedneto/projects/servicedeskn1/frontend/app/node_modules/@tanstack/react-router/dist/esm/Transitioner.js:10:10)
    at file:///home/siegfriedneto/projects/servicedeskn1/frontend/app/node_modules/@tanstack/react-router/dist/esm/Matches.js:38:39
    at Object.react_stack_bottom_frame (/home/siegfriedneto/projects/servicedeskn1/frontend/app/node_modules/react-dom/cjs/react-dom-client.development.js:25989:20)
    at runWithFiberInDEV (/home/siegfriedneto/projects/servicedeskn1/frontend/app/node_modules/react-dom/cjs/react-dom-client.development.js:874:13)
    at commitHookEffectListMount (/home/siegfriedneto/projects/servicedeskn1/frontend/app/node_modules/react-dom/cjs/react-dom-client.development.js:13249:29) [90mundefined[39m
Error: Not implemented: window.scrollTo
    at module.exports (/home/siegfriedneto/projects/servicedeskn1/frontend/app/node_modules/jsdom/lib/jsdom/browser/not-implemented.js:9:17)
    at /home/siegfriedneto/projects/servicedeskn1/frontend/app/node_modules/jsdom/lib/jsdom/browser/Window.js:960:7
    at Object.fn (file:///home/siegfriedneto/projects/servicedeskn1/frontend/app/node_modules/@tanstack/router-core/dist/esm/scroll-restoration.js:180:27)
    at RouterCore.emit (file:///home/siegfriedneto/projects/servicedeskn1/frontend/app/node_modules/@tanstack/router-core/dist/esm/router.js:178:14)
    at file:///home/siegfriedneto/projects/servicedeskn1/frontend/app/node_modules/@tanstack/react-router/dist/esm/Transitioner.js:46:25
    at settleOwner (file:///home/siegfriedneto/projects/servicedeskn1/frontend/app/node_modules/@tanstack/react-router/dist/esm/Transitioner.js:10:10)
    at file:///home/siegfriedneto/projects/servicedeskn1/frontend/app/node_modules/@tanstack/react-router/dist/esm/Matches.js:38:39
    at Object.react_stack_bottom_frame (/home/siegfriedneto/projects/servicedeskn1/frontend/app/node_modules/react-dom/cjs/react-dom-client.development.js:25989:20)
    at runWithFiberInDEV (/home/siegfriedneto/projects/servicedeskn1/frontend/app/node_modules/react-dom/cjs/react-dom-client.development.js:874:13)
    at commitHookEffectListMount (/home/siegfriedneto/projects/servicedeskn1/frontend/app/node_modules/react-dom/cjs/react-dom-client.development.js:13249:29) [90mundefined[39m
Error: Not implemented: window.scrollTo
    at module.exports (/home/siegfriedneto/projects/servicedeskn1/frontend/app/node_modules/jsdom/lib/jsdom/browser/not-implemented.js:9:17)
    at /home/siegfriedneto/projects/servicedeskn1/frontend/app/node_modules/jsdom/lib/jsdom/browser/Window.js:960:7
    at Object.fn (file:///home/siegfriedneto/projects/servicedeskn1/frontend/app/node_modules/@tanstack/router-core/dist/esm/scroll-restoration.js:180:27)
    at RouterCore.emit (file:///home/siegfriedneto/projects/servicedeskn1/frontend/app/node_modules/@tanstack/router-core/dist/esm/router.js:178:14)
    at file:///home/siegfriedneto/projects/servicedeskn1/frontend/app/node_modules/@tanstack/react-router/dist/esm/Transitioner.js:46:25
    at settleOwner (file:///home/siegfriedneto/projects/servicedeskn1/frontend/app/node_modules/@tanstack/react-router/dist/esm/Transitioner.js:10:10)
    at file:///home/siegfriedneto/projects/servicedeskn1/frontend/app/node_modules/@tanstack/react-router/dist/esm/Matches.js:38:39
    at Object.react_stack_bottom_frame (/home/siegfriedneto/projects/servicedeskn1/frontend/app/node_modules/react-dom/cjs/react-dom-client.development.js:25989:20)
    at runWithFiberInDEV (/home/siegfriedneto/projects/servicedeskn1/frontend/app/node_modules/react-dom/cjs/react-dom-client.development.js:874:13)
    at commitHookEffectListMount (/home/siegfriedneto/projects/servicedeskn1/frontend/app/node_modules/react-dom/cjs/react-dom-client.development.js:13249:29) [90mundefined[39m
Error: Not implemented: window.scrollTo
    at module.exports (/home/siegfriedneto/projects/servicedeskn1/frontend/app/node_modules/jsdom/lib/jsdom/browser/not-implemented.js:9:17)
    at /home/siegfriedneto/projects/servicedeskn1/frontend/app/node_modules/jsdom/lib/jsdom/browser/Window.js:960:7
    at Object.fn (file:///home/siegfriedneto/projects/servicedeskn1/frontend/app/node_modules/@tanstack/router-core/dist/esm/scroll-restoration.js:180:27)
    at RouterCore.emit (file:///home/siegfriedneto/projects/servicedeskn1/frontend/app/node_modules/@tanstack/router-core/dist/esm/router.js:178:14)
    at file:///home/siegfriedneto/projects/servicedeskn1/frontend/app/node_modules/@tanstack/react-router/dist/esm/Transitioner.js:46:25
    at settleOwner (file:///home/siegfriedneto/projects/servicedeskn1/frontend/app/node_modules/@tanstack/react-router/dist/esm/Transitioner.js:10:10)
    at file:///home/siegfriedneto/projects/servicedeskn1/frontend/app/node_modules/@tanstack/react-router/dist/esm/Matches.js:38:39
    at Object.react_stack_bottom_frame (/home/siegfriedneto/projects/servicedeskn1/frontend/app/node_modules/react-dom/cjs/react-dom-client.development.js:25989:20)
    at runWithFiberInDEV (/home/siegfriedneto/projects/servicedeskn1/frontend/app/node_modules/react-dom/cjs/react-dom-client.development.js:874:13)
    at commitHookEffectListMount (/home/siegfriedneto/projects/servicedeskn1/frontend/app/node_modules/react-dom/cjs/react-dom-client.development.js:13249:29) [90mundefined[39m
Error: Not implemented: window.scrollTo
    at module.exports (/home/siegfriedneto/projects/servicedeskn1/frontend/app/node_modules/jsdom/lib/jsdom/browser/not-implemented.js:9:17)
    at /home/siegfriedneto/projects/servicedeskn1/frontend/app/node_modules/jsdom/lib/jsdom/browser/Window.js:960:7
    at Object.fn (file:///home/siegfriedneto/projects/servicedeskn1/frontend/app/node_modules/@tanstack/router-core/dist/esm/scroll-restoration.js:180:27)
    at RouterCore.emit (file:///home/siegfriedneto/projects/servicedeskn1/frontend/app/node_modules/@tanstack/router-core/dist/esm/router.js:178:14)
    at file:///home/siegfriedneto/projects/servicedeskn1/frontend/app/node_modules/@tanstack/react-router/dist/esm/Transitioner.js:46:25
    at settleOwner (file:///home/siegfriedneto/projects/servicedeskn1/frontend/app/node_modules/@tanstack/react-router/dist/esm/Transitioner.js:10:10)
    at file:///home/siegfriedneto/projects/servicedeskn1/frontend/app/node_modules/@tanstack/react-router/dist/esm/Matches.js:38:39
    at Object.react_stack_bottom_frame (/home/siegfriedneto/projects/servicedeskn1/frontend/app/node_modules/react-dom/cjs/react-dom-client.development.js:25989:20)
    at runWithFiberInDEV (/home/siegfriedneto/projects/servicedeskn1/frontend/app/node_modules/react-dom/cjs/react-dom-client.development.js:874:13)
    at commitHookEffectListMount (/home/siegfriedneto/projects/servicedeskn1/frontend/app/node_modules/react-dom/cjs/react-dom-client.development.js:13249:29) [90mundefined[39m
Error: Not implemented: window.scrollTo
    at module.exports (/home/siegfriedneto/projects/servicedeskn1/frontend/app/node_modules/jsdom/lib/jsdom/browser/not-implemented.js:9:17)
    at /home/siegfriedneto/projects/servicedeskn1/frontend/app/node_modules/jsdom/lib/jsdom/browser/Window.js:960:7
    at Object.fn (file:///home/siegfriedneto/projects/servicedeskn1/frontend/app/node_modules/@tanstack/router-core/dist/esm/scroll-restoration.js:180:27)
    at RouterCore.emit (file:///home/siegfriedneto/projects/servicedeskn1/frontend/app/node_modules/@tanstack/router-core/dist/esm/router.js:178:14)
    at file:///home/siegfriedneto/projects/servicedeskn1/frontend/app/node_modules/@tanstack/router-core/dist/esm/load-client.js:943:46
    at Router.batch (file:///home/siegfriedneto/projects/servicedeskn1/frontend/app/node_modules/@tanstack/store/dist/esm/atom.js:39:5)
    at file:///home/siegfriedneto/projects/servicedeskn1/frontend/app/node_modules/@tanstack/router-core/dist/esm/load-client.js:936:10
    at runClientTransaction (file:///home/siegfriedneto/projects/servicedeskn1/frontend/app/node_modules/@tanstack/router-core/dist/esm/load-client.js:902:2)
    at loadClientRoute (file:///home/siegfriedneto/projects/servicedeskn1/frontend/app/node_modules/@tanstack/router-core/dist/esm/load-client.js:1034:2)
    at RouterCore.load (file:///home/siegfriedneto/projects/servicedeskn1/frontend/app/node_modules/@tanstack/router-core/dist/esm/router.js:489:4) [90mundefined[39m
Error: Not implemented: window.scrollTo
    at module.exports (/home/siegfriedneto/projects/servicedeskn1/frontend/app/node_modules/jsdom/lib/jsdom/browser/not-implemented.js:9:17)
    at /home/siegfriedneto/projects/servicedeskn1/frontend/app/node_modules/jsdom/lib/jsdom/browser/Window.js:960:7
    at Object.fn (file:///home/siegfriedneto/projects/servicedeskn1/frontend/app/node_modules/@tanstack/router-core/dist/esm/scroll-restoration.js:180:27)
    at RouterCore.emit (file:///home/siegfriedneto/projects/servicedeskn1/frontend/app/node_modules/@tanstack/router-core/dist/esm/router.js:178:14)
    at file:///home/siegfriedneto/projects/servicedeskn1/frontend/app/node_modules/@tanstack/react-router/dist/esm/Transitioner.js:46:25
    at settleOwner (file:///home/siegfriedneto/projects/servicedeskn1/frontend/app/node_modules/@tanstack/react-router/dist/esm/Transitioner.js:10:10)
    at file:///home/siegfriedneto/projects/servicedeskn1/frontend/app/node_modules/@tanstack/react-router/dist/esm/Matches.js:38:39
    at Object.react_stack_bottom_frame (/home/siegfriedneto/projects/servicedeskn1/frontend/app/node_modules/react-dom/cjs/react-dom-client.development.js:25989:20)
    at runWithFiberInDEV (/home/siegfriedneto/projects/servicedeskn1/frontend/app/node_modules/react-dom/cjs/react-dom-client.development.js:874:13)
    at commitHookEffectListMount (/home/siegfriedneto/projects/servicedeskn1/frontend/app/node_modules/react-dom/cjs/react-dom-client.development.js:13249:29) [90mundefined[39m
Error: Not implemented: window.scrollTo
    at module.exports (/home/siegfriedneto/projects/servicedeskn1/frontend/app/node_modules/jsdom/lib/jsdom/browser/not-implemented.js:9:17)
    at /home/siegfriedneto/projects/servicedeskn1/frontend/app/node_modules/jsdom/lib/jsdom/browser/Window.js:960:7
    at Object.fn (file:///home/siegfriedneto/projects/servicedeskn1/frontend/app/node_modules/@tanstack/router-core/dist/esm/scroll-restoration.js:180:27)
    at RouterCore.emit (file:///home/siegfriedneto/projects/servicedeskn1/frontend/app/node_modules/@tanstack/router-core/dist/esm/router.js:178:14)
    at file:///home/siegfriedneto/projects/servicedeskn1/frontend/app/node_modules/@tanstack/react-router/dist/esm/Transitioner.js:46:25
    at settleOwner (file:///home/siegfriedneto/projects/servicedeskn1/frontend/app/node_modules/@tanstack/react-router/dist/esm/Transitioner.js:10:10)
    at file:///home/siegfriedneto/projects/servicedeskn1/frontend/app/node_modules/@tanstack/react-router/dist/esm/Matches.js:38:39
    at Object.react_stack_bottom_frame (/home/siegfriedneto/projects/servicedeskn1/frontend/app/node_modules/react-dom/cjs/react-dom-client.development.js:25989:20)
    at runWithFiberInDEV (/home/siegfriedneto/projects/servicedeskn1/frontend/app/node_modules/react-dom/cjs/react-dom-client.development.js:874:13)
    at commitHookEffectListMount (/home/siegfriedneto/projects/servicedeskn1/frontend/app/node_modules/react-dom/cjs/react-dom-client.development.js:13249:29) [90mundefined[39m
Error: Not implemented: window.scrollTo
    at module.exports (/home/siegfriedneto/projects/servicedeskn1/frontend/app/node_modules/jsdom/lib/jsdom/browser/not-implemented.js:9:17)
    at /home/siegfriedneto/projects/servicedeskn1/frontend/app/node_modules/jsdom/lib/jsdom/browser/Window.js:960:7
    at Object.fn (file:///home/siegfriedneto/projects/servicedeskn1/frontend/app/node_modules/@tanstack/router-core/dist/esm/scroll-restoration.js:180:27)
    at RouterCore.emit (file:///home/siegfriedneto/projects/servicedeskn1/frontend/app/node_modules/@tanstack/router-core/dist/esm/router.js:178:14)
    at file:///home/siegfriedneto/projects/servicedeskn1/frontend/app/node_modules/@tanstack/react-router/dist/esm/Transitioner.js:46:25
    at settleOwner (file:///home/siegfriedneto/projects/servicedeskn1/frontend/app/node_modules/@tanstack/react-router/dist/esm/Transitioner.js:10:10)
    at file:///home/siegfriedneto/projects/servicedeskn1/frontend/app/node_modules/@tanstack/react-router/dist/esm/Matches.js:38:39
    at Object.react_stack_bottom_frame (/home/siegfriedneto/projects/servicedeskn1/frontend/app/node_modules/react-dom/cjs/react-dom-client.development.js:25989:20)
    at runWithFiberInDEV (/home/siegfriedneto/projects/servicedeskn1/frontend/app/node_modules/react-dom/cjs/react-dom-client.development.js:874:13)
    at commitHookEffectListMount (/home/siegfriedneto/projects/servicedeskn1/frontend/app/node_modules/react-dom/cjs/react-dom-client.development.js:13249:29) [90mundefined[39m
Error: Not implemented: window.scrollTo
    at module.exports (/home/siegfriedneto/projects/servicedeskn1/frontend/app/node_modules/jsdom/lib/jsdom/browser/not-implemented.js:9:17)
    at /home/siegfriedneto/projects/servicedeskn1/frontend/app/node_modules/jsdom/lib/jsdom/browser/Window.js:960:7
    at Object.fn (file:///home/siegfriedneto/projects/servicedeskn1/frontend/app/node_modules/@tanstack/router-core/dist/esm/scroll-restoration.js:180:27)
    at RouterCore.emit (file:///home/siegfriedneto/projects/servicedeskn1/frontend/app/node_modules/@tanstack/router-core/dist/esm/router.js:178:14)
    at file:///home/siegfriedneto/projects/servicedeskn1/frontend/app/node_modules/@tanstack/react-router/dist/esm/Transitioner.js:46:25
    at settleOwner (file:///home/siegfriedneto/projects/servicedeskn1/frontend/app/node_modules/@tanstack/react-router/dist/esm/Transitioner.js:10:10)
    at file:///home/siegfriedneto/projects/servicedeskn1/frontend/app/node_modules/@tanstack/react-router/dist/esm/Matches.js:38:39
    at Object.react_stack_bottom_frame (/home/siegfriedneto/projects/servicedeskn1/frontend/app/node_modules/react-dom/cjs/react-dom-client.development.js:25989:20)
    at runWithFiberInDEV (/home/siegfriedneto/projects/servicedeskn1/frontend/app/node_modules/react-dom/cjs/react-dom-client.development.js:874:13)
    at commitHookEffectListMount (/home/siegfriedneto/projects/servicedeskn1/frontend/app/node_modules/react-dom/cjs/react-dom-client.development.js:13249:29) [90mundefined[39m
Error: Not implemented: window.scrollTo
    at module.exports (/home/siegfriedneto/projects/servicedeskn1/frontend/app/node_modules/jsdom/lib/jsdom/browser/not-implemented.js:9:17)
    at /home/siegfriedneto/projects/servicedeskn1/frontend/app/node_modules/jsdom/lib/jsdom/browser/Window.js:960:7
    at Object.fn (file:///home/siegfriedneto/projects/servicedeskn1/frontend/app/node_modules/@tanstack/router-core/dist/esm/scroll-restoration.js:180:27)
    at RouterCore.emit (file:///home/siegfriedneto/projects/servicedeskn1/frontend/app/node_modules/@tanstack/router-core/dist/esm/router.js:178:14)
    at file:///home/siegfriedneto/projects/servicedeskn1/frontend/app/node_modules/@tanstack/react-router/dist/esm/Transitioner.js:46:25
    at settleOwner (file:///home/siegfriedneto/projects/servicedeskn1/frontend/app/node_modules/@tanstack/react-router/dist/esm/Transitioner.js:10:10)
    at file:///home/siegfriedneto/projects/servicedeskn1/frontend/app/node_modules/@tanstack/react-router/dist/esm/Matches.js:38:39
    at Object.react_stack_bottom_frame (/home/siegfriedneto/projects/servicedeskn1/frontend/app/node_modules/react-dom/cjs/react-dom-client.development.js:25989:20)
    at runWithFiberInDEV (/home/siegfriedneto/projects/servicedeskn1/frontend/app/node_modules/react-dom/cjs/react-dom-client.development.js:874:13)
    at commitHookEffectListMount (/home/siegfriedneto/projects/servicedeskn1/frontend/app/node_modules/react-dom/cjs/react-dom-client.development.js:13249:29) [90mundefined[39m
Error: Not implemented: window.scrollTo
    at module.exports (/home/siegfriedneto/projects/servicedeskn1/frontend/app/node_modules/jsdom/lib/jsdom/browser/not-implemented.js:9:17)
    at /home/siegfriedneto/projects/servicedeskn1/frontend/app/node_modules/jsdom/lib/jsdom/browser/Window.js:960:7
    at Object.fn (file:///home/siegfriedneto/projects/servicedeskn1/frontend/app/node_modules/@tanstack/router-core/dist/esm/scroll-restoration.js:180:27)
    at RouterCore.emit (file:///home/siegfriedneto/projects/servicedeskn1/frontend/app/node_modules/@tanstack/router-core/dist/esm/router.js:178:14)
    at file:///home/siegfriedneto/projects/servicedeskn1/frontend/app/node_modules/@tanstack/router-core/dist/esm/load-client.js:943:46
    at Router.batch (file:///home/siegfriedneto/projects/servicedeskn1/frontend/app/node_modules/@tanstack/store/dist/esm/atom.js:39:5)
    at file:///home/siegfriedneto/projects/servicedeskn1/frontend/app/node_modules/@tanstack/router-core/dist/esm/load-client.js:936:10
    at runClientTransaction (file:///home/siegfriedneto/projects/servicedeskn1/frontend/app/node_modules/@tanstack/router-core/dist/esm/load-client.js:902:2)
    at loadClientRoute (file:///home/siegfriedneto/projects/servicedeskn1/frontend/app/node_modules/@tanstack/router-core/dist/esm/load-client.js:1034:2)
    at RouterCore.load (file:///home/siegfriedneto/projects/servicedeskn1/frontend/app/node_modules/@tanstack/router-core/dist/esm/router.js:489:4) [90mundefined[39m
Error: Not implemented: window.scrollTo
    at module.exports (/home/siegfriedneto/projects/servicedeskn1/frontend/app/node_modules/jsdom/lib/jsdom/browser/not-implemented.js:9:17)
    at /home/siegfriedneto/projects/servicedeskn1/frontend/app/node_modules/jsdom/lib/jsdom/browser/Window.js:960:7
    at Object.fn (file:///home/siegfriedneto/projects/servicedeskn1/frontend/app/node_modules/@tanstack/router-core/dist/esm/scroll-restoration.js:180:27)
    at RouterCore.emit (file:///home/siegfriedneto/projects/servicedeskn1/frontend/app/node_modules/@tanstack/router-core/dist/esm/router.js:178:14)
    at file:///home/siegfriedneto/projects/servicedeskn1/frontend/app/node_modules/@tanstack/react-router/dist/esm/Transitioner.js:46:25
    at settleOwner (file:///home/siegfriedneto/projects/servicedeskn1/frontend/app/node_modules/@tanstack/react-router/dist/esm/Transitioner.js:10:10)
    at file:///home/siegfriedneto/projects/servicedeskn1/frontend/app/node_modules/@tanstack/react-router/dist/esm/Matches.js:38:39
    at Object.react_stack_bottom_frame (/home/siegfriedneto/projects/servicedeskn1/frontend/app/node_modules/react-dom/cjs/react-dom-client.development.js:25989:20)
    at runWithFiberInDEV (/home/siegfriedneto/projects/servicedeskn1/frontend/app/node_modules/react-dom/cjs/react-dom-client.development.js:874:13)
    at commitHookEffectListMount (/home/siegfriedneto/projects/servicedeskn1/frontend/app/node_modules/react-dom/cjs/react-dom-client.development.js:13249:29) [90mundefined[39m
Error: Not implemented: window.scrollTo
    at module.exports (/home/siegfriedneto/projects/servicedeskn1/frontend/app/node_modules/jsdom/lib/jsdom/browser/not-implemented.js:9:17)
    at /home/siegfriedneto/projects/servicedeskn1/frontend/app/node_modules/jsdom/lib/jsdom/browser/Window.js:960:7
    at Object.fn (file:///home/siegfriedneto/projects/servicedeskn1/frontend/app/node_modules/@tanstack/router-core/dist/esm/scroll-restoration.js:180:27)
    at RouterCore.emit (file:///home/siegfriedneto/projects/servicedeskn1/frontend/app/node_modules/@tanstack/router-core/dist/esm/router.js:178:14)
    at file:///home/siegfriedneto/projects/servicedeskn1/frontend/app/node_modules/@tanstack/react-router/dist/esm/Transitioner.js:46:25
    at settleOwner (file:///home/siegfriedneto/projects/servicedeskn1/frontend/app/node_modules/@tanstack/react-router/dist/esm/Transitioner.js:10:10)
    at file:///home/siegfriedneto/projects/servicedeskn1/frontend/app/node_modules/@tanstack/react-router/dist/esm/Matches.js:38:39
    at Object.react_stack_bottom_frame (/home/siegfriedneto/projects/servicedeskn1/frontend/app/node_modules/react-dom/cjs/react-dom-client.development.js:25989:20)
    at runWithFiberInDEV (/home/siegfriedneto/projects/servicedeskn1/frontend/app/node_modules/react-dom/cjs/react-dom-client.development.js:874:13)
    at commitHookEffectListMount (/home/siegfriedneto/projects/servicedeskn1/frontend/app/node_modules/react-dom/cjs/react-dom-client.development.js:13249:29) [90mundefined[39m
Error: Not implemented: window.scrollTo
    at module.exports (/home/siegfriedneto/projects/servicedeskn1/frontend/app/node_modules/jsdom/lib/jsdom/browser/not-implemented.js:9:17)
    at /home/siegfriedneto/projects/servicedeskn1/frontend/app/node_modules/jsdom/lib/jsdom/browser/Window.js:960:7
    at Object.fn (file:///home/siegfriedneto/projects/servicedeskn1/frontend/app/node_modules/@tanstack/router-core/dist/esm/scroll-restoration.js:180:27)
    at RouterCore.emit (file:///home/siegfriedneto/projects/servicedeskn1/frontend/app/node_modules/@tanstack/router-core/dist/esm/router.js:178:14)
    at file:///home/siegfriedneto/projects/servicedeskn1/frontend/app/node_modules/@tanstack/react-router/dist/esm/Transitioner.js:46:25
    at settleOwner (file:///home/siegfriedneto/projects/servicedeskn1/frontend/app/node_modules/@tanstack/react-router/dist/esm/Transitioner.js:10:10)
    at file:///home/siegfriedneto/projects/servicedeskn1/frontend/app/node_modules/@tanstack/react-router/dist/esm/Matches.js:38:39
    at Object.react_stack_bottom_frame (/home/siegfriedneto/projects/servicedeskn1/frontend/app/node_modules/react-dom/cjs/react-dom-client.development.js:25989:20)
    at runWithFiberInDEV (/home/siegfriedneto/projects/servicedeskn1/frontend/app/node_modules/react-dom/cjs/react-dom-client.development.js:874:13)
    at commitHookEffectListMount (/home/siegfriedneto/projects/servicedeskn1/frontend/app/node_modules/react-dom/cjs/react-dom-client.development.js:13249:29) [90mundefined[39m
Error: Not implemented: window.scrollTo
    at module.exports (/home/siegfriedneto/projects/servicedeskn1/frontend/app/node_modules/jsdom/lib/jsdom/browser/not-implemented.js:9:17)
    at /home/siegfriedneto/projects/servicedeskn1/frontend/app/node_modules/jsdom/lib/jsdom/browser/Window.js:960:7
    at Object.fn (file:///home/siegfriedneto/projects/servicedeskn1/frontend/app/node_modules/@tanstack/router-core/dist/esm/scroll-restoration.js:180:27)
    at RouterCore.emit (file:///home/siegfriedneto/projects/servicedeskn1/frontend/app/node_modules/@tanstack/router-core/dist/esm/router.js:178:14)
    at file:///home/siegfriedneto/projects/servicedeskn1/frontend/app/node_modules/@tanstack/react-router/dist/esm/Transitioner.js:46:25
    at settleOwner (file:///home/siegfriedneto/projects/servicedeskn1/frontend/app/node_modules/@tanstack/react-router/dist/esm/Transitioner.js:10:10)
    at file:///home/siegfriedneto/projects/servicedeskn1/frontend/app/node_modules/@tanstack/react-router/dist/esm/Matches.js:38:39
    at Object.react_stack_bottom_frame (/home/siegfriedneto/projects/servicedeskn1/frontend/app/node_modules/react-dom/cjs/react-dom-client.development.js:25989:20)
    at runWithFiberInDEV (/home/siegfriedneto/projects/servicedeskn1/frontend/app/node_modules/react-dom/cjs/react-dom-client.development.js:874:13)
    at commitHookEffectListMount (/home/siegfriedneto/projects/servicedeskn1/frontend/app/node_modules/react-dom/cjs/react-dom-client.development.js:13249:29) [90mundefined[39m
Error: Not implemented: window.scrollTo
    at module.exports (/home/siegfriedneto/projects/servicedeskn1/frontend/app/node_modules/jsdom/lib/jsdom/browser/not-implemented.js:9:17)
    at /home/siegfriedneto/projects/servicedeskn1/frontend/app/node_modules/jsdom/lib/jsdom/browser/Window.js:960:7
    at Object.fn (file:///home/siegfriedneto/projects/servicedeskn1/frontend/app/node_modules/@tanstack/router-core/dist/esm/scroll-restoration.js:180:27)
    at RouterCore.emit (file:///home/siegfriedneto/projects/servicedeskn1/frontend/app/node_modules/@tanstack/router-core/dist/esm/router.js:178:14)
    at file:///home/siegfriedneto/projects/servicedeskn1/frontend/app/node_modules/@tanstack/router-core/dist/esm/load-client.js:943:46
    at Router.batch (file:///home/siegfriedneto/projects/servicedeskn1/frontend/app/node_modules/@tanstack/store/dist/esm/atom.js:39:5)
    at file:///home/siegfriedneto/projects/servicedeskn1/frontend/app/node_modules/@tanstack/router-core/dist/esm/load-client.js:936:10
    at runClientTransaction (file:///home/siegfriedneto/projects/servicedeskn1/frontend/app/node_modules/@tanstack/router-core/dist/esm/load-client.js:902:2)
    at loadClientRoute (file:///home/siegfriedneto/projects/servicedeskn1/frontend/app/node_modules/@tanstack/router-core/dist/esm/load-client.js:1034:2)
    at RouterCore.load (file:///home/siegfriedneto/projects/servicedeskn1/frontend/app/node_modules/@tanstack/router-core/dist/esm/router.js:489:4) [90mundefined[39m
Error: Not implemented: window.scrollTo
    at module.exports (/home/siegfriedneto/projects/servicedeskn1/frontend/app/node_modules/jsdom/lib/jsdom/browser/not-implemented.js:9:17)
    at /home/siegfriedneto/projects/servicedeskn1/frontend/app/node_modules/jsdom/lib/jsdom/browser/Window.js:960:7
    at Object.fn (file:///home/siegfriedneto/projects/servicedeskn1/frontend/app/node_modules/@tanstack/router-core/dist/esm/scroll-restoration.js:180:27)
    at RouterCore.emit (file:///home/siegfriedneto/projects/servicedeskn1/frontend/app/node_modules/@tanstack/router-core/dist/esm/router.js:178:14)
    at file:///home/siegfriedneto/projects/servicedeskn1/frontend/app/node_modules/@tanstack/react-router/dist/esm/Transitioner.js:46:25
    at settleOwner (file:///home/siegfriedneto/projects/servicedeskn1/frontend/app/node_modules/@tanstack/react-router/dist/esm/Transitioner.js:10:10)
    at file:///home/siegfriedneto/projects/servicedeskn1/frontend/app/node_modules/@tanstack/react-router/dist/esm/Matches.js:38:39
    at Object.react_stack_bottom_frame (/home/siegfriedneto/projects/servicedeskn1/frontend/app/node_modules/react-dom/cjs/react-dom-client.development.js:25989:20)
    at runWithFiberInDEV (/home/siegfriedneto/projects/servicedeskn1/frontend/app/node_modules/react-dom/cjs/react-dom-client.development.js:874:13)
    at commitHookEffectListMount (/home/siegfriedneto/projects/servicedeskn1/frontend/app/node_modules/react-dom/cjs/react-dom-client.development.js:13249:29) [90mundefined[39m
Error: Not implemented: window.scrollTo
    at module.exports (/home/siegfriedneto/projects/servicedeskn1/frontend/app/node_modules/jsdom/lib/jsdom/browser/not-implemented.js:9:17)
    at /home/siegfriedneto/projects/servicedeskn1/frontend/app/node_modules/jsdom/lib/jsdom/browser/Window.js:960:7
    at Object.fn (file:///home/siegfriedneto/projects/servicedeskn1/frontend/app/node_modules/@tanstack/router-core/dist/esm/scroll-restoration.js:180:27)
    at RouterCore.emit (file:///home/siegfriedneto/projects/servicedeskn1/frontend/app/node_modules/@tanstack/router-core/dist/esm/router.js:178:14)
    at file:///home/siegfriedneto/projects/servicedeskn1/frontend/app/node_modules/@tanstack/router-core/dist/esm/load-client.js:943:46
    at Router.batch (file:///home/siegfriedneto/projects/servicedeskn1/frontend/app/node_modules/@tanstack/store/dist/esm/atom.js:39:5)
    at file:///home/siegfriedneto/projects/servicedeskn1/frontend/app/node_modules/@tanstack/router-core/dist/esm/load-client.js:936:10
    at runClientTransaction (file:///home/siegfriedneto/projects/servicedeskn1/frontend/app/node_modules/@tanstack/router-core/dist/esm/load-client.js:902:2)
    at loadClientRoute (file:///home/siegfriedneto/projects/servicedeskn1/frontend/app/node_modules/@tanstack/router-core/dist/esm/load-client.js:1034:2)
    at RouterCore.load (file:///home/siegfriedneto/projects/servicedeskn1/frontend/app/node_modules/@tanstack/router-core/dist/esm/router.js:489:4) [90mundefined[39m
Error: Not implemented: window.scrollTo
    at module.exports (/home/siegfriedneto/projects/servicedeskn1/frontend/app/node_modules/jsdom/lib/jsdom/browser/not-implemented.js:9:17)
    at /home/siegfriedneto/projects/servicedeskn1/frontend/app/node_modules/jsdom/lib/jsdom/browser/Window.js:960:7
    at Object.fn (file:///home/siegfriedneto/projects/servicedeskn1/frontend/app/node_modules/@tanstack/router-core/dist/esm/scroll-restoration.js:180:27)
    at RouterCore.emit (file:///home/siegfriedneto/projects/servicedeskn1/frontend/app/node_modules/@tanstack/router-core/dist/esm/router.js:178:14)
    at file:///home/siegfriedneto/projects/servicedeskn1/frontend/app/node_modules/@tanstack/react-router/dist/esm/Transitioner.js:46:25
    at settleOwner (file:///home/siegfriedneto/projects/servicedeskn1/frontend/app/node_modules/@tanstack/react-router/dist/esm/Transitioner.js:10:10)
    at file:///home/siegfriedneto/projects/servicedeskn1/frontend/app/node_modules/@tanstack/react-router/dist/esm/Matches.js:38:39
    at Object.react_stack_bottom_frame (/home/siegfriedneto/projects/servicedeskn1/frontend/app/node_modules/react-dom/cjs/react-dom-client.development.js:25989:20)
    at runWithFiberInDEV (/home/siegfriedneto/projects/servicedeskn1/frontend/app/node_modules/react-dom/cjs/react-dom-client.development.js:874:13)
    at commitHookEffectListMount (/home/siegfriedneto/projects/servicedeskn1/frontend/app/node_modules/react-dom/cjs/react-dom-client.development.js:13249:29) [90mundefined[39m
Error: Not implemented: window.scrollTo
    at module.exports (/home/siegfriedneto/projects/servicedeskn1/frontend/app/node_modules/jsdom/lib/jsdom/browser/not-implemented.js:9:17)
    at /home/siegfriedneto/projects/servicedeskn1/frontend/app/node_modules/jsdom/lib/jsdom/browser/Window.js:960:7
    at Object.fn (file:///home/siegfriedneto/projects/servicedeskn1/frontend/app/node_modules/@tanstack/router-core/dist/esm/scroll-restoration.js:180:27)
    at RouterCore.emit (file:///home/siegfriedneto/projects/servicedeskn1/frontend/app/node_modules/@tanstack/router-core/dist/esm/router.js:178:14)
    at file:///home/siegfriedneto/projects/servicedeskn1/frontend/app/node_modules/@tanstack/react-router/dist/esm/Transitioner.js:46:25
    at settleOwner (file:///home/siegfriedneto/projects/servicedeskn1/frontend/app/node_modules/@tanstack/react-router/dist/esm/Transitioner.js:10:10)
    at file:///home/siegfriedneto/projects/servicedeskn1/frontend/app/node_modules/@tanstack/react-router/dist/esm/Matches.js:38:39
    at Object.react_stack_bottom_frame (/home/siegfriedneto/projects/servicedeskn1/frontend/app/node_modules/react-dom/cjs/react-dom-client.development.js:25989:20)
    at runWithFiberInDEV (/home/siegfriedneto/projects/servicedeskn1/frontend/app/node_modules/react-dom/cjs/react-dom-client.development.js:874:13)
    at commitHookEffectListMount (/home/siegfriedneto/projects/servicedeskn1/frontend/app/node_modules/react-dom/cjs/react-dom-client.development.js:13249:29) [90mundefined[39m
Error: Not implemented: window.scrollTo
    at module.exports (/home/siegfriedneto/projects/servicedeskn1/frontend/app/node_modules/jsdom/lib/jsdom/browser/not-implemented.js:9:17)
    at /home/siegfriedneto/projects/servicedeskn1/frontend/app/node_modules/jsdom/lib/jsdom/browser/Window.js:960:7
    at Object.fn (file:///home/siegfriedneto/projects/servicedeskn1/frontend/app/node_modules/@tanstack/router-core/dist/esm/scroll-restoration.js:180:27)
    at RouterCore.emit (file:///home/siegfriedneto/projects/servicedeskn1/frontend/app/node_modules/@tanstack/router-core/dist/esm/router.js:178:14)
    at file:///home/siegfriedneto/projects/servicedeskn1/frontend/app/node_modules/@tanstack/router-core/dist/esm/load-client.js:943:46
    at Router.batch (file:///home/siegfriedneto/projects/servicedeskn1/frontend/app/node_modules/@tanstack/store/dist/esm/atom.js:39:5)
    at file:///home/siegfriedneto/projects/servicedeskn1/frontend/app/node_modules/@tanstack/router-core/dist/esm/load-client.js:936:10
    at runClientTransaction (file:///home/siegfriedneto/projects/servicedeskn1/frontend/app/node_modules/@tanstack/router-core/dist/esm/load-client.js:902:2)
    at loadClientRoute (file:///home/siegfriedneto/projects/servicedeskn1/frontend/app/node_modules/@tanstack/router-core/dist/esm/load-client.js:1034:2)
    at RouterCore.load (file:///home/siegfriedneto/projects/servicedeskn1/frontend/app/node_modules/@tanstack/router-core/dist/esm/router.js:489:4) [90mundefined[39m
Error: Not implemented: window.scrollTo
    at module.exports (/home/siegfriedneto/projects/servicedeskn1/frontend/app/node_modules/jsdom/lib/jsdom/browser/not-implemented.js:9:17)
    at /home/siegfriedneto/projects/servicedeskn1/frontend/app/node_modules/jsdom/lib/jsdom/browser/Window.js:960:7
    at Object.fn (file:///home/siegfriedneto/projects/servicedeskn1/frontend/app/node_modules/@tanstack/router-core/dist/esm/scroll-restoration.js:180:27)
    at RouterCore.emit (file:///home/siegfriedneto/projects/servicedeskn1/frontend/app/node_modules/@tanstack/router-core/dist/esm/router.js:178:14)
    at file:///home/siegfriedneto/projects/servicedeskn1/frontend/app/node_modules/@tanstack/react-router/dist/esm/Transitioner.js:46:25
    at settleOwner (file:///home/siegfriedneto/projects/servicedeskn1/frontend/app/node_modules/@tanstack/react-router/dist/esm/Transitioner.js:10:10)
    at file:///home/siegfriedneto/projects/servicedeskn1/frontend/app/node_modules/@tanstack/react-router/dist/esm/Matches.js:38:39
    at Object.react_stack_bottom_frame (/home/siegfriedneto/projects/servicedeskn1/frontend/app/node_modules/react-dom/cjs/react-dom-client.development.js:25989:20)
    at runWithFiberInDEV (/home/siegfriedneto/projects/servicedeskn1/frontend/app/node_modules/react-dom/cjs/react-dom-client.development.js:874:13)
    at commitHookEffectListMount (/home/siegfriedneto/projects/servicedeskn1/frontend/app/node_modules/react-dom/cjs/react-dom-client.development.js:13249:29) [90mundefined[39m
Error: Not implemented: window.scrollTo
    at module.exports (/home/siegfriedneto/projects/servicedeskn1/frontend/app/node_modules/jsdom/lib/jsdom/browser/not-implemented.js:9:17)
    at /home/siegfriedneto/projects/servicedeskn1/frontend/app/node_modules/jsdom/lib/jsdom/browser/Window.js:960:7
    at Object.fn (file:///home/siegfriedneto/projects/servicedeskn1/frontend/app/node_modules/@tanstack/router-core/dist/esm/scroll-restoration.js:180:27)
    at RouterCore.emit (file:///home/siegfriedneto/projects/servicedeskn1/frontend/app/node_modules/@tanstack/router-core/dist/esm/router.js:178:14)
    at file:///home/siegfriedneto/projects/servicedeskn1/frontend/app/node_modules/@tanstack/react-router/dist/esm/Transitioner.js:46:25
    at settleOwner (file:///home/siegfriedneto/projects/servicedeskn1/frontend/app/node_modules/@tanstack/react-router/dist/esm/Transitioner.js:10:10)
    at file:///home/siegfriedneto/projects/servicedeskn1/frontend/app/node_modules/@tanstack/react-router/dist/esm/Matches.js:38:39
    at Object.react_stack_bottom_frame (/home/siegfriedneto/projects/servicedeskn1/frontend/app/node_modules/react-dom/cjs/react-dom-client.development.js:25989:20)
    at runWithFiberInDEV (/home/siegfriedneto/projects/servicedeskn1/frontend/app/node_modules/react-dom/cjs/react-dom-client.development.js:874:13)
    at commitHookEffectListMount (/home/siegfriedneto/projects/servicedeskn1/frontend/app/node_modules/react-dom/cjs/react-dom-client.development.js:13249:29) [90mundefined[39m
Error: Not implemented: window.scrollTo
    at module.exports (/home/siegfriedneto/projects/servicedeskn1/frontend/app/node_modules/jsdom/lib/jsdom/browser/not-implemented.js:9:17)
    at /home/siegfriedneto/projects/servicedeskn1/frontend/app/node_modules/jsdom/lib/jsdom/browser/Window.js:960:7
    at Object.fn (file:///home/siegfriedneto/projects/servicedeskn1/frontend/app/node_modules/@tanstack/router-core/dist/esm/scroll-restoration.js:180:27)
    at RouterCore.emit (file:///home/siegfriedneto/projects/servicedeskn1/frontend/app/node_modules/@tanstack/router-core/dist/esm/router.js:178:14)
    at file:///home/siegfriedneto/projects/servicedeskn1/frontend/app/node_modules/@tanstack/react-router/dist/esm/Transitioner.js:46:25
    at settleOwner (file:///home/siegfriedneto/projects/servicedeskn1/frontend/app/node_modules/@tanstack/react-router/dist/esm/Transitioner.js:10:10)
    at file:///home/siegfriedneto/projects/servicedeskn1/frontend/app/node_modules/@tanstack/react-router/dist/esm/Matches.js:38:39
    at Object.react_stack_bottom_frame (/home/siegfriedneto/projects/servicedeskn1/frontend/app/node_modules/react-dom/cjs/react-dom-client.development.js:25989:20)
    at runWithFiberInDEV (/home/siegfriedneto/projects/servicedeskn1/frontend/app/node_modules/react-dom/cjs/react-dom-client.development.js:874:13)
    at commitHookEffectListMount (/home/siegfriedneto/projects/servicedeskn1/frontend/app/node_modules/react-dom/cjs/react-dom-client.development.js:13249:29) [90mundefined[39m
Error: Not implemented: window.scrollTo
    at module.exports (/home/siegfriedneto/projects/servicedeskn1/frontend/app/node_modules/jsdom/lib/jsdom/browser/not-implemented.js:9:17)
    at /home/siegfriedneto/projects/servicedeskn1/frontend/app/node_modules/jsdom/lib/jsdom/browser/Window.js:960:7
    at Object.fn (file:///home/siegfriedneto/projects/servicedeskn1/frontend/app/node_modules/@tanstack/router-core/dist/esm/scroll-restoration.js:180:27)
    at RouterCore.emit (file:///home/siegfriedneto/projects/servicedeskn1/frontend/app/node_modules/@tanstack/router-core/dist/esm/router.js:178:14)
    at file:///home/siegfriedneto/projects/servicedeskn1/frontend/app/node_modules/@tanstack/react-router/dist/esm/Transitioner.js:46:25
    at settleOwner (file:///home/siegfriedneto/projects/servicedeskn1/frontend/app/node_modules/@tanstack/react-router/dist/esm/Transitioner.js:10:10)
    at file:///home/siegfriedneto/projects/servicedeskn1/frontend/app/node_modules/@tanstack/react-router/dist/esm/Matches.js:38:39
    at Object.react_stack_bottom_frame (/home/siegfriedneto/projects/servicedeskn1/frontend/app/node_modules/react-dom/cjs/react-dom-client.development.js:25989:20)
    at runWithFiberInDEV (/home/siegfriedneto/projects/servicedeskn1/frontend/app/node_modules/react-dom/cjs/react-dom-client.development.js:874:13)
    at commitHookEffectListMount (/home/siegfriedneto/projects/servicedeskn1/frontend/app/node_modules/react-dom/cjs/react-dom-client.development.js:13249:29) [90mundefined[39m
Error: Not implemented: window.scrollTo
    at module.exports (/home/siegfriedneto/projects/servicedeskn1/frontend/app/node_modules/jsdom/lib/jsdom/browser/not-implemented.js:9:17)
    at /home/siegfriedneto/projects/servicedeskn1/frontend/app/node_modules/jsdom/lib/jsdom/browser/Window.js:960:7
    at Object.fn (file:///home/siegfriedneto/projects/servicedeskn1/frontend/app/node_modules/@tanstack/router-core/dist/esm/scroll-restoration.js:180:27)
    at RouterCore.emit (file:///home/siegfriedneto/projects/servicedeskn1/frontend/app/node_modules/@tanstack/router-core/dist/esm/router.js:178:14)
    at file:///home/siegfriedneto/projects/servicedeskn1/frontend/app/node_modules/@tanstack/react-router/dist/esm/Transitioner.js:46:25
    at settleOwner (file:///home/siegfriedneto/projects/servicedeskn1/frontend/app/node_modules/@tanstack/react-router/dist/esm/Transitioner.js:10:10)
    at file:///home/siegfriedneto/projects/servicedeskn1/frontend/app/node_modules/@tanstack/react-router/dist/esm/Matches.js:38:39
    at Object.react_stack_bottom_frame (/home/siegfriedneto/projects/servicedeskn1/frontend/app/node_modules/react-dom/cjs/react-dom-client.development.js:25989:20)
    at runWithFiberInDEV (/home/siegfriedneto/projects/servicedeskn1/frontend/app/node_modules/react-dom/cjs/react-dom-client.development.js:874:13)
    at commitHookEffectListMount (/home/siegfriedneto/projects/servicedeskn1/frontend/app/node_modules/react-dom/cjs/react-dom-client.development.js:13249:29) [90mundefined[39m
Error: Not implemented: window.scrollTo
    at module.exports (/home/siegfriedneto/projects/servicedeskn1/frontend/app/node_modules/jsdom/lib/jsdom/browser/not-implemented.js:9:17)
    at /home/siegfriedneto/projects/servicedeskn1/frontend/app/node_modules/jsdom/lib/jsdom/browser/Window.js:960:7
    at Object.fn (file:///home/siegfriedneto/projects/servicedeskn1/frontend/app/node_modules/@tanstack/router-core/dist/esm/scroll-restoration.js:180:27)
    at RouterCore.emit (file:///home/siegfriedneto/projects/servicedeskn1/frontend/app/node_modules/@tanstack/router-core/dist/esm/router.js:178:14)
    at file:///home/siegfriedneto/projects/servicedeskn1/frontend/app/node_modules/@tanstack/react-router/dist/esm/Transitioner.js:46:25
    at settleOwner (file:///home/siegfriedneto/projects/servicedeskn1/frontend/app/node_modules/@tanstack/react-router/dist/esm/Transitioner.js:10:10)
    at file:///home/siegfriedneto/projects/servicedeskn1/frontend/app/node_modules/@tanstack/react-router/dist/esm/Matches.js:38:39
    at Object.react_stack_bottom_frame (/home/siegfriedneto/projects/servicedeskn1/frontend/app/node_modules/react-dom/cjs/react-dom-client.development.js:25989:20)
    at runWithFiberInDEV (/home/siegfriedneto/projects/servicedeskn1/frontend/app/node_modules/react-dom/cjs/react-dom-client.development.js:874:13)
    at commitHookEffectListMount (/home/siegfriedneto/projects/servicedeskn1/frontend/app/node_modules/react-dom/cjs/react-dom-client.development.js:13249:29) [90mundefined[39m
Error: Not implemented: window.scrollTo
    at module.exports (/home/siegfriedneto/projects/servicedeskn1/frontend/app/node_modules/jsdom/lib/jsdom/browser/not-implemented.js:9:17)
    at /home/siegfriedneto/projects/servicedeskn1/frontend/app/node_modules/jsdom/lib/jsdom/browser/Window.js:960:7
    at Object.fn (file:///home/siegfriedneto/projects/servicedeskn1/frontend/app/node_modules/@tanstack/router-core/dist/esm/scroll-restoration.js:180:27)
    at RouterCore.emit (file:///home/siegfriedneto/projects/servicedeskn1/frontend/app/node_modules/@tanstack/router-core/dist/esm/router.js:178:14)
    at file:///home/siegfriedneto/projects/servicedeskn1/frontend/app/node_modules/@tanstack/react-router/dist/esm/Transitioner.js:46:25
    at settleOwner (file:///home/siegfriedneto/projects/servicedeskn1/frontend/app/node_modules/@tanstack/react-router/dist/esm/Transitioner.js:10:10)
    at file:///home/siegfriedneto/projects/servicedeskn1/frontend/app/node_modules/@tanstack/react-router/dist/esm/Matches.js:38:39
    at Object.react_stack_bottom_frame (/home/siegfriedneto/projects/servicedeskn1/frontend/app/node_modules/react-dom/cjs/react-dom-client.development.js:25989:20)
    at runWithFiberInDEV (/home/siegfriedneto/projects/servicedeskn1/frontend/app/node_modules/react-dom/cjs/react-dom-client.development.js:874:13)
    at commitHookEffectListMount (/home/siegfriedneto/projects/servicedeskn1/frontend/app/node_modules/react-dom/cjs/react-dom-client.development.js:13249:29) [90mundefined[39m
Error: Not implemented: window.scrollTo
    at module.exports (/home/siegfriedneto/projects/servicedeskn1/frontend/app/node_modules/jsdom/lib/jsdom/browser/not-implemented.js:9:17)
    at /home/siegfriedneto/projects/servicedeskn1/frontend/app/node_modules/jsdom/lib/jsdom/browser/Window.js:960:7
    at Object.fn (file:///home/siegfriedneto/projects/servicedeskn1/frontend/app/node_modules/@tanstack/router-core/dist/esm/scroll-restoration.js:180:27)
    at RouterCore.emit (file:///home/siegfriedneto/projects/servicedeskn1/frontend/app/node_modules/@tanstack/router-core/dist/esm/router.js:178:14)
    at file:///home/siegfriedneto/projects/servicedeskn1/frontend/app/node_modules/@tanstack/react-router/dist/esm/Transitioner.js:46:25
    at settleOwner (file:///home/siegfriedneto/projects/servicedeskn1/frontend/app/node_modules/@tanstack/react-router/dist/esm/Transitioner.js:10:10)
    at file:///home/siegfriedneto/projects/servicedeskn1/frontend/app/node_modules/@tanstack/react-router/dist/esm/Matches.js:38:39
    at Object.react_stack_bottom_frame (/home/siegfriedneto/projects/servicedeskn1/frontend/app/node_modules/react-dom/cjs/react-dom-client.development.js:25989:20)
    at runWithFiberInDEV (/home/siegfriedneto/projects/servicedeskn1/frontend/app/node_modules/react-dom/cjs/react-dom-client.development.js:874:13)
    at commitHookEffectListMount (/home/siegfriedneto/projects/servicedeskn1/frontend/app/node_modules/react-dom/cjs/react-dom-client.development.js:13249:29) [90mundefined[39m
Error: Not implemented: window.scrollTo
    at module.exports (/home/siegfriedneto/projects/servicedeskn1/frontend/app/node_modules/jsdom/lib/jsdom/browser/not-implemented.js:9:17)
    at /home/siegfriedneto/projects/servicedeskn1/frontend/app/node_modules/jsdom/lib/jsdom/browser/Window.js:960:7
    at Object.fn (file:///home/siegfriedneto/projects/servicedeskn1/frontend/app/node_modules/@tanstack/router-core/dist/esm/scroll-restoration.js:180:27)
    at RouterCore.emit (file:///home/siegfriedneto/projects/servicedeskn1/frontend/app/node_modules/@tanstack/router-core/dist/esm/router.js:178:14)
    at file:///home/siegfriedneto/projects/servicedeskn1/frontend/app/node_modules/@tanstack/react-router/dist/esm/Transitioner.js:46:25
    at settleOwner (file:///home/siegfriedneto/projects/servicedeskn1/frontend/app/node_modules/@tanstack/react-router/dist/esm/Transitioner.js:10:10)
    at file:///home/siegfriedneto/projects/servicedeskn1/frontend/app/node_modules/@tanstack/react-router/dist/esm/Matches.js:38:39
    at Object.react_stack_bottom_frame (/home/siegfriedneto/projects/servicedeskn1/frontend/app/node_modules/react-dom/cjs/react-dom-client.development.js:25989:20)
    at runWithFiberInDEV (/home/siegfriedneto/projects/servicedeskn1/frontend/app/node_modules/react-dom/cjs/react-dom-client.development.js:874:13)
    at commitHookEffectListMount (/home/siegfriedneto/projects/servicedeskn1/frontend/app/node_modules/react-dom/cjs/react-dom-client.development.js:13249:29) [90mundefined[39m
Error: Not implemented: window.scrollTo
    at module.exports (/home/siegfriedneto/projects/servicedeskn1/frontend/app/node_modules/jsdom/lib/jsdom/browser/not-implemented.js:9:17)
    at /home/siegfriedneto/projects/servicedeskn1/frontend/app/node_modules/jsdom/lib/jsdom/browser/Window.js:960:7
    at Object.fn (file:///home/siegfriedneto/projects/servicedeskn1/frontend/app/node_modules/@tanstack/router-core/dist/esm/scroll-restoration.js:180:27)
    at RouterCore.emit (file:///home/siegfriedneto/projects/servicedeskn1/frontend/app/node_modules/@tanstack/router-core/dist/esm/router.js:178:14)
    at file:///home/siegfriedneto/projects/servicedeskn1/frontend/app/node_modules/@tanstack/react-router/dist/esm/Transitioner.js:46:25
    at settleOwner (file:///home/siegfriedneto/projects/servicedeskn1/frontend/app/node_modules/@tanstack/react-router/dist/esm/Transitioner.js:10:10)
    at file:///home/siegfriedneto/projects/servicedeskn1/frontend/app/node_modules/@tanstack/react-router/dist/esm/Matches.js:38:39
    at Object.react_stack_bottom_frame (/home/siegfriedneto/projects/servicedeskn1/frontend/app/node_modules/react-dom/cjs/react-dom-client.development.js:25989:20)
    at runWithFiberInDEV (/home/siegfriedneto/projects/servicedeskn1/frontend/app/node_modules/react-dom/cjs/react-dom-client.development.js:874:13)
    at commitHookEffectListMount (/home/siegfriedneto/projects/servicedeskn1/frontend/app/node_modules/react-dom/cjs/react-dom-client.development.js:13249:29) [90mundefined[39m
Error: Not implemented: window.scrollTo
    at module.exports (/home/siegfriedneto/projects/servicedeskn1/frontend/app/node_modules/jsdom/lib/jsdom/browser/not-implemented.js:9:17)
    at /home/siegfriedneto/projects/servicedeskn1/frontend/app/node_modules/jsdom/lib/jsdom/browser/Window.js:960:7
    at Object.fn (file:///home/siegfriedneto/projects/servicedeskn1/frontend/app/node_modules/@tanstack/router-core/dist/esm/scroll-restoration.js:180:27)
    at RouterCore.emit (file:///home/siegfriedneto/projects/servicedeskn1/frontend/app/node_modules/@tanstack/router-core/dist/esm/router.js:178:14)
    at file:///home/siegfriedneto/projects/servicedeskn1/frontend/app/node_modules/@tanstack/react-router/dist/esm/Transitioner.js:46:25
    at settleOwner (file:///home/siegfriedneto/projects/servicedeskn1/frontend/app/node_modules/@tanstack/react-router/dist/esm/Transitioner.js:10:10)
    at file:///home/siegfriedneto/projects/servicedeskn1/frontend/app/node_modules/@tanstack/react-router/dist/esm/Matches.js:38:39
    at Object.react_stack_bottom_frame (/home/siegfriedneto/projects/servicedeskn1/frontend/app/node_modules/react-dom/cjs/react-dom-client.development.js:25989:20)
    at runWithFiberInDEV (/home/siegfriedneto/projects/servicedeskn1/frontend/app/node_modules/react-dom/cjs/react-dom-client.development.js:874:13)
    at commitHookEffectListMount (/home/siegfriedneto/projects/servicedeskn1/frontend/app/node_modules/react-dom/cjs/react-dom-client.development.js:13249:29) [90mundefined[39m
Error: Not implemented: window.scrollTo
    at module.exports (/home/siegfriedneto/projects/servicedeskn1/frontend/app/node_modules/jsdom/lib/jsdom/browser/not-implemented.js:9:17)
    at /home/siegfriedneto/projects/servicedeskn1/frontend/app/node_modules/jsdom/lib/jsdom/browser/Window.js:960:7
    at Object.fn (file:///home/siegfriedneto/projects/servicedeskn1/frontend/app/node_modules/@tanstack/router-core/dist/esm/scroll-restoration.js:180:27)
    at RouterCore.emit (file:///home/siegfriedneto/projects/servicedeskn1/frontend/app/node_modules/@tanstack/router-core/dist/esm/router.js:178:14)
    at file:///home/siegfriedneto/projects/servicedeskn1/frontend/app/node_modules/@tanstack/react-router/dist/esm/Transitioner.js:46:25
    at settleOwner (file:///home/siegfriedneto/projects/servicedeskn1/frontend/app/node_modules/@tanstack/react-router/dist/esm/Transitioner.js:10:10)
    at file:///home/siegfriedneto/projects/servicedeskn1/frontend/app/node_modules/@tanstack/react-router/dist/esm/Matches.js:38:39
    at Object.react_stack_bottom_frame (/home/siegfriedneto/projects/servicedeskn1/frontend/app/node_modules/react-dom/cjs/react-dom-client.development.js:25989:20)
    at runWithFiberInDEV (/home/siegfriedneto/projects/servicedeskn1/frontend/app/node_modules/react-dom/cjs/react-dom-client.development.js:874:13)
    at commitHookEffectListMount (/home/siegfriedneto/projects/servicedeskn1/frontend/app/node_modules/react-dom/cjs/react-dom-client.development.js:13249:29) [90mundefined[39m
Error: Not implemented: window.scrollTo
    at module.exports (/home/siegfriedneto/projects/servicedeskn1/frontend/app/node_modules/jsdom/lib/jsdom/browser/not-implemented.js:9:17)
    at /home/siegfriedneto/projects/servicedeskn1/frontend/app/node_modules/jsdom/lib/jsdom/browser/Window.js:960:7
    at Object.fn (file:///home/siegfriedneto/projects/servicedeskn1/frontend/app/node_modules/@tanstack/router-core/dist/esm/scroll-restoration.js:180:27)
    at RouterCore.emit (file:///home/siegfriedneto/projects/servicedeskn1/frontend/app/node_modules/@tanstack/router-core/dist/esm/router.js:178:14)
    at file:///home/siegfriedneto/projects/servicedeskn1/frontend/app/node_modules/@tanstack/react-router/dist/esm/Transitioner.js:46:25
    at settleOwner (file:///home/siegfriedneto/projects/servicedeskn1/frontend/app/node_modules/@tanstack/react-router/dist/esm/Transitioner.js:10:10)
    at file:///home/siegfriedneto/projects/servicedeskn1/frontend/app/node_modules/@tanstack/react-router/dist/esm/Matches.js:38:39
    at Object.react_stack_bottom_frame (/home/siegfriedneto/projects/servicedeskn1/frontend/app/node_modules/react-dom/cjs/react-dom-client.development.js:25989:20)
    at runWithFiberInDEV (/home/siegfriedneto/projects/servicedeskn1/frontend/app/node_modules/react-dom/cjs/react-dom-client.development.js:874:13)
    at commitHookEffectListMount (/home/siegfriedneto/projects/servicedeskn1/frontend/app/node_modules/react-dom/cjs/react-dom-client.development.js:13249:29) [90mundefined[39m
Error: Not implemented: window.scrollTo
    at module.exports (/home/siegfriedneto/projects/servicedeskn1/frontend/app/node_modules/jsdom/lib/jsdom/browser/not-implemented.js:9:17)
    at /home/siegfriedneto/projects/servicedeskn1/frontend/app/node_modules/jsdom/lib/jsdom/browser/Window.js:960:7
    at Object.fn (file:///home/siegfriedneto/projects/servicedeskn1/frontend/app/node_modules/@tanstack/router-core/dist/esm/scroll-restoration.js:180:27)
    at RouterCore.emit (file:///home/siegfriedneto/projects/servicedeskn1/frontend/app/node_modules/@tanstack/router-core/dist/esm/router.js:178:14)
    at file:///home/siegfriedneto/projects/servicedeskn1/frontend/app/node_modules/@tanstack/react-router/dist/esm/Transitioner.js:46:25
    at settleOwner (file:///home/siegfriedneto/projects/servicedeskn1/frontend/app/node_modules/@tanstack/react-router/dist/esm/Transitioner.js:10:10)
    at file:///home/siegfriedneto/projects/servicedeskn1/frontend/app/node_modules/@tanstack/react-router/dist/esm/Matches.js:38:39
    at Object.react_stack_bottom_frame (/home/siegfriedneto/projects/servicedeskn1/frontend/app/node_modules/react-dom/cjs/react-dom-client.development.js:25989:20)
    at runWithFiberInDEV (/home/siegfriedneto/projects/servicedeskn1/frontend/app/node_modules/react-dom/cjs/react-dom-client.development.js:874:13)
    at commitHookEffectListMount (/home/siegfriedneto/projects/servicedeskn1/frontend/app/node_modules/react-dom/cjs/react-dom-client.development.js:13249:29) [90mundefined[39m
Error: Not implemented: window.scrollTo
    at module.exports (/home/siegfriedneto/projects/servicedeskn1/frontend/app/node_modules/jsdom/lib/jsdom/browser/not-implemented.js:9:17)
    at /home/siegfriedneto/projects/servicedeskn1/frontend/app/node_modules/jsdom/lib/jsdom/browser/Window.js:960:7
    at Object.fn (file:///home/siegfriedneto/projects/servicedeskn1/frontend/app/node_modules/@tanstack/router-core/dist/esm/scroll-restoration.js:180:27)
    at RouterCore.emit (file:///home/siegfriedneto/projects/servicedeskn1/frontend/app/node_modules/@tanstack/router-core/dist/esm/router.js:178:14)
    at file:///home/siegfriedneto/projects/servicedeskn1/frontend/app/node_modules/@tanstack/react-router/dist/esm/Transitioner.js:46:25
    at settleOwner (file:///home/siegfriedneto/projects/servicedeskn1/frontend/app/node_modules/@tanstack/react-router/dist/esm/Transitioner.js:10:10)
    at file:///home/siegfriedneto/projects/servicedeskn1/frontend/app/node_modules/@tanstack/react-router/dist/esm/Matches.js:38:39
    at Object.react_stack_bottom_frame (/home/siegfriedneto/projects/servicedeskn1/frontend/app/node_modules/react-dom/cjs/react-dom-client.development.js:25989:20)
    at runWithFiberInDEV (/home/siegfriedneto/projects/servicedeskn1/frontend/app/node_modules/react-dom/cjs/react-dom-client.development.js:874:13)
    at commitHookEffectListMount (/home/siegfriedneto/projects/servicedeskn1/frontend/app/node_modules/react-dom/cjs/react-dom-client.development.js:13249:29) [90mundefined[39m
Error: Not implemented: window.scrollTo
    at module.exports (/home/siegfriedneto/projects/servicedeskn1/frontend/app/node_modules/jsdom/lib/jsdom/browser/not-implemented.js:9:17)
    at /home/siegfriedneto/projects/servicedeskn1/frontend/app/node_modules/jsdom/lib/jsdom/browser/Window.js:960:7
    at Object.fn (file:///home/siegfriedneto/projects/servicedeskn1/frontend/app/node_modules/@tanstack/router-core/dist/esm/scroll-restoration.js:180:27)
    at RouterCore.emit (file:///home/siegfriedneto/projects/servicedeskn1/frontend/app/node_modules/@tanstack/router-core/dist/esm/router.js:178:14)
    at file:///home/siegfriedneto/projects/servicedeskn1/frontend/app/node_modules/@tanstack/react-router/dist/esm/Transitioner.js:46:25
    at settleOwner (file:///home/siegfriedneto/projects/servicedeskn1/frontend/app/node_modules/@tanstack/react-router/dist/esm/Transitioner.js:10:10)
    at file:///home/siegfriedneto/projects/servicedeskn1/frontend/app/node_modules/@tanstack/react-router/dist/esm/Matches.js:38:39
    at Object.react_stack_bottom_frame (/home/siegfriedneto/projects/servicedeskn1/frontend/app/node_modules/react-dom/cjs/react-dom-client.development.js:25989:20)
    at runWithFiberInDEV (/home/siegfriedneto/projects/servicedeskn1/frontend/app/node_modules/react-dom/cjs/react-dom-client.development.js:874:13)
    at commitHookEffectListMount (/home/siegfriedneto/projects/servicedeskn1/frontend/app/node_modules/react-dom/cjs/react-dom-client.development.js:13249:29) [90mundefined[39m
Error: Not implemented: window.scrollTo
    at module.exports (/home/siegfriedneto/projects/servicedeskn1/frontend/app/node_modules/jsdom/lib/jsdom/browser/not-implemented.js:9:17)
    at /home/siegfriedneto/projects/servicedeskn1/frontend/app/node_modules/jsdom/lib/jsdom/browser/Window.js:960:7
    at Object.fn (file:///home/siegfriedneto/projects/servicedeskn1/frontend/app/node_modules/@tanstack/router-core/dist/esm/scroll-restoration.js:180:27)
    at RouterCore.emit (file:///home/siegfriedneto/projects/servicedeskn1/frontend/app/node_modules/@tanstack/router-core/dist/esm/router.js:178:14)
    at file:///home/siegfriedneto/projects/servicedeskn1/frontend/app/node_modules/@tanstack/react-router/dist/esm/Transitioner.js:46:25
    at settleOwner (file:///home/siegfriedneto/projects/servicedeskn1/frontend/app/node_modules/@tanstack/react-router/dist/esm/Transitioner.js:10:10)
    at file:///home/siegfriedneto/projects/servicedeskn1/frontend/app/node_modules/@tanstack/react-router/dist/esm/Matches.js:38:39
    at Object.react_stack_bottom_frame (/home/siegfriedneto/projects/servicedeskn1/frontend/app/node_modules/react-dom/cjs/react-dom-client.development.js:25989:20)
    at runWithFiberInDEV (/home/siegfriedneto/projects/servicedeskn1/frontend/app/node_modules/react-dom/cjs/react-dom-client.development.js:874:13)
    at commitHookEffectListMount (/home/siegfriedneto/projects/servicedeskn1/frontend/app/node_modules/react-dom/cjs/react-dom-client.development.js:13249:29) [90mundefined[39m
Error: Not implemented: window.scrollTo
    at module.exports (/home/siegfriedneto/projects/servicedeskn1/frontend/app/node_modules/jsdom/lib/jsdom/browser/not-implemented.js:9:17)
    at /home/siegfriedneto/projects/servicedeskn1/frontend/app/node_modules/jsdom/lib/jsdom/browser/Window.js:960:7
    at Object.fn (file:///home/siegfriedneto/projects/servicedeskn1/frontend/app/node_modules/@tanstack/router-core/dist/esm/scroll-restoration.js:180:27)
    at RouterCore.emit (file:///home/siegfriedneto/projects/servicedeskn1/frontend/app/node_modules/@tanstack/router-core/dist/esm/router.js:178:14)
    at file:///home/siegfriedneto/projects/servicedeskn1/frontend/app/node_modules/@tanstack/react-router/dist/esm/Transitioner.js:46:25
    at settleOwner (file:///home/siegfriedneto/projects/servicedeskn1/frontend/app/node_modules/@tanstack/react-router/dist/esm/Transitioner.js:10:10)
    at file:///home/siegfriedneto/projects/servicedeskn1/frontend/app/node_modules/@tanstack/react-router/dist/esm/Matches.js:38:39
    at Object.react_stack_bottom_frame (/home/siegfriedneto/projects/servicedeskn1/frontend/app/node_modules/react-dom/cjs/react-dom-client.development.js:25989:20)
    at runWithFiberInDEV (/home/siegfriedneto/projects/servicedeskn1/frontend/app/node_modules/react-dom/cjs/react-dom-client.development.js:874:13)
    at commitHookEffectListMount (/home/siegfriedneto/projects/servicedeskn1/frontend/app/node_modules/react-dom/cjs/react-dom-client.development.js:13249:29) [90mundefined[39m
Error: Not implemented: window.scrollTo
    at module.exports (/home/siegfriedneto/projects/servicedeskn1/frontend/app/node_modules/jsdom/lib/jsdom/browser/not-implemented.js:9:17)
    at /home/siegfriedneto/projects/servicedeskn1/frontend/app/node_modules/jsdom/lib/jsdom/browser/Window.js:960:7
    at Object.fn (file:///home/siegfriedneto/projects/servicedeskn1/frontend/app/node_modules/@tanstack/router-core/dist/esm/scroll-restoration.js:180:27)
    at RouterCore.emit (file:///home/siegfriedneto/projects/servicedeskn1/frontend/app/node_modules/@tanstack/router-core/dist/esm/router.js:178:14)
    at file:///home/siegfriedneto/projects/servicedeskn1/frontend/app/node_modules/@tanstack/react-router/dist/esm/Transitioner.js:46:25
    at settleOwner (file:///home/siegfriedneto/projects/servicedeskn1/frontend/app/node_modules/@tanstack/react-router/dist/esm/Transitioner.js:10:10)
    at file:///home/siegfriedneto/projects/servicedeskn1/frontend/app/node_modules/@tanstack/react-router/dist/esm/Matches.js:38:39
    at Object.react_stack_bottom_frame (/home/siegfriedneto/projects/servicedeskn1/frontend/app/node_modules/react-dom/cjs/react-dom-client.development.js:25989:20)
    at runWithFiberInDEV (/home/siegfriedneto/projects/servicedeskn1/frontend/app/node_modules/react-dom/cjs/react-dom-client.development.js:874:13)
    at commitHookEffectListMount (/home/siegfriedneto/projects/servicedeskn1/frontend/app/node_modules/react-dom/cjs/react-dom-client.development.js:13249:29) [90mundefined[39m
Error: Not implemented: window.scrollTo
    at module.exports (/home/siegfriedneto/projects/servicedeskn1/frontend/app/node_modules/jsdom/lib/jsdom/browser/not-implemented.js:9:17)
    at /home/siegfriedneto/projects/servicedeskn1/frontend/app/node_modules/jsdom/lib/jsdom/browser/Window.js:960:7
    at Object.fn (file:///home/siegfriedneto/projects/servicedeskn1/frontend/app/node_modules/@tanstack/router-core/dist/esm/scroll-restoration.js:180:27)
    at RouterCore.emit (file:///home/siegfriedneto/projects/servicedeskn1/frontend/app/node_modules/@tanstack/router-core/dist/esm/router.js:178:14)
    at file:///home/siegfriedneto/projects/servicedeskn1/frontend/app/node_modules/@tanstack/react-router/dist/esm/Transitioner.js:46:25
    at settleOwner (file:///home/siegfriedneto/projects/servicedeskn1/frontend/app/node_modules/@tanstack/react-router/dist/esm/Transitioner.js:10:10)
    at file:///home/siegfriedneto/projects/servicedeskn1/frontend/app/node_modules/@tanstack/react-router/dist/esm/Matches.js:38:39
    at Object.react_stack_bottom_frame (/home/siegfriedneto/projects/servicedeskn1/frontend/app/node_modules/react-dom/cjs/react-dom-client.development.js:25989:20)
    at runWithFiberInDEV (/home/siegfriedneto/projects/servicedeskn1/frontend/app/node_modules/react-dom/cjs/react-dom-client.development.js:874:13)
    at commitHookEffectListMount (/home/siegfriedneto/projects/servicedeskn1/frontend/app/node_modules/react-dom/cjs/react-dom-client.development.js:13249:29) [90mundefined[39m
Error: Not implemented: window.scrollTo
    at module.exports (/home/siegfriedneto/projects/servicedeskn1/frontend/app/node_modules/jsdom/lib/jsdom/browser/not-implemented.js:9:17)
    at /home/siegfriedneto/projects/servicedeskn1/frontend/app/node_modules/jsdom/lib/jsdom/browser/Window.js:960:7
    at Object.fn (file:///home/siegfriedneto/projects/servicedeskn1/frontend/app/node_modules/@tanstack/router-core/dist/esm/scroll-restoration.js:180:27)
    at RouterCore.emit (file:///home/siegfriedneto/projects/servicedeskn1/frontend/app/node_modules/@tanstack/router-core/dist/esm/router.js:178:14)
    at file:///home/siegfriedneto/projects/servicedeskn1/frontend/app/node_modules/@tanstack/react-router/dist/esm/Transitioner.js:46:25
    at settleOwner (file:///home/siegfriedneto/projects/servicedeskn1/frontend/app/node_modules/@tanstack/react-router/dist/esm/Transitioner.js:10:10)
    at file:///home/siegfriedneto/projects/servicedeskn1/frontend/app/node_modules/@tanstack/react-router/dist/esm/Matches.js:38:39
    at Object.react_stack_bottom_frame (/home/siegfriedneto/projects/servicedeskn1/frontend/app/node_modules/react-dom/cjs/react-dom-client.development.js:25989:20)
    at runWithFiberInDEV (/home/siegfriedneto/projects/servicedeskn1/frontend/app/node_modules/react-dom/cjs/react-dom-client.development.js:874:13)
    at commitHookEffectListMount (/home/siegfriedneto/projects/servicedeskn1/frontend/app/node_modules/react-dom/cjs/react-dom-client.development.js:13249:29) [90mundefined[39m
Error: Not implemented: window.scrollTo
    at module.exports (/home/siegfriedneto/projects/servicedeskn1/frontend/app/node_modules/jsdom/lib/jsdom/browser/not-implemented.js:9:17)
    at /home/siegfriedneto/projects/servicedeskn1/frontend/app/node_modules/jsdom/lib/jsdom/browser/Window.js:960:7
    at Object.fn (file:///home/siegfriedneto/projects/servicedeskn1/frontend/app/node_modules/@tanstack/router-core/dist/esm/scroll-restoration.js:180:27)
    at RouterCore.emit (file:///home/siegfriedneto/projects/servicedeskn1/frontend/app/node_modules/@tanstack/router-core/dist/esm/router.js:178:14)
    at file:///home/siegfriedneto/projects/servicedeskn1/frontend/app/node_modules/@tanstack/react-router/dist/esm/Transitioner.js:46:25
    at settleOwner (file:///home/siegfriedneto/projects/servicedeskn1/frontend/app/node_modules/@tanstack/react-router/dist/esm/Transitioner.js:10:10)
    at file:///home/siegfriedneto/projects/servicedeskn1/frontend/app/node_modules/@tanstack/react-router/dist/esm/Matches.js:38:39
    at Object.react_stack_bottom_frame (/home/siegfriedneto/projects/servicedeskn1/frontend/app/node_modules/react-dom/cjs/react-dom-client.development.js:25989:20)
    at runWithFiberInDEV (/home/siegfriedneto/projects/servicedeskn1/frontend/app/node_modules/react-dom/cjs/react-dom-client.development.js:874:13)
    at commitHookEffectListMount (/home/siegfriedneto/projects/servicedeskn1/frontend/app/node_modules/react-dom/cjs/react-dom-client.development.js:13249:29) [90mundefined[39m
Error: Not implemented: window.scrollTo
    at module.exports (/home/siegfriedneto/projects/servicedeskn1/frontend/app/node_modules/jsdom/lib/jsdom/browser/not-implemented.js:9:17)
    at /home/siegfriedneto/projects/servicedeskn1/frontend/app/node_modules/jsdom/lib/jsdom/browser/Window.js:960:7
    at Object.fn (file:///home/siegfriedneto/projects/servicedeskn1/frontend/app/node_modules/@tanstack/router-core/dist/esm/scroll-restoration.js:180:27)
    at RouterCore.emit (file:///home/siegfriedneto/projects/servicedeskn1/frontend/app/node_modules/@tanstack/router-core/dist/esm/router.js:178:14)
    at file:///home/siegfriedneto/projects/servicedeskn1/frontend/app/node_modules/@tanstack/react-router/dist/esm/Transitioner.js:46:25
    at settleOwner (file:///home/siegfriedneto/projects/servicedeskn1/frontend/app/node_modules/@tanstack/react-router/dist/esm/Transitioner.js:10:10)
    at file:///home/siegfriedneto/projects/servicedeskn1/frontend/app/node_modules/@tanstack/react-router/dist/esm/Matches.js:38:39
    at Object.react_stack_bottom_frame (/home/siegfriedneto/projects/servicedeskn1/frontend/app/node_modules/react-dom/cjs/react-dom-client.development.js:25989:20)
    at runWithFiberInDEV (/home/siegfriedneto/projects/servicedeskn1/frontend/app/node_modules/react-dom/cjs/react-dom-client.development.js:874:13)
    at commitHookEffectListMount (/home/siegfriedneto/projects/servicedeskn1/frontend/app/node_modules/react-dom/cjs/react-dom-client.development.js:13249:29) [90mundefined[39m
Error: Not implemented: window.scrollTo
    at module.exports (/home/siegfriedneto/projects/servicedeskn1/frontend/app/node_modules/jsdom/lib/jsdom/browser/not-implemented.js:9:17)
    at /home/siegfriedneto/projects/servicedeskn1/frontend/app/node_modules/jsdom/lib/jsdom/browser/Window.js:960:7
    at Object.fn (file:///home/siegfriedneto/projects/servicedeskn1/frontend/app/node_modules/@tanstack/router-core/dist/esm/scroll-restoration.js:180:27)
    at RouterCore.emit (file:///home/siegfriedneto/projects/servicedeskn1/frontend/app/node_modules/@tanstack/router-core/dist/esm/router.js:178:14)
    at file:///home/siegfriedneto/projects/servicedeskn1/frontend/app/node_modules/@tanstack/react-router/dist/esm/Transitioner.js:46:25
    at settleOwner (file:///home/siegfriedneto/projects/servicedeskn1/frontend/app/node_modules/@tanstack/react-router/dist/esm/Transitioner.js:10:10)
    at file:///home/siegfriedneto/projects/servicedeskn1/frontend/app/node_modules/@tanstack/react-router/dist/esm/Matches.js:38:39
    at Object.react_stack_bottom_frame (/home/siegfriedneto/projects/servicedeskn1/frontend/app/node_modules/react-dom/cjs/react-dom-client.development.js:25989:20)
    at runWithFiberInDEV (/home/siegfriedneto/projects/servicedeskn1/frontend/app/node_modules/react-dom/cjs/react-dom-client.development.js:874:13)
    at commitHookEffectListMount (/home/siegfriedneto/projects/servicedeskn1/frontend/app/node_modules/react-dom/cjs/react-dom-client.development.js:13249:29) [90mundefined[39m
Error: Not implemented: window.scrollTo
    at module.exports (/home/siegfriedneto/projects/servicedeskn1/frontend/app/node_modules/jsdom/lib/jsdom/browser/not-implemented.js:9:17)
    at /home/siegfriedneto/projects/servicedeskn1/frontend/app/node_modules/jsdom/lib/jsdom/browser/Window.js:960:7
    at Object.fn (file:///home/siegfriedneto/projects/servicedeskn1/frontend/app/node_modules/@tanstack/router-core/dist/esm/scroll-restoration.js:180:27)
    at RouterCore.emit (file:///home/siegfriedneto/projects/servicedeskn1/frontend/app/node_modules/@tanstack/router-core/dist/esm/router.js:178:14)
    at file:///home/siegfriedneto/projects/servicedeskn1/frontend/app/node_modules/@tanstack/react-router/dist/esm/Transitioner.js:46:25
    at settleOwner (file:///home/siegfriedneto/projects/servicedeskn1/frontend/app/node_modules/@tanstack/react-router/dist/esm/Transitioner.js:10:10)
    at file:///home/siegfriedneto/projects/servicedeskn1/frontend/app/node_modules/@tanstack/react-router/dist/esm/Matches.js:38:39
    at Object.react_stack_bottom_frame (/home/siegfriedneto/projects/servicedeskn1/frontend/app/node_modules/react-dom/cjs/react-dom-client.development.js:25989:20)
    at runWithFiberInDEV (/home/siegfriedneto/projects/servicedeskn1/frontend/app/node_modules/react-dom/cjs/react-dom-client.development.js:874:13)
    at commitHookEffectListMount (/home/siegfriedneto/projects/servicedeskn1/frontend/app/node_modules/react-dom/cjs/react-dom-client.development.js:13249:29) [90mundefined[39m
Error: Not implemented: window.scrollTo
    at module.exports (/home/siegfriedneto/projects/servicedeskn1/frontend/app/node_modules/jsdom/lib/jsdom/browser/not-implemented.js:9:17)
    at /home/siegfriedneto/projects/servicedeskn1/frontend/app/node_modules/jsdom/lib/jsdom/browser/Window.js:960:7
    at Object.fn (file:///home/siegfriedneto/projects/servicedeskn1/frontend/app/node_modules/@tanstack/router-core/dist/esm/scroll-restoration.js:180:27)
    at RouterCore.emit (file:///home/siegfriedneto/projects/servicedeskn1/frontend/app/node_modules/@tanstack/router-core/dist/esm/router.js:178:14)
    at file:///home/siegfriedneto/projects/servicedeskn1/frontend/app/node_modules/@tanstack/react-router/dist/esm/Transitioner.js:46:25
    at settleOwner (file:///home/siegfriedneto/projects/servicedeskn1/frontend/app/node_modules/@tanstack/react-router/dist/esm/Transitioner.js:10:10)
    at file:///home/siegfriedneto/projects/servicedeskn1/frontend/app/node_modules/@tanstack/react-router/dist/esm/Matches.js:38:39
    at Object.react_stack_bottom_frame (/home/siegfriedneto/projects/servicedeskn1/frontend/app/node_modules/react-dom/cjs/react-dom-client.development.js:25989:20)
    at runWithFiberInDEV (/home/siegfriedneto/projects/servicedeskn1/frontend/app/node_modules/react-dom/cjs/react-dom-client.development.js:874:13)
    at commitHookEffectListMount (/home/siegfriedneto/projects/servicedeskn1/frontend/app/node_modules/react-dom/cjs/react-dom-client.development.js:13249:29) [90mundefined[39m
Error: Not implemented: window.scrollTo
    at module.exports (/home/siegfriedneto/projects/servicedeskn1/frontend/app/node_modules/jsdom/lib/jsdom/browser/not-implemented.js:9:17)
    at /home/siegfriedneto/projects/servicedeskn1/frontend/app/node_modules/jsdom/lib/jsdom/browser/Window.js:960:7
    at Object.fn (file:///home/siegfriedneto/projects/servicedeskn1/frontend/app/node_modules/@tanstack/router-core/dist/esm/scroll-restoration.js:180:27)
    at RouterCore.emit (file:///home/siegfriedneto/projects/servicedeskn1/frontend/app/node_modules/@tanstack/router-core/dist/esm/router.js:178:14)
    at file:///home/siegfriedneto/projects/servicedeskn1/frontend/app/node_modules/@tanstack/router-core/dist/esm/load-client.js:943:46
    at Router.batch (file:///home/siegfriedneto/projects/servicedeskn1/frontend/app/node_modules/@tanstack/store/dist/esm/atom.js:39:5)
    at file:///home/siegfriedneto/projects/servicedeskn1/frontend/app/node_modules/@tanstack/router-core/dist/esm/load-client.js:936:10
    at runClientTransaction (file:///home/siegfriedneto/projects/servicedeskn1/frontend/app/node_modules/@tanstack/router-core/dist/esm/load-client.js:902:2)
    at loadClientRoute (file:///home/siegfriedneto/projects/servicedeskn1/frontend/app/node_modules/@tanstack/router-core/dist/esm/load-client.js:1034:2)
    at RouterCore.load (file:///home/siegfriedneto/projects/servicedeskn1/frontend/app/node_modules/@tanstack/router-core/dist/esm/router.js:489:4) [90mundefined[39m
Error: Not implemented: window.scrollTo
    at module.exports (/home/siegfriedneto/projects/servicedeskn1/frontend/app/node_modules/jsdom/lib/jsdom/browser/not-implemented.js:9:17)
    at /home/siegfriedneto/projects/servicedeskn1/frontend/app/node_modules/jsdom/lib/jsdom/browser/Window.js:960:7
    at Object.fn (file:///home/siegfriedneto/projects/servicedeskn1/frontend/app/node_modules/@tanstack/router-core/dist/esm/scroll-restoration.js:180:27)
    at RouterCore.emit (file:///home/siegfriedneto/projects/servicedeskn1/frontend/app/node_modules/@tanstack/router-core/dist/esm/router.js:178:14)
    at file:///home/siegfriedneto/projects/servicedeskn1/frontend/app/node_modules/@tanstack/react-router/dist/esm/Transitioner.js:46:25
    at settleOwner (file:///home/siegfriedneto/projects/servicedeskn1/frontend/app/node_modules/@tanstack/react-router/dist/esm/Transitioner.js:10:10)
    at file:///home/siegfriedneto/projects/servicedeskn1/frontend/app/node_modules/@tanstack/react-router/dist/esm/Matches.js:38:39
    at Object.react_stack_bottom_frame (/home/siegfriedneto/projects/servicedeskn1/frontend/app/node_modules/react-dom/cjs/react-dom-client.development.js:25989:20)
    at runWithFiberInDEV (/home/siegfriedneto/projects/servicedeskn1/frontend/app/node_modules/react-dom/cjs/react-dom-client.development.js:874:13)
    at commitHookEffectListMount (/home/siegfriedneto/projects/servicedeskn1/frontend/app/node_modules/react-dom/cjs/react-dom-client.development.js:13249:29) [90mundefined[39m
Error: Not implemented: window.scrollTo
    at module.exports (/home/siegfriedneto/projects/servicedeskn1/frontend/app/node_modules/jsdom/lib/jsdom/browser/not-implemented.js:9:17)
    at /home/siegfriedneto/projects/servicedeskn1/frontend/app/node_modules/jsdom/lib/jsdom/browser/Window.js:960:7
    at Object.fn (file:///home/siegfriedneto/projects/servicedeskn1/frontend/app/node_modules/@tanstack/router-core/dist/esm/scroll-restoration.js:180:27)
    at RouterCore.emit (file:///home/siegfriedneto/projects/servicedeskn1/frontend/app/node_modules/@tanstack/router-core/dist/esm/router.js:178:14)
    at file:///home/siegfriedneto/projects/servicedeskn1/frontend/app/node_modules/@tanstack/react-router/dist/esm/Transitioner.js:46:25
    at settleOwner (file:///home/siegfriedneto/projects/servicedeskn1/frontend/app/node_modules/@tanstack/react-router/dist/esm/Transitioner.js:10:10)
    at file:///home/siegfriedneto/projects/servicedeskn1/frontend/app/node_modules/@tanstack/react-router/dist/esm/Matches.js:38:39
    at Object.react_stack_bottom_frame (/home/siegfriedneto/projects/servicedeskn1/frontend/app/node_modules/react-dom/cjs/react-dom-client.development.js:25989:20)
    at runWithFiberInDEV (/home/siegfriedneto/projects/servicedeskn1/frontend/app/node_modules/react-dom/cjs/react-dom-client.development.js:874:13)
    at commitHookEffectListMount (/home/siegfriedneto/projects/servicedeskn1/frontend/app/node_modules/react-dom/cjs/react-dom-client.development.js:13249:29) [90mundefined[39m
Error: Not implemented: window.scrollTo
    at module.exports (/home/siegfriedneto/projects/servicedeskn1/frontend/app/node_modules/jsdom/lib/jsdom/browser/not-implemented.js:9:17)
    at /home/siegfriedneto/projects/servicedeskn1/frontend/app/node_modules/jsdom/lib/jsdom/browser/Window.js:960:7
    at Object.fn (file:///home/siegfriedneto/projects/servicedeskn1/frontend/app/node_modules/@tanstack/router-core/dist/esm/scroll-restoration.js:180:27)
    at RouterCore.emit (file:///home/siegfriedneto/projects/servicedeskn1/frontend/app/node_modules/@tanstack/router-core/dist/esm/router.js:178:14)
    at file:///home/siegfriedneto/projects/servicedeskn1/frontend/app/node_modules/@tanstack/react-router/dist/esm/Transitioner.js:46:25
    at settleOwner (file:///home/siegfriedneto/projects/servicedeskn1/frontend/app/node_modules/@tanstack/react-router/dist/esm/Transitioner.js:10:10)
    at file:///home/siegfriedneto/projects/servicedeskn1/frontend/app/node_modules/@tanstack/react-router/dist/esm/Matches.js:38:39
    at Object.react_stack_bottom_frame (/home/siegfriedneto/projects/servicedeskn1/frontend/app/node_modules/react-dom/cjs/react-dom-client.development.js:25989:20)
    at runWithFiberInDEV (/home/siegfriedneto/projects/servicedeskn1/frontend/app/node_modules/react-dom/cjs/react-dom-client.development.js:874:13)
    at commitHookEffectListMount (/home/siegfriedneto/projects/servicedeskn1/frontend/app/node_modules/react-dom/cjs/react-dom-client.development.js:13249:29) [90mundefined[39m
Error: Not implemented: window.scrollTo
    at module.exports (/home/siegfriedneto/projects/servicedeskn1/frontend/app/node_modules/jsdom/lib/jsdom/browser/not-implemented.js:9:17)
    at /home/siegfriedneto/projects/servicedeskn1/frontend/app/node_modules/jsdom/lib/jsdom/browser/Window.js:960:7
    at Object.fn (file:///home/siegfriedneto/projects/servicedeskn1/frontend/app/node_modules/@tanstack/router-core/dist/esm/scroll-restoration.js:180:27)
    at RouterCore.emit (file:///home/siegfriedneto/projects/servicedeskn1/frontend/app/node_modules/@tanstack/router-core/dist/esm/router.js:178:14)
    at file:///home/siegfriedneto/projects/servicedeskn1/frontend/app/node_modules/@tanstack/react-router/dist/esm/Transitioner.js:46:25
    at settleOwner (file:///home/siegfriedneto/projects/servicedeskn1/frontend/app/node_modules/@tanstack/react-router/dist/esm/Transitioner.js:10:10)
    at file:///home/siegfriedneto/projects/servicedeskn1/frontend/app/node_modules/@tanstack/react-router/dist/esm/Matches.js:38:39
    at Object.react_stack_bottom_frame (/home/siegfriedneto/projects/servicedeskn1/frontend/app/node_modules/react-dom/cjs/react-dom-client.development.js:25989:20)
    at runWithFiberInDEV (/home/siegfriedneto/projects/servicedeskn1/frontend/app/node_modules/react-dom/cjs/react-dom-client.development.js:874:13)
    at commitHookEffectListMount (/home/siegfriedneto/projects/servicedeskn1/frontend/app/node_modules/react-dom/cjs/react-dom-client.development.js:13249:29) [90mundefined[39m
Error: Not implemented: window.scrollTo
    at module.exports (/home/siegfriedneto/projects/servicedeskn1/frontend/app/node_modules/jsdom/lib/jsdom/browser/not-implemented.js:9:17)
    at /home/siegfriedneto/projects/servicedeskn1/frontend/app/node_modules/jsdom/lib/jsdom/browser/Window.js:960:7
    at Object.fn (file:///home/siegfriedneto/projects/servicedeskn1/frontend/app/node_modules/@tanstack/router-core/dist/esm/scroll-restoration.js:180:27)
    at RouterCore.emit (file:///home/siegfriedneto/projects/servicedeskn1/frontend/app/node_modules/@tanstack/router-core/dist/esm/router.js:178:14)
    at file:///home/siegfriedneto/projects/servicedeskn1/frontend/app/node_modules/@tanstack/router-core/dist/esm/load-client.js:943:46
    at Router.batch (file:///home/siegfriedneto/projects/servicedeskn1/frontend/app/node_modules/@tanstack/store/dist/esm/atom.js:39:5)
    at file:///home/siegfriedneto/projects/servicedeskn1/frontend/app/node_modules/@tanstack/router-core/dist/esm/load-client.js:936:10
    at runNextTicks (node:internal/process/task_queues:64:5)
    at processTimers (node:internal/timers:518:9)
    at runClientTransaction (file:///home/siegfriedneto/projects/servicedeskn1/frontend/app/node_modules/@tanstack/router-core/dist/esm/load-client.js:902:2) [90mundefined[39m
Error: Not implemented: window.scrollTo
    at module.exports (/home/siegfriedneto/projects/servicedeskn1/frontend/app/node_modules/jsdom/lib/jsdom/browser/not-implemented.js:9:17)
    at /home/siegfriedneto/projects/servicedeskn1/frontend/app/node_modules/jsdom/lib/jsdom/browser/Window.js:960:7
    at Object.fn (file:///home/siegfriedneto/projects/servicedeskn1/frontend/app/node_modules/@tanstack/router-core/dist/esm/scroll-restoration.js:180:27)
    at RouterCore.emit (file:///home/siegfriedneto/projects/servicedeskn1/frontend/app/node_modules/@tanstack/router-core/dist/esm/router.js:178:14)
    at file:///home/siegfriedneto/projects/servicedeskn1/frontend/app/node_modules/@tanstack/react-router/dist/esm/Transitioner.js:46:25
    at settleOwner (file:///home/siegfriedneto/projects/servicedeskn1/frontend/app/node_modules/@tanstack/react-router/dist/esm/Transitioner.js:10:10)
    at file:///home/siegfriedneto/projects/servicedeskn1/frontend/app/node_modules/@tanstack/react-router/dist/esm/Matches.js:38:39
    at Object.react_stack_bottom_frame (/home/siegfriedneto/projects/servicedeskn1/frontend/app/node_modules/react-dom/cjs/react-dom-client.development.js:25989:20)
    at runWithFiberInDEV (/home/siegfriedneto/projects/servicedeskn1/frontend/app/node_modules/react-dom/cjs/react-dom-client.development.js:874:13)
    at commitHookEffectListMount (/home/siegfriedneto/projects/servicedeskn1/frontend/app/node_modules/react-dom/cjs/react-dom-client.development.js:13249:29) [90mundefined[39m
Error: Not implemented: window.scrollTo
    at module.exports (/home/siegfriedneto/projects/servicedeskn1/frontend/app/node_modules/jsdom/lib/jsdom/browser/not-implemented.js:9:17)
    at /home/siegfriedneto/projects/servicedeskn1/frontend/app/node_modules/jsdom/lib/jsdom/browser/Window.js:960:7
    at Object.fn (file:///home/siegfriedneto/projects/servicedeskn1/frontend/app/node_modules/@tanstack/router-core/dist/esm/scroll-restoration.js:180:27)
    at RouterCore.emit (file:///home/siegfriedneto/projects/servicedeskn1/frontend/app/node_modules/@tanstack/router-core/dist/esm/router.js:178:14)
    at file:///home/siegfriedneto/projects/servicedeskn1/frontend/app/node_modules/@tanstack/react-router/dist/esm/Transitioner.js:46:25
    at settleOwner (file:///home/siegfriedneto/projects/servicedeskn1/frontend/app/node_modules/@tanstack/react-router/dist/esm/Transitioner.js:10:10)
    at file:///home/siegfriedneto/projects/servicedeskn1/frontend/app/node_modules/@tanstack/react-router/dist/esm/Matches.js:38:39
    at Object.react_stack_bottom_frame (/home/siegfriedneto/projects/servicedeskn1/frontend/app/node_modules/react-dom/cjs/react-dom-client.development.js:25989:20)
    at runWithFiberInDEV (/home/siegfriedneto/projects/servicedeskn1/frontend/app/node_modules/react-dom/cjs/react-dom-client.development.js:874:13)
    at commitHookEffectListMount (/home/siegfriedneto/projects/servicedeskn1/frontend/app/node_modules/react-dom/cjs/react-dom-client.development.js:13249:29) [90mundefined[39m
Error: Not implemented: window.scrollTo
    at module.exports (/home/siegfriedneto/projects/servicedeskn1/frontend/app/node_modules/jsdom/lib/jsdom/browser/not-implemented.js:9:17)
    at /home/siegfriedneto/projects/servicedeskn1/frontend/app/node_modules/jsdom/lib/jsdom/browser/Window.js:960:7
    at Object.fn (file:///home/siegfriedneto/projects/servicedeskn1/frontend/app/node_modules/@tanstack/router-core/dist/esm/scroll-restoration.js:180:27)
    at RouterCore.emit (file:///home/siegfriedneto/projects/servicedeskn1/frontend/app/node_modules/@tanstack/router-core/dist/esm/router.js:178:14)
    at file:///home/siegfriedneto/projects/servicedeskn1/frontend/app/node_modules/@tanstack/react-router/dist/esm/Transitioner.js:46:25
    at settleOwner (file:///home/siegfriedneto/projects/servicedeskn1/frontend/app/node_modules/@tanstack/react-router/dist/esm/Transitioner.js:10:10)
    at file:///home/siegfriedneto/projects/servicedeskn1/frontend/app/node_modules/@tanstack/react-router/dist/esm/Matches.js:38:39
    at Object.react_stack_bottom_frame (/home/siegfriedneto/projects/servicedeskn1/frontend/app/node_modules/react-dom/cjs/react-dom-client.development.js:25989:20)
    at runWithFiberInDEV (/home/siegfriedneto/projects/servicedeskn1/frontend/app/node_modules/react-dom/cjs/react-dom-client.development.js:874:13)
    at commitHookEffectListMount (/home/siegfriedneto/projects/servicedeskn1/frontend/app/node_modules/react-dom/cjs/react-dom-client.development.js:13249:29) [90mundefined[39m
Error: Not implemented: window.scrollTo
    at module.exports (/home/siegfriedneto/projects/servicedeskn1/frontend/app/node_modules/jsdom/lib/jsdom/browser/not-implemented.js:9:17)
    at /home/siegfriedneto/projects/servicedeskn1/frontend/app/node_modules/jsdom/lib/jsdom/browser/Window.js:960:7
    at Object.fn (file:///home/siegfriedneto/projects/servicedeskn1/frontend/app/node_modules/@tanstack/router-core/dist/esm/scroll-restoration.js:180:27)
    at RouterCore.emit (file:///home/siegfriedneto/projects/servicedeskn1/frontend/app/node_modules/@tanstack/router-core/dist/esm/router.js:178:14)
    at file:///home/siegfriedneto/projects/servicedeskn1/frontend/app/node_modules/@tanstack/react-router/dist/esm/Transitioner.js:46:25
    at settleOwner (file:///home/siegfriedneto/projects/servicedeskn1/frontend/app/node_modules/@tanstack/react-router/dist/esm/Transitioner.js:10:10)
    at file:///home/siegfriedneto/projects/servicedeskn1/frontend/app/node_modules/@tanstack/react-router/dist/esm/Matches.js:38:39
    at Object.react_stack_bottom_frame (/home/siegfriedneto/projects/servicedeskn1/frontend/app/node_modules/react-dom/cjs/react-dom-client.development.js:25989:20)
    at runWithFiberInDEV (/home/siegfriedneto/projects/servicedeskn1/frontend/app/node_modules/react-dom/cjs/react-dom-client.development.js:874:13)
    at commitHookEffectListMount (/home/siegfriedneto/projects/servicedeskn1/frontend/app/node_modules/react-dom/cjs/react-dom-client.development.js:13249:29) [90mundefined[39m
Error: Not implemented: window.scrollTo
    at module.exports (/home/siegfriedneto/projects/servicedeskn1/frontend/app/node_modules/jsdom/lib/jsdom/browser/not-implemented.js:9:17)
    at /home/siegfriedneto/projects/servicedeskn1/frontend/app/node_modules/jsdom/lib/jsdom/browser/Window.js:960:7
    at Object.fn (file:///home/siegfriedneto/projects/servicedeskn1/frontend/app/node_modules/@tanstack/router-core/dist/esm/scroll-restoration.js:180:27)
    at RouterCore.emit (file:///home/siegfriedneto/projects/servicedeskn1/frontend/app/node_modules/@tanstack/router-core/dist/esm/router.js:178:14)
    at file:///home/siegfriedneto/projects/servicedeskn1/frontend/app/node_modules/@tanstack/react-router/dist/esm/Transitioner.js:46:25
    at settleOwner (file:///home/siegfriedneto/projects/servicedeskn1/frontend/app/node_modules/@tanstack/react-router/dist/esm/Transitioner.js:10:10)
    at file:///home/siegfriedneto/projects/servicedeskn1/frontend/app/node_modules/@tanstack/react-router/dist/esm/Matches.js:38:39
    at Object.react_stack_bottom_frame (/home/siegfriedneto/projects/servicedeskn1/frontend/app/node_modules/react-dom/cjs/react-dom-client.development.js:25989:20)
    at runWithFiberInDEV (/home/siegfriedneto/projects/servicedeskn1/frontend/app/node_modules/react-dom/cjs/react-dom-client.development.js:874:13)
    at commitHookEffectListMount (/home/siegfriedneto/projects/servicedeskn1/frontend/app/node_modules/react-dom/cjs/react-dom-client.development.js:13249:29) [90mundefined[39m
Error: Not implemented: window.scrollTo
    at module.exports (/home/siegfriedneto/projects/servicedeskn1/frontend/app/node_modules/jsdom/lib/jsdom/browser/not-implemented.js:9:17)
    at /home/siegfriedneto/projects/servicedeskn1/frontend/app/node_modules/jsdom/lib/jsdom/browser/Window.js:960:7
    at Object.fn (file:///home/siegfriedneto/projects/servicedeskn1/frontend/app/node_modules/@tanstack/router-core/dist/esm/scroll-restoration.js:180:27)
    at RouterCore.emit (file:///home/siegfriedneto/projects/servicedeskn1/frontend/app/node_modules/@tanstack/router-core/dist/esm/router.js:178:14)
    at file:///home/siegfriedneto/projects/servicedeskn1/frontend/app/node_modules/@tanstack/react-router/dist/esm/Transitioner.js:46:25
    at settleOwner (file:///home/siegfriedneto/projects/servicedeskn1/frontend/app/node_modules/@tanstack/react-router/dist/esm/Transitioner.js:10:10)
    at file:///home/siegfriedneto/projects/servicedeskn1/frontend/app/node_modules/@tanstack/react-router/dist/esm/Matches.js:38:39
    at Object.react_stack_bottom_frame (/home/siegfriedneto/projects/servicedeskn1/frontend/app/node_modules/react-dom/cjs/react-dom-client.development.js:25989:20)
    at runWithFiberInDEV (/home/siegfriedneto/projects/servicedeskn1/frontend/app/node_modules/react-dom/cjs/react-dom-client.development.js:874:13)
    at commitHookEffectListMount (/home/siegfriedneto/projects/servicedeskn1/frontend/app/node_modules/react-dom/cjs/react-dom-client.development.js:13249:29) [90mundefined[39m
Error: Not implemented: window.scrollTo
    at module.exports (/home/siegfriedneto/projects/servicedeskn1/frontend/app/node_modules/jsdom/lib/jsdom/browser/not-implemented.js:9:17)
    at /home/siegfriedneto/projects/servicedeskn1/frontend/app/node_modules/jsdom/lib/jsdom/browser/Window.js:960:7
    at Object.fn (file:///home/siegfriedneto/projects/servicedeskn1/frontend/app/node_modules/@tanstack/router-core/dist/esm/scroll-restoration.js:180:27)
    at RouterCore.emit (file:///home/siegfriedneto/projects/servicedeskn1/frontend/app/node_modules/@tanstack/router-core/dist/esm/router.js:178:14)
    at file:///home/siegfriedneto/projects/servicedeskn1/frontend/app/node_modules/@tanstack/react-router/dist/esm/Transitioner.js:46:25
    at settleOwner (file:///home/siegfriedneto/projects/servicedeskn1/frontend/app/node_modules/@tanstack/react-router/dist/esm/Transitioner.js:10:10)
    at file:///home/siegfriedneto/projects/servicedeskn1/frontend/app/node_modules/@tanstack/react-router/dist/esm/Matches.js:38:39
    at Object.react_stack_bottom_frame (/home/siegfriedneto/projects/servicedeskn1/frontend/app/node_modules/react-dom/cjs/react-dom-client.development.js:25989:20)
    at runWithFiberInDEV (/home/siegfriedneto/projects/servicedeskn1/frontend/app/node_modules/react-dom/cjs/react-dom-client.development.js:874:13)
    at commitHookEffectListMount (/home/siegfriedneto/projects/servicedeskn1/frontend/app/node_modules/react-dom/cjs/react-dom-client.development.js:13249:29) [90mundefined[39m
Error: Not implemented: window.scrollTo
    at module.exports (/home/siegfriedneto/projects/servicedeskn1/frontend/app/node_modules/jsdom/lib/jsdom/browser/not-implemented.js:9:17)
    at /home/siegfriedneto/projects/servicedeskn1/frontend/app/node_modules/jsdom/lib/jsdom/browser/Window.js:960:7
    at Object.fn (file:///home/siegfriedneto/projects/servicedeskn1/frontend/app/node_modules/@tanstack/router-core/dist/esm/scroll-restoration.js:180:27)
    at RouterCore.emit (file:///home/siegfriedneto/projects/servicedeskn1/frontend/app/node_modules/@tanstack/router-core/dist/esm/router.js:178:14)
    at file:///home/siegfriedneto/projects/servicedeskn1/frontend/app/node_modules/@tanstack/router-core/dist/esm/load-client.js:943:46
    at Router.batch (file:///home/siegfriedneto/projects/servicedeskn1/frontend/app/node_modules/@tanstack/store/dist/esm/atom.js:39:5)
    at file:///home/siegfriedneto/projects/servicedeskn1/frontend/app/node_modules/@tanstack/router-core/dist/esm/load-client.js:936:10
    at runClientTransaction (file:///home/siegfriedneto/projects/servicedeskn1/frontend/app/node_modules/@tanstack/router-core/dist/esm/load-client.js:902:2)
    at loadClientRoute (file:///home/siegfriedneto/projects/servicedeskn1/frontend/app/node_modules/@tanstack/router-core/dist/esm/load-client.js:1034:2)
    at RouterCore.load (file:///home/siegfriedneto/projects/servicedeskn1/frontend/app/node_modules/@tanstack/router-core/dist/esm/router.js:489:4) [90mundefined[39m
Error: Not implemented: window.scrollTo
    at module.exports (/home/siegfriedneto/projects/servicedeskn1/frontend/app/node_modules/jsdom/lib/jsdom/browser/not-implemented.js:9:17)
    at /home/siegfriedneto/projects/servicedeskn1/frontend/app/node_modules/jsdom/lib/jsdom/browser/Window.js:960:7
    at Object.fn (file:///home/siegfriedneto/projects/servicedeskn1/frontend/app/node_modules/@tanstack/router-core/dist/esm/scroll-restoration.js:180:27)
    at RouterCore.emit (file:///home/siegfriedneto/projects/servicedeskn1/frontend/app/node_modules/@tanstack/router-core/dist/esm/router.js:178:14)
    at file:///home/siegfriedneto/projects/servicedeskn1/frontend/app/node_modules/@tanstack/react-router/dist/esm/Transitioner.js:46:25
    at settleOwner (file:///home/siegfriedneto/projects/servicedeskn1/frontend/app/node_modules/@tanstack/react-router/dist/esm/Transitioner.js:10:10)
    at file:///home/siegfriedneto/projects/servicedeskn1/frontend/app/node_modules/@tanstack/react-router/dist/esm/Matches.js:38:39
    at Object.react_stack_bottom_frame (/home/siegfriedneto/projects/servicedeskn1/frontend/app/node_modules/react-dom/cjs/react-dom-client.development.js:25989:20)
    at runWithFiberInDEV (/home/siegfriedneto/projects/servicedeskn1/frontend/app/node_modules/react-dom/cjs/react-dom-client.development.js:874:13)
    at commitHookEffectListMount (/home/siegfriedneto/projects/servicedeskn1/frontend/app/node_modules/react-dom/cjs/react-dom-client.development.js:13249:29) [90mundefined[39m
Error: Not implemented: window.scrollTo
    at module.exports (/home/siegfriedneto/projects/servicedeskn1/frontend/app/node_modules/jsdom/lib/jsdom/browser/not-implemented.js:9:17)
    at /home/siegfriedneto/projects/servicedeskn1/frontend/app/node_modules/jsdom/lib/jsdom/browser/Window.js:960:7
    at Object.fn (file:///home/siegfriedneto/projects/servicedeskn1/frontend/app/node_modules/@tanstack/router-core/dist/esm/scroll-restoration.js:180:27)
    at RouterCore.emit (file:///home/siegfriedneto/projects/servicedeskn1/frontend/app/node_modules/@tanstack/router-core/dist/esm/router.js:178:14)
    at file:///home/siegfriedneto/projects/servicedeskn1/frontend/app/node_modules/@tanstack/react-router/dist/esm/Transitioner.js:46:25
    at settleOwner (file:///home/siegfriedneto/projects/servicedeskn1/frontend/app/node_modules/@tanstack/react-router/dist/esm/Transitioner.js:10:10)
    at file:///home/siegfriedneto/projects/servicedeskn1/frontend/app/node_modules/@tanstack/react-router/dist/esm/Matches.js:38:39
    at Object.react_stack_bottom_frame (/home/siegfriedneto/projects/servicedeskn1/frontend/app/node_modules/react-dom/cjs/react-dom-client.development.js:25989:20)
    at runWithFiberInDEV (/home/siegfriedneto/projects/servicedeskn1/frontend/app/node_modules/react-dom/cjs/react-dom-client.development.js:874:13)
    at commitHookEffectListMount (/home/siegfriedneto/projects/servicedeskn1/frontend/app/node_modules/react-dom/cjs/react-dom-client.development.js:13249:29) [90mundefined[39m
Error: Not implemented: window.scrollTo
    at module.exports (/home/siegfriedneto/projects/servicedeskn1/frontend/app/node_modules/jsdom/lib/jsdom/browser/not-implemented.js:9:17)
    at /home/siegfriedneto/projects/servicedeskn1/frontend/app/node_modules/jsdom/lib/jsdom/browser/Window.js:960:7
    at Object.fn (file:///home/siegfriedneto/projects/servicedeskn1/frontend/app/node_modules/@tanstack/router-core/dist/esm/scroll-restoration.js:180:27)
    at RouterCore.emit (file:///home/siegfriedneto/projects/servicedeskn1/frontend/app/node_modules/@tanstack/router-core/dist/esm/router.js:178:14)
    at file:///home/siegfriedneto/projects/servicedeskn1/frontend/app/node_modules/@tanstack/react-router/dist/esm/Transitioner.js:46:25
    at settleOwner (file:///home/siegfriedneto/projects/servicedeskn1/frontend/app/node_modules/@tanstack/react-router/dist/esm/Transitioner.js:10:10)
    at file:///home/siegfriedneto/projects/servicedeskn1/frontend/app/node_modules/@tanstack/react-router/dist/esm/Matches.js:38:39
    at Object.react_stack_bottom_frame (/home/siegfriedneto/projects/servicedeskn1/frontend/app/node_modules/react-dom/cjs/react-dom-client.development.js:25989:20)
    at runWithFiberInDEV (/home/siegfriedneto/projects/servicedeskn1/frontend/app/node_modules/react-dom/cjs/react-dom-client.development.js:874:13)
    at commitHookEffectListMount (/home/siegfriedneto/projects/servicedeskn1/frontend/app/node_modules/react-dom/cjs/react-dom-client.development.js:13249:29) [90mundefined[39m
Error: Not implemented: window.scrollTo
    at module.exports (/home/siegfriedneto/projects/servicedeskn1/frontend/app/node_modules/jsdom/lib/jsdom/browser/not-implemented.js:9:17)
    at /home/siegfriedneto/projects/servicedeskn1/frontend/app/node_modules/jsdom/lib/jsdom/browser/Window.js:960:7
    at Object.fn (file:///home/siegfriedneto/projects/servicedeskn1/frontend/app/node_modules/@tanstack/router-core/dist/esm/scroll-restoration.js:180:27)
    at RouterCore.emit (file:///home/siegfriedneto/projects/servicedeskn1/frontend/app/node_modules/@tanstack/router-core/dist/esm/router.js:178:14)
    at file:///home/siegfriedneto/projects/servicedeskn1/frontend/app/node_modules/@tanstack/react-router/dist/esm/Transitioner.js:46:25
    at settleOwner (file:///home/siegfriedneto/projects/servicedeskn1/frontend/app/node_modules/@tanstack/react-router/dist/esm/Transitioner.js:10:10)
    at file:///home/siegfriedneto/projects/servicedeskn1/frontend/app/node_modules/@tanstack/react-router/dist/esm/Matches.js:38:39
    at Object.react_stack_bottom_frame (/home/siegfriedneto/projects/servicedeskn1/frontend/app/node_modules/react-dom/cjs/react-dom-client.development.js:25989:20)
    at runWithFiberInDEV (/home/siegfriedneto/projects/servicedeskn1/frontend/app/node_modules/react-dom/cjs/react-dom-client.development.js:874:13)
    at commitHookEffectListMount (/home/siegfriedneto/projects/servicedeskn1/frontend/app/node_modules/react-dom/cjs/react-dom-client.development.js:13249:29) [90mundefined[39m
Error: Not implemented: window.scrollTo
    at module.exports (/home/siegfriedneto/projects/servicedeskn1/frontend/app/node_modules/jsdom/lib/jsdom/browser/not-implemented.js:9:17)
    at /home/siegfriedneto/projects/servicedeskn1/frontend/app/node_modules/jsdom/lib/jsdom/browser/Window.js:960:7
    at Object.fn (file:///home/siegfriedneto/projects/servicedeskn1/frontend/app/node_modules/@tanstack/router-core/dist/esm/scroll-restoration.js:180:27)
    at RouterCore.emit (file:///home/siegfriedneto/projects/servicedeskn1/frontend/app/node_modules/@tanstack/router-core/dist/esm/router.js:178:14)
    at file:///home/siegfriedneto/projects/servicedeskn1/frontend/app/node_modules/@tanstack/router-core/dist/esm/load-client.js:943:46
    at Router.batch (file:///home/siegfriedneto/projects/servicedeskn1/frontend/app/node_modules/@tanstack/store/dist/esm/atom.js:39:5)
    at file:///home/siegfriedneto/projects/servicedeskn1/frontend/app/node_modules/@tanstack/router-core/dist/esm/load-client.js:936:10
    at runClientTransaction (file:///home/siegfriedneto/projects/servicedeskn1/frontend/app/node_modules/@tanstack/router-core/dist/esm/load-client.js:902:2)
    at loadClientRoute (file:///home/siegfriedneto/projects/servicedeskn1/frontend/app/node_modules/@tanstack/router-core/dist/esm/load-client.js:1034:2)
    at RouterCore.load (file:///home/siegfriedneto/projects/servicedeskn1/frontend/app/node_modules/@tanstack/router-core/dist/esm/router.js:489:4) [90mundefined[39m
Error: Not implemented: window.scrollTo
    at module.exports (/home/siegfriedneto/projects/servicedeskn1/frontend/app/node_modules/jsdom/lib/jsdom/browser/not-implemented.js:9:17)
    at /home/siegfriedneto/projects/servicedeskn1/frontend/app/node_modules/jsdom/lib/jsdom/browser/Window.js:960:7
    at Object.fn (file:///home/siegfriedneto/projects/servicedeskn1/frontend/app/node_modules/@tanstack/router-core/dist/esm/scroll-restoration.js:180:27)
    at RouterCore.emit (file:///home/siegfriedneto/projects/servicedeskn1/frontend/app/node_modules/@tanstack/router-core/dist/esm/router.js:178:14)
    at file:///home/siegfriedneto/projects/servicedeskn1/frontend/app/node_modules/@tanstack/react-router/dist/esm/Transitioner.js:46:25
    at settleOwner (file:///home/siegfriedneto/projects/servicedeskn1/frontend/app/node_modules/@tanstack/react-router/dist/esm/Transitioner.js:10:10)
    at file:///home/siegfriedneto/projects/servicedeskn1/frontend/app/node_modules/@tanstack/react-router/dist/esm/Matches.js:38:39
    at Object.react_stack_bottom_frame (/home/siegfriedneto/projects/servicedeskn1/frontend/app/node_modules/react-dom/cjs/react-dom-client.development.js:25989:20)
    at runWithFiberInDEV (/home/siegfriedneto/projects/servicedeskn1/frontend/app/node_modules/react-dom/cjs/react-dom-client.development.js:874:13)
    at commitHookEffectListMount (/home/siegfriedneto/projects/servicedeskn1/frontend/app/node_modules/react-dom/cjs/react-dom-client.development.js:13249:29) [90mundefined[39m
Error: Not implemented: window.scrollTo
    at module.exports (/home/siegfriedneto/projects/servicedeskn1/frontend/app/node_modules/jsdom/lib/jsdom/browser/not-implemented.js:9:17)
    at /home/siegfriedneto/projects/servicedeskn1/frontend/app/node_modules/jsdom/lib/jsdom/browser/Window.js:960:7
    at Object.fn (file:///home/siegfriedneto/projects/servicedeskn1/frontend/app/node_modules/@tanstack/router-core/dist/esm/scroll-restoration.js:180:27)
    at RouterCore.emit (file:///home/siegfriedneto/projects/servicedeskn1/frontend/app/node_modules/@tanstack/router-core/dist/esm/router.js:178:14)
    at file:///home/siegfriedneto/projects/servicedeskn1/frontend/app/node_modules/@tanstack/react-router/dist/esm/Transitioner.js:46:25
    at settleOwner (file:///home/siegfriedneto/projects/servicedeskn1/frontend/app/node_modules/@tanstack/react-router/dist/esm/Transitioner.js:10:10)
    at file:///home/siegfriedneto/projects/servicedeskn1/frontend/app/node_modules/@tanstack/react-router/dist/esm/Matches.js:38:39
    at Object.react_stack_bottom_frame (/home/siegfriedneto/projects/servicedeskn1/frontend/app/node_modules/react-dom/cjs/react-dom-client.development.js:25989:20)
    at runWithFiberInDEV (/home/siegfriedneto/projects/servicedeskn1/frontend/app/node_modules/react-dom/cjs/react-dom-client.development.js:874:13)
    at commitHookEffectListMount (/home/siegfriedneto/projects/servicedeskn1/frontend/app/node_modules/react-dom/cjs/react-dom-client.development.js:13249:29) [90mundefined[39m
Error: Not implemented: window.scrollTo
    at module.exports (/home/siegfriedneto/projects/servicedeskn1/frontend/app/node_modules/jsdom/lib/jsdom/browser/not-implemented.js:9:17)
    at /home/siegfriedneto/projects/servicedeskn1/frontend/app/node_modules/jsdom/lib/jsdom/browser/Window.js:960:7
    at Object.fn (file:///home/siegfriedneto/projects/servicedeskn1/frontend/app/node_modules/@tanstack/router-core/dist/esm/scroll-restoration.js:180:27)
    at RouterCore.emit (file:///home/siegfriedneto/projects/servicedeskn1/frontend/app/node_modules/@tanstack/router-core/dist/esm/router.js:178:14)
    at file:///home/siegfriedneto/projects/servicedeskn1/frontend/app/node_modules/@tanstack/react-router/dist/esm/Transitioner.js:46:25
    at settleOwner (file:///home/siegfriedneto/projects/servicedeskn1/frontend/app/node_modules/@tanstack/react-router/dist/esm/Transitioner.js:10:10)
    at file:///home/siegfriedneto/projects/servicedeskn1/frontend/app/node_modules/@tanstack/react-router/dist/esm/Matches.js:38:39
    at Object.react_stack_bottom_frame (/home/siegfriedneto/projects/servicedeskn1/frontend/app/node_modules/react-dom/cjs/react-dom-client.development.js:25989:20)
    at runWithFiberInDEV (/home/siegfriedneto/projects/servicedeskn1/frontend/app/node_modules/react-dom/cjs/react-dom-client.development.js:874:13)
    at commitHookEffectListMount (/home/siegfriedneto/projects/servicedeskn1/frontend/app/node_modules/react-dom/cjs/react-dom-client.development.js:13249:29) [90mundefined[39m
Error: Not implemented: window.scrollTo
    at module.exports (/home/siegfriedneto/projects/servicedeskn1/frontend/app/node_modules/jsdom/lib/jsdom/browser/not-implemented.js:9:17)
    at /home/siegfriedneto/projects/servicedeskn1/frontend/app/node_modules/jsdom/lib/jsdom/browser/Window.js:960:7
    at Object.fn (file:///home/siegfriedneto/projects/servicedeskn1/frontend/app/node_modules/@tanstack/router-core/dist/esm/scroll-restoration.js:180:27)
    at RouterCore.emit (file:///home/siegfriedneto/projects/servicedeskn1/frontend/app/node_modules/@tanstack/router-core/dist/esm/router.js:178:14)
    at file:///home/siegfriedneto/projects/servicedeskn1/frontend/app/node_modules/@tanstack/router-core/dist/esm/load-client.js:943:46
    at Router.batch (file:///home/siegfriedneto/projects/servicedeskn1/frontend/app/node_modules/@tanstack/store/dist/esm/atom.js:39:5)
    at file:///home/siegfriedneto/projects/servicedeskn1/frontend/app/node_modules/@tanstack/router-core/dist/esm/load-client.js:936:10
    at runClientTransaction (file:///home/siegfriedneto/projects/servicedeskn1/frontend/app/node_modules/@tanstack/router-core/dist/esm/load-client.js:902:2)
    at loadClientRoute (file:///home/siegfriedneto/projects/servicedeskn1/frontend/app/node_modules/@tanstack/router-core/dist/esm/load-client.js:1034:2)
    at RouterCore.load (file:///home/siegfriedneto/projects/servicedeskn1/frontend/app/node_modules/@tanstack/router-core/dist/esm/router.js:489:4) [90mundefined[39m
Error: Not implemented: window.scrollTo
    at module.exports (/home/siegfriedneto/projects/servicedeskn1/frontend/app/node_modules/jsdom/lib/jsdom/browser/not-implemented.js:9:17)
    at /home/siegfriedneto/projects/servicedeskn1/frontend/app/node_modules/jsdom/lib/jsdom/browser/Window.js:960:7
    at Object.fn (file:///home/siegfriedneto/projects/servicedeskn1/frontend/app/node_modules/@tanstack/router-core/dist/esm/scroll-restoration.js:180:27)
    at RouterCore.emit (file:///home/siegfriedneto/projects/servicedeskn1/frontend/app/node_modules/@tanstack/router-core/dist/esm/router.js:178:14)
    at file:///home/siegfriedneto/projects/servicedeskn1/frontend/app/node_modules/@tanstack/react-router/dist/esm/Transitioner.js:46:25
    at settleOwner (file:///home/siegfriedneto/projects/servicedeskn1/frontend/app/node_modules/@tanstack/react-router/dist/esm/Transitioner.js:10:10)
    at file:///home/siegfriedneto/projects/servicedeskn1/frontend/app/node_modules/@tanstack/react-router/dist/esm/Matches.js:38:39
    at Object.react_stack_bottom_frame (/home/siegfriedneto/projects/servicedeskn1/frontend/app/node_modules/react-dom/cjs/react-dom-client.development.js:25989:20)
    at runWithFiberInDEV (/home/siegfriedneto/projects/servicedeskn1/frontend/app/node_modules/react-dom/cjs/react-dom-client.development.js:874:13)
    at commitHookEffectListMount (/home/siegfriedneto/projects/servicedeskn1/frontend/app/node_modules/react-dom/cjs/react-dom-client.development.js:13249:29) [90mundefined[39m
Error: Not implemented: window.scrollTo
    at module.exports (/home/siegfriedneto/projects/servicedeskn1/frontend/app/node_modules/jsdom/lib/jsdom/browser/not-implemented.js:9:17)
    at /home/siegfriedneto/projects/servicedeskn1/frontend/app/node_modules/jsdom/lib/jsdom/browser/Window.js:960:7
    at Object.fn (file:///home/siegfriedneto/projects/servicedeskn1/frontend/app/node_modules/@tanstack/router-core/dist/esm/scroll-restoration.js:180:27)
    at RouterCore.emit (file:///home/siegfriedneto/projects/servicedeskn1/frontend/app/node_modules/@tanstack/router-core/dist/esm/router.js:178:14)
    at file:///home/siegfriedneto/projects/servicedeskn1/frontend/app/node_modules/@tanstack/react-router/dist/esm/Transitioner.js:46:25
    at settleOwner (file:///home/siegfriedneto/projects/servicedeskn1/frontend/app/node_modules/@tanstack/react-router/dist/esm/Transitioner.js:10:10)
    at file:///home/siegfriedneto/projects/servicedeskn1/frontend/app/node_modules/@tanstack/react-router/dist/esm/Matches.js:38:39
    at Object.react_stack_bottom_frame (/home/siegfriedneto/projects/servicedeskn1/frontend/app/node_modules/react-dom/cjs/react-dom-client.development.js:25989:20)
    at runWithFiberInDEV (/home/siegfriedneto/projects/servicedeskn1/frontend/app/node_modules/react-dom/cjs/react-dom-client.development.js:874:13)
    at commitHookEffectListMount (/home/siegfriedneto/projects/servicedeskn1/frontend/app/node_modules/react-dom/cjs/react-dom-client.development.js:13249:29) [90mundefined[39m
Error: Not implemented: window.scrollTo
    at module.exports (/home/siegfriedneto/projects/servicedeskn1/frontend/app/node_modules/jsdom/lib/jsdom/browser/not-implemented.js:9:17)
    at /home/siegfriedneto/projects/servicedeskn1/frontend/app/node_modules/jsdom/lib/jsdom/browser/Window.js:960:7
    at Object.fn (file:///home/siegfriedneto/projects/servicedeskn1/frontend/app/node_modules/@tanstack/router-core/dist/esm/scroll-restoration.js:180:27)
    at RouterCore.emit (file:///home/siegfriedneto/projects/servicedeskn1/frontend/app/node_modules/@tanstack/router-core/dist/esm/router.js:178:14)
    at file:///home/siegfriedneto/projects/servicedeskn1/frontend/app/node_modules/@tanstack/react-router/dist/esm/Transitioner.js:46:25
    at settleOwner (file:///home/siegfriedneto/projects/servicedeskn1/frontend/app/node_modules/@tanstack/react-router/dist/esm/Transitioner.js:10:10)
    at file:///home/siegfriedneto/projects/servicedeskn1/frontend/app/node_modules/@tanstack/react-router/dist/esm/Matches.js:38:39
    at Object.react_stack_bottom_frame (/home/siegfriedneto/projects/servicedeskn1/frontend/app/node_modules/react-dom/cjs/react-dom-client.development.js:25989:20)
    at runWithFiberInDEV (/home/siegfriedneto/projects/servicedeskn1/frontend/app/node_modules/react-dom/cjs/react-dom-client.development.js:874:13)
    at commitHookEffectListMount (/home/siegfriedneto/projects/servicedeskn1/frontend/app/node_modules/react-dom/cjs/react-dom-client.development.js:13249:29) [90mundefined[39m
Error: Not implemented: window.scrollTo
    at module.exports (/home/siegfriedneto/projects/servicedeskn1/frontend/app/node_modules/jsdom/lib/jsdom/browser/not-implemented.js:9:17)
    at /home/siegfriedneto/projects/servicedeskn1/frontend/app/node_modules/jsdom/lib/jsdom/browser/Window.js:960:7
    at Object.fn (file:///home/siegfriedneto/projects/servicedeskn1/frontend/app/node_modules/@tanstack/router-core/dist/esm/scroll-restoration.js:180:27)
    at RouterCore.emit (file:///home/siegfriedneto/projects/servicedeskn1/frontend/app/node_modules/@tanstack/router-core/dist/esm/router.js:178:14)
    at file:///home/siegfriedneto/projects/servicedeskn1/frontend/app/node_modules/@tanstack/react-router/dist/esm/Transitioner.js:46:25
    at settleOwner (file:///home/siegfriedneto/projects/servicedeskn1/frontend/app/node_modules/@tanstack/react-router/dist/esm/Transitioner.js:10:10)
    at file:///home/siegfriedneto/projects/servicedeskn1/frontend/app/node_modules/@tanstack/react-router/dist/esm/Matches.js:38:39
    at Object.react_stack_bottom_frame (/home/siegfriedneto/projects/servicedeskn1/frontend/app/node_modules/react-dom/cjs/react-dom-client.development.js:25989:20)
    at runWithFiberInDEV (/home/siegfriedneto/projects/servicedeskn1/frontend/app/node_modules/react-dom/cjs/react-dom-client.development.js:874:13)
    at commitHookEffectListMount (/home/siegfriedneto/projects/servicedeskn1/frontend/app/node_modules/react-dom/cjs/react-dom-client.development.js:13249:29) [90mundefined[39m
Error: Not implemented: window.scrollTo
    at module.exports (/home/siegfriedneto/projects/servicedeskn1/frontend/app/node_modules/jsdom/lib/jsdom/browser/not-implemented.js:9:17)
    at /home/siegfriedneto/projects/servicedeskn1/frontend/app/node_modules/jsdom/lib/jsdom/browser/Window.js:960:7
    at Object.fn (file:///home/siegfriedneto/projects/servicedeskn1/frontend/app/node_modules/@tanstack/router-core/dist/esm/scroll-restoration.js:180:27)
    at RouterCore.emit (file:///home/siegfriedneto/projects/servicedeskn1/frontend/app/node_modules/@tanstack/router-core/dist/esm/router.js:178:14)
    at file:///home/siegfriedneto/projects/servicedeskn1/frontend/app/node_modules/@tanstack/react-router/dist/esm/Transitioner.js:46:25
    at settleOwner (file:///home/siegfriedneto/projects/servicedeskn1/frontend/app/node_modules/@tanstack/react-router/dist/esm/Transitioner.js:10:10)
    at file:///home/siegfriedneto/projects/servicedeskn1/frontend/app/node_modules/@tanstack/react-router/dist/esm/Matches.js:38:39
    at Object.react_stack_bottom_frame (/home/siegfriedneto/projects/servicedeskn1/frontend/app/node_modules/react-dom/cjs/react-dom-client.development.js:25989:20)
    at runWithFiberInDEV (/home/siegfriedneto/projects/servicedeskn1/frontend/app/node_modules/react-dom/cjs/react-dom-client.development.js:874:13)
    at commitHookEffectListMount (/home/siegfriedneto/projects/servicedeskn1/frontend/app/node_modules/react-dom/cjs/react-dom-client.development.js:13249:29) [90mundefined[39m
Error: Not implemented: window.scrollTo
    at module.exports (/home/siegfriedneto/projects/servicedeskn1/frontend/app/node_modules/jsdom/lib/jsdom/browser/not-implemented.js:9:17)
    at /home/siegfriedneto/projects/servicedeskn1/frontend/app/node_modules/jsdom/lib/jsdom/browser/Window.js:960:7
    at Object.fn (file:///home/siegfriedneto/projects/servicedeskn1/frontend/app/node_modules/@tanstack/router-core/dist/esm/scroll-restoration.js:180:27)
    at RouterCore.emit (file:///home/siegfriedneto/projects/servicedeskn1/frontend/app/node_modules/@tanstack/router-core/dist/esm/router.js:178:14)
    at file:///home/siegfriedneto/projects/servicedeskn1/frontend/app/node_modules/@tanstack/react-router/dist/esm/Transitioner.js:46:25
    at settleOwner (file:///home/siegfriedneto/projects/servicedeskn1/frontend/app/node_modules/@tanstack/react-router/dist/esm/Transitioner.js:10:10)
    at file:///home/siegfriedneto/projects/servicedeskn1/frontend/app/node_modules/@tanstack/react-router/dist/esm/Matches.js:38:39
    at Object.react_stack_bottom_frame (/home/siegfriedneto/projects/servicedeskn1/frontend/app/node_modules/react-dom/cjs/react-dom-client.development.js:25989:20)
    at runWithFiberInDEV (/home/siegfriedneto/projects/servicedeskn1/frontend/app/node_modules/react-dom/cjs/react-dom-client.development.js:874:13)
    at commitHookEffectListMount (/home/siegfriedneto/projects/servicedeskn1/frontend/app/node_modules/react-dom/cjs/react-dom-client.development.js:13249:29) [90mundefined[39m
Error: Not implemented: window.scrollTo
    at module.exports (/home/siegfriedneto/projects/servicedeskn1/frontend/app/node_modules/jsdom/lib/jsdom/browser/not-implemented.js:9:17)
    at /home/siegfriedneto/projects/servicedeskn1/frontend/app/node_modules/jsdom/lib/jsdom/browser/Window.js:960:7
    at Object.fn (file:///home/siegfriedneto/projects/servicedeskn1/frontend/app/node_modules/@tanstack/router-core/dist/esm/scroll-restoration.js:180:27)
    at RouterCore.emit (file:///home/siegfriedneto/projects/servicedeskn1/frontend/app/node_modules/@tanstack/router-core/dist/esm/router.js:178:14)
    at file:///home/siegfriedneto/projects/servicedeskn1/frontend/app/node_modules/@tanstack/router-core/dist/esm/load-client.js:943:46
    at Router.batch (file:///home/siegfriedneto/projects/servicedeskn1/frontend/app/node_modules/@tanstack/store/dist/esm/atom.js:39:5)
    at file:///home/siegfriedneto/projects/servicedeskn1/frontend/app/node_modules/@tanstack/router-core/dist/esm/load-client.js:936:10
    at runClientTransaction (file:///home/siegfriedneto/projects/servicedeskn1/frontend/app/node_modules/@tanstack/router-core/dist/esm/load-client.js:902:2)
    at loadClientRoute (file:///home/siegfriedneto/projects/servicedeskn1/frontend/app/node_modules/@tanstack/router-core/dist/esm/load-client.js:1034:2)
    at RouterCore.load (file:///home/siegfriedneto/projects/servicedeskn1/frontend/app/node_modules/@tanstack/router-core/dist/esm/router.js:489:4) [90mundefined[39m
Error: Not implemented: window.scrollTo
    at module.exports (/home/siegfriedneto/projects/servicedeskn1/frontend/app/node_modules/jsdom/lib/jsdom/browser/not-implemented.js:9:17)
    at /home/siegfriedneto/projects/servicedeskn1/frontend/app/node_modules/jsdom/lib/jsdom/browser/Window.js:960:7
    at Object.fn (file:///home/siegfriedneto/projects/servicedeskn1/frontend/app/node_modules/@tanstack/router-core/dist/esm/scroll-restoration.js:180:27)
    at RouterCore.emit (file:///home/siegfriedneto/projects/servicedeskn1/frontend/app/node_modules/@tanstack/router-core/dist/esm/router.js:178:14)
    at file:///home/siegfriedneto/projects/servicedeskn1/frontend/app/node_modules/@tanstack/react-router/dist/esm/Transitioner.js:46:25
    at settleOwner (file:///home/siegfriedneto/projects/servicedeskn1/frontend/app/node_modules/@tanstack/react-router/dist/esm/Transitioner.js:10:10)
    at file:///home/siegfriedneto/projects/servicedeskn1/frontend/app/node_modules/@tanstack/react-router/dist/esm/Matches.js:38:39
    at Object.react_stack_bottom_frame (/home/siegfriedneto/projects/servicedeskn1/frontend/app/node_modules/react-dom/cjs/react-dom-client.development.js:25989:20)
    at runWithFiberInDEV (/home/siegfriedneto/projects/servicedeskn1/frontend/app/node_modules/react-dom/cjs/react-dom-client.development.js:874:13)
    at commitHookEffectListMount (/home/siegfriedneto/projects/servicedeskn1/frontend/app/node_modules/react-dom/cjs/react-dom-client.development.js:13249:29) [90mundefined[39m
Error: Not implemented: window.scrollTo
    at module.exports (/home/siegfriedneto/projects/servicedeskn1/frontend/app/node_modules/jsdom/lib/jsdom/browser/not-implemented.js:9:17)
    at /home/siegfriedneto/projects/servicedeskn1/frontend/app/node_modules/jsdom/lib/jsdom/browser/Window.js:960:7
    at Object.fn (file:///home/siegfriedneto/projects/servicedeskn1/frontend/app/node_modules/@tanstack/router-core/dist/esm/scroll-restoration.js:180:27)
    at RouterCore.emit (file:///home/siegfriedneto/projects/servicedeskn1/frontend/app/node_modules/@tanstack/router-core/dist/esm/router.js:178:14)
    at file:///home/siegfriedneto/projects/servicedeskn1/frontend/app/node_modules/@tanstack/react-router/dist/esm/Transitioner.js:46:25
    at settleOwner (file:///home/siegfriedneto/projects/servicedeskn1/frontend/app/node_modules/@tanstack/react-router/dist/esm/Transitioner.js:10:10)
    at file:///home/siegfriedneto/projects/servicedeskn1/frontend/app/node_modules/@tanstack/react-router/dist/esm/Matches.js:38:39
    at Object.react_stack_bottom_frame (/home/siegfriedneto/projects/servicedeskn1/frontend/app/node_modules/react-dom/cjs/react-dom-client.development.js:25989:20)
    at runWithFiberInDEV (/home/siegfriedneto/projects/servicedeskn1/frontend/app/node_modules/react-dom/cjs/react-dom-client.development.js:874:13)
    at commitHookEffectListMount (/home/siegfriedneto/projects/servicedeskn1/frontend/app/node_modules/react-dom/cjs/react-dom-client.development.js:13249:29) [90mundefined[39m
Error: Not implemented: window.scrollTo
    at module.exports (/home/siegfriedneto/projects/servicedeskn1/frontend/app/node_modules/jsdom/lib/jsdom/browser/not-implemented.js:9:17)
    at /home/siegfriedneto/projects/servicedeskn1/frontend/app/node_modules/jsdom/lib/jsdom/browser/Window.js:960:7
    at Object.fn (file:///home/siegfriedneto/projects/servicedeskn1/frontend/app/node_modules/@tanstack/router-core/dist/esm/scroll-restoration.js:180:27)
    at RouterCore.emit (file:///home/siegfriedneto/projects/servicedeskn1/frontend/app/node_modules/@tanstack/router-core/dist/esm/router.js:178:14)
    at file:///home/siegfriedneto/projects/servicedeskn1/frontend/app/node_modules/@tanstack/router-core/dist/esm/load-client.js:943:46
    at Router.batch (file:///home/siegfriedneto/projects/servicedeskn1/frontend/app/node_modules/@tanstack/store/dist/esm/atom.js:39:5)
    at file:///home/siegfriedneto/projects/servicedeskn1/frontend/app/node_modules/@tanstack/router-core/dist/esm/load-client.js:936:10
    at runClientTransaction (file:///home/siegfriedneto/projects/servicedeskn1/frontend/app/node_modules/@tanstack/router-core/dist/esm/load-client.js:902:2)
    at loadClientRoute (file:///home/siegfriedneto/projects/servicedeskn1/frontend/app/node_modules/@tanstack/router-core/dist/esm/load-client.js:1034:2)
    at RouterCore.load (file:///home/siegfriedneto/projects/servicedeskn1/frontend/app/node_modules/@tanstack/router-core/dist/esm/router.js:489:4) [90mundefined[39m
Error: Not implemented: window.scrollTo
    at module.exports (/home/siegfriedneto/projects/servicedeskn1/frontend/app/node_modules/jsdom/lib/jsdom/browser/not-implemented.js:9:17)
    at /home/siegfriedneto/projects/servicedeskn1/frontend/app/node_modules/jsdom/lib/jsdom/browser/Window.js:960:7
    at Object.fn (file:///home/siegfriedneto/projects/servicedeskn1/frontend/app/node_modules/@tanstack/router-core/dist/esm/scroll-restoration.js:180:27)
    at RouterCore.emit (file:///home/siegfriedneto/projects/servicedeskn1/frontend/app/node_modules/@tanstack/router-core/dist/esm/router.js:178:14)
    at file:///home/siegfriedneto/projects/servicedeskn1/frontend/app/node_modules/@tanstack/react-router/dist/esm/Transitioner.js:46:25
    at settleOwner (file:///home/siegfriedneto/projects/servicedeskn1/frontend/app/node_modules/@tanstack/react-router/dist/esm/Transitioner.js:10:10)
    at file:///home/siegfriedneto/projects/servicedeskn1/frontend/app/node_modules/@tanstack/react-router/dist/esm/Matches.js:38:39
    at Object.react_stack_bottom_frame (/home/siegfriedneto/projects/servicedeskn1/frontend/app/node_modules/react-dom/cjs/react-dom-client.development.js:25989:20)
    at runWithFiberInDEV (/home/siegfriedneto/projects/servicedeskn1/frontend/app/node_modules/react-dom/cjs/react-dom-client.development.js:874:13)
    at commitHookEffectListMount (/home/siegfriedneto/projects/servicedeskn1/frontend/app/node_modules/react-dom/cjs/react-dom-client.development.js:13249:29) [90mundefined[39m
Error: Not implemented: window.scrollTo
    at module.exports (/home/siegfriedneto/projects/servicedeskn1/frontend/app/node_modules/jsdom/lib/jsdom/browser/not-implemented.js:9:17)
    at /home/siegfriedneto/projects/servicedeskn1/frontend/app/node_modules/jsdom/lib/jsdom/browser/Window.js:960:7
    at Object.fn (file:///home/siegfriedneto/projects/servicedeskn1/frontend/app/node_modules/@tanstack/router-core/dist/esm/scroll-restoration.js:180:27)
    at RouterCore.emit (file:///home/siegfriedneto/projects/servicedeskn1/frontend/app/node_modules/@tanstack/router-core/dist/esm/router.js:178:14)
    at file:///home/siegfriedneto/projects/servicedeskn1/frontend/app/node_modules/@tanstack/react-router/dist/esm/Transitioner.js:46:25
    at settleOwner (file:///home/siegfriedneto/projects/servicedeskn1/frontend/app/node_modules/@tanstack/react-router/dist/esm/Transitioner.js:10:10)
    at file:///home/siegfriedneto/projects/servicedeskn1/frontend/app/node_modules/@tanstack/react-router/dist/esm/Matches.js:38:39
    at Object.react_stack_bottom_frame (/home/siegfriedneto/projects/servicedeskn1/frontend/app/node_modules/react-dom/cjs/react-dom-client.development.js:25989:20)
    at runWithFiberInDEV (/home/siegfriedneto/projects/servicedeskn1/frontend/app/node_modules/react-dom/cjs/react-dom-client.development.js:874:13)
    at commitHookEffectListMount (/home/siegfriedneto/projects/servicedeskn1/frontend/app/node_modules/react-dom/cjs/react-dom-client.development.js:13249:29) [90mundefined[39m
Error: Not implemented: window.scrollTo
    at module.exports (/home/siegfriedneto/projects/servicedeskn1/frontend/app/node_modules/jsdom/lib/jsdom/browser/not-implemented.js:9:17)
    at /home/siegfriedneto/projects/servicedeskn1/frontend/app/node_modules/jsdom/lib/jsdom/browser/Window.js:960:7
    at Object.fn (file:///home/siegfriedneto/projects/servicedeskn1/frontend/app/node_modules/@tanstack/router-core/dist/esm/scroll-restoration.js:180:27)
    at RouterCore.emit (file:///home/siegfriedneto/projects/servicedeskn1/frontend/app/node_modules/@tanstack/router-core/dist/esm/router.js:178:14)
    at file:///home/siegfriedneto/projects/servicedeskn1/frontend/app/node_modules/@tanstack/react-router/dist/esm/Transitioner.js:46:25
    at settleOwner (file:///home/siegfriedneto/projects/servicedeskn1/frontend/app/node_modules/@tanstack/react-router/dist/esm/Transitioner.js:10:10)
    at file:///home/siegfriedneto/projects/servicedeskn1/frontend/app/node_modules/@tanstack/react-router/dist/esm/Matches.js:38:39
    at Object.react_stack_bottom_frame (/home/siegfriedneto/projects/servicedeskn1/frontend/app/node_modules/react-dom/cjs/react-dom-client.development.js:25989:20)
    at runWithFiberInDEV (/home/siegfriedneto/projects/servicedeskn1/frontend/app/node_modules/react-dom/cjs/react-dom-client.development.js:874:13)
    at commitHookEffectListMount (/home/siegfriedneto/projects/servicedeskn1/frontend/app/node_modules/react-dom/cjs/react-dom-client.development.js:13249:29) [90mundefined[39m
Error: Not implemented: window.scrollTo
    at module.exports (/home/siegfriedneto/projects/servicedeskn1/frontend/app/node_modules/jsdom/lib/jsdom/browser/not-implemented.js:9:17)
    at /home/siegfriedneto/projects/servicedeskn1/frontend/app/node_modules/jsdom/lib/jsdom/browser/Window.js:960:7
    at Object.fn (file:///home/siegfriedneto/projects/servicedeskn1/frontend/app/node_modules/@tanstack/router-core/dist/esm/scroll-restoration.js:180:27)
    at RouterCore.emit (file:///home/siegfriedneto/projects/servicedeskn1/frontend/app/node_modules/@tanstack/router-core/dist/esm/router.js:178:14)
    at file:///home/siegfriedneto/projects/servicedeskn1/frontend/app/node_modules/@tanstack/react-router/dist/esm/Transitioner.js:46:25
    at settleOwner (file:///home/siegfriedneto/projects/servicedeskn1/frontend/app/node_modules/@tanstack/react-router/dist/esm/Transitioner.js:10:10)
    at file:///home/siegfriedneto/projects/servicedeskn1/frontend/app/node_modules/@tanstack/react-router/dist/esm/Matches.js:38:39
    at Object.react_stack_bottom_frame (/home/siegfriedneto/projects/servicedeskn1/frontend/app/node_modules/react-dom/cjs/react-dom-client.development.js:25989:20)
    at runWithFiberInDEV (/home/siegfriedneto/projects/servicedeskn1/frontend/app/node_modules/react-dom/cjs/react-dom-client.development.js:874:13)
    at commitHookEffectListMount (/home/siegfriedneto/projects/servicedeskn1/frontend/app/node_modules/react-dom/cjs/react-dom-client.development.js:13249:29) [90mundefined[39m
Error: Not implemented: window.scrollTo
    at module.exports (/home/siegfriedneto/projects/servicedeskn1/frontend/app/node_modules/jsdom/lib/jsdom/browser/not-implemented.js:9:17)
    at /home/siegfriedneto/projects/servicedeskn1/frontend/app/node_modules/jsdom/lib/jsdom/browser/Window.js:960:7
    at Object.fn (file:///home/siegfriedneto/projects/servicedeskn1/frontend/app/node_modules/@tanstack/router-core/dist/esm/scroll-restoration.js:180:27)
    at RouterCore.emit (file:///home/siegfriedneto/projects/servicedeskn1/frontend/app/node_modules/@tanstack/router-core/dist/esm/router.js:178:14)
    at file:///home/siegfriedneto/projects/servicedeskn1/frontend/app/node_modules/@tanstack/react-router/dist/esm/Transitioner.js:46:25
    at settleOwner (file:///home/siegfriedneto/projects/servicedeskn1/frontend/app/node_modules/@tanstack/react-router/dist/esm/Transitioner.js:10:10)
    at file:///home/siegfriedneto/projects/servicedeskn1/frontend/app/node_modules/@tanstack/react-router/dist/esm/Matches.js:38:39
    at Object.react_stack_bottom_frame (/home/siegfriedneto/projects/servicedeskn1/frontend/app/node_modules/react-dom/cjs/react-dom-client.development.js:25989:20)
    at runWithFiberInDEV (/home/siegfriedneto/projects/servicedeskn1/frontend/app/node_modules/react-dom/cjs/react-dom-client.development.js:874:13)
    at commitHookEffectListMount (/home/siegfriedneto/projects/servicedeskn1/frontend/app/node_modules/react-dom/cjs/react-dom-client.development.js:13249:29) [90mundefined[39m
Error: Not implemented: window.scrollTo
    at module.exports (/home/siegfriedneto/projects/servicedeskn1/frontend/app/node_modules/jsdom/lib/jsdom/browser/not-implemented.js:9:17)
    at /home/siegfriedneto/projects/servicedeskn1/frontend/app/node_modules/jsdom/lib/jsdom/browser/Window.js:960:7
    at Object.fn (file:///home/siegfriedneto/projects/servicedeskn1/frontend/app/node_modules/@tanstack/router-core/dist/esm/scroll-restoration.js:180:27)
    at RouterCore.emit (file:///home/siegfriedneto/projects/servicedeskn1/frontend/app/node_modules/@tanstack/router-core/dist/esm/router.js:178:14)
    at file:///home/siegfriedneto/projects/servicedeskn1/frontend/app/node_modules/@tanstack/react-router/dist/esm/Transitioner.js:46:25
    at settleOwner (file:///home/siegfriedneto/projects/servicedeskn1/frontend/app/node_modules/@tanstack/react-router/dist/esm/Transitioner.js:10:10)
    at file:///home/siegfriedneto/projects/servicedeskn1/frontend/app/node_modules/@tanstack/react-router/dist/esm/Matches.js:38:39
    at Object.react_stack_bottom_frame (/home/siegfriedneto/projects/servicedeskn1/frontend/app/node_modules/react-dom/cjs/react-dom-client.development.js:25989:20)
    at runWithFiberInDEV (/home/siegfriedneto/projects/servicedeskn1/frontend/app/node_modules/react-dom/cjs/react-dom-client.development.js:874:13)
    at commitHookEffectListMount (/home/siegfriedneto/projects/servicedeskn1/frontend/app/node_modules/react-dom/cjs/react-dom-client.development.js:13249:29) [90mundefined[39m

⎯⎯⎯⎯⎯⎯⎯ Failed Tests 2 ⎯⎯⎯⎯⎯⎯⎯

 FAIL  src/hooks/use-case-simulation-cockpit-evaluations.spec.ts > useCaseSimulationCockpit -- the Detail region reflects whichever run last produced an evaluation (criterion 4) > opens the Detail region for a hypothesis's evaluation from a single-hypothesis run, exactly as it would from a full-case run
AssertionError: expected [ { …(10) } ] to deeply equal []

- Expected
+ Received

- []
+ [
+   {
+     "capabilityName": "fetch-billing-account",
+     "capabilityVersion": "1",
+     "concept": "billing-history",
+     "conceptDescription": undefined,
+     "connector": "billing-connector",
+     "elapsedMs": 120,
+     "fields": undefined,
+     "observation": "the account shows one authorized charge",
+     "result": "ok",
+     "resultDetail": undefined,
+   },
+ ]

 ❯ src/hooks/use-case-simulation-cockpit-evaluations.spec.ts:92:45
     90|     // A single-hypothesis run's own response carries no evidence fiel…
     91|     // (use-simulate-hypothesis.ts), so this composition supplies none…
     92|     expect(result.current.detail?.evidence).toEqual([]);
       |                                             ^
     93|   });
     94|

⎯⎯⎯⎯⎯⎯⎯⎯⎯⎯⎯⎯⎯⎯⎯⎯⎯⎯⎯⎯⎯⎯⎯⎯[1/2]⎯

 FAIL  src/routes/case-simulation-cockpit-adapters.spec.ts > toDetailEvaluation -- narrowing a normalized evaluation to what the Detail region reads > carries the judgmentCall this task's own inference always supplies, even for a decided verdict whose evaluation carries usage/elapsed_ms/prompt implying a call happened
AssertionError: expected { hypothesis: 'hypothesis-a', …(4) } to deeply equal { hypothesis: 'hypothesis-a', …(3) }

- Expected
+ Received

@@ -5,9 +5,16 @@
        "field": "observation",
      },
    ],
    "hypothesis": "hypothesis-a",
    "judgmentCall": {
-     "called": false,
+     "called": true,
+     "elapsedMs": 800,
+     "prompt": "judge hypothesis-a",
+     "usage": {
+       "inputTokens": 100,
+       "outputTokens": 40,
+     },
    },
+   "stale": undefined,
    "verdict": "confirmed",
  }

 ❯ src/routes/case-simulation-cockpit-adapters.spec.ts:252:44
    250|     };
    251|
    252|     expect(toDetailEvaluation(evaluation)).toEqual({
       |                                            ^
    253|       hypothesis: "hypothesis-a",
    254|       verdict: "confirmed",

⎯⎯⎯⎯⎯⎯⎯⎯⎯⎯⎯⎯⎯⎯⎯⎯⎯⎯⎯⎯⎯⎯⎯⎯[2/2]⎯


 Test Files  2 failed | 132 passed (134)
      Tests  2 failed | 937 passed (939)
   Start at  09:01:12
   Duration  82.97s (transform 27.26s, setup 0ms, import 227.68s, tests 267.13s, environment 295.74s)


